request_id,mode,seat_id,status,result,attempts,enqueued_at,worker_started_at,completed_at,processing_seconds,end_to_end_seconds,error
f4acd4fb-05df-45d1-b0c6-5762bef458e1,numbered,86491,completed,sold,1,2026-06-08 16:23:27.558041+00,2026-06-08 16:23:27.588472+00,2026-06-08 16:23:27.693739+00,0.105267,0.135698,
c527bb1b-0a3a-4c94-8621-bcc5fdd221cb,numbered,65814,completed,sold,1,2026-06-08 16:23:27.563632+00,2026-06-08 16:23:27.591328+00,2026-06-08 16:23:27.696123+00,0.104795,0.132491,
cfc008d7-92ba-4fa3-a1bb-a83f823927e6,numbered,34662,completed,sold,1,2026-06-08 16:23:27.571686+00,2026-06-08 16:23:27.59449+00,2026-06-08 16:23:27.699883+00,0.105393,0.128197,
b28bca51-870b-4975-86e5-48328728b628,numbered,7530,completed,sold,1,2026-06-08 16:23:27.567942+00,2026-06-08 16:23:27.605349+00,2026-06-08 16:23:27.712401+00,0.107052,0.144459,
5f13ec8d-f031-4364-aa0c-163eefb9fa20,numbered,52144,completed,sold,1,2026-06-08 16:23:27.575632+00,2026-06-08 16:23:27.612565+00,2026-06-08 16:23:27.721963+00,0.109398,0.146331,
4b1f2f0e-797a-416a-b254-ffb20420d273,numbered,36669,completed,sold,1,2026-06-08 16:23:27.581057+00,2026-06-08 16:23:27.616503+00,2026-06-08 16:23:27.722897+00,0.106394,0.141840,
ea6134c5-cf69-4ce0-9b32-1bb9e2d2edce,numbered,24201,completed,sold,1,2026-06-08 16:23:27.587821+00,2026-06-08 16:23:27.619316+00,2026-06-08 16:23:27.725809+00,0.106493,0.137988,
f8b1096f-d53b-4bd8-a1da-8f26f08c0fd9,numbered,1454,completed,sold,1,2026-06-08 16:23:27.591759+00,2026-06-08 16:23:27.623031+00,2026-06-08 16:23:27.729057+00,0.106026,0.137298,
daa375b5-c678-4076-82a8-bd2b4c16b799,numbered,3766,completed,sold,1,2026-06-08 16:23:27.595492+00,2026-06-08 16:23:27.732267+00,2026-06-08 16:23:27.837617+00,0.105350,0.242125,
68341ef8-c8a7-4eda-a8b5-8287f09a35e3,numbered,78862,completed,sold,1,2026-06-08 16:23:27.604182+00,2026-06-08 16:23:27.744079+00,2026-06-08 16:23:27.849276+00,0.105197,0.245094,
69c7206a-3254-441c-86d4-2ba16181f6d8,numbered,14932,completed,sold,1,2026-06-08 16:23:27.599689+00,2026-06-08 16:23:27.746886+00,2026-06-08 16:23:27.852021+00,0.105135,0.252332,
e5e21596-5046-4b93-b7f8-45969b0a50de,numbered,41540,completed,sold,1,2026-06-08 16:23:27.611524+00,2026-06-08 16:23:27.762672+00,2026-06-08 16:23:27.868572+00,0.105900,0.257048,
e824ab15-e42f-4c53-aa1d-71d61083b6be,numbered,49496,completed,sold,1,2026-06-08 16:23:27.621018+00,2026-06-08 16:23:27.762459+00,2026-06-08 16:23:27.870044+00,0.107585,0.249026,
84ac5748-1e8b-4255-a25c-731acc39edc3,numbered,71494,completed,sold,1,2026-06-08 16:23:27.607944+00,2026-06-08 16:23:27.764666+00,2026-06-08 16:23:27.875744+00,0.111078,0.267800,
baf4b6fc-f94a-41bd-b42e-5e45cbb049b7,numbered,93016,completed,sold,1,2026-06-08 16:23:27.624527+00,2026-06-08 16:23:27.769435+00,2026-06-08 16:23:27.87576+00,0.106325,0.251233,
3aa3e8a0-c7bf-4e18-b262-f40d23e54f1a,numbered,51143,completed,sold,1,2026-06-08 16:23:27.615163+00,2026-06-08 16:23:27.769012+00,2026-06-08 16:23:27.876745+00,0.107733,0.261582,
2454d809-a11d-4524-a027-d32934657f31,numbered,77077,completed,sold,1,2026-06-08 16:23:27.628172+00,2026-06-08 16:23:27.865512+00,2026-06-08 16:23:27.970216+00,0.104704,0.342044,
0a43b1c8-7a7d-4206-97d8-7b4f9509fc43,numbered,68078,completed,sold,1,2026-06-08 16:23:27.63161+00,2026-06-08 16:23:27.898413+00,2026-06-08 16:23:28.003103+00,0.104690,0.371493,
8f603905-aa44-4a2f-b4f8-a6a95f89ad43,numbered,43593,completed,sold,1,2026-06-08 16:23:27.635071+00,2026-06-08 16:23:27.899648+00,2026-06-08 16:23:28.008224+00,0.108576,0.373153,
c581672f-2b94-45e0-90b3-f83610608fd3,numbered,44280,completed,sold,1,2026-06-08 16:23:27.638463+00,2026-06-08 16:23:27.915475+00,2026-06-08 16:23:28.020939+00,0.105464,0.382476,
9a43bf7d-09a7-493b-9d4e-1c52678a6080,numbered,26043,completed,sold,1,2026-06-08 16:23:27.646261+00,2026-06-08 16:23:27.916137+00,2026-06-08 16:23:28.029915+00,0.113778,0.383654,
19f1c566-102f-4053-a2cb-c185752eaf40,numbered,51660,completed,sold,1,2026-06-08 16:23:27.653433+00,2026-06-08 16:23:27.922284+00,2026-06-08 16:23:28.030856+00,0.108572,0.377423,
a4140db5-39b0-46c6-be5c-f5d2075c9c72,numbered,61374,completed,sold,1,2026-06-08 16:23:27.642085+00,2026-06-08 16:23:27.916139+00,2026-06-08 16:23:28.031478+00,0.115339,0.389393,
949eb2ce-9e38-4696-b792-e2ca8b013bf5,numbered,9606,completed,sold,1,2026-06-08 16:23:27.649758+00,2026-06-08 16:23:27.918783+00,2026-06-08 16:23:28.032173+00,0.113390,0.382415,
ff4ed794-9ea8-42ff-937b-2a70550df890,numbered,36299,completed,sold,1,2026-06-08 16:23:27.656983+00,2026-06-08 16:23:27.992224+00,2026-06-08 16:23:28.0972+00,0.104976,0.440217,
18acdcf1-3a73-4c3e-8735-0fbf64d02712,numbered,54693,completed,sold,1,2026-06-08 16:23:27.660376+00,2026-06-08 16:23:28.038408+00,2026-06-08 16:23:28.143136+00,0.104728,0.482760,
500eab73-95e4-444c-bec6-9288a78768a2,numbered,944,completed,sold,1,2026-06-08 16:23:27.663883+00,2026-06-08 16:23:28.048413+00,2026-06-08 16:23:28.153388+00,0.104975,0.489505,
d15c06ef-44c9-43dd-88a4-ff996c34db58,numbered,16174,completed,sold,1,2026-06-08 16:23:27.667969+00,2026-06-08 16:23:28.060299+00,2026-06-08 16:23:28.165755+00,0.105456,0.497786,
7bf7f6ab-98aa-4db6-bee3-bd19f076104a,numbered,83467,completed,sold,1,2026-06-08 16:23:27.680533+00,2026-06-08 16:23:28.073986+00,2026-06-08 16:23:28.179827+00,0.105841,0.499294,
7e097879-aabb-4ce3-a041-11bd98194261,numbered,72680,completed,sold,1,2026-06-08 16:23:27.684534+00,2026-06-08 16:23:28.073772+00,2026-06-08 16:23:28.18195+00,0.108178,0.497416,
5c98aa9f-1256-437c-96fb-dcf690904b2c,numbered,90034,completed,sold,1,2026-06-08 16:23:27.676021+00,2026-06-08 16:23:28.076796+00,2026-06-08 16:23:28.186171+00,0.109375,0.510150,
0388ef0c-0cf2-4b90-9a5d-1e76fd0fc5eb,numbered,42834,completed,sold,1,2026-06-08 16:23:27.671749+00,2026-06-08 16:23:28.079179+00,2026-06-08 16:23:28.188031+00,0.108852,0.516282,
c1af31a0-e496-4815-82f0-77e20cb40068,numbered,61717,completed,sold,1,2026-06-08 16:23:27.688742+00,2026-06-08 16:23:28.120982+00,2026-06-08 16:23:28.226033+00,0.105051,0.537291,
2c4cc645-1dee-4b4e-9689-d2dee198f81d,numbered,89927,completed,sold,1,2026-06-08 16:23:27.693089+00,2026-06-08 16:23:28.168395+00,2026-06-08 16:23:28.273013+00,0.104618,0.579924,
2984755b-76da-4851-b76c-fd1297f47651,numbered,4494,completed,sold,1,2026-06-08 16:23:27.699318+00,2026-06-08 16:23:28.193003+00,2026-06-08 16:23:28.298324+00,0.105321,0.599006,
8aa5fea9-8015-4671-a2a6-c4dc6182b7b6,numbered,25464,completed,sold,1,2026-06-08 16:23:27.706404+00,2026-06-08 16:23:28.19838+00,2026-06-08 16:23:28.305945+00,0.107565,0.599541,
303e36b6-071c-40b8-9c99-66f1a0123771,numbered,33525,completed,sold,1,2026-06-08 16:23:27.715337+00,2026-06-08 16:23:28.212341+00,2026-06-08 16:23:28.317262+00,0.104921,0.601925,
cfb63df2-f4ee-426c-95cc-8311517cbda4,numbered,91258,completed,sold,1,2026-06-08 16:23:27.72258+00,2026-06-08 16:23:28.219892+00,2026-06-08 16:23:28.330652+00,0.110760,0.608072,
77a37a9a-1834-4a70-b1fc-c13ca5097d3c,numbered,83196,completed,sold,1,2026-06-08 16:23:27.744514+00,2026-06-08 16:23:28.222556+00,2026-06-08 16:23:28.331952+00,0.109396,0.587438,
354f38a8-993c-43c4-8d5c-e97aa30e339d,numbered,71172,completed,sold,1,2026-06-08 16:23:27.729802+00,2026-06-08 16:23:28.224474+00,2026-06-08 16:23:28.332831+00,0.108357,0.603029,
f2b05cf1-41e3-44d5-9a47-d013fd08c041,numbered,27741,completed,sold,1,2026-06-08 16:23:27.748095+00,2026-06-08 16:23:28.249886+00,2026-06-08 16:23:28.354798+00,0.104912,0.606703,
0fdaea4e-0bff-4448-b941-84bce6c6332a,numbered,76102,completed,sold,1,2026-06-08 16:23:27.756324+00,2026-06-08 16:23:28.294269+00,2026-06-08 16:23:28.398862+00,0.104593,0.642538,
754f47af-6467-4acf-8a93-f06f11043987,numbered,22708,completed,sold,1,2026-06-08 16:23:27.760347+00,2026-06-08 16:23:28.330055+00,2026-06-08 16:23:28.43493+00,0.104875,0.674583,
32ea56e3-1937-419c-9dfe-c05f765d8f3a,numbered,89683,completed,sold,1,2026-06-08 16:23:27.76408+00,2026-06-08 16:23:28.346821+00,2026-06-08 16:23:28.453736+00,0.106915,0.689656,
2f4c540c-6a6a-41f3-b0a3-c8071bde9485,numbered,61770,completed,sold,1,2026-06-08 16:23:27.767824+00,2026-06-08 16:23:28.349261+00,2026-06-08 16:23:28.454557+00,0.105296,0.686733,
5de9e8f2-9284-44ba-a152-c6e22ceef303,numbered,29507,completed,sold,1,2026-06-08 16:23:27.778509+00,2026-06-08 16:23:28.373536+00,2026-06-08 16:23:28.481567+00,0.108031,0.703058,
026f60b5-0fb7-4a1a-80a3-9003f8f401c9,numbered,61568,completed,sold,1,2026-06-08 16:23:27.775061+00,2026-06-08 16:23:28.374017+00,2026-06-08 16:23:28.4824+00,0.108383,0.707339,
dd9edf1c-0f36-4b3b-9597-9834a7d6c842,numbered,15329,completed,sold,1,2026-06-08 16:23:27.771397+00,2026-06-08 16:23:28.372705+00,2026-06-08 16:23:28.483142+00,0.110437,0.711745,
d2767344-2f11-445b-9166-697b82180d2c,numbered,38707,completed,sold,1,2026-06-08 16:23:27.781769+00,2026-06-08 16:23:28.381523+00,2026-06-08 16:23:28.486779+00,0.105256,0.705010,
472370fc-1435-4752-8899-4b3e95101d9e,numbered,25502,completed,sold,1,2026-06-08 16:23:27.785272+00,2026-06-08 16:23:28.420165+00,2026-06-08 16:23:28.525263+00,0.105098,0.739991,
eb1b2fa9-c2d8-4345-a4a7-322d09eb04b2,numbered,60541,completed,sold,1,2026-06-08 16:23:27.788672+00,2026-06-08 16:23:28.461723+00,2026-06-08 16:23:28.566459+00,0.104736,0.777787,
b97486bf-a3e2-4c60-93f0-69783ab3b7f4,numbered,90950,completed,sold,1,2026-06-08 16:23:27.791965+00,2026-06-08 16:23:28.485963+00,2026-06-08 16:23:28.591981+00,0.106018,0.800016,
110709c5-171e-4ab3-aa9a-b226ec8554f6,numbered,50715,completed,sold,1,2026-06-08 16:23:27.795437+00,2026-06-08 16:23:28.488531+00,2026-06-08 16:23:28.593573+00,0.105042,0.798136,
6dbf7795-ef78-4cb9-bc3e-6ef144b0ee3b,numbered,75927,completed,sold,1,2026-06-08 16:23:27.80868+00,2026-06-08 16:23:28.522974+00,2026-06-08 16:23:28.629069+00,0.106095,0.820389,
0170224f-3864-4178-ae73-650663a64352,numbered,5959,completed,sold,1,2026-06-08 16:23:27.798657+00,2026-06-08 16:23:28.525077+00,2026-06-08 16:23:28.632921+00,0.107844,0.834264,
da87caaf-301c-4ad9-b50b-c2482997692e,numbered,41376,completed,sold,1,2026-06-08 16:23:27.805358+00,2026-06-08 16:23:28.526571+00,2026-06-08 16:23:28.634112+00,0.107541,0.828754,
ef48678d-39a2-479e-879b-3dca28c8d370,numbered,16128,completed,sold,1,2026-06-08 16:23:27.801998+00,2026-06-08 16:23:28.526952+00,2026-06-08 16:23:28.635012+00,0.108060,0.833014,
74939dd8-4d8b-4757-aaba-d7686804eb57,numbered,28355,completed,sold,1,2026-06-08 16:23:27.812413+00,2026-06-08 16:23:28.548548+00,2026-06-08 16:23:28.654311+00,0.105763,0.841898,
ecefca5f-4aec-4b80-a017-85ac49b4b124,numbered,51592,completed,sold,1,2026-06-08 16:23:27.815901+00,2026-06-08 16:23:28.591442+00,2026-06-08 16:23:28.69602+00,0.104578,0.880119,
b42bd3c2-1e27-49f2-9cbe-a4be1f7a2453,numbered,88009,completed,sold,1,2026-06-08 16:23:27.823075+00,2026-06-08 16:23:28.617257+00,2026-06-08 16:23:28.722142+00,0.104885,0.899067,
f85bb10d-de5b-46fd-b88e-42299f8e0373,numbered,50073,completed,sold,1,2026-06-08 16:23:27.81954+00,2026-06-08 16:23:28.61851+00,2026-06-08 16:23:28.724207+00,0.105697,0.904667,
6b797620-315b-410f-9090-84551f378ddd,numbered,58599,completed,sold,1,2026-06-08 16:23:27.834102+00,2026-06-08 16:23:28.66808+00,2026-06-08 16:23:28.777463+00,0.109383,0.943361,
e3e87532-6ad8-4b21-bd24-851d9eb4dc27,numbered,27292,completed,sold,1,2026-06-08 16:23:27.82672+00,2026-06-08 16:23:28.670409+00,2026-06-08 16:23:28.777514+00,0.107105,0.950794,
f2a3228d-200f-4ed9-8616-74f7cd37d128,numbered,97805,completed,sold,1,2026-06-08 16:23:27.837947+00,2026-06-08 16:23:28.671075+00,2026-06-08 16:23:28.778219+00,0.107144,0.940272,
04e2a3b9-6a6d-41f8-b813-5fb04a7c9200,numbered,64546,completed,sold,1,2026-06-08 16:23:27.83047+00,2026-06-08 16:23:28.67132+00,2026-06-08 16:23:28.778438+00,0.107118,0.947968,
40827493-fa01-47ab-a6c6-a8c2ba1ac3f7,numbered,15388,completed,sold,1,2026-06-08 16:23:27.841475+00,2026-06-08 16:23:28.686314+00,2026-06-08 16:23:28.793066+00,0.106752,0.951591,
a904377f-f708-4324-a20e-22d0b695d470,numbered,65548,completed,sold,1,2026-06-08 16:23:27.844973+00,2026-06-08 16:23:28.71764+00,2026-06-08 16:23:28.822443+00,0.104803,0.977470,
f683725d-8874-49f4-8c51-4979aebcf9ec,numbered,10263,completed,sold,1,2026-06-08 16:23:27.848398+00,2026-06-08 16:23:28.744871+00,2026-06-08 16:23:28.849112+00,0.104241,1.000714,
5b47cac8-4d98-4448-987f-55c388813285,numbered,51466,completed,sold,1,2026-06-08 16:23:27.851694+00,2026-06-08 16:23:28.752002+00,2026-06-08 16:23:28.858675+00,0.106673,1.006981,
70394b70-3cb9-40cf-8702-a8f1280d75d5,numbered,73075,completed,sold,1,2026-06-08 16:23:27.867809+00,2026-06-08 16:23:28.819225+00,2026-06-08 16:23:28.92682+00,0.107595,1.059011,
750514c1-8aab-421d-add2-8e501fc3f0fb,numbered,68978,completed,sold,1,2026-06-08 16:23:27.85526+00,2026-06-08 16:23:28.820437+00,2026-06-08 16:23:28.927529+00,0.107092,1.072269,
39cb3916-5877-405b-a59a-4958388fdf86,numbered,44089,completed,sold,1,2026-06-08 16:23:27.86219+00,2026-06-08 16:23:28.818316+00,2026-06-08 16:23:28.928482+00,0.110166,1.066292,
9d8d2dfc-8c05-436d-968c-e0044b0c342f,numbered,71634,completed,sold,1,2026-06-08 16:23:27.858596+00,2026-06-08 16:23:28.817572+00,2026-06-08 16:23:28.929295+00,0.111723,1.070699,
a9ddb7fe-f107-4bab-9791-166d9ae67242,numbered,96767,completed,sold,1,2026-06-08 16:23:27.877444+00,2026-06-08 16:23:28.819862+00,2026-06-08 16:23:28.929966+00,0.110104,1.052522,
64db2eaf-94a1-4a7e-a55c-d717e668652c,numbered,93640,completed,sold,1,2026-06-08 16:23:27.888061+00,2026-06-08 16:23:28.844624+00,2026-06-08 16:23:28.94992+00,0.105296,1.061859,
1b54fee8-dcce-4d9b-964f-9fa053e1f347,numbered,31698,completed,sold,1,2026-06-08 16:23:27.891759+00,2026-06-08 16:23:28.872848+00,2026-06-08 16:23:28.977695+00,0.104847,1.085936,
482626ec-c791-41d7-9a6f-c56361eab877,numbered,2645,completed,sold,1,2026-06-08 16:23:27.895407+00,2026-06-08 16:23:28.883493+00,2026-06-08 16:23:28.9888+00,0.105307,1.093393,
5608203b-36f1-4b72-800a-4f80864af0e8,numbered,36928,completed,sold,1,2026-06-08 16:23:27.909918+00,2026-06-08 16:23:28.96541+00,2026-06-08 16:23:29.069865+00,0.104455,1.159947,
aa9078e3-5fcd-4de3-86bb-25bea64e7cb7,numbered,21147,completed,sold,1,2026-06-08 16:23:27.913672+00,2026-06-08 16:23:28.973981+00,2026-06-08 16:23:29.080242+00,0.106261,1.166570,
af1645d1-60a6-4924-a27e-b9d0658e44f9,numbered,26634,completed,sold,1,2026-06-08 16:23:27.899164+00,2026-06-08 16:23:28.971933+00,2026-06-08 16:23:29.080871+00,0.108938,1.181707,
e2a5f942-8ae2-4d3a-80a3-37f5de3703c1,numbered,68506,completed,sold,1,2026-06-08 16:23:27.906413+00,2026-06-08 16:23:28.973036+00,2026-06-08 16:23:29.08114+00,0.108104,1.174727,
333334d6-137f-4e6f-96bd-a24398ec98ed,numbered,81855,completed,sold,1,2026-06-08 16:23:27.902679+00,2026-06-08 16:23:28.981292+00,2026-06-08 16:23:29.089652+00,0.108360,1.186973,
19d80b35-c774-4aa4-98f2-cf145dbaa89b,numbered,65572,completed,sold,1,2026-06-08 16:23:27.917549+00,2026-06-08 16:23:28.986458+00,2026-06-08 16:23:29.094274+00,0.107816,1.176725,
1e900410-c8ac-42da-8447-84daf60a6b99,numbered,44871,completed,sold,1,2026-06-08 16:23:27.921222+00,2026-06-08 16:23:29.002387+00,2026-06-08 16:23:29.108017+00,0.105630,1.186795,
2c5dfc91-a235-4242-b12a-154e222ab371,numbered,94251,completed,sold,1,2026-06-08 16:23:27.925081+00,2026-06-08 16:23:29.013787+00,2026-06-08 16:23:29.122391+00,0.108604,1.197310,
7c677397-0b06-400f-a195-d72e544f1a37,numbered,36414,completed,sold,1,2026-06-08 16:23:27.928865+00,2026-06-08 16:23:29.102275+00,2026-06-08 16:23:29.206819+00,0.104544,1.277954,
b552eecf-40a6-46b6-8f81-714070e744df,numbered,77885,completed,sold,1,2026-06-08 16:23:27.932444+00,2026-06-08 16:23:29.123998+00,2026-06-08 16:23:29.229688+00,0.105690,1.297244,
14ae0ace-93d3-4f54-8fb8-7f865c5ea96c,numbered,21441,completed,sold,1,2026-06-08 16:23:27.948709+00,2026-06-08 16:23:29.138247+00,2026-06-08 16:23:29.246717+00,0.108470,1.298008,
d56656be-4163-4d33-a382-7473feeed2df,numbered,83602,completed,sold,1,2026-06-08 16:23:27.952417+00,2026-06-08 16:23:29.139208+00,2026-06-08 16:23:29.246834+00,0.107626,1.294417,
2a4244b4-aa42-41f8-987b-3df8ae51b10c,numbered,16791,completed,sold,1,2026-06-08 16:23:27.944557+00,2026-06-08 16:23:29.140058+00,2026-06-08 16:23:29.247642+00,0.107584,1.303085,
0a984a61-8a02-4331-86c6-e99163eecc2f,numbered,80453,completed,sold,1,2026-06-08 16:23:27.936321+00,2026-06-08 16:23:29.138247+00,2026-06-08 16:23:29.249184+00,0.110937,1.312863,
b8041716-269c-4ff5-88f7-ad559ccb1624,numbered,86728,completed,sold,1,2026-06-08 16:23:27.940005+00,2026-06-08 16:23:29.142617+00,2026-06-08 16:23:29.250172+00,0.107555,1.310167,
4a40c6e6-93db-461c-b374-03053a49c5f2,numbered,63251,completed,sold,1,2026-06-08 16:23:27.956562+00,2026-06-08 16:23:29.156937+00,2026-06-08 16:23:29.262552+00,0.105615,1.305990,
93d0e82b-e413-4d2a-ab8b-fe35db87e532,numbered,73954,completed,sold,1,2026-06-08 16:23:27.960314+00,2026-06-08 16:23:29.228393+00,2026-06-08 16:23:29.332954+00,0.104561,1.372640,
4223547c-e6d6-464b-a16a-f1643fcba0c3,numbered,52905,completed,sold,1,2026-06-08 16:23:27.964136+00,2026-06-08 16:23:29.274066+00,2026-06-08 16:23:29.379784+00,0.105718,1.415648,
9f478d21-f879-4bac-8c6c-dc7854a8dc4d,numbered,92836,completed,sold,1,2026-06-08 16:23:27.971523+00,2026-06-08 16:23:29.298382+00,2026-06-08 16:23:29.403278+00,0.104896,1.431755,
92cdd75e-0ad2-48ab-8c2b-1b6072cc3b07,numbered,24392,completed,sold,1,2026-06-08 16:23:27.986473+00,2026-06-08 16:23:29.30148+00,2026-06-08 16:23:29.412086+00,0.110606,1.425613,
ebd7a8cb-2baa-4b99-95ba-85a2fefe695a,numbered,41721,completed,sold,1,2026-06-08 16:23:27.982834+00,2026-06-08 16:23:29.302163+00,2026-06-08 16:23:29.413621+00,0.111458,1.430787,
0414322b-5b41-44af-aeb7-df37ea91752b,numbered,3272,completed,sold,1,2026-06-08 16:23:27.967796+00,2026-06-08 16:23:29.304817+00,2026-06-08 16:23:29.413899+00,0.109082,1.446103,
14ee4e58-c179-4494-b89f-65f903c3c09b,numbered,84076,completed,sold,1,2026-06-08 16:23:27.975611+00,2026-06-08 16:23:29.304817+00,2026-06-08 16:23:29.413962+00,0.109145,1.438351,
927a6037-05a1-41cf-b138-52b6806e838c,numbered,97995,completed,sold,1,2026-06-08 16:23:27.979334+00,2026-06-08 16:23:29.303947+00,2026-06-08 16:23:29.415354+00,0.111407,1.436020,
50d9b893-0cdd-4c75-a689-fc20143b79ce,numbered,52129,completed,sold,1,2026-06-08 16:23:27.990069+00,2026-06-08 16:23:29.356336+00,2026-06-08 16:23:29.461384+00,0.105048,1.471315,
dd323237-9976-45a6-a428-a5559dfa7400,numbered,53374,completed,sold,1,2026-06-08 16:23:27.99369+00,2026-06-08 16:23:29.416042+00,2026-06-08 16:23:29.521576+00,0.105534,1.527886,
92fd02bc-9e1f-44ae-91f1-fcb618df8d82,numbered,87921,completed,sold,1,2026-06-08 16:23:28.001107+00,2026-06-08 16:23:29.443772+00,2026-06-08 16:23:29.549508+00,0.105736,1.548401,
a094d43d-4a8a-48e0-bbaa-20ff69080aeb,numbered,17894,completed,sold,1,2026-06-08 16:23:27.997373+00,2026-06-08 16:23:29.446839+00,2026-06-08 16:23:29.552326+00,0.105487,1.554953,
d2893144-99c2-4238-8037-89526307151e,numbered,45252,completed,sold,1,2026-06-08 16:23:28.006868+00,2026-06-08 16:23:29.4544+00,2026-06-08 16:23:29.559993+00,0.105593,1.553125,
e5e04de0-256b-4238-ab0e-64d23be5280c,numbered,57638,completed,sold,1,2026-06-08 16:23:28.011851+00,2026-06-08 16:23:29.456769+00,2026-06-08 16:23:29.563992+00,0.107223,1.552141,
2dfab16c-da03-4226-8c4c-4a286077a936,numbered,24247,completed,sold,1,2026-06-08 16:23:28.021887+00,2026-06-08 16:23:29.46085+00,2026-06-08 16:23:29.568959+00,0.108109,1.547072,
f2222b1b-4dfd-4c03-8a9c-d9baad8aa501,numbered,77190,completed,sold,1,2026-06-08 16:23:28.015433+00,2026-06-08 16:23:29.464174+00,2026-06-08 16:23:29.57483+00,0.110656,1.559397,
88d3d640-48b0-4dc6-acc5-aa10735a3a91,numbered,51372,completed,sold,1,2026-06-08 16:23:28.030526+00,2026-06-08 16:23:29.482557+00,2026-06-08 16:23:29.587545+00,0.104988,1.557019,
26ccd165-ff10-41ca-9d34-60cb883e4f97,numbered,14046,completed,sold,1,2026-06-08 16:23:28.034272+00,2026-06-08 16:23:29.551593+00,2026-06-08 16:23:29.657224+00,0.105631,1.622952,
1ae97b48-7990-4d6a-b523-964d238d4c01,numbered,29885,completed,sold,1,2026-06-08 16:23:28.049223+00,2026-06-08 16:23:29.592953+00,2026-06-08 16:23:29.696991+00,0.104038,1.647768,
6095b2f3-9335-4242-902d-4443e47cd4ef,numbered,26519,completed,sold,1,2026-06-08 16:23:28.041934+00,2026-06-08 16:23:29.598983+00,2026-06-08 16:23:29.704366+00,0.105383,1.662432,
4df98c30-cb19-4d4f-ae00-1297c2476473,numbered,62618,completed,sold,1,2026-06-08 16:23:28.04562+00,2026-06-08 16:23:29.600226+00,2026-06-08 16:23:29.706659+00,0.106433,1.661039,
569a34ce-d016-4425-9c6c-b2a4a581a21e,numbered,99546,completed,sold,1,2026-06-08 16:23:28.054228+00,2026-06-08 16:23:29.607211+00,2026-06-08 16:23:29.714643+00,0.107432,1.660415,
d5ebc25a-eead-4c60-ab27-94c5267815af,numbered,75220,completed,sold,1,2026-06-08 16:23:28.06562+00,2026-06-08 16:23:29.618609+00,2026-06-08 16:23:29.723953+00,0.105344,1.658333,
1986d163-d8db-44fc-8cfa-bed772300c0e,numbered,19462,completed,sold,1,2026-06-08 16:23:28.058104+00,2026-06-08 16:23:29.620146+00,2026-06-08 16:23:29.731634+00,0.111488,1.673530,
afffdd2b-4e99-4b17-bdbd-97d4d1595a81,numbered,80549,completed,sold,1,2026-06-08 16:23:28.061987+00,2026-06-08 16:23:29.623109+00,2026-06-08 16:23:29.734438+00,0.111329,1.672451,
b75f0729-0b25-4973-aa84-084abffaad76,numbered,84741,completed,sold,1,2026-06-08 16:23:28.069198+00,2026-06-08 16:23:29.682587+00,2026-06-08 16:23:29.788141+00,0.105554,1.718943,
283b2d74-3d04-4857-8061-bd006eb4c789,numbered,91705,completed,sold,1,2026-06-08 16:23:28.072729+00,2026-06-08 16:23:29.734997+00,2026-06-08 16:23:29.839351+00,0.104354,1.766622,
a36d43e2-694a-41b7-93b1-59ab5a90295d,numbered,79183,completed,sold,1,2026-06-08 16:23:28.079999+00,2026-06-08 16:23:29.751851+00,2026-06-08 16:23:29.858787+00,0.106936,1.778788,
55a34ab8-cf94-4b91-8fe5-3aa6ad2e4bc9,numbered,92518,completed,sold,1,2026-06-08 16:23:28.083479+00,2026-06-08 16:23:29.756255+00,2026-06-08 16:23:29.862363+00,0.106108,1.778884,
65084639-e179-4f42-9712-ae9e40b0fead,numbered,4170,completed,sold,1,2026-06-08 16:23:28.087026+00,2026-06-08 16:23:29.755439+00,2026-06-08 16:23:29.862684+00,0.107245,1.775658,
8cc4e43c-1fd1-4ae9-a56a-5f8bbb85fd0e,numbered,69974,completed,sold,1,2026-06-08 16:23:28.076508+00,2026-06-08 16:23:29.754184+00,2026-06-08 16:23:29.863377+00,0.109193,1.786869,
40887cbd-644e-4649-b6f4-21f89ec489a5,numbered,31876,completed,sold,1,2026-06-08 16:23:28.090501+00,2026-06-08 16:23:29.767414+00,2026-06-08 16:23:29.874177+00,0.106763,1.783676,
ea7caa64-0551-4d09-b52a-81fb1c4e5638,numbered,22726,completed,sold,1,2026-06-08 16:23:28.093988+00,2026-06-08 16:23:29.770378+00,2026-06-08 16:23:29.877462+00,0.107084,1.783474,
053929bc-bfe8-4c86-af05-8aeabd4cdef6,numbered,78798,completed,sold,1,2026-06-08 16:23:28.09755+00,2026-06-08 16:23:29.814796+00,2026-06-08 16:23:29.920007+00,0.105211,1.822457,
af901f30-61eb-41ff-97a0-033c2b2a008c,numbered,26388,completed,sold,1,2026-06-08 16:23:28.101314+00,2026-06-08 16:23:29.884339+00,2026-06-08 16:23:29.988868+00,0.104529,1.887554,
d68970c6-88de-4c85-99e7-515264cb4379,numbered,34939,completed,sold,1,2026-06-08 16:23:28.119266+00,2026-06-08 16:23:29.909729+00,2026-06-08 16:23:30.016793+00,0.107064,1.897527,
b741d0b6-d1c5-402c-9a47-ee9f3f53a188,numbered,42846,completed,sold,1,2026-06-08 16:23:28.114828+00,2026-06-08 16:23:29.912532+00,2026-06-08 16:23:30.02127+00,0.108738,1.906442,
7416de06-c2ce-472f-b77b-4597cf100867,numbered,45130,completed,sold,1,2026-06-08 16:23:28.111363+00,2026-06-08 16:23:29.911556+00,2026-06-08 16:23:30.021365+00,0.109809,1.910002,
5caed538-8e5a-45ba-94b5-41082d06bf52,numbered,50285,completed,sold,1,2026-06-08 16:23:28.104686+00,2026-06-08 16:23:29.912293+00,2026-06-08 16:23:30.022008+00,0.109715,1.917322,
e6993895-cecc-431b-aae5-a3b15d3a105c,numbered,77674,completed,sold,1,2026-06-08 16:23:28.10798+00,2026-06-08 16:23:29.912994+00,2026-06-08 16:23:30.0221+00,0.109106,1.914120,
7ec70fef-1f71-487c-ad95-25e87929a646,numbered,49682,completed,sold,1,2026-06-08 16:23:28.122755+00,2026-06-08 16:23:29.926066+00,2026-06-08 16:23:30.035262+00,0.109196,1.912507,
fbb102e6-6e11-4a86-9218-2f3d247078b6,numbered,64972,completed,sold,1,2026-06-08 16:23:28.125957+00,2026-06-08 16:23:29.945493+00,2026-06-08 16:23:30.053472+00,0.107979,1.927515,
1c994420-7daf-430c-a4b0-89f0c40e2db1,numbered,30746,completed,sold,1,2026-06-08 16:23:28.129394+00,2026-06-08 16:23:30.011303+00,2026-06-08 16:23:30.115609+00,0.104306,1.986215,
181f60d4-e486-4f1b-ba03-555f82dfb3ca,numbered,15062,completed,sold,1,2026-06-08 16:23:28.136435+00,2026-06-08 16:23:30.058259+00,2026-06-08 16:23:30.164885+00,0.106626,2.028450,
51e53efc-7210-40ba-95b2-00a4f1ba3047,numbered,54068,completed,sold,1,2026-06-08 16:23:28.132937+00,2026-06-08 16:23:30.059003+00,2026-06-08 16:23:30.165699+00,0.106696,2.032762,
b01b456f-d1f9-45d6-a5bb-33fcd1236a6c,numbered,79649,completed,sold,1,2026-06-08 16:23:28.139953+00,2026-06-08 16:23:30.063634+00,2026-06-08 16:23:30.168992+00,0.105358,2.029039,
ba0bdfac-a0f0-4dd6-a034-abc94df196c9,numbered,9891,completed,sold,1,2026-06-08 16:23:28.147084+00,2026-06-08 16:23:30.068226+00,2026-06-08 16:23:30.174129+00,0.105903,2.027045,
bed60c8f-49aa-49ba-bb02-9181ad3647d9,numbered,41998,completed,sold,1,2026-06-08 16:23:28.143453+00,2026-06-08 16:23:30.075949+00,2026-06-08 16:23:30.181462+00,0.105513,2.038009,
e6885805-8745-4975-a6a0-b0ca01bd7cfa,numbered,90372,completed,sold,1,2026-06-08 16:23:28.150604+00,2026-06-08 16:23:30.082491+00,2026-06-08 16:23:30.191819+00,0.109328,2.041215,
30e8756f-c5a0-4ff8-b85b-ae0cfbad0292,numbered,20333,completed,sold,1,2026-06-08 16:23:28.154198+00,2026-06-08 16:23:30.085979+00,2026-06-08 16:23:30.19253+00,0.106551,2.038332,
a263c05d-9f50-4516-a0da-090ff878ad08,numbered,51348,completed,sold,1,2026-06-08 16:23:28.159032+00,2026-06-08 16:23:30.136377+00,2026-06-08 16:23:30.240995+00,0.104618,2.081963,
5d6965a7-712e-4098-8fe1-3faa9d454391,numbered,17941,completed,sold,1,2026-06-08 16:23:28.169976+00,2026-06-08 16:23:30.212489+00,2026-06-08 16:23:30.317051+00,0.104562,2.147075,
5032bf9c-1059-4512-b69b-3700971d4053,numbered,14575,completed,sold,1,2026-06-08 16:23:28.173892+00,2026-06-08 16:23:30.218842+00,2026-06-08 16:23:30.32422+00,0.105378,2.150328,
157ab05a-e278-4324-91a6-526420509e6e,numbered,43045,completed,sold,1,2026-06-08 16:23:28.16266+00,2026-06-08 16:23:30.220674+00,2026-06-08 16:23:30.32777+00,0.107096,2.165110,
cca77e68-4a4d-4def-8098-f811cbefde90,numbered,14257,completed,sold,1,2026-06-08 16:23:28.180133+00,2026-06-08 16:23:30.221219+00,2026-06-08 16:23:30.328717+00,0.107498,2.148584,
8f355771-9f9b-43b4-8fe6-070a53d4663d,numbered,21294,completed,sold,1,2026-06-08 16:23:28.166229+00,2026-06-08 16:23:30.227484+00,2026-06-08 16:23:30.33836+00,0.110876,2.172131,
02da9998-9c83-4e19-b546-b07628105af5,numbered,98014,completed,sold,1,2026-06-08 16:23:28.189722+00,2026-06-08 16:23:30.228148+00,2026-06-08 16:23:30.341641+00,0.113493,2.151919,
e4186242-7406-474b-b94d-a3451103ca8d,numbered,92954,completed,sold,1,2026-06-08 16:23:28.186093+00,2026-06-08 16:23:30.228775+00,2026-06-08 16:23:30.347343+00,0.118568,2.161250,
c394d578-bbc6-4dc3-ba89-da31c1edcfb9,numbered,21497,completed,sold,1,2026-06-08 16:23:28.193164+00,2026-06-08 16:23:30.263436+00,2026-06-08 16:23:30.368169+00,0.104733,2.175005,
6e74168d-c858-4f75-ab2e-eca8bb81fff1,numbered,59206,completed,sold,1,2026-06-08 16:23:28.197637+00,2026-06-08 16:23:30.355023+00,2026-06-08 16:23:30.459666+00,0.104643,2.262029,
1b4cf402-2ff4-4a02-ac5e-0e4acea63e9d,numbered,66176,completed,sold,1,2026-06-08 16:23:28.201676+00,2026-06-08 16:23:30.366384+00,2026-06-08 16:23:30.471261+00,0.104877,2.269585,
67606ccd-3f08-4135-8919-a916055065b6,numbered,67753,completed,sold,1,2026-06-08 16:23:28.205209+00,2026-06-08 16:23:30.377226+00,2026-06-08 16:23:30.482311+00,0.105085,2.277102,
96fa0804-eeba-4696-bf44-15020a53974a,numbered,25410,completed,sold,1,2026-06-08 16:23:28.212165+00,2026-06-08 16:23:30.386809+00,2026-06-08 16:23:30.495437+00,0.108628,2.283272,
4c46ceb8-7a24-4881-b6eb-8315606b555b,numbered,6989,completed,sold,1,2026-06-08 16:23:28.208705+00,2026-06-08 16:23:30.384469+00,2026-06-08 16:23:30.496322+00,0.111853,2.287617,
71b37582-3edf-4bac-a6ee-1f0480ad8a38,numbered,46270,completed,sold,1,2026-06-08 16:23:28.215628+00,2026-06-08 16:23:30.387392+00,2026-06-08 16:23:30.497045+00,0.109653,2.281417,
d2ac6921-5c71-4536-8943-212381fa0198,numbered,87981,completed,sold,1,2026-06-08 16:23:28.222708+00,2026-06-08 16:23:30.392716+00,2026-06-08 16:23:30.499821+00,0.107105,2.277113,
dca2ec2e-bec8-4970-8a21-34325e5c718e,numbered,39140,completed,sold,1,2026-06-08 16:23:28.219166+00,2026-06-08 16:23:30.393331+00,2026-06-08 16:23:30.500801+00,0.107470,2.281635,
f3116bdb-6b02-4990-9ae5-e1f56732ebdf,numbered,71673,completed,sold,1,2026-06-08 16:23:28.226246+00,2026-06-08 16:23:30.483945+00,2026-06-08 16:23:30.588838+00,0.104893,2.362592,
2aa34487-6066-41db-b7b7-f5d7384c91c2,numbered,31466,completed,sold,1,2026-06-08 16:23:28.229837+00,2026-06-08 16:23:30.508442+00,2026-06-08 16:23:30.613742+00,0.105300,2.383905,
67fa644a-1395-4a9c-a590-888eb686590d,numbered,23360,completed,sold,1,2026-06-08 16:23:28.233332+00,2026-06-08 16:23:30.523656+00,2026-06-08 16:23:30.628657+00,0.105001,2.395325,
a0d9586f-3b17-40f8-b858-c765602de09a,numbered,56169,completed,sold,1,2026-06-08 16:23:28.240558+00,2026-06-08 16:23:30.543993+00,2026-06-08 16:23:30.650402+00,0.106409,2.409844,
59e9b6c8-6d9e-406f-bc92-6a415408ba86,numbered,80372,completed,sold,1,2026-06-08 16:23:28.237037+00,2026-06-08 16:23:30.542451+00,2026-06-08 16:23:30.65108+00,0.108629,2.414043,
02be68c4-994f-4cad-b9c9-d19f29413901,numbered,46861,completed,sold,1,2026-06-08 16:23:28.24421+00,2026-06-08 16:23:30.545323+00,2026-06-08 16:23:30.657637+00,0.112314,2.413427,
ac731bd0-cc06-430f-9bf4-acb80a6bfe88,numbered,29526,completed,sold,1,2026-06-08 16:23:28.251528+00,2026-06-08 16:23:30.54891+00,2026-06-08 16:23:30.658368+00,0.109458,2.406840,
01f1e0cf-6207-4504-9b6f-67ba01247f64,numbered,84443,completed,sold,1,2026-06-08 16:23:28.24784+00,2026-06-08 16:23:30.542971+00,2026-06-08 16:23:30.659483+00,0.116512,2.411643,
45a309a0-37e5-47d7-b8ae-4e124ccff1e2,numbered,33,completed,sold,1,2026-06-08 16:23:28.255125+00,2026-06-08 16:23:30.61203+00,2026-06-08 16:23:30.716606+00,0.104576,2.461481,
bc58dabe-78e3-4a79-b122-b21e81d91be8,numbered,88269,completed,sold,1,2026-06-08 16:23:28.259384+00,2026-06-08 16:23:30.638021+00,2026-06-08 16:23:30.743185+00,0.105164,2.483801,
d5fdd036-d283-4c9f-ad8e-0ffa36f4a069,numbered,61497,completed,sold,1,2026-06-08 16:23:28.263476+00,2026-06-08 16:23:30.669476+00,2026-06-08 16:23:30.77404+00,0.104564,2.510564,
394010c6-0f14-4076-8173-fdb8135b6c9a,numbered,96536,completed,sold,1,2026-06-08 16:23:28.271813+00,2026-06-08 16:23:30.680903+00,2026-06-08 16:23:30.785683+00,0.104780,2.513870,
0c2e4209-7da9-4713-828a-be226b4d4380,numbered,97792,completed,sold,1,2026-06-08 16:23:28.28005+00,2026-06-08 16:23:30.692715+00,2026-06-08 16:23:30.799996+00,0.107281,2.519946,
07ab57d6-ec88-451e-b00b-216304e9ca05,numbered,21291,completed,sold,1,2026-06-08 16:23:28.267704+00,2026-06-08 16:23:30.691859+00,2026-06-08 16:23:30.800897+00,0.109038,2.533193,
71bc62a3-f86a-49bc-8fe1-61ad5b551eaa,numbered,81622,completed,sold,1,2026-06-08 16:23:28.275908+00,2026-06-08 16:23:30.696604+00,2026-06-08 16:23:30.803197+00,0.106593,2.527289,
2f015a0c-1c91-41df-90a9-b72a61cd5ed6,numbered,66859,completed,sold,1,2026-06-08 16:23:28.284388+00,2026-06-08 16:23:30.699409+00,2026-06-08 16:23:30.808146+00,0.108737,2.523758,
dfee999d-e21d-4c30-9255-b85fe0a047f2,numbered,13651,completed,sold,1,2026-06-08 16:23:28.288528+00,2026-06-08 16:23:30.740085+00,2026-06-08 16:23:30.845132+00,0.105047,2.556604,
009973cf-413f-4ff5-a4bc-cad553651150,numbered,47510,completed,sold,1,2026-06-08 16:23:28.29258+00,2026-06-08 16:23:30.76624+00,2026-06-08 16:23:30.871824+00,0.105584,2.579244,
a3e64bdd-48d2-4a0e-bc8d-0b5bacc539a5,numbered,78829,completed,sold,1,2026-06-08 16:23:28.296804+00,2026-06-08 16:23:30.799882+00,2026-06-08 16:23:30.904626+00,0.104744,2.607822,
fa3dea9b-0e8a-4196-bde6-ef80e9fc17c5,numbered,15265,completed,sold,1,2026-06-08 16:23:28.30103+00,2026-06-08 16:23:30.820606+00,2026-06-08 16:23:30.927071+00,0.106465,2.626041,
ca3746fe-7e2f-452b-9001-940642c1809d,numbered,59484,completed,sold,1,2026-06-08 16:23:28.306872+00,2026-06-08 16:23:30.835137+00,2026-06-08 16:23:30.9398+00,0.104663,2.632928,
1a29b3bf-c474-402b-a46d-37da93bda0ce,numbered,36388,completed,sold,1,2026-06-08 16:23:28.311662+00,2026-06-08 16:23:30.835688+00,2026-06-08 16:23:30.941644+00,0.105956,2.629982,
c2190584-8a0a-47f4-a7d0-f4f26bc3e4bc,numbered,50957,completed,sold,1,2026-06-08 16:23:28.316706+00,2026-06-08 16:23:30.84085+00,2026-06-08 16:23:30.947362+00,0.106512,2.630656,
8ea80a8c-e891-42a5-9bef-cee0c6cff239,numbered,54087,completed,sold,1,2026-06-08 16:23:28.320519+00,2026-06-08 16:23:30.846173+00,2026-06-08 16:23:30.954062+00,0.107889,2.633543,
1c439b0d-593b-44e4-9eba-3c1de9bd6962,numbered,6634,completed,sold,1,2026-06-08 16:23:28.32399+00,2026-06-08 16:23:30.866139+00,2026-06-08 16:23:30.971263+00,0.105124,2.647273,
5e9dc397-3109-4224-a0cb-71391d2a73a9,numbered,42977,completed,sold,1,2026-06-08 16:23:28.327493+00,2026-06-08 16:23:30.894291+00,2026-06-08 16:23:30.999796+00,0.105505,2.672303,
29d488bf-cedd-4320-bea8-6753916544a6,numbered,41850,completed,sold,1,2026-06-08 16:23:28.330887+00,2026-06-08 16:23:30.927615+00,2026-06-08 16:23:31.032164+00,0.104549,2.701277,
9ca444e5-4afe-4ce1-9f72-4eafbd9dd321,numbered,44724,completed,sold,1,2026-06-08 16:23:28.334182+00,2026-06-08 16:23:30.964112+00,2026-06-08 16:23:31.069982+00,0.105870,2.735800,
449d45f4-5159-4017-9125-04cd76e6490d,numbered,61041,completed,sold,1,2026-06-08 16:23:28.33881+00,2026-06-08 16:23:30.973121+00,2026-06-08 16:23:31.078109+00,0.104988,2.739299,
ed86ff1e-35c2-4486-bfcf-1bd381afceb0,numbered,55662,completed,sold,1,2026-06-08 16:23:28.342632+00,2026-06-08 16:23:30.981737+00,2026-06-08 16:23:31.088082+00,0.106345,2.745450,
cce6093a-99d2-42e5-a748-c11fe9b34c87,numbered,78811,completed,sold,1,2026-06-08 16:23:28.348122+00,2026-06-08 16:23:30.988245+00,2026-06-08 16:23:31.096272+00,0.108027,2.748150,
9b9f4213-5bfa-45e4-97cb-fffdd0774681,numbered,10326,completed,sold,1,2026-06-08 16:23:28.353326+00,2026-06-08 16:23:30.988785+00,2026-06-08 16:23:31.09713+00,0.108345,2.743804,
417b0eee-c4e1-4db7-b65b-5b5f0f7691c7,numbered,55885,completed,sold,1,2026-06-08 16:23:28.357282+00,2026-06-08 16:23:30.998956+00,2026-06-08 16:23:31.11179+00,0.112834,2.754508,
52613ede-d3cb-4a95-a6a4-8e8c278c6290,numbered,49585,completed,sold,1,2026-06-08 16:23:28.361259+00,2026-06-08 16:23:31.02349+00,2026-06-08 16:23:31.130355+00,0.106865,2.769096,
00434597-93f1-4729-8548-f168f3da6fd1,numbered,57075,completed,sold,1,2026-06-08 16:23:28.364851+00,2026-06-08 16:23:31.055008+00,2026-06-08 16:23:31.159763+00,0.104755,2.794912,
c2eb0c5a-4e00-41de-a2bf-02def7ca8667,numbered,43498,completed,sold,1,2026-06-08 16:23:28.371669+00,2026-06-08 16:23:31.110958+00,2026-06-08 16:23:31.216129+00,0.105171,2.844460,
c50a5acc-1f11-4a82-8490-1d4ca72b0973,numbered,62730,completed,sold,1,2026-06-08 16:23:28.368402+00,2026-06-08 16:23:31.110241+00,2026-06-08 16:23:31.217042+00,0.106801,2.848640,
537d1c1a-bb29-49c7-9d1c-41d0711955b8,numbered,97301,completed,sold,1,2026-06-08 16:23:28.375921+00,2026-06-08 16:23:31.123843+00,2026-06-08 16:23:31.229918+00,0.106075,2.853997,
747ec099-4368-44e9-a397-a61b0ab9971c,numbered,57922,completed,sold,1,2026-06-08 16:23:28.380145+00,2026-06-08 16:23:31.131881+00,2026-06-08 16:23:31.242741+00,0.110860,2.862596,
55530b3d-0f0b-41d5-ba66-1987ddd29c37,numbered,4002,completed,sold,1,2026-06-08 16:23:28.385296+00,2026-06-08 16:23:31.137076+00,2026-06-08 16:23:31.243733+00,0.106657,2.858437,
345c96bf-82f5-4d7d-9951-6c7994eb8db3,numbered,43351,completed,sold,1,2026-06-08 16:23:28.388829+00,2026-06-08 16:23:31.141338+00,2026-06-08 16:23:31.246672+00,0.105334,2.857843,
a61eb3e6-00ff-4310-9099-eee39f791236,numbered,1067,completed,sold,1,2026-06-08 16:23:28.392763+00,2026-06-08 16:23:31.155057+00,2026-06-08 16:23:31.260541+00,0.105484,2.867778,
c6b5332b-734e-4e81-b879-f2c14453c6b8,numbered,46030,completed,sold,1,2026-06-08 16:23:28.396692+00,2026-06-08 16:23:31.182219+00,2026-06-08 16:23:31.287515+00,0.105296,2.890823,
ee2b9830-7992-4cbb-b302-b3e7e3dac387,numbered,55817,completed,sold,1,2026-06-08 16:23:28.405153+00,2026-06-08 16:23:31.251161+00,2026-06-08 16:23:31.35651+00,0.105349,2.951357,
5b7872d7-d02d-41a4-a040-45353fcfc252,numbered,46743,completed,sold,1,2026-06-08 16:23:28.40106+00,2026-06-08 16:23:31.268916+00,2026-06-08 16:23:31.373598+00,0.104682,2.972538,
2a995cf4-5750-4a95-81a6-19d7c0d82378,numbered,42952,completed,sold,1,2026-06-08 16:23:28.409442+00,2026-06-08 16:23:31.28102+00,2026-06-08 16:23:31.386631+00,0.105611,2.977189,
3611ef07-7028-42b8-9ec2-38930b2e4325,numbered,9402,completed,sold,1,2026-06-08 16:23:28.417534+00,2026-06-08 16:23:31.28772+00,2026-06-08 16:23:31.395234+00,0.107514,2.977700,
6183cf9c-2e08-40b5-a499-a4eb972b62f9,numbered,40014,completed,sold,1,2026-06-08 16:23:28.421617+00,2026-06-08 16:23:31.285089+00,2026-06-08 16:23:31.395937+00,0.110848,2.974320,
c3e18ff3-8b9a-4fc2-aa96-92c5e12902db,numbered,27167,completed,sold,1,2026-06-08 16:23:28.413599+00,2026-06-08 16:23:31.286455+00,2026-06-08 16:23:31.396602+00,0.110147,2.983003,
57f9cd5f-eff6-4688-851d-7ee8a8be3c40,numbered,28734,completed,sold,1,2026-06-08 16:23:28.425954+00,2026-06-08 16:23:31.296196+00,2026-06-08 16:23:31.4017+00,0.105504,2.975746,
a2af92b7-6591-4169-aee0-8f61e0cd5405,numbered,7472,completed,sold,1,2026-06-08 16:23:28.430072+00,2026-06-08 16:23:31.31053+00,2026-06-08 16:23:31.418062+00,0.107532,2.987990,
9ccb5c58-0e3d-4b7e-81c5-65dad0ab3658,numbered,18283,completed,sold,1,2026-06-08 16:23:28.434335+00,2026-06-08 16:23:31.382907+00,2026-06-08 16:23:31.487993+00,0.105086,3.053658,
f337bba2-6f1b-4079-8544-d594b31b27e2,numbered,2100,completed,sold,1,2026-06-08 16:23:28.438549+00,2026-06-08 16:23:31.413571+00,2026-06-08 16:23:31.517336+00,0.103765,3.078787,
f8f03340-b8f8-4ac6-a41e-bb0c5dcbf394,numbered,52919,completed,sold,1,2026-06-08 16:23:28.446802+00,2026-06-08 16:23:31.433877+00,2026-06-08 16:23:31.540901+00,0.107024,3.094099,
b9c12747-8ae1-488a-aec4-09f0eb54c41b,numbered,59939,completed,sold,1,2026-06-08 16:23:28.442591+00,2026-06-08 16:23:31.434863+00,2026-06-08 16:23:31.542961+00,0.108098,3.100370,
e86c74e7-7143-4c37-a3e2-71310ac6f85a,numbered,52854,completed,sold,1,2026-06-08 16:23:28.45263+00,2026-06-08 16:23:31.434875+00,2026-06-08 16:23:31.543728+00,0.108853,3.091098,
428f6e42-008f-4917-893b-d0c3d1b53f92,numbered,10303,completed,sold,1,2026-06-08 16:23:28.456295+00,2026-06-08 16:23:31.433206+00,2026-06-08 16:23:31.544553+00,0.111347,3.088258,
32effe97-fab7-4ac6-8216-e533661250b5,numbered,84762,completed,sold,1,2026-06-08 16:23:28.460707+00,2026-06-08 16:23:31.443128+00,2026-06-08 16:23:31.548311+00,0.105183,3.087604,
1c8b5d90-bfa5-4187-b7e2-320c52ffa6eb,numbered,85734,completed,sold,1,2026-06-08 16:23:28.464201+00,2026-06-08 16:23:31.452901+00,2026-06-08 16:23:31.559915+00,0.107014,3.095714,
c8d2573f-aa04-459a-8f49-bb4098370b2d,numbered,26557,completed,sold,1,2026-06-08 16:23:28.46772+00,2026-06-08 16:23:31.510972+00,2026-06-08 16:23:31.615881+00,0.104909,3.148161,
a3e4a12f-754f-45d0-9c89-f22d8b0d7d0f,numbered,31490,completed,sold,1,2026-06-08 16:23:28.471782+00,2026-06-08 16:23:31.548146+00,2026-06-08 16:23:31.653378+00,0.105232,3.181596,
a3e79070-b831-44e0-ba7e-c1e66246ad69,numbered,45995,completed,sold,1,2026-06-08 16:23:28.480674+00,2026-06-08 16:23:31.578433+00,2026-06-08 16:23:31.683905+00,0.105472,3.203231,
f4ad4a16-1b0c-4a99-9b65-e1a3ce079eef,numbered,93420,completed,sold,1,2026-06-08 16:23:28.493403+00,2026-06-08 16:23:31.586494+00,2026-06-08 16:23:31.696714+00,0.110220,3.203311,
ecd6e143-56c8-432c-a7d9-517f20bf4624,numbered,61916,completed,sold,1,2026-06-08 16:23:28.477196+00,2026-06-08 16:23:31.587501+00,2026-06-08 16:23:31.697709+00,0.110208,3.220513,
9c22df79-d0f6-4c9f-98c8-b068ff8796ef,numbered,3821,completed,sold,1,2026-06-08 16:23:28.48896+00,2026-06-08 16:23:31.590511+00,2026-06-08 16:23:31.698013+00,0.107502,3.209053,
02662f13-c0ed-4361-a1f6-a3b8e7e89a6c,numbered,72368,completed,sold,1,2026-06-08 16:23:28.496774+00,2026-06-08 16:23:31.592721+00,2026-06-08 16:23:31.700233+00,0.107512,3.203459,
6d74f418-1c0d-4797-be19-7f73d193898d,numbered,59982,completed,sold,1,2026-06-08 16:23:28.485001+00,2026-06-08 16:23:31.592397+00,2026-06-08 16:23:31.701275+00,0.108878,3.216274,
2c0b246c-111c-40d5-a2f2-cb9bc5721f37,numbered,95133,completed,sold,1,2026-06-08 16:23:28.500912+00,2026-06-08 16:23:31.638255+00,2026-06-08 16:23:31.743614+00,0.105359,3.242702,
a5f43e6b-bb49-4eab-b40e-4f04085f5c49,numbered,94578,completed,sold,1,2026-06-08 16:23:28.505302+00,2026-06-08 16:23:31.673616+00,2026-06-08 16:23:31.777565+00,0.103949,3.272263,
33f58e94-2c9e-4bd8-b20b-3ec2abfa3331,numbered,24670,completed,sold,1,2026-06-08 16:23:28.509393+00,2026-06-08 16:23:31.722514+00,2026-06-08 16:23:31.827907+00,0.105393,3.318514,
bb7393ac-393e-4c8a-a7b4-8f48e0ce4cc8,numbered,44927,completed,sold,1,2026-06-08 16:23:28.525996+00,2026-06-08 16:23:31.736385+00,2026-06-08 16:23:31.84171+00,0.105325,3.315714,
3d200234-69a4-4522-927d-a521da4efb62,numbered,14490,completed,sold,1,2026-06-08 16:23:28.517638+00,2026-06-08 16:23:31.742408+00,2026-06-08 16:23:31.85201+00,0.109602,3.334372,
5516718c-9754-453f-b348-e9044b42ae12,numbered,5181,completed,sold,1,2026-06-08 16:23:28.513705+00,2026-06-08 16:23:31.741678+00,2026-06-08 16:23:31.852666+00,0.110988,3.338961,
e019046c-202b-4af0-b5e5-054ee36cf990,numbered,31864,completed,sold,1,2026-06-08 16:23:28.521956+00,2026-06-08 16:23:31.745169+00,2026-06-08 16:23:31.853358+00,0.108189,3.331402,
eb5a5cae-1d58-4ade-8f8f-ca25c07f304f,numbered,63508,completed,sold,1,2026-06-08 16:23:28.530443+00,2026-06-08 16:23:31.748804+00,2026-06-08 16:23:31.855232+00,0.106428,3.324789,
fe04df95-5140-4cd6-8210-0110680ce6df,numbered,86476,completed,sold,1,2026-06-08 16:23:28.534439+00,2026-06-08 16:23:31.766834+00,2026-06-08 16:23:31.873742+00,0.106908,3.339303,
0d021873-afb7-469e-880c-a08befe263ca,numbered,63537,completed,sold,1,2026-06-08 16:23:28.538642+00,2026-06-08 16:23:31.799287+00,2026-06-08 16:23:31.904174+00,0.104887,3.365532,
5ec42701-6682-44dc-bda3-567337180ed8,numbered,817,completed,sold,1,2026-06-08 16:23:28.542829+00,2026-06-08 16:23:31.875235+00,2026-06-08 16:23:31.9807+00,0.105465,3.437871,
1c8b8eff-6232-4257-8ca5-c09930ec6434,numbered,59098,completed,sold,1,2026-06-08 16:23:28.546848+00,2026-06-08 16:23:31.891169+00,2026-06-08 16:23:31.999103+00,0.107934,3.452255,
a6194589-e2fe-4cc5-8c10-5a74b69c17bb,numbered,69632,completed,sold,1,2026-06-08 16:23:28.55939+00,2026-06-08 16:23:31.892906+00,2026-06-08 16:23:32.000531+00,0.107625,3.441141,
4055fad7-7b3d-4d2f-849d-11f7528507ba,numbered,63731,completed,sold,1,2026-06-08 16:23:28.550985+00,2026-06-08 16:23:31.893551+00,2026-06-08 16:23:32.003884+00,0.110333,3.452899,
46663114-a05a-49a1-b6f2-805dd44df653,numbered,59874,completed,sold,1,2026-06-08 16:23:28.563471+00,2026-06-08 16:23:31.898784+00,2026-06-08 16:23:32.004782+00,0.105998,3.441311,
9ff0cf40-34cb-40b2-b65c-6a66de969eb4,numbered,48331,completed,sold,1,2026-06-08 16:23:28.555595+00,2026-06-08 16:23:31.896166+00,2026-06-08 16:23:32.0059+00,0.109734,3.450305,
5c5ec17d-3c43-412b-b719-b3dfb52249c1,numbered,44070,completed,sold,1,2026-06-08 16:23:28.567509+00,2026-06-08 16:23:31.908805+00,2026-06-08 16:23:32.014309+00,0.105504,3.446800,
6dc3d113-896c-4f46-b73c-b96a6db8d0ac,numbered,25973,completed,sold,1,2026-06-08 16:23:28.5721+00,2026-06-08 16:23:31.925731+00,2026-06-08 16:23:32.032892+00,0.107161,3.460792,
44ca15a2-2475-444b-bba7-007a20d00e0a,numbered,93303,completed,sold,1,2026-06-08 16:23:28.575812+00,2026-06-08 16:23:32.020446+00,2026-06-08 16:23:32.125718+00,0.105272,3.549906,
8ecbb88a-f4f6-421c-b5d1-4de6eee738d0,numbered,16114,completed,sold,1,2026-06-08 16:23:28.591078+00,2026-06-08 16:23:32.036374+00,2026-06-08 16:23:32.142223+00,0.105849,3.551145,
3fb86530-6805-43f8-8f9d-15b16b708382,numbered,12956,completed,sold,1,2026-06-08 16:23:28.580117+00,2026-06-08 16:23:32.054477+00,2026-06-08 16:23:32.161493+00,0.107016,3.581376,
80e6e034-364f-49e8-be0c-9b1a3cf8cc98,numbered,66669,completed,sold,1,2026-06-08 16:23:28.584543+00,2026-06-08 16:23:32.059311+00,2026-06-08 16:23:32.164424+00,0.105113,3.579881,
81c71ac3-5181-4b3a-b024-c631eee37228,numbered,259,completed,sold,1,2026-06-08 16:23:28.594767+00,2026-06-08 16:23:32.055215+00,2026-06-08 16:23:32.167087+00,0.111872,3.572320,
a945381c-d153-44b8-b38d-bf37ab93a404,numbered,55295,completed,sold,1,2026-06-08 16:23:28.604192+00,2026-06-08 16:23:32.060671+00,2026-06-08 16:23:32.167918+00,0.107247,3.563726,
6659fc84-1783-47b4-b1a9-b19bcf61d515,numbered,8037,completed,sold,1,2026-06-08 16:23:28.599987+00,2026-06-08 16:23:32.058246+00,2026-06-08 16:23:32.168686+00,0.110440,3.568699,
9fb08129-4f2d-4caf-b976-0126774bc9da,numbered,47683,completed,sold,1,2026-06-08 16:23:28.607834+00,2026-06-08 16:23:32.068049+00,2026-06-08 16:23:32.17303+00,0.104981,3.565196,
35fa067a-781d-45d3-a868-69ad0733bc1b,numbered,82622,completed,sold,1,2026-06-08 16:23:28.611441+00,2026-06-08 16:23:32.153616+00,2026-06-08 16:23:32.259295+00,0.105679,3.647854,
3d72b669-210f-4a57-b29d-f8828f8fafb4,numbered,40415,completed,sold,1,2026-06-08 16:23:28.615006+00,2026-06-08 16:23:32.18747+00,2026-06-08 16:23:32.292919+00,0.105449,3.677913,
9e3f84b1-2454-4f55-9374-fe0e56df1250,numbered,2150,completed,sold,1,2026-06-08 16:23:28.618531+00,2026-06-08 16:23:32.199675+00,2026-06-08 16:23:32.304328+00,0.104653,3.685797,
10184add-7bc5-4502-bcde-f3365030ab99,numbered,84691,completed,sold,1,2026-06-08 16:23:28.62598+00,2026-06-08 16:23:32.215968+00,2026-06-08 16:23:32.323698+00,0.107730,3.697718,
7c08236f-5dcc-4772-9d99-e5c6f01e2006,numbered,96047,completed,sold,1,2026-06-08 16:23:28.643814+00,2026-06-08 16:23:32.220294+00,2026-06-08 16:23:32.325851+00,0.105557,3.682037,
7add7b4b-f16b-4eff-bfe1-29fa0afeb48a,numbered,87158,completed,sold,1,2026-06-08 16:23:28.650168+00,2026-06-08 16:23:32.216578+00,2026-06-08 16:23:32.328127+00,0.111549,3.677959,
9112f282-801e-40c6-bec1-f1b643cf2db8,numbered,79960,completed,sold,1,2026-06-08 16:23:28.633559+00,2026-06-08 16:23:32.217938+00,2026-06-08 16:23:32.333996+00,0.116058,3.700437,
8a9deba7-c09b-485b-9dd1-d7b1b3eeeeb7,numbered,81975,completed,sold,1,2026-06-08 16:23:28.621986+00,2026-06-08 16:23:32.217256+00,2026-06-08 16:23:32.338098+00,0.120842,3.716112,
97474be0-1b09-4896-9485-df3087f6c6a6,numbered,22678,completed,sold,1,2026-06-08 16:23:28.658101+00,2026-06-08 16:23:32.286178+00,2026-06-08 16:23:32.392014+00,0.105836,3.733913,
2e5102cb-5390-43d6-af9b-bf0d346d3073,numbered,24087,completed,sold,1,2026-06-08 16:23:28.667234+00,2026-06-08 16:23:32.333976+00,2026-06-08 16:23:32.440391+00,0.106415,3.773157,
f9406edd-a707-4337-b550-40f99921611a,numbered,73283,completed,sold,1,2026-06-08 16:23:28.672179+00,2026-06-08 16:23:32.343484+00,2026-06-08 16:23:32.449553+00,0.106069,3.777374,
3939f87b-15e1-448d-a95c-169de7d17350,numbered,97596,completed,sold,1,2026-06-08 16:23:28.676066+00,2026-06-08 16:23:32.359355+00,2026-06-08 16:23:32.464493+00,0.105138,3.788427,
3ce4bb33-ebc7-4a27-b574-9e476e95d0e8,numbered,67433,completed,sold,1,2026-06-08 16:23:28.679617+00,2026-06-08 16:23:32.360523+00,2026-06-08 16:23:32.466487+00,0.105964,3.786870,
65004320-24c8-47d2-a68c-1228f3c2d1b5,numbered,5770,completed,sold,1,2026-06-08 16:23:28.686978+00,2026-06-08 16:23:32.368755+00,2026-06-08 16:23:32.475114+00,0.106359,3.788136,
11beea9c-0fcb-4c71-8c88-36ba3a1f7a35,numbered,78506,completed,sold,1,2026-06-08 16:23:28.690597+00,2026-06-08 16:23:32.372736+00,2026-06-08 16:23:32.477627+00,0.104891,3.787030,
d41f7d86-87ce-442f-8a3b-ece61ab21064,numbered,50799,completed,sold,1,2026-06-08 16:23:28.683479+00,2026-06-08 16:23:32.371103+00,2026-06-08 16:23:32.477957+00,0.106854,3.794478,
65e7e331-1e63-4134-802b-ec9011103746,numbered,19640,completed,sold,1,2026-06-08 16:23:28.694045+00,2026-06-08 16:23:32.418795+00,2026-06-08 16:23:32.52428+00,0.105485,3.830235,
64674be0-0d99-48a9-b133-0593e1752679,numbered,87416,completed,sold,1,2026-06-08 16:23:28.69758+00,2026-06-08 16:23:32.472268+00,2026-06-08 16:23:32.578067+00,0.105799,3.880487,
7ebc59c8-46b4-418f-a61b-45447740cb63,numbered,54713,completed,sold,1,2026-06-08 16:23:28.701519+00,2026-06-08 16:23:32.491973+00,2026-06-08 16:23:32.598649+00,0.106676,3.897130,
96a6323a-531b-4d52-869a-b4127633722b,numbered,96969,completed,sold,1,2026-06-08 16:23:28.705119+00,2026-06-08 16:23:32.508212+00,2026-06-08 16:23:32.612994+00,0.104782,3.907875,
911c8515-5a68-45d0-9cca-4761efaba7f1,numbered,17151,completed,sold,1,2026-06-08 16:23:28.708759+00,2026-06-08 16:23:32.50818+00,2026-06-08 16:23:32.613248+00,0.105068,3.904489,
b5212d5f-b542-4c62-86fc-d356598c95c3,numbered,41163,completed,sold,1,2026-06-08 16:23:28.71214+00,2026-06-08 16:23:32.512574+00,2026-06-08 16:23:32.620972+00,0.108398,3.908832,
ab50d88b-7cb4-4113-8a49-8a6a1310940d,numbered,85153,completed,sold,1,2026-06-08 16:23:28.715638+00,2026-06-08 16:23:32.517013+00,2026-06-08 16:23:32.623792+00,0.106779,3.908154,
f6cb95dc-7e88-4260-81f9-6abe9657086a,numbered,84048,completed,sold,1,2026-06-08 16:23:28.71959+00,2026-06-08 16:23:32.517194+00,2026-06-08 16:23:32.623792+00,0.106598,3.904202,
99127d78-ff0f-4f27-a32e-a10546451b54,numbered,53776,completed,sold,1,2026-06-08 16:23:28.724769+00,2026-06-08 16:23:32.551338+00,2026-06-08 16:23:32.657817+00,0.106479,3.933048,
d2084800-7365-4cb3-bdbd-0299b7023e68,numbered,73445,completed,sold,1,2026-06-08 16:23:28.731437+00,2026-06-08 16:23:32.605927+00,2026-06-08 16:23:32.711781+00,0.105854,3.980344,
b6c2d7f3-c52d-4e6d-b4f4-dcd3aede14cc,numbered,1146,completed,sold,1,2026-06-08 16:23:28.735099+00,2026-06-08 16:23:32.641563+00,2026-06-08 16:23:32.746057+00,0.104494,4.010958,
0eab6ff8-b92c-471b-82aa-a28f8d4e5a10,numbered,8225,completed,sold,1,2026-06-08 16:23:28.738703+00,2026-06-08 16:23:32.6653+00,2026-06-08 16:23:32.771614+00,0.106314,4.032911,
8e17638e-ee43-4e38-8afd-9af59263ff05,numbered,40491,completed,sold,1,2026-06-08 16:23:28.754049+00,2026-06-08 16:23:32.664668+00,2026-06-08 16:23:32.772632+00,0.107964,4.018583,
dba091a6-6dd4-4c8a-9bd3-8ceef7f8f1e1,numbered,21406,completed,sold,1,2026-06-08 16:23:28.742203+00,2026-06-08 16:23:32.666204+00,2026-06-08 16:23:32.775323+00,0.109119,4.033120,
bd9c4c32-3aea-4671-91cd-e17c8ff03952,numbered,2433,completed,sold,1,2026-06-08 16:23:28.750549+00,2026-06-08 16:23:32.668627+00,2026-06-08 16:23:32.775982+00,0.107355,4.025433,
39a03baa-dbef-4874-853d-9fb6ce0befc9,numbered,26907,completed,sold,1,2026-06-08 16:23:28.745604+00,2026-06-08 16:23:32.665901+00,2026-06-08 16:23:32.777703+00,0.111802,4.032099,
8450d893-cdea-4ce8-99d1-cec662f21cfc,numbered,7849,completed,sold,1,2026-06-08 16:23:28.757954+00,2026-06-08 16:23:32.688285+00,2026-06-08 16:23:32.79449+00,0.106205,4.036536,
de51a070-bf69-4582-aa01-5d246e35ca51,numbered,82171,completed,sold,1,2026-06-08 16:23:28.761705+00,2026-06-08 16:23:32.737426+00,2026-06-08 16:23:32.843085+00,0.105659,4.081380,
57015f77-37da-4f8b-88c7-cc5496ba6b8b,numbered,26693,completed,sold,1,2026-06-08 16:23:28.765591+00,2026-06-08 16:23:32.778745+00,2026-06-08 16:23:32.883404+00,0.104659,4.117813,
d0e0b1f7-125f-408b-aaad-96ae63a3a331,numbered,40347,completed,sold,1,2026-06-08 16:23:28.769011+00,2026-06-08 16:23:32.816375+00,2026-06-08 16:23:32.922563+00,0.106188,4.153552,
5c7efe7c-8ad8-4551-8102-18933b32a206,numbered,16648,completed,sold,1,2026-06-08 16:23:28.795804+00,2026-06-08 16:23:32.81558+00,2026-06-08 16:23:32.925254+00,0.109674,4.129450,
5c7f942c-a2f3-4b59-a89c-1767360b0ef7,numbered,59142,completed,sold,1,2026-06-08 16:23:28.799523+00,2026-06-08 16:23:32.816208+00,2026-06-08 16:23:32.925599+00,0.109391,4.126076,
017ff03a-dfcd-442d-9fb4-e97974ade1dd,numbered,30649,completed,sold,1,2026-06-08 16:23:28.780712+00,2026-06-08 16:23:32.818558+00,2026-06-08 16:23:32.926094+00,0.107536,4.145382,
d6d19eda-8dfc-41cb-9e9c-e9d0733b54cd,numbered,85284,completed,sold,1,2026-06-08 16:23:28.77549+00,2026-06-08 16:23:32.819684+00,2026-06-08 16:23:32.926382+00,0.106698,4.150892,
525d9bf4-ae24-42f2-818a-8706d7d6cd13,numbered,10523,completed,sold,1,2026-06-08 16:23:28.806569+00,2026-06-08 16:23:32.8312+00,2026-06-08 16:23:32.938217+00,0.107017,4.131648,
b08cc3ee-99bf-45bb-a97e-e2b718223ff3,numbered,32975,completed,sold,1,2026-06-08 16:23:28.81168+00,2026-06-08 16:23:32.870244+00,2026-06-08 16:23:32.976762+00,0.106518,4.165082,
b8bd738b-b8fa-478e-9234-fc24aa7ac302,numbered,84268,completed,sold,1,2026-06-08 16:23:28.816492+00,2026-06-08 16:23:32.905884+00,2026-06-08 16:23:33.010666+00,0.104782,4.194174,
774c9888-4a1a-46be-aa9d-3d90ac9f3139,numbered,70748,completed,sold,1,2026-06-08 16:23:28.83151+00,2026-06-08 16:23:32.966077+00,2026-06-08 16:23:33.070708+00,0.104631,4.239198,
ba303dce-0c81-41ff-8d19-0c7162e5490e,numbered,18789,completed,sold,1,2026-06-08 16:23:28.828214+00,2026-06-08 16:23:32.968071+00,2026-06-08 16:23:33.076252+00,0.108181,4.248038,
a61f7e7e-24a7-4255-ac4d-b5bd0af407f9,numbered,57360,completed,sold,1,2026-06-08 16:23:28.824795+00,2026-06-08 16:23:32.971992+00,2026-06-08 16:23:33.081142+00,0.109150,4.256347,
61787505-3b37-49a6-8fa3-37df37660a40,numbered,32095,completed,sold,1,2026-06-08 16:23:28.82121+00,2026-06-08 16:23:32.974013+00,2026-06-08 16:23:33.082227+00,0.108214,4.261017,
dd9d6aa7-f0ec-4e10-b4a8-fd48da9f031e,numbered,41200,completed,sold,1,2026-06-08 16:23:28.838246+00,2026-06-08 16:23:32.977057+00,2026-06-08 16:23:33.083097+00,0.106040,4.244851,
f8e1b4ff-82e7-453b-94cb-ff4642130e72,numbered,85069,completed,sold,1,2026-06-08 16:23:28.834952+00,2026-06-08 16:23:32.973422+00,2026-06-08 16:23:33.090775+00,0.117353,4.255823,
6456fbb5-3861-441b-af39-9c024a5ce4aa,numbered,31345,completed,sold,1,2026-06-08 16:23:28.841779+00,2026-06-08 16:23:33.003445+00,2026-06-08 16:23:33.1106+00,0.107155,4.268821,
86517bf1-c01c-44d3-ac44-2d1794899a00,numbered,99174,completed,sold,1,2026-06-08 16:23:28.845412+00,2026-06-08 16:23:33.032017+00,2026-06-08 16:23:33.137228+00,0.105211,4.291816,
c063f87d-af75-45e4-a575-3bba6c6e2b61,numbered,16926,completed,sold,1,2026-06-08 16:23:28.859863+00,2026-06-08 16:23:33.12674+00,2026-06-08 16:23:33.234742+00,0.108002,4.374879,
b26a75e8-bf05-47f8-a714-23a6406a32cf,numbered,54950,completed,sold,1,2026-06-08 16:23:28.864218+00,2026-06-08 16:23:33.126075+00,2026-06-08 16:23:33.234827+00,0.108752,4.370609,
04f28e7f-25a0-4d0a-bd62-102496b22068,numbered,41624,completed,sold,1,2026-06-08 16:23:28.852452+00,2026-06-08 16:23:33.12674+00,2026-06-08 16:23:33.235441+00,0.108701,4.382989,
20bfd122-2cd4-4c32-a7c2-e809c514e20c,numbered,50329,completed,sold,1,2026-06-08 16:23:28.856566+00,2026-06-08 16:23:33.125225+00,2026-06-08 16:23:33.235542+00,0.110317,4.378976,
fc82b050-8b4d-4110-82fd-07048e67fdb6,numbered,46190,completed,sold,1,2026-06-08 16:23:28.848974+00,2026-06-08 16:23:33.126075+00,2026-06-08 16:23:33.236303+00,0.110228,4.387329,
2f06943c-a2ef-43f2-870c-cab63f780774,numbered,20507,completed,sold,1,2026-06-08 16:23:28.867694+00,2026-06-08 16:23:33.135783+00,2026-06-08 16:23:33.251073+00,0.115290,4.383379,
78cebf47-d520-4aba-bc41-62bd86c84da3,numbered,46004,completed,sold,1,2026-06-08 16:23:28.874516+00,2026-06-08 16:23:33.159735+00,2026-06-08 16:23:33.26622+00,0.106485,4.391704,
fd45813a-3aa5-44fb-88e0-dc302f9bcaef,numbered,47554,completed,sold,1,2026-06-08 16:23:28.871097+00,2026-06-08 16:23:33.150513+00,2026-06-08 16:23:33.275968+00,0.125455,4.404871,
23f07fef-17ba-4c92-a968-95651f6be07c,numbered,20811,completed,sold,1,2026-06-08 16:23:28.884716+00,2026-06-08 16:23:33.277204+00,2026-06-08 16:23:33.383277+00,0.106073,4.498561,
ee73a429-7638-4d56-8cc6-d3835f300a70,numbered,95467,completed,sold,1,2026-06-08 16:23:28.881148+00,2026-06-08 16:23:33.278673+00,2026-06-08 16:23:33.383715+00,0.105042,4.502567,
20a4bbfd-c627-4a8b-8ac0-44d899b0241c,numbered,37583,completed,sold,1,2026-06-08 16:23:28.891246+00,2026-06-08 16:23:33.279021+00,2026-06-08 16:23:33.385934+00,0.106913,4.494688,
dfde0d5a-20df-4e73-a0fd-3544d65becee,numbered,91297,completed,sold,1,2026-06-08 16:23:28.888048+00,2026-06-08 16:23:33.28837+00,2026-06-08 16:23:33.393732+00,0.105362,4.505684,
512cb91f-9a5d-4d27-b866-2bc049a56177,numbered,87293,completed,sold,1,2026-06-08 16:23:28.87766+00,2026-06-08 16:23:33.285471+00,2026-06-08 16:23:33.395017+00,0.109546,4.517357,
efbbb472-6152-445e-93f4-db5b9917db62,numbered,10625,completed,sold,1,2026-06-08 16:23:28.897967+00,2026-06-08 16:23:33.303416+00,2026-06-08 16:23:33.410986+00,0.107570,4.513019,
74548fc4-7c06-4469-a384-99a5a1e4dd90,numbered,57001,completed,sold,1,2026-06-08 16:23:28.894789+00,2026-06-08 16:23:33.306293+00,2026-06-08 16:23:33.419161+00,0.112868,4.524372,
456ea963-bbfa-4413-b8f0-0b7f4dcfa980,numbered,51177,completed,sold,1,2026-06-08 16:23:28.901333+00,2026-06-08 16:23:33.310061+00,2026-06-08 16:23:33.431216+00,0.121155,4.529883,
a23c07b1-455a-4160-a6b0-6cab78fbd6f9,numbered,2860,completed,sold,1,2026-06-08 16:23:28.907928+00,2026-06-08 16:23:33.425686+00,2026-06-08 16:23:33.531875+00,0.106189,4.623947,
f8cf7bc5-afa7-470d-83dc-baa2d627d7f0,numbered,95820,completed,sold,1,2026-06-08 16:23:28.904569+00,2026-06-08 16:23:33.42924+00,2026-06-08 16:23:33.534049+00,0.104809,4.629480,
92ed5420-1b9b-4e95-8ff2-e0dc5d52af43,numbered,71,completed,sold,1,2026-06-08 16:23:28.911125+00,2026-06-08 16:23:33.437603+00,2026-06-08 16:23:33.543251+00,0.105648,4.632126,
5736af74-63b1-4f8f-9e3a-8d2a924e9e5c,numbered,38799,completed,sold,1,2026-06-08 16:23:28.917608+00,2026-06-08 16:23:33.43698+00,2026-06-08 16:23:33.544042+00,0.107062,4.626434,
f0b6925e-92d6-44d3-a827-ecc74dbb6f5b,numbered,65697,completed,sold,1,2026-06-08 16:23:28.914332+00,2026-06-08 16:23:33.445184+00,2026-06-08 16:23:33.550825+00,0.105641,4.636493,
7dc38998-eeee-4c34-962b-f35187b746df,numbered,99443,completed,sold,1,2026-06-08 16:23:28.928142+00,2026-06-08 16:23:33.452088+00,2026-06-08 16:23:33.562542+00,0.110454,4.634400,
3b9255f7-0996-437e-9152-d705488c1435,numbered,8973,completed,sold,1,2026-06-08 16:23:28.942531+00,2026-06-08 16:23:33.456132+00,2026-06-08 16:23:33.566527+00,0.110395,4.623996,
0399f690-4f53-42e7-b9c2-6c4221753061,numbered,94750,completed,sold,1,2026-06-08 16:23:28.946181+00,2026-06-08 16:23:33.463433+00,2026-06-08 16:23:33.569923+00,0.106490,4.623742,
b3625133-edff-4a4a-9812-e1ea2acb0617,numbered,66331,completed,sold,1,2026-06-08 16:23:28.953938+00,2026-06-08 16:23:33.573605+00,2026-06-08 16:23:33.678269+00,0.104664,4.724331,
3134c774-09c5-4173-b483-f52ccb813674,numbered,77291,completed,sold,1,2026-06-08 16:23:28.950167+00,2026-06-08 16:23:33.580308+00,2026-06-08 16:23:33.686132+00,0.105824,4.735965,
107d1bda-6e7c-4aa2-a0c2-edb1b2563b30,numbered,51807,completed,sold,1,2026-06-08 16:23:28.961444+00,2026-06-08 16:23:33.587487+00,2026-06-08 16:23:33.695567+00,0.108080,4.734123,
45355e4f-bfce-4316-b6a0-1bfc32b026a1,numbered,97393,completed,sold,1,2026-06-08 16:23:28.957652+00,2026-06-08 16:23:33.590461+00,2026-06-08 16:23:33.696577+00,0.106116,4.738925,
ab324f71-2313-4856-a359-745ee7776d98,numbered,81178,completed,sold,1,2026-06-08 16:23:28.968425+00,2026-06-08 16:23:33.599098+00,2026-06-08 16:23:33.705082+00,0.105984,4.736657,
929c6632-825a-4980-a36b-59dd6a058425,numbered,54334,completed,sold,1,2026-06-08 16:23:28.964992+00,2026-06-08 16:23:33.60626+00,2026-06-08 16:23:33.712262+00,0.106002,4.747270,
6af814a6-fb09-4305-bc1d-428c7b0cd5e7,numbered,4411,completed,sold,1,2026-06-08 16:23:28.971909+00,2026-06-08 16:23:33.61068+00,2026-06-08 16:23:33.720973+00,0.110293,4.749064,
97154d7f-c836-4b0f-a696-cbbf7ebd4748,numbered,12250,completed,sold,1,2026-06-08 16:23:28.975355+00,2026-06-08 16:23:33.614957+00,2026-06-08 16:23:33.726273+00,0.111316,4.750918,
65b4832b-a1f5-41f8-ac58-328d0510bbb8,numbered,17075,completed,sold,1,2026-06-08 16:23:28.978724+00,2026-06-08 16:23:33.710892+00,2026-06-08 16:23:33.815168+00,0.104276,4.836444,
da14ee2f-676e-4adc-934f-999e802df59a,numbered,3865,completed,sold,1,2026-06-08 16:23:28.982947+00,2026-06-08 16:23:33.732828+00,2026-06-08 16:23:33.838168+00,0.105340,4.855221,
fc019b2a-05e1-4364-91a8-cdfcc413c59d,numbered,45163,completed,sold,1,2026-06-08 16:23:28.989591+00,2026-06-08 16:23:33.742727+00,2026-06-08 16:23:33.848022+00,0.105295,4.858431,
f72f7565-9ff7-4c4f-a637-27dbe5b5c173,numbered,14200,completed,sold,1,2026-06-08 16:23:28.986202+00,2026-06-08 16:23:33.745539+00,2026-06-08 16:23:33.852032+00,0.106493,4.865830,
8609c17f-10c6-44aa-a791-b9659348e37a,numbered,58293,completed,sold,1,2026-06-08 16:23:28.997388+00,2026-06-08 16:23:33.748027+00,2026-06-08 16:23:33.854189+00,0.106162,4.856801,
9a8b20f4-8ddb-4e8e-957d-c32459e3bfc3,numbered,24916,completed,sold,1,2026-06-08 16:23:28.994085+00,2026-06-08 16:23:33.748448+00,2026-06-08 16:23:33.854967+00,0.106519,4.860882,
74b2fd35-9d55-45ac-93d7-334e4c565efa,numbered,6465,completed,sold,1,2026-06-08 16:23:29.001156+00,2026-06-08 16:23:33.764274+00,2026-06-08 16:23:33.871283+00,0.107009,4.870127,
7dfd6dd3-2fb7-4cd1-bc00-15953f1cb690,numbered,16647,completed,sold,1,2026-06-08 16:23:29.004772+00,2026-06-08 16:23:33.767522+00,2026-06-08 16:23:33.874518+00,0.106996,4.869746,
10a414ce-3b9f-464f-8b41-b9db9734458b,numbered,29264,completed,sold,1,2026-06-08 16:23:29.008083+00,2026-06-08 16:23:33.836504+00,2026-06-08 16:23:33.941088+00,0.104584,4.933005,
a937999b-8210-47ba-8670-f98846c30ffb,numbered,96151,completed,sold,1,2026-06-08 16:23:29.011455+00,2026-06-08 16:23:33.877036+00,2026-06-08 16:23:33.982075+00,0.105039,4.970620,
1fb7fd8e-abe5-4bbc-9c8e-0bf6cefadd85,numbered,67731,completed,sold,1,2026-06-08 16:23:29.014713+00,2026-06-08 16:23:33.888387+00,2026-06-08 16:23:33.992896+00,0.104509,4.978183,
08faa919-b15e-4e5b-a1f5-323e582587d3,numbered,98395,completed,sold,1,2026-06-08 16:23:29.024651+00,2026-06-08 16:23:33.895608+00,2026-06-08 16:23:34.002147+00,0.106539,4.977496,
93273fdc-e668-4067-bd0f-6e19e72680b3,numbered,3675,completed,sold,1,2026-06-08 16:23:29.021303+00,2026-06-08 16:23:33.901327+00,2026-06-08 16:23:34.008189+00,0.106862,4.986886,
16db07c2-3283-4a69-ab57-e936c7cf0dae,numbered,27384,completed,sold,1,2026-06-08 16:23:29.017995+00,2026-06-08 16:23:33.905236+00,2026-06-08 16:23:34.012029+00,0.106793,4.994034,
a3d8d64a-6d06-4bef-9147-1728bd63201d,numbered,78059,completed,sold,1,2026-06-08 16:23:29.028123+00,2026-06-08 16:23:33.908116+00,2026-06-08 16:23:34.014561+00,0.106445,4.986438,
59184c5f-e17d-4fe2-b14c-ca88d2d8d11f,numbered,32529,completed,sold,1,2026-06-08 16:23:29.031468+00,2026-06-08 16:23:33.911637+00,2026-06-08 16:23:34.023622+00,0.111985,4.992154,
b63f0e32-7d3f-42f4-9d62-2377497784ad,numbered,49235,completed,sold,1,2026-06-08 16:23:29.03506+00,2026-06-08 16:23:33.963191+00,2026-06-08 16:23:34.066996+00,0.103805,5.031936,
7754fac4-0fa0-4e41-ab13-91c2b6195402,numbered,29190,completed,sold,1,2026-06-08 16:23:29.038533+00,2026-06-08 16:23:34.027425+00,2026-06-08 16:23:34.132378+00,0.104953,5.093845,
acc1d7f7-4272-4425-b2f4-32deec6678fb,numbered,4554,completed,sold,1,2026-06-08 16:23:29.042111+00,2026-06-08 16:23:34.035335+00,2026-06-08 16:23:34.140804+00,0.105469,5.098693,
c75dd78e-bca0-42e6-93b2-51f292745538,numbered,46142,completed,sold,1,2026-06-08 16:23:29.045739+00,2026-06-08 16:23:34.05186+00,2026-06-08 16:23:34.160396+00,0.108536,5.114657,
2d3845d3-9bb1-43e3-ba3e-e7dc7f1a7754,numbered,31923,completed,sold,1,2026-06-08 16:23:29.059922+00,2026-06-08 16:23:34.055759+00,2026-06-08 16:23:34.166502+00,0.110743,5.106580,
ef4b0e90-b62d-4bfc-9722-fd1c3899ce01,numbered,30513,completed,sold,1,2026-06-08 16:23:29.049331+00,2026-06-08 16:23:34.059921+00,2026-06-08 16:23:34.16717+00,0.107249,5.117839,
0abce784-cfcd-46d1-9ef1-16dc4d5ba6e1,numbered,27928,completed,sold,1,2026-06-08 16:23:29.056502+00,2026-06-08 16:23:34.055947+00,2026-06-08 16:23:34.167555+00,0.111608,5.111053,
0db95f3d-c351-4c4e-8227-5bb0a90a6930,numbered,86599,completed,sold,1,2026-06-08 16:23:29.052888+00,2026-06-08 16:23:34.056488+00,2026-06-08 16:23:34.168198+00,0.111710,5.115310,
93343ca2-3108-4046-a0fa-929261723814,numbered,83853,completed,sold,1,2026-06-08 16:23:29.063156+00,2026-06-08 16:23:34.087213+00,2026-06-08 16:23:34.191494+00,0.104281,5.128338,
0f69c2f9-b5b4-41e4-b945-58a8e12a8af5,numbered,27719,completed,sold,1,2026-06-08 16:23:29.066718+00,2026-06-08 16:23:34.155413+00,2026-06-08 16:23:34.260418+00,0.105005,5.193700,
02637fb4-0328-4dda-9b9e-852a5bc47541,numbered,409,completed,sold,1,2026-06-08 16:23:29.070247+00,2026-06-08 16:23:34.183709+00,2026-06-08 16:23:34.288854+00,0.105145,5.218607,
c52b728f-3660-4531-870b-450f4aea6289,numbered,76237,completed,sold,1,2026-06-08 16:23:29.089085+00,2026-06-08 16:23:34.209652+00,2026-06-08 16:23:34.314941+00,0.105289,5.225856,
0000e48b-6cc5-48e1-924f-6b9bb683ffe3,numbered,37081,completed,sold,1,2026-06-08 16:23:29.079916+00,2026-06-08 16:23:34.214785+00,2026-06-08 16:23:34.320655+00,0.105870,5.240739,
367ecca0-e98a-4573-8462-107f2644c8c4,numbered,19235,completed,sold,1,2026-06-08 16:23:29.092581+00,2026-06-08 16:23:34.211158+00,2026-06-08 16:23:34.32193+00,0.110772,5.229349,
3556ac85-fc29-4356-bcf0-ca9b6c200f63,numbered,38885,completed,sold,1,2026-06-08 16:23:29.083471+00,2026-06-08 16:23:34.213778+00,2026-06-08 16:23:34.326618+00,0.112840,5.243147,
6c5f1b2d-5a27-4fec-966d-6b12b5e3f950,numbered,93370,completed,sold,1,2026-06-08 16:23:29.09773+00,2026-06-08 16:23:34.214559+00,2026-06-08 16:23:34.32728+00,0.112721,5.229550,
bbe97df2-c00e-404c-803d-553a6bb28a15,numbered,5058,completed,sold,1,2026-06-08 16:23:29.105406+00,2026-06-08 16:23:34.222193+00,2026-06-08 16:23:34.328245+00,0.106052,5.222839,
89b5ac16-4515-4250-8a0e-642f0015dcbb,numbered,90987,completed,sold,1,2026-06-08 16:23:29.10906+00,2026-06-08 16:23:34.283314+00,2026-06-08 16:23:34.387984+00,0.104670,5.278924,
58e5cf5c-a56d-4ae4-bf42-d07e76130e93,numbered,93677,completed,sold,1,2026-06-08 16:23:29.113554+00,2026-06-08 16:23:34.310849+00,2026-06-08 16:23:34.415332+00,0.104483,5.301778,
37e88504-21f5-462b-adc5-1a148347d699,numbered,25658,completed,sold,1,2026-06-08 16:23:29.119996+00,2026-06-08 16:23:34.348041+00,2026-06-08 16:23:34.452925+00,0.104884,5.332929,
4792eedd-9d3f-44b9-8af4-22e097e258fa,numbered,88711,completed,sold,1,2026-06-08 16:23:29.1233+00,2026-06-08 16:23:34.363572+00,2026-06-08 16:23:34.471711+00,0.108139,5.348411,
35335c33-ff7e-4148-adff-ca55288328dd,numbered,91940,completed,sold,1,2026-06-08 16:23:29.129863+00,2026-06-08 16:23:34.36655+00,2026-06-08 16:23:34.476088+00,0.109538,5.346225,
8da9d621-5dfb-4eec-88b9-fa3e93deb984,numbered,60804,completed,sold,1,2026-06-08 16:23:29.133468+00,2026-06-08 16:23:34.367705+00,2026-06-08 16:23:34.476227+00,0.108522,5.342759,
8f55d92b-1cac-4d9f-bbe8-4e237623d664,numbered,58223,completed,sold,1,2026-06-08 16:23:29.126567+00,2026-06-08 16:23:34.369861+00,2026-06-08 16:23:34.477055+00,0.107194,5.350488,
2e390929-2616-4855-963d-6295fb9eb62e,numbered,30502,completed,sold,1,2026-06-08 16:23:29.136978+00,2026-06-08 16:23:34.366841+00,2026-06-08 16:23:34.477925+00,0.111084,5.340947,
27e34397-b235-4442-833c-8257899dcd42,numbered,40503,completed,sold,1,2026-06-08 16:23:29.14042+00,2026-06-08 16:23:34.411599+00,2026-06-08 16:23:34.517087+00,0.105488,5.376667,
08c11fec-6a44-4a86-9452-9c4f679107a7,numbered,54490,completed,sold,1,2026-06-08 16:23:29.143693+00,2026-06-08 16:23:34.437012+00,2026-06-08 16:23:34.542143+00,0.105131,5.398450,
9d6e6aa9-29f2-4d56-bb1b-c7c841fa71aa,numbered,27362,completed,sold,1,2026-06-08 16:23:29.147079+00,2026-06-08 16:23:34.494244+00,2026-06-08 16:23:34.599057+00,0.104813,5.451978,
dad9a3ec-7a81-413a-9d99-6f6cc1613221,numbered,38932,completed,sold,1,2026-06-08 16:23:29.153578+00,2026-06-08 16:23:34.517402+00,2026-06-08 16:23:34.621904+00,0.104502,5.468326,
0117c103-ecc4-4139-aee8-fd55d68e9082,numbered,48116,completed,sold,1,2026-06-08 16:23:29.161419+00,2026-06-08 16:23:34.518416+00,2026-06-08 16:23:34.624982+00,0.106566,5.463563,
6d070351-3812-406b-ab21-09bc0dc31f47,numbered,82746,completed,sold,1,2026-06-08 16:23:29.157728+00,2026-06-08 16:23:34.524568+00,2026-06-08 16:23:34.635061+00,0.110493,5.477333,
2ad54ff7-2c9a-4310-a803-27fcbccf8d11,numbered,8946,completed,sold,1,2026-06-08 16:23:29.164653+00,2026-06-08 16:23:34.525425+00,2026-06-08 16:23:34.635769+00,0.110344,5.471116,
6f62f635-bcca-468b-8c68-6175946d1ea0,numbered,8375,completed,sold,1,2026-06-08 16:23:29.150179+00,2026-06-08 16:23:34.526035+00,2026-06-08 16:23:34.636433+00,0.110398,5.486254,
bbe33e78-8508-4247-b9a8-dc625d082f63,numbered,5896,completed,sold,1,2026-06-08 16:23:29.168103+00,2026-06-08 16:23:34.544307+00,2026-06-08 16:23:34.652243+00,0.107936,5.484140,
18a6e299-2569-4527-bdcd-ce34135c6c35,numbered,83289,completed,sold,1,2026-06-08 16:23:29.171546+00,2026-06-08 16:23:34.563736+00,2026-06-08 16:23:34.669904+00,0.106168,5.498358,
d2380887-5cb4-425c-80c3-e31fdb4570bc,numbered,74314,completed,sold,1,2026-06-08 16:23:29.175113+00,2026-06-08 16:23:34.624919+00,2026-06-08 16:23:34.72988+00,0.104961,5.554767,
d9aca01a-5e2b-4678-b1eb-788f2a5082fd,numbered,73850,completed,sold,1,2026-06-08 16:23:29.178724+00,2026-06-08 16:23:34.659565+00,2026-06-08 16:23:34.765468+00,0.105903,5.586744,
fb9a75be-4997-494b-9988-d59dd9ecaf58,numbered,76874,completed,sold,1,2026-06-08 16:23:29.182073+00,2026-06-08 16:23:34.669299+00,2026-06-08 16:23:34.77555+00,0.106251,5.593477,
8c34f853-f9df-4557-a5ca-1e57265cf120,numbered,60334,completed,sold,1,2026-06-08 16:23:29.192466+00,2026-06-08 16:23:34.677099+00,2026-06-08 16:23:34.7855+00,0.108401,5.593034,
809906a2-9fdb-4b50-8139-67dc3cfc1d71,numbered,18804,completed,sold,1,2026-06-08 16:23:29.189072+00,2026-06-08 16:23:34.680373+00,2026-06-08 16:23:34.789144+00,0.108771,5.600072,
57a6fd58-cb8b-4f24-91af-4e817e498879,numbered,16087,completed,sold,1,2026-06-08 16:23:29.185614+00,2026-06-08 16:23:34.680673+00,2026-06-08 16:23:34.791542+00,0.110869,5.605928,
da2f7248-9494-4087-bc91-5e5af9197e26,numbered,82852,completed,sold,1,2026-06-08 16:23:29.196178+00,2026-06-08 16:23:34.686206+00,2026-06-08 16:23:34.791972+00,0.105766,5.595794,
b090c5d1-3baa-4d2a-8c79-1f51e6e762fd,numbered,32166,completed,sold,1,2026-06-08 16:23:29.199689+00,2026-06-08 16:23:34.695876+00,2026-06-08 16:23:34.80101+00,0.105134,5.601321,
f3de1ab6-ef93-43e1-b9ce-1a282063238b,numbered,39695,completed,sold,1,2026-06-08 16:23:29.20305+00,2026-06-08 16:23:34.753059+00,2026-06-08 16:23:34.858157+00,0.105098,5.655107,
39cf808d-a536-4395-a3df-6429fa9b8c95,numbered,32060,completed,sold,1,2026-06-08 16:23:29.206331+00,2026-06-08 16:23:34.802168+00,2026-06-08 16:23:34.906799+00,0.104631,5.700468,
08daec33-7cd6-4aba-9c41-81ba3ac7a5b1,numbered,40282,completed,sold,1,2026-06-08 16:23:29.209665+00,2026-06-08 16:23:34.818127+00,2026-06-08 16:23:34.924362+00,0.106235,5.714697,
dab3e199-9a8b-4e83-ad21-0f2ca68112cf,numbered,68014,completed,sold,1,2026-06-08 16:23:29.21755+00,2026-06-08 16:23:34.826673+00,2026-06-08 16:23:34.936661+00,0.109988,5.719111,
2e0b21e7-aceb-47ba-91cc-5bd668fc951a,numbered,76676,completed,sold,1,2026-06-08 16:23:29.22191+00,2026-06-08 16:23:34.828112+00,2026-06-08 16:23:34.93745+00,0.109338,5.715540,
6d534e3b-9a45-48cf-a1a2-7b6d3e216d0e,numbered,52389,completed,sold,1,2026-06-08 16:23:29.213392+00,2026-06-08 16:23:34.83091+00,2026-06-08 16:23:34.939693+00,0.108783,5.726301,
9123a3bd-10bf-47d1-af46-49da8d05b11d,numbered,27138,completed,sold,1,2026-06-08 16:23:29.22675+00,2026-06-08 16:23:34.83582+00,2026-06-08 16:23:34.94159+00,0.105770,5.714840,
0f8c4163-850b-4795-909f-cc42d0a4a3b5,numbered,40413,completed,sold,1,2026-06-08 16:23:29.230574+00,2026-06-08 16:23:34.836873+00,2026-06-08 16:23:34.942464+00,0.105591,5.711890,
07717879-3da8-465a-98c7-925003071048,numbered,6267,completed,sold,1,2026-06-08 16:23:29.234808+00,2026-06-08 16:23:34.881119+00,2026-06-08 16:23:34.986589+00,0.105470,5.751781,
174c8a57-7d43-403f-af84-63b58f60c5ca,numbered,55314,completed,sold,1,2026-06-08 16:23:29.238492+00,2026-06-08 16:23:34.934261+00,2026-06-08 16:23:35.038918+00,0.104657,5.800426,
4cf47f39-8a3c-4eee-9701-54f6e3a66d29,numbered,12918,completed,sold,1,2026-06-08 16:23:29.247243+00,2026-06-08 16:23:34.965303+00,2026-06-08 16:23:35.071079+00,0.105776,5.823836,
4eaea632-8d10-4319-91d2-ba9f35ea64d9,numbered,75273,completed,sold,1,2026-06-08 16:23:29.251328+00,2026-06-08 16:23:34.978285+00,2026-06-08 16:23:35.083114+00,0.104829,5.831786,
45c83a41-f4aa-427c-a408-db2ea10f6764,numbered,31249,completed,sold,1,2026-06-08 16:23:29.26968+00,2026-06-08 16:23:34.981341+00,2026-06-08 16:23:35.087026+00,0.105685,5.817346,
c4bedb30-fdb8-4d0f-942e-726f86a61919,numbered,66001,completed,sold,1,2026-06-08 16:23:29.26614+00,2026-06-08 16:23:34.982743+00,2026-06-08 16:23:35.088642+00,0.105899,5.822502,
6e78276e-f772-4190-8663-77afa8670736,numbered,42356,completed,sold,1,2026-06-08 16:23:29.262462+00,2026-06-08 16:23:34.987914+00,2026-06-08 16:23:35.093684+00,0.105770,5.831222,
9319c2e6-0b15-4598-8629-0d746dd98334,numbered,24253,completed,sold,1,2026-06-08 16:23:29.256854+00,2026-06-08 16:23:34.988981+00,2026-06-08 16:23:35.099248+00,0.110267,5.842394,
7828640e-ef1f-4cbb-849e-e785b4f58e71,numbered,47600,completed,sold,1,2026-06-08 16:23:29.27316+00,2026-06-08 16:23:35.009487+00,2026-06-08 16:23:35.118863+00,0.109376,5.845703,
95828dfa-c34e-4e6a-bde8-e12c18001135,numbered,84147,completed,sold,1,2026-06-08 16:23:29.276625+00,2026-06-08 16:23:35.06015+00,2026-06-08 16:23:35.164571+00,0.104421,5.887946,
69b2de98-19a6-40fd-bfeb-c47748dd2fcf,numbered,94947,completed,sold,1,2026-06-08 16:23:29.279955+00,2026-06-08 16:23:35.115786+00,2026-06-08 16:23:35.221573+00,0.105787,5.941618,
ccf2724d-b30d-4564-bc0f-6387c83d9bfb,numbered,62022,completed,sold,1,2026-06-08 16:23:29.286933+00,2026-06-08 16:23:35.127889+00,2026-06-08 16:23:35.233032+00,0.105143,5.946099,
ad4f3921-c84a-485f-95b3-971af1c3e366,numbered,33375,completed,sold,1,2026-06-08 16:23:29.293601+00,2026-06-08 16:23:35.137422+00,2026-06-08 16:23:35.247695+00,0.110273,5.954094,
719c6143-8d6e-4adf-9893-772fdcf0a9f3,numbered,79354,completed,sold,1,2026-06-08 16:23:29.283287+00,2026-06-08 16:23:35.134544+00,2026-06-08 16:23:35.24856+00,0.114016,5.965273,
cb8750c8-f5ab-4db3-bab1-cbfee89f41e4,numbered,81166,completed,sold,1,2026-06-08 16:23:29.297152+00,2026-06-08 16:23:35.140758+00,2026-06-08 16:23:35.249308+00,0.108550,5.952156,
ca584f33-e948-40fa-b1d7-8dacfb9ab443,numbered,22432,completed,sold,1,2026-06-08 16:23:29.29026+00,2026-06-08 16:23:35.136148+00,2026-06-08 16:23:35.251157+00,0.115009,5.960897,
01492923-eb5f-4690-a688-0d8d446a6833,numbered,67841,completed,sold,1,2026-06-08 16:23:29.300939+00,2026-06-08 16:23:35.147419+00,2026-06-08 16:23:35.252605+00,0.105186,5.951666,
cb9b0edf-ee51-4e7e-9d53-fdd79114ac49,numbered,75877,completed,sold,1,2026-06-08 16:23:29.305143+00,2026-06-08 16:23:35.186995+00,2026-06-08 16:23:35.29242+00,0.105425,5.987277,
60683a02-9a57-4d9e-92b9-1911bc821695,numbered,29644,completed,sold,1,2026-06-08 16:23:29.309205+00,2026-06-08 16:23:35.253738+00,2026-06-08 16:23:35.360865+00,0.107127,6.051660,
1a734450-0e64-4668-966e-cfcf975444dd,numbered,3719,completed,sold,1,2026-06-08 16:23:29.317605+00,2026-06-08 16:23:35.285087+00,2026-06-08 16:23:35.390929+00,0.105842,6.073324,
3198086c-4beb-43a9-9e16-27e8b6221a3d,numbered,10624,completed,sold,1,2026-06-08 16:23:29.321691+00,2026-06-08 16:23:35.285688+00,2026-06-08 16:23:35.391722+00,0.106034,6.070031,
dfdca96c-c38a-4f2d-a90e-9e95eeb91146,numbered,82062,completed,sold,1,2026-06-08 16:23:29.313399+00,2026-06-08 16:23:35.28434+00,2026-06-08 16:23:35.392676+00,0.108336,6.079277,
bf8575cd-22ee-4b99-a412-e5388f69a37b,numbered,95679,completed,sold,1,2026-06-08 16:23:29.325963+00,2026-06-08 16:23:35.296323+00,2026-06-08 16:23:35.404678+00,0.108355,6.078715,
dd280945-a25a-44d1-b7d1-d7ccd26b13b8,numbered,85471,completed,sold,1,2026-06-08 16:23:29.330134+00,2026-06-08 16:23:35.297476+00,2026-06-08 16:23:35.405487+00,0.108011,6.075353,
e06bb839-8135-46a6-bfde-5d50a64e2e97,numbered,28346,completed,sold,1,2026-06-08 16:23:29.33439+00,2026-06-08 16:23:35.29282+00,2026-06-08 16:23:35.406226+00,0.113406,6.071836,
2acbd54d-389c-4ed8-8fa2-bd45d419f486,numbered,94975,completed,sold,1,2026-06-08 16:23:29.338903+00,2026-06-08 16:23:35.315306+00,2026-06-08 16:23:35.42053+00,0.105224,6.081627,
41b33dc6-557e-4827-98ed-1b2491dffbfd,numbered,66843,completed,sold,1,2026-06-08 16:23:29.342575+00,2026-06-08 16:23:35.388259+00,2026-06-08 16:23:35.494348+00,0.106089,6.151773,
23921669-b14b-4306-aadd-48856289017d,numbered,25917,completed,sold,1,2026-06-08 16:23:29.346828+00,2026-06-08 16:23:35.439265+00,2026-06-08 16:23:35.544706+00,0.105441,6.197878,
6e84ad65-52bc-424e-97a8-2626ca9c96eb,numbered,74859,completed,sold,1,2026-06-08 16:23:29.355083+00,2026-06-08 16:23:35.440075+00,2026-06-08 16:23:35.545177+00,0.105102,6.190094,
a8c618aa-bc34-4dab-a012-953ec6affca2,numbered,79025,completed,sold,1,2026-06-08 16:23:29.359206+00,2026-06-08 16:23:35.450081+00,2026-06-08 16:23:35.558668+00,0.108587,6.199462,
b56c4a91-6227-4693-905e-f995288c4527,numbered,52602,completed,sold,1,2026-06-08 16:23:29.350853+00,2026-06-08 16:23:35.448795+00,2026-06-08 16:23:35.559415+00,0.110620,6.208562,
0cee0097-2387-4e9e-8626-13f9e9ff3449,numbered,49991,completed,sold,1,2026-06-08 16:23:29.36356+00,2026-06-08 16:23:35.447216+00,2026-06-08 16:23:35.560175+00,0.112959,6.196615,
3cb972a3-424a-4b26-8342-dce7643a21d9,numbered,5952,completed,sold,1,2026-06-08 16:23:29.367692+00,2026-06-08 16:23:35.446542+00,2026-06-08 16:23:35.560906+00,0.114364,6.193214,
e36a9844-11c8-4a94-be1f-811f12d5a787,numbered,67965,completed,sold,1,2026-06-08 16:23:29.371754+00,2026-06-08 16:23:35.457294+00,2026-06-08 16:23:35.563187+00,0.105893,6.191433,
4d025ab6-fe1f-4b14-b609-218da72030e4,numbered,34868,completed,sold,1,2026-06-08 16:23:29.375937+00,2026-06-08 16:23:35.519855+00,2026-06-08 16:23:35.625324+00,0.105469,6.249387,
aa609ead-210c-4b32-9ad6-d06187cf3a6a,numbered,80681,completed,sold,1,2026-06-08 16:23:29.38439+00,2026-06-08 16:23:35.592826+00,2026-06-08 16:23:35.697432+00,0.104606,6.313042,
dedc1845-1a58-4fc9-a685-767f45efe0eb,numbered,5496,completed,sold,1,2026-06-08 16:23:29.379993+00,2026-06-08 16:23:35.598215+00,2026-06-08 16:23:35.704474+00,0.106259,6.324481,
0d349d18-dde7-446d-bc93-9de4a130a44e,numbered,25354,completed,sold,1,2026-06-08 16:23:29.392563+00,2026-06-08 16:23:35.601758+00,2026-06-08 16:23:35.707284+00,0.105526,6.314721,
f18cb4ce-24ce-4ec8-95ac-09a2fb70110e,numbered,98657,completed,sold,1,2026-06-08 16:23:29.396841+00,2026-06-08 16:23:35.606411+00,2026-06-08 16:23:35.714279+00,0.107868,6.317438,
e04704dc-ee08-46ad-858e-54c87128b8c1,numbered,82774,completed,sold,1,2026-06-08 16:23:29.412675+00,2026-06-08 16:23:35.607251+00,2026-06-08 16:23:35.715466+00,0.108215,6.302791,
dc483746-ef06-4d2b-8943-1f2df937f692,numbered,76771,completed,sold,1,2026-06-08 16:23:29.388491+00,2026-06-08 16:23:35.606641+00,2026-06-08 16:23:35.716264+00,0.109623,6.327773,
9acbf950-2f4f-4680-b7dc-0dbfa1af185a,numbered,11890,completed,sold,1,2026-06-08 16:23:29.40127+00,2026-06-08 16:23:35.606726+00,2026-06-08 16:23:35.719832+00,0.113106,6.318562,
57d3c0aa-3db3-4b33-ac7e-3f44b72df38e,numbered,61489,completed,sold,1,2026-06-08 16:23:29.420561+00,2026-06-08 16:23:35.65354+00,2026-06-08 16:23:35.759976+00,0.106436,6.339415,
db471376-f30e-4087-928b-1f198da2f4ca,numbered,65075,completed,sold,1,2026-06-08 16:23:29.42469+00,2026-06-08 16:23:35.735868+00,2026-06-08 16:23:35.840536+00,0.104668,6.415846,
a0be5196-555b-41e0-9ce8-2bc91d0179a3,numbered,93734,completed,sold,1,2026-06-08 16:23:29.42879+00,2026-06-08 16:23:35.74853+00,2026-06-08 16:23:35.853306+00,0.104776,6.424516,
2e4a9544-e18a-490a-87cb-16db36a15ccd,numbered,35915,completed,sold,1,2026-06-08 16:23:29.434719+00,2026-06-08 16:23:35.754018+00,2026-06-08 16:23:35.863322+00,0.109304,6.428603,
68e41876-b202-4052-881d-c35827a5fbb7,numbered,48647,completed,sold,1,2026-06-08 16:23:29.438196+00,2026-06-08 16:23:35.757158+00,2026-06-08 16:23:35.864111+00,0.106953,6.425915,
72595af6-6a6b-4639-9e8b-e7decbd8aa1a,numbered,72955,completed,sold,1,2026-06-08 16:23:29.445095+00,2026-06-08 16:23:35.754707+00,2026-06-08 16:23:35.866593+00,0.111886,6.421498,
0091690f-2bf6-471e-bf12-e5cf2a3fbbf7,numbered,40966,completed,sold,1,2026-06-08 16:23:29.44173+00,2026-06-08 16:23:35.764278+00,2026-06-08 16:23:35.86906+00,0.104782,6.427330,
35cb16d0-ff93-4576-a57e-784ec72d2660,numbered,74075,completed,sold,1,2026-06-08 16:23:29.448674+00,2026-06-08 16:23:35.770498+00,2026-06-08 16:23:35.878005+00,0.107507,6.429331,
e3ea0152-fe7f-4988-bccb-d0ea58d210b5,numbered,65360,completed,sold,1,2026-06-08 16:23:29.452239+00,2026-06-08 16:23:35.791584+00,2026-06-08 16:23:35.901101+00,0.109517,6.448862,
f5c4ee0a-1426-4d85-b3bc-f4640d3226c6,numbered,45243,completed,sold,1,2026-06-08 16:23:29.455762+00,2026-06-08 16:23:35.881981+00,2026-06-08 16:23:35.986695+00,0.104714,6.530933,
fa588ff9-8ae3-4906-bde9-a74c92f9c0c2,numbered,33042,completed,sold,1,2026-06-08 16:23:29.469778+00,2026-06-08 16:23:35.912729+00,2026-06-08 16:23:36.019272+00,0.106543,6.549494,
d5f7445c-71d9-424b-9b51-1d067317c3c2,numbered,60040,completed,sold,1,2026-06-08 16:23:29.462575+00,2026-06-08 16:23:35.9121+00,2026-06-08 16:23:36.019293+00,0.107193,6.556718,
5c277d0b-58a7-46a8-86a0-6f41c58589bb,numbered,64312,completed,sold,1,2026-06-08 16:23:29.459142+00,2026-06-08 16:23:35.90984+00,2026-06-08 16:23:36.021571+00,0.111731,6.562429,
5ea91438-d202-4a6b-ab18-e66c4b41af27,numbered,82543,completed,sold,1,2026-06-08 16:23:29.473192+00,2026-06-08 16:23:35.918707+00,2026-06-08 16:23:36.024212+00,0.105505,6.551020,
d7351121-3380-4414-9c42-be4b912994ba,numbered,22547,completed,sold,1,2026-06-08 16:23:29.466213+00,2026-06-08 16:23:35.918707+00,2026-06-08 16:23:36.024874+00,0.106167,6.558661,
07371ade-ce33-4a18-9305-917e06eb1abd,numbered,52888,completed,sold,1,2026-06-08 16:23:29.476624+00,2026-06-08 16:23:35.922887+00,2026-06-08 16:23:36.029098+00,0.106211,6.552474,
929ad676-f0d2-4b81-baec-179e006f62c3,numbered,76681,completed,sold,1,2026-06-08 16:23:29.480134+00,2026-06-08 16:23:35.937003+00,2026-06-08 16:23:36.048537+00,0.111534,6.568403,
563c72c9-df4d-4068-9c74-0788b48344d5,numbered,37292,completed,sold,1,2026-06-08 16:23:29.483555+00,2026-06-08 16:23:36.010016+00,2026-06-08 16:23:36.114697+00,0.104681,6.631142,
3e53f5d2-c203-4dd8-a4eb-069d9d3f375f,numbered,41603,completed,sold,1,2026-06-08 16:23:29.497188+00,2026-06-08 16:23:36.063669+00,2026-06-08 16:23:36.169749+00,0.106080,6.672561,
e22d47ff-6d7c-4ace-a2d5-9b0053ebb5b6,numbered,20307,completed,sold,1,2026-06-08 16:23:29.486819+00,2026-06-08 16:23:36.068257+00,2026-06-08 16:23:36.176677+00,0.108420,6.689858,
d6c1935c-3619-4f8e-9834-f3c1f2ac539d,numbered,29126,completed,sold,1,2026-06-08 16:23:29.493749+00,2026-06-08 16:23:36.071434+00,2026-06-08 16:23:36.177571+00,0.106137,6.683822,
a289f2d3-db6a-488a-a64a-a3e98700465d,numbered,17525,completed,sold,1,2026-06-08 16:23:29.490172+00,2026-06-08 16:23:36.073646+00,2026-06-08 16:23:36.181047+00,0.107401,6.690875,
d81b2a19-b7e2-4b29-a026-bae49d7d50bd,numbered,45904,completed,sold,1,2026-06-08 16:23:29.505103+00,2026-06-08 16:23:36.07451+00,2026-06-08 16:23:36.183881+00,0.109371,6.678778,
b00d9752-866b-4699-a76f-acebe34fff52,numbered,13828,completed,sold,1,2026-06-08 16:23:29.500931+00,2026-06-08 16:23:36.082507+00,2026-06-08 16:23:36.196026+00,0.113519,6.695095,
083d1304-b184-454c-89cb-967a7a3e8225,numbered,56520,completed,sold,1,2026-06-08 16:23:29.509311+00,2026-06-08 16:23:36.08835+00,2026-06-08 16:23:36.196898+00,0.108548,6.687587,
54ea893c-9be5-4f17-a75c-c1652803d776,numbered,66240,completed,sold,1,2026-06-08 16:23:29.513464+00,2026-06-08 16:23:36.136947+00,2026-06-08 16:23:36.241884+00,0.104937,6.728420,
a06c9def-a2d3-4aea-8601-cde6cee01558,numbered,76258,completed,sold,1,2026-06-08 16:23:29.517667+00,2026-06-08 16:23:36.206956+00,2026-06-08 16:23:36.311247+00,0.104291,6.793580,
b0f11fd2-a6ff-4730-8a4d-29dc9bce4ee1,numbered,10391,completed,sold,1,2026-06-08 16:23:29.521951+00,2026-06-08 16:23:36.218712+00,2026-06-08 16:23:36.327485+00,0.108773,6.805534,
ecdbc555-b1d6-4273-a60e-4dfa3c9be138,numbered,12713,completed,sold,1,2026-06-08 16:23:29.526318+00,2026-06-08 16:23:36.230208+00,2026-06-08 16:23:36.335468+00,0.105260,6.809150,
f9cbf34f-31de-4eff-bba8-03f638ea5ff9,numbered,61515,completed,sold,1,2026-06-08 16:23:29.530645+00,2026-06-08 16:23:36.229986+00,2026-06-08 16:23:36.335657+00,0.105671,6.805012,
51c65dff-5df5-488f-9b75-935a360b9811,numbered,32008,completed,sold,1,2026-06-08 16:23:29.534243+00,2026-06-08 16:23:36.234845+00,2026-06-08 16:23:36.340914+00,0.106069,6.806671,
25a105bf-510e-47c6-af7e-ff096fe0ef74,numbered,49182,completed,sold,1,2026-06-08 16:23:29.538471+00,2026-06-08 16:23:36.23566+00,2026-06-08 16:23:36.342461+00,0.106801,6.803990,
8a43de4e-5bb0-490d-9f45-dedcd01a33f1,numbered,632,completed,sold,1,2026-06-08 16:23:29.542646+00,2026-06-08 16:23:36.238554+00,2026-06-08 16:23:36.350706+00,0.112152,6.808060,
952a077b-0cf2-493c-8e4c-ede1187fce53,numbered,56389,completed,sold,1,2026-06-08 16:23:29.546904+00,2026-06-08 16:23:36.264637+00,2026-06-08 16:23:36.37136+00,0.106723,6.824456,
f38fda53-b304-47cd-a4dd-5edd1517a6a5,numbered,80357,completed,sold,1,2026-06-08 16:23:29.551419+00,2026-06-08 16:23:36.342211+00,2026-06-08 16:23:36.446677+00,0.104466,6.895258,
6f13b351-7361-476e-ad13-aad2bb1394a5,numbered,52921,completed,sold,1,2026-06-08 16:23:29.555295+00,2026-06-08 16:23:36.367889+00,2026-06-08 16:23:36.472679+00,0.104790,6.917384,
f3c9dd8e-0d47-4d2c-ab20-039c7a7cbc7b,numbered,43736,completed,sold,1,2026-06-08 16:23:29.571504+00,2026-06-08 16:23:36.375053+00,2026-06-08 16:23:36.482318+00,0.107265,6.910814,
3d68664e-97a4-4684-832a-a0818e81fc68,numbered,41197,completed,sold,1,2026-06-08 16:23:29.567788+00,2026-06-08 16:23:36.387869+00,2026-06-08 16:23:36.496969+00,0.109100,6.929181,
d0640585-e7f8-49a9-a9e5-652b6c1070c3,numbered,7911,completed,sold,1,2026-06-08 16:23:29.582797+00,2026-06-08 16:23:36.388189+00,2026-06-08 16:23:36.499883+00,0.111694,6.917086,
7b03b5b9-a571-4dd1-9666-5327949aafe9,numbered,1833,completed,sold,1,2026-06-08 16:23:29.58883+00,2026-06-08 16:23:36.392789+00,2026-06-08 16:23:36.500643+00,0.107854,6.911813,
79377ead-66c2-4af0-9d35-cee3f8016334,numbered,22521,completed,sold,1,2026-06-08 16:23:29.575445+00,2026-06-08 16:23:36.393665+00,2026-06-08 16:23:36.501466+00,0.107801,6.926021,
c23db886-9316-4387-94f9-3a09441fb1b3,numbered,1485,completed,sold,1,2026-06-08 16:23:29.59253+00,2026-06-08 16:23:36.401219+00,2026-06-08 16:23:36.507992+00,0.106773,6.915462,
762d6186-aed9-4a7c-be6f-4ae3decda7fe,numbered,18141,completed,sold,1,2026-06-08 16:23:29.595985+00,2026-06-08 16:23:36.466922+00,2026-06-08 16:23:36.571647+00,0.104725,6.975662,
3de53b82-6268-43a8-9cc8-f5f46feafbf7,numbered,474,completed,sold,1,2026-06-08 16:23:29.601412+00,2026-06-08 16:23:36.507034+00,2026-06-08 16:23:36.613196+00,0.106162,7.011784,
2a08c01e-143a-4175-b026-36556ebce94d,numbered,25888,completed,sold,1,2026-06-08 16:23:29.605042+00,2026-06-08 16:23:36.528391+00,2026-06-08 16:23:36.635719+00,0.107328,7.030677,
44051a62-c7a7-4bcb-8cd6-8d0f68da86b9,numbered,54460,completed,sold,1,2026-06-08 16:23:29.611714+00,2026-06-08 16:23:36.533931+00,2026-06-08 16:23:36.64032+00,0.106389,7.028606,
d30504ac-4375-4614-ad83-b8e35cdf94c2,numbered,6141,completed,sold,1,2026-06-08 16:23:29.622105+00,2026-06-08 16:23:36.543392+00,2026-06-08 16:23:36.650072+00,0.106680,7.027967,
6afb6dda-45b9-4dbd-8962-671b79e96953,numbered,36793,completed,sold,1,2026-06-08 16:23:29.608451+00,2026-06-08 16:23:36.541073+00,2026-06-08 16:23:36.651338+00,0.110265,7.042887,
017e9c76-bfdb-4b1c-8fbb-3e655e2d143c,numbered,65038,completed,sold,1,2026-06-08 16:23:29.615313+00,2026-06-08 16:23:36.547723+00,2026-06-08 16:23:36.655579+00,0.107856,7.040266,
a95fbe7f-4cef-49a5-888b-e55df6c2263f,numbered,95250,completed,sold,1,2026-06-08 16:23:29.618772+00,2026-06-08 16:23:36.550106+00,2026-06-08 16:23:36.656897+00,0.106791,7.038125,
91f6a80a-ff36-4e5f-a92b-79e13a022306,numbered,33980,completed,sold,1,2026-06-08 16:23:29.625396+00,2026-06-08 16:23:36.597688+00,2026-06-08 16:23:36.702203+00,0.104515,7.076807,
375b5ca5-73ca-44c1-b3ed-26f73c4b96d6,numbered,38091,completed,sold,1,2026-06-08 16:23:29.628743+00,2026-06-08 16:23:36.638533+00,2026-06-08 16:23:36.743753+00,0.105220,7.115010,
408132da-4420-4ec2-ac83-7a2eea798e2f,numbered,45598,completed,sold,1,2026-06-08 16:23:29.631923+00,2026-06-08 16:23:36.674771+00,2026-06-08 16:23:36.780308+00,0.105537,7.148385,
9cd752ea-5b58-4f38-a276-bbe5d7ef037c,numbered,99759,completed,sold,1,2026-06-08 16:23:29.635288+00,2026-06-08 16:23:36.68115+00,2026-06-08 16:23:36.788118+00,0.106968,7.152830,
9dc92a8d-8f1d-40cb-acb7-8c073b78a70f,numbered,44247,completed,sold,1,2026-06-08 16:23:29.638664+00,2026-06-08 16:23:36.695363+00,2026-06-08 16:23:36.804083+00,0.108720,7.165419,
bd819a2c-662f-4c58-aa35-3971f880dee1,numbered,49725,completed,sold,1,2026-06-08 16:23:29.645491+00,2026-06-08 16:23:36.698158+00,2026-06-08 16:23:36.80479+00,0.106632,7.159299,
20bfb3cb-5d1f-4986-8507-36254b9982df,numbered,4565,completed,sold,1,2026-06-08 16:23:29.641952+00,2026-06-08 16:23:36.696164+00,2026-06-08 16:23:36.806519+00,0.110355,7.164567,
7fcaa3df-af35-4e19-be85-ac6a08f12c50,numbered,42729,completed,sold,1,2026-06-08 16:23:29.649176+00,2026-06-08 16:23:36.69872+00,2026-06-08 16:23:36.807396+00,0.108676,7.158220,
b239573b-73c1-4e96-b4c2-d9ced0a47a76,numbered,43649,completed,sold,1,2026-06-08 16:23:29.652718+00,2026-06-08 16:23:36.725317+00,2026-06-08 16:23:36.831927+00,0.106610,7.179209,
100f869a-4e1d-4776-9091-5ae189e68f9d,numbered,5146,completed,sold,1,2026-06-08 16:23:29.656383+00,2026-06-08 16:23:36.767503+00,2026-06-08 16:23:36.872445+00,0.104942,7.216062,
7705c3e7-4b8b-45f3-b9ec-7ffc109c09d4,numbered,16310,completed,sold,1,2026-06-08 16:23:29.659581+00,2026-06-08 16:23:36.817153+00,2026-06-08 16:23:36.921981+00,0.104828,7.262400,
c877e904-b535-4f93-84e7-2c20bfbe134f,numbered,70300,completed,sold,1,2026-06-08 16:23:29.665524+00,2026-06-08 16:23:36.829537+00,2026-06-08 16:23:36.935738+00,0.106201,7.270214,
1077d25d-3be2-4528-ad13-0cf1f0a1ebeb,numbered,576,completed,sold,1,2026-06-08 16:23:29.676213+00,2026-06-08 16:23:36.842731+00,2026-06-08 16:23:36.949678+00,0.106947,7.273465,
7b30e527-7eac-4a37-a549-c42bbfe963c2,numbered,6826,completed,sold,1,2026-06-08 16:23:29.672773+00,2026-06-08 16:23:36.843455+00,2026-06-08 16:23:36.951188+00,0.107733,7.278415,
b0b7d6f8-975f-4141-beb2-13c758ac4785,numbered,4249,completed,sold,1,2026-06-08 16:23:29.669062+00,2026-06-08 16:23:36.84744+00,2026-06-08 16:23:36.952561+00,0.105121,7.283499,
a1c47de8-c881-4910-9d98-c0f1de4d8b5d,numbered,41745,completed,sold,1,2026-06-08 16:23:29.680104+00,2026-06-08 16:23:36.851158+00,2026-06-08 16:23:36.957444+00,0.106286,7.277340,
82f51016-4838-412b-9ca1-d7e5fc5080b4,numbered,32654,completed,sold,1,2026-06-08 16:23:29.684434+00,2026-06-08 16:23:36.859258+00,2026-06-08 16:23:36.964229+00,0.104971,7.279795,
43f25b66-89de-4e13-9cb7-6a3e699d3904,numbered,43502,completed,sold,1,2026-06-08 16:23:29.688545+00,2026-06-08 16:23:36.895013+00,2026-06-08 16:23:37.000585+00,0.105572,7.312040,
de054105-44eb-4f65-a901-5d6150aa9c76,numbered,9168,completed,sold,1,2026-06-08 16:23:29.692678+00,2026-06-08 16:23:36.952182+00,2026-06-08 16:23:37.057375+00,0.105193,7.364697,
d2ccb66e-bafe-422b-bccf-28e1a7b1b317,numbered,19294,completed,sold,1,2026-06-08 16:23:29.69674+00,2026-06-08 16:23:36.994556+00,2026-06-08 16:23:37.10421+00,0.109654,7.407470,
0774ea50-b4f0-4e98-8868-c5589e9b24e6,numbered,87367,completed,sold,1,2026-06-08 16:23:29.714936+00,2026-06-08 16:23:36.99774+00,2026-06-08 16:23:37.104988+00,0.107248,7.390052,
6526c8c6-8d76-4cbc-8b8c-e8e0fc400fcc,numbered,98704,completed,sold,1,2026-06-08 16:23:29.704341+00,2026-06-08 16:23:36.996877+00,2026-06-08 16:23:37.105319+00,0.108442,7.400978,
75796c9d-c4bb-4daf-a723-e7cf8a91a1ba,numbered,88149,completed,sold,1,2026-06-08 16:23:29.707948+00,2026-06-08 16:23:36.995221+00,2026-06-08 16:23:37.105673+00,0.110452,7.397725,
154464fe-546f-4353-a5f8-f2b8ffe30056,numbered,7096,completed,sold,1,2026-06-08 16:23:29.727303+00,2026-06-08 16:23:37.001976+00,2026-06-08 16:23:37.107953+00,0.105977,7.380650,
ae441a89-4f83-4424-afad-9a29033e24f7,numbered,7533,completed,sold,1,2026-06-08 16:23:29.719029+00,2026-06-08 16:23:37.004912+00,2026-06-08 16:23:37.114767+00,0.109855,7.395738,
5a4a049c-f4bb-4731-98c0-d78b26dc9272,numbered,53251,completed,sold,1,2026-06-08 16:23:29.734652+00,2026-06-08 16:23:37.025036+00,2026-06-08 16:23:37.146757+00,0.121721,7.412105,
2d11901d-4422-42fa-bd79-1e973877adde,numbered,21291,completed,seat_unavailable,1,2026-06-08 16:23:29.74054+00,2026-06-08 16:23:37.082337+00,2026-06-08 16:23:37.185161+00,0.102824,7.444621,
bc335dc7-f436-4832-8373-95936b78c69b,numbered,36329,completed,sold,1,2026-06-08 16:23:29.744345+00,2026-06-08 16:23:37.142364+00,2026-06-08 16:23:37.247026+00,0.104662,7.502681,
f4a0a45a-37cd-4915-8ca9-b13b946e9e24,numbered,41398,completed,sold,1,2026-06-08 16:23:29.752575+00,2026-06-08 16:23:37.150002+00,2026-06-08 16:23:37.255191+00,0.105189,7.502616,
d0002cd9-6385-4068-bae6-780a5c238d4f,numbered,72463,completed,sold,1,2026-06-08 16:23:29.755843+00,2026-06-08 16:23:37.1472+00,2026-06-08 16:23:37.257988+00,0.110788,7.502145,
033cb0fa-e5c2-4bf6-a92d-0479098fad1e,numbered,95295,completed,sold,1,2026-06-08 16:23:29.747677+00,2026-06-08 16:23:37.150391+00,2026-06-08 16:23:37.260186+00,0.109795,7.512509,
3e6717d3-0f6d-42f8-a9d5-3628cf70020b,numbered,92392,completed,sold,1,2026-06-08 16:23:29.759076+00,2026-06-08 16:23:37.148434+00,2026-06-08 16:23:37.260928+00,0.112494,7.501852,
1d014171-10e7-4bc7-9915-80a6271337a1,numbered,47908,completed,sold,1,2026-06-08 16:23:29.762882+00,2026-06-08 16:23:37.166233+00,2026-06-08 16:23:37.274272+00,0.108039,7.511390,
53191844-5066-4508-8328-f822b444c9f0,numbered,43930,completed,sold,1,2026-06-08 16:23:29.766287+00,2026-06-08 16:23:37.174859+00,2026-06-08 16:23:37.280752+00,0.105893,7.514465,
83de7f61-c25d-4d20-99d2-d8e5d4c45a61,numbered,16025,completed,sold,1,2026-06-08 16:23:29.769777+00,2026-06-08 16:23:37.210495+00,2026-06-08 16:23:37.315837+00,0.105342,7.546060,
9ebba0bd-d995-492c-b9be-a54a1db19947,numbered,56970,completed,sold,1,2026-06-08 16:23:29.783931+00,2026-06-08 16:23:37.303943+00,2026-06-08 16:23:37.411436+00,0.107493,7.627505,
b1b0c83b-f902-4639-a19f-2de858763609,numbered,6486,completed,sold,1,2026-06-08 16:23:29.773764+00,2026-06-08 16:23:37.307058+00,2026-06-08 16:23:37.415906+00,0.108848,7.642142,
2a9e9b4d-20f9-46ff-b629-cdef6b23edbd,numbered,25844,completed,sold,1,2026-06-08 16:23:29.787328+00,2026-06-08 16:23:37.306396+00,2026-06-08 16:23:37.416398+00,0.110002,7.629070,
887f0060-0665-4c86-b829-ef756f765cfd,numbered,99824,completed,sold,1,2026-06-08 16:23:29.790767+00,2026-06-08 16:23:37.30898+00,2026-06-08 16:23:37.416663+00,0.107683,7.625896,
3421e054-45a1-4301-8f3f-b38718254df2,numbered,7939,completed,sold,1,2026-06-08 16:23:29.777249+00,2026-06-08 16:23:37.305566+00,2026-06-08 16:23:37.417146+00,0.111580,7.639897,
3042de8c-8c50-42ac-af77-3b7991b32ffa,numbered,70887,completed,sold,1,2026-06-08 16:23:29.780633+00,2026-06-08 16:23:37.307366+00,2026-06-08 16:23:37.417953+00,0.110587,7.637320,
d1c144a0-519a-4132-bcf3-03b492d75a00,numbered,32824,completed,sold,1,2026-06-08 16:23:29.794698+00,2026-06-08 16:23:37.323683+00,2026-06-08 16:23:37.432374+00,0.108691,7.637676,
347c1b33-beff-494c-8448-9f38a6554811,numbered,37102,completed,sold,1,2026-06-08 16:23:29.797908+00,2026-06-08 16:23:37.341393+00,2026-06-08 16:23:37.448969+00,0.107576,7.651061,
724b2e47-05c9-4333-be17-db0a3b659d52,numbered,29091,completed,sold,1,2026-06-08 16:23:29.801445+00,2026-06-08 16:23:37.464382+00,2026-06-08 16:23:37.568974+00,0.104592,7.767529,
f5d9622a-1d13-4261-ba2a-d3ce3d5ccf46,numbered,93747,completed,sold,1,2026-06-08 16:23:29.805006+00,2026-06-08 16:23:37.467716+00,2026-06-08 16:23:37.575196+00,0.107480,7.770190,
17483643-cc12-40a8-84b7-e52acbfa674e,numbered,91068,completed,sold,1,2026-06-08 16:23:29.818196+00,2026-06-08 16:23:37.475374+00,2026-06-08 16:23:37.583997+00,0.108623,7.765801,
1808853f-6a0d-4d7e-a5d8-3edf3be2f3c6,numbered,99924,completed,sold,1,2026-06-08 16:23:29.821634+00,2026-06-08 16:23:37.476732+00,2026-06-08 16:23:37.584962+00,0.108230,7.763328,
4ea4a334-8377-4be7-a040-9cbaad4fc7fe,numbered,20181,completed,sold,1,2026-06-08 16:23:29.811801+00,2026-06-08 16:23:37.472469+00,2026-06-08 16:23:37.586068+00,0.113599,7.774267,
6883f8b1-3373-4d87-9607-4f37ec1f462e,numbered,14639,completed,sold,1,2026-06-08 16:23:29.808464+00,2026-06-08 16:23:37.473104+00,2026-06-08 16:23:37.587153+00,0.114049,7.778689,
c5c94c77-f7de-4ba8-8a8c-7bd16981ee9e,numbered,93681,completed,sold,1,2026-06-08 16:23:29.815041+00,2026-06-08 16:23:37.476346+00,2026-06-08 16:23:37.591097+00,0.114751,7.776056,
d7362cc2-0f6a-42dd-b02f-a947e298486e,numbered,75394,completed,sold,1,2026-06-08 16:23:29.825976+00,2026-06-08 16:23:37.488477+00,2026-06-08 16:23:37.594814+00,0.106337,7.768838,
52a5906b-8f0c-4bd3-8949-fcca7953a0b7,numbered,73770,completed,sold,1,2026-06-08 16:23:29.834242+00,2026-06-08 16:23:37.612872+00,2026-06-08 16:23:37.717641+00,0.104769,7.883399,
41bfaa72-790b-4d67-9cec-c0bc93c19241,numbered,86775,completed,sold,1,2026-06-08 16:23:29.830076+00,2026-06-08 16:23:37.619672+00,2026-06-08 16:23:37.727861+00,0.108189,7.897785,
7f23a18d-941e-4268-8920-743154860338,numbered,3669,completed,sold,1,2026-06-08 16:23:29.838515+00,2026-06-08 16:23:37.634826+00,2026-06-08 16:23:37.741956+00,0.107130,7.903441,
d6f41dda-ec4a-4734-bbd2-bdbd4a79140f,numbered,34635,completed,sold,1,2026-06-08 16:23:29.846696+00,2026-06-08 16:23:37.638367+00,2026-06-08 16:23:37.74757+00,0.109203,7.900874,
2537335b-9b4b-4984-86e9-db8a9d800a67,numbered,22229,completed,sold,1,2026-06-08 16:23:29.862637+00,2026-06-08 16:23:37.637637+00,2026-06-08 16:23:37.749586+00,0.111949,7.886949,
09105bbe-2614-4382-8315-4c9406dd181f,numbered,8856,completed,sold,1,2026-06-08 16:23:29.842605+00,2026-06-08 16:23:37.637626+00,2026-06-08 16:23:37.751065+00,0.113439,7.908460,
f705efc5-f2e7-448e-aa11-8fff846ce859,numbered,93492,completed,sold,1,2026-06-08 16:23:29.851025+00,2026-06-08 16:23:37.636021+00,2026-06-08 16:23:37.751777+00,0.115756,7.900752,
35ca908d-485e-4dde-aeba-6c9b643d33b1,numbered,25009,completed,sold,1,2026-06-08 16:23:29.855476+00,2026-06-08 16:23:37.636748+00,2026-06-08 16:23:37.752066+00,0.115318,7.896590,
731ea061-a47e-4981-8ad9-3e1025db9393,numbered,44854,completed,sold,1,2026-06-08 16:23:29.866166+00,2026-06-08 16:23:37.765418+00,2026-06-08 16:23:37.870111+00,0.104693,8.003945,
72242d6d-3c96-48a1-941a-92c9d5d37113,numbered,15489,completed,sold,1,2026-06-08 16:23:29.870786+00,2026-06-08 16:23:37.769864+00,2026-06-08 16:23:37.874693+00,0.104829,8.003907,
5803553e-32d7-4638-b191-d1e802b197a1,numbered,88766,completed,sold,1,2026-06-08 16:23:29.875043+00,2026-06-08 16:23:37.785636+00,2026-06-08 16:23:37.892222+00,0.106586,8.017179,
d0bbcc5f-95ab-471f-bd7c-9e82906b26d2,numbered,11325,completed,sold,1,2026-06-08 16:23:29.885091+00,2026-06-08 16:23:37.797564+00,2026-06-08 16:23:37.903388+00,0.105824,8.018297,
765be2c3-a8b8-4ef9-b741-b4a6b8694bed,numbered,13213,completed,sold,1,2026-06-08 16:23:29.881662+00,2026-06-08 16:23:37.798153+00,2026-06-08 16:23:37.904922+00,0.106769,8.023260,
bbe77379-8a8d-493e-9f6e-a9fe47f8ebf6,numbered,81735,completed,sold,1,2026-06-08 16:23:29.888489+00,2026-06-08 16:23:37.794575+00,2026-06-08 16:23:37.906267+00,0.111692,8.017778,
2be2035b-7cda-4d57-8178-080238f45617,numbered,81208,completed,sold,1,2026-06-08 16:23:29.892579+00,2026-06-08 16:23:37.795191+00,2026-06-08 16:23:37.907869+00,0.112678,8.015290,
2411e8da-aad0-4c1e-acdf-2a3c94627904,numbered,98006,completed,sold,1,2026-06-08 16:23:29.878299+00,2026-06-08 16:23:37.796851+00,2026-06-08 16:23:37.910148+00,0.113297,8.031849,
ffc2a41f-0904-4c01-a7ac-b7e3f11c47a6,numbered,69396,completed,sold,1,2026-06-08 16:23:29.898681+00,2026-06-08 16:23:37.894904+00,2026-06-08 16:23:37.99984+00,0.104936,8.101159,
f6c559dc-0545-4a20-9d13-07a34fdc45bb,numbered,10689,completed,sold,1,2026-06-08 16:23:29.902013+00,2026-06-08 16:23:37.900456+00,2026-06-08 16:23:38.00525+00,0.104794,8.103237,
f3152e5e-2a6b-421b-b4dc-0e6f08ded9d5,numbered,48081,completed,sold,1,2026-06-08 16:23:29.909155+00,2026-06-08 16:23:37.935379+00,2026-06-08 16:23:38.041264+00,0.105885,8.132109,
2ed3a6f3-e540-4d41-8960-a84ccc20a6ec,numbered,27241,completed,sold,1,2026-06-08 16:23:29.905411+00,2026-06-08 16:23:37.940582+00,2026-06-08 16:23:38.048911+00,0.108329,8.143500,
8f9ddf9c-4440-42d4-8e68-02a3f6840fc1,numbered,17962,completed,sold,1,2026-06-08 16:23:29.919094+00,2026-06-08 16:23:37.941351+00,2026-06-08 16:23:38.050754+00,0.109403,8.131660,
11fa51cc-34c7-411b-886b-d2b7047441fa,numbered,73722,completed,sold,1,2026-06-08 16:23:29.922418+00,2026-06-08 16:23:37.948343+00,2026-06-08 16:23:38.05356+00,0.105217,8.131142,
178c38e5-8a6f-4d41-9bac-a1aaaaf9dedb,numbered,70336,completed,sold,1,2026-06-08 16:23:29.913337+00,2026-06-08 16:23:37.946525+00,2026-06-08 16:23:38.053961+00,0.107436,8.140624,
3c75c3c7-72d2-4631-a144-519df910490e,numbered,27416,completed,sold,1,2026-06-08 16:23:29.927489+00,2026-06-08 16:23:37.947501+00,2026-06-08 16:23:38.05476+00,0.107259,8.127271,
9afb0395-36d9-4b9b-8cac-41b2e5107110,numbered,66526,completed,sold,1,2026-06-08 16:23:29.931041+00,2026-06-08 16:23:38.024215+00,2026-06-08 16:23:38.129943+00,0.105728,8.198902,
1d40ec87-650f-4916-8a35-24fba1a17020,numbered,24399,completed,sold,1,2026-06-08 16:23:29.93452+00,2026-06-08 16:23:38.026879+00,2026-06-08 16:23:38.131966+00,0.105087,8.197446,
2f43d92c-e9e6-4e70-b274-a55a8a644121,numbered,35860,completed,sold,1,2026-06-08 16:23:29.938577+00,2026-06-08 16:23:38.08526+00,2026-06-08 16:23:38.191178+00,0.105918,8.252601,
5cdca38c-97f7-4cc2-a6e7-b646ec8b4144,numbered,19373,completed,sold,1,2026-06-08 16:23:29.950918+00,2026-06-08 16:23:38.092638+00,2026-06-08 16:23:38.202022+00,0.109384,8.251104,
47483096-deaa-47ab-949d-4157cb5e0bd6,numbered,21407,completed,sold,1,2026-06-08 16:23:29.959257+00,2026-06-08 16:23:38.097296+00,2026-06-08 16:23:38.204861+00,0.107565,8.245604,
9b4f7faa-dfe3-40b4-9a01-475c38688387,numbered,28267,completed,sold,1,2026-06-08 16:23:29.954977+00,2026-06-08 16:23:38.098442+00,2026-06-08 16:23:38.205427+00,0.106985,8.250450,
92760bd8-98a9-4ba4-bf4b-342471d09f7b,numbered,35088,completed,sold,1,2026-06-08 16:23:29.946674+00,2026-06-08 16:23:38.094997+00,2026-06-08 16:23:38.205571+00,0.110574,8.258897,
435c002f-f407-497e-8105-f7390b1ae1af,numbered,73994,completed,sold,1,2026-06-08 16:23:29.942476+00,2026-06-08 16:23:38.095933+00,2026-06-08 16:23:38.206354+00,0.110421,8.263878,
5c8264a0-846f-4543-b0f8-90a6f9f1b4e4,numbered,5005,completed,sold,1,2026-06-08 16:23:29.967567+00,2026-06-08 16:23:38.155171+00,2026-06-08 16:23:38.260091+00,0.104920,8.292524,
7c93577c-4e62-4a85-8718-efeb29645ccc,numbered,21078,completed,sold,1,2026-06-08 16:23:29.963841+00,2026-06-08 16:23:38.155852+00,2026-06-08 16:23:38.260764+00,0.104912,8.296923,
81de82cb-c1db-4b29-b328-ed9572d7205a,numbered,33564,completed,sold,1,2026-06-08 16:23:29.975851+00,2026-06-08 16:23:38.241874+00,2026-06-08 16:23:38.347473+00,0.105599,8.371622,
637583e5-6db7-4fd3-8cd2-3da738ab4647,numbered,1226,completed,sold,1,2026-06-08 16:23:29.979973+00,2026-06-08 16:23:38.241451+00,2026-06-08 16:23:38.348335+00,0.106884,8.368362,
bdc2c9cb-d789-4421-91e0-ffac9189fd9e,numbered,40009,completed,sold,1,2026-06-08 16:23:29.988373+00,2026-06-08 16:23:38.246952+00,2026-06-08 16:23:38.354108+00,0.107156,8.365735,
725c641c-efe7-498e-a9da-d262b60324f1,numbered,31078,completed,sold,1,2026-06-08 16:23:29.971751+00,2026-06-08 16:23:38.242232+00,2026-06-08 16:23:38.355794+00,0.113562,8.384043,
d3e5a7f2-274e-4352-983c-a121cd6a6da8,numbered,73318,completed,sold,1,2026-06-08 16:23:29.984231+00,2026-06-08 16:23:38.246353+00,2026-06-08 16:23:38.356482+00,0.110129,8.372251,
929e07e1-83a8-45ce-bb82-5c118134bcf7,numbered,33383,completed,sold,1,2026-06-08 16:23:29.992639+00,2026-06-08 16:23:38.249601+00,2026-06-08 16:23:38.356526+00,0.106925,8.363887,
09691d15-9cfe-4971-b127-6ffd68cdf2f0,numbered,21510,completed,sold,1,2026-06-08 16:23:29.996983+00,2026-06-08 16:23:38.28359+00,2026-06-08 16:23:38.389639+00,0.106049,8.392656,
d1ac2787-993f-47cc-a796-013f87540e2b,numbered,72701,completed,sold,1,2026-06-08 16:23:30.001133+00,2026-06-08 16:23:38.284201+00,2026-06-08 16:23:38.391497+00,0.107296,8.390364,
c53a2c81-ba0b-47bc-b869-dd75b2e279e1,numbered,37407,completed,sold,1,2026-06-08 16:23:30.0052+00,2026-06-08 16:23:38.381272+00,2026-06-08 16:23:38.485782+00,0.104510,8.480582,
99424b02-7988-4953-8851-91c60a081c18,numbered,1533,completed,sold,1,2026-06-08 16:23:30.009494+00,2026-06-08 16:23:38.392576+00,2026-06-08 16:23:38.497222+00,0.104646,8.487728,
d3b7d7e2-0322-46b5-bc2c-4694541640ca,numbered,95059,completed,sold,1,2026-06-08 16:23:30.047923+00,2026-06-08 16:23:38.404084+00,2026-06-08 16:23:38.512163+00,0.108079,8.464240,
d0858766-8a9d-4f3c-ad9d-ba96d8909e84,numbered,45832,completed,sold,1,2026-06-08 16:23:30.038563+00,2026-06-08 16:23:38.406257+00,2026-06-08 16:23:38.513803+00,0.107546,8.475240,
1928bf49-5917-4cf9-86c8-7d33ba33071c,numbered,42874,completed,sold,1,2026-06-08 16:23:30.019382+00,2026-06-08 16:23:38.407068+00,2026-06-08 16:23:38.514588+00,0.107520,8.495206,
52c82176-4b31-493a-944c-98ba23d1b0a6,numbered,21213,completed,sold,1,2026-06-08 16:23:30.028852+00,2026-06-08 16:23:38.406819+00,2026-06-08 16:23:38.515089+00,0.108270,8.486237,
5401d461-b583-480e-984a-aee38d7a9e75,numbered,81365,completed,sold,1,2026-06-08 16:23:30.051739+00,2026-06-08 16:23:38.421904+00,2026-06-08 16:23:38.52943+00,0.107526,8.477691,
6322f5c3-2b80-49fa-b426-19609e9bccf2,numbered,6858,completed,sold,1,2026-06-08 16:23:30.055453+00,2026-06-08 16:23:38.421702+00,2026-06-08 16:23:38.530569+00,0.108867,8.475116,
2250db69-efd8-4eda-969f-625a166d448b,numbered,61549,completed,sold,1,2026-06-08 16:23:30.059107+00,2026-06-08 16:23:38.517219+00,2026-06-08 16:23:38.626745+00,0.109526,8.567638,
baa010fc-f799-4ad6-baa0-3540ae67ccbc,numbered,87712,completed,sold,1,2026-06-08 16:23:30.064364+00,2026-06-08 16:23:38.543857+00,2026-06-08 16:23:38.649556+00,0.105699,8.585192,
7dea8e8b-4546-4754-8614-a0ae8769dd80,numbered,12986,completed,sold,1,2026-06-08 16:23:30.085581+00,2026-06-08 16:23:38.564655+00,2026-06-08 16:23:38.672371+00,0.107716,8.586790,
29efbace-1f71-49ac-a41c-d8354285322b,numbered,4479,completed,sold,1,2026-06-08 16:23:30.071547+00,2026-06-08 16:23:38.565028+00,2026-06-08 16:23:38.673195+00,0.108167,8.601648,
9842f389-12bb-4067-8847-adec87f83274,numbered,2205,completed,sold,1,2026-06-08 16:23:30.08213+00,2026-06-08 16:23:38.566388+00,2026-06-08 16:23:38.677196+00,0.110808,8.595066,
54eb4a18-7e22-4cfb-9503-e13b18f66735,numbered,9477,completed,sold,1,2026-06-08 16:23:30.067891+00,2026-06-08 16:23:38.561814+00,2026-06-08 16:23:38.678769+00,0.116955,8.610878,
2442c6a7-37ab-4643-97aa-d8c34a5a039c,numbered,44733,completed,sold,1,2026-06-08 16:23:30.075088+00,2026-06-08 16:23:38.562493+00,2026-06-08 16:23:38.679552+00,0.117059,8.604464,
438541b7-a400-4bb6-8ffb-564c04d99eb9,numbered,56788,completed,sold,1,2026-06-08 16:23:30.078692+00,2026-06-08 16:23:38.561103+00,2026-06-08 16:23:38.680435+00,0.119332,8.601743,
a0615855-3835-4ab4-bbdb-8f8e55320ac0,numbered,49512,completed,sold,1,2026-06-08 16:23:30.0892+00,2026-06-08 16:23:38.648858+00,2026-06-08 16:23:38.75388+00,0.105022,8.664680,
9aa4494c-7659-4565-9408-2b0ad4f69473,numbered,98974,completed,sold,1,2026-06-08 16:23:30.09265+00,2026-06-08 16:23:38.692317+00,2026-06-08 16:23:38.797134+00,0.104817,8.704484,
e74d953d-8b4d-4a34-95e1-55c44d09782f,numbered,39016,completed,sold,1,2026-06-08 16:23:30.096084+00,2026-06-08 16:23:38.716542+00,2026-06-08 16:23:38.822976+00,0.106434,8.726892,
f0eaf2e7-ea2c-480e-a9ca-6004a5e1b4ac,numbered,51004,completed,sold,1,2026-06-08 16:23:30.099516+00,2026-06-08 16:23:38.718272+00,2026-06-08 16:23:38.825738+00,0.107466,8.726222,
f360f83d-a90a-45d7-83c6-226fbd72c978,numbered,84917,completed,sold,1,2026-06-08 16:23:30.102747+00,2026-06-08 16:23:38.718962+00,2026-06-08 16:23:38.827718+00,0.108756,8.724971,
0358d760-7d53-453a-a9f6-f66c6c43e668,numbered,56634,completed,sold,1,2026-06-08 16:23:30.109746+00,2026-06-08 16:23:38.71959+00,2026-06-08 16:23:38.828625+00,0.109035,8.718879,
e8d599ac-302c-47bd-8eaa-c6cc4a00c5c9,numbered,13458,completed,sold,1,2026-06-08 16:23:30.106183+00,2026-06-08 16:23:38.724354+00,2026-06-08 16:23:38.831128+00,0.106774,8.724945,
68afe8ea-b643-4e30-a60a-ebbc902ad2c5,numbered,40280,completed,sold,1,2026-06-08 16:23:30.113429+00,2026-06-08 16:23:38.725124+00,2026-06-08 16:23:38.831948+00,0.106824,8.718519,
c1f894f4-ebba-46e8-924a-dc0231f69878,numbered,19152,completed,sold,1,2026-06-08 16:23:30.116949+00,2026-06-08 16:23:38.776931+00,2026-06-08 16:23:38.881687+00,0.104756,8.764738,
c399e356-dac3-4ba5-b1a9-e52540fc19b4,numbered,45918,completed,sold,1,2026-06-08 16:23:30.121001+00,2026-06-08 16:23:38.820971+00,2026-06-08 16:23:38.93079+00,0.109819,8.809789,
3d63ef23-ad69-4c6d-ae4c-676743bd7544,numbered,52878,completed,sold,1,2026-06-08 16:23:30.124499+00,2026-06-08 16:23:38.863889+00,2026-06-08 16:23:38.969312+00,0.105423,8.844813,
35347057-9cb3-41e5-9e72-01aacfc842ff,numbered,36055,completed,sold,1,2026-06-08 16:23:30.131348+00,2026-06-08 16:23:38.865543+00,2026-06-08 16:23:38.973502+00,0.107959,8.842154,
c4efd078-8584-497f-b4a4-6103b3943c89,numbered,55438,completed,sold,1,2026-06-08 16:23:30.138137+00,2026-06-08 16:23:38.86753+00,2026-06-08 16:23:38.975771+00,0.108241,8.837634,
40e1ab7c-013d-4f91-939c-394587850d32,numbered,90265,completed,sold,1,2026-06-08 16:23:30.141549+00,2026-06-08 16:23:38.8692+00,2026-06-08 16:23:38.976748+00,0.107548,8.835199,
4cff0f00-7961-4960-bd37-76600a0a8562,numbered,31726,completed,sold,1,2026-06-08 16:23:30.127767+00,2026-06-08 16:23:38.869754+00,2026-06-08 16:23:38.978395+00,0.108641,8.850628,
b7f318d8-7d29-4318-9ec0-ec731c808c39,numbered,43107,completed,sold,1,2026-06-08 16:23:30.134853+00,2026-06-08 16:23:38.873192+00,2026-06-08 16:23:38.979227+00,0.106035,8.844374,
e3bbe507-22f3-45a9-8246-c510f9220a65,numbered,4657,completed,sold,1,2026-06-08 16:23:30.145003+00,2026-06-08 16:23:38.90333+00,2026-06-08 16:23:39.009601+00,0.106271,8.864598,
0c6c4989-2f6b-434c-97e9-f8e62585a219,numbered,43142,completed,sold,1,2026-06-08 16:23:30.14837+00,2026-06-08 16:23:38.954236+00,2026-06-08 16:23:39.059282+00,0.105046,8.910912,
9fe5d267-75d5-4126-89c6-ba5684df7c81,numbered,12898,completed,sold,1,2026-06-08 16:23:30.155269+00,2026-06-08 16:23:39.002037+00,2026-06-08 16:23:39.107167+00,0.105130,8.951898,
01509e6d-7bf0-41a8-904d-17a79e467a57,numbered,10667,completed,sold,1,2026-06-08 16:23:30.151776+00,2026-06-08 16:23:39.019617+00,2026-06-08 16:23:39.12467+00,0.105053,8.972894,
60afe35a-dfdd-44b1-af71-6f2ad63b5f05,numbered,44624,completed,sold,1,2026-06-08 16:23:30.173171+00,2026-06-08 16:23:39.021922+00,2026-06-08 16:23:39.129776+00,0.107854,8.956605,
2f6a85f4-489c-4c31-b8ca-0cd49538f4a2,numbered,35561,completed,sold,1,2026-06-08 16:23:30.18274+00,2026-06-08 16:23:39.026443+00,2026-06-08 16:23:39.132911+00,0.106468,8.950171,
6a40f5f0-02cc-4d3d-974c-eca881b42825,numbered,86144,completed,sold,1,2026-06-08 16:23:30.164229+00,2026-06-08 16:23:39.024327+00,2026-06-08 16:23:39.134066+00,0.109739,8.969837,
9456fdbc-33a1-4b13-9002-224d4da629a4,numbered,27508,completed,sold,1,2026-06-08 16:23:30.158608+00,2026-06-08 16:23:39.021218+00,2026-06-08 16:23:39.134832+00,0.113614,8.976224,
ea910666-4931-4a96-a0d6-e4e27ed96dd8,numbered,74245,completed,sold,1,2026-06-08 16:23:30.189893+00,2026-06-08 16:23:39.037031+00,2026-06-08 16:23:39.146566+00,0.109535,8.956673,
c0760613-164f-402e-9f9d-c655d834845f,numbered,98919,completed,sold,1,2026-06-08 16:23:30.194573+00,2026-06-08 16:23:39.083169+00,2026-06-08 16:23:39.187952+00,0.104783,8.993379,
a14b5403-fa0d-4e0a-b990-70a61805cb73,numbered,47914,completed,sold,1,2026-06-08 16:23:30.198054+00,2026-06-08 16:23:39.146479+00,2026-06-08 16:23:39.251434+00,0.104955,9.053380,
6653115c-3b3a-4456-acab-a16abde824f6,numbered,90812,completed,sold,1,2026-06-08 16:23:30.208999+00,2026-06-08 16:23:39.172955+00,2026-06-08 16:23:39.279219+00,0.106264,9.070220,
8a79113f-6e40-4502-ba9b-4d6d2b8785f9,numbered,77527,completed,sold,1,2026-06-08 16:23:30.212362+00,2026-06-08 16:23:39.172262+00,2026-06-08 16:23:39.28068+00,0.108418,9.068318,
657fc524-236c-4673-8955-24abb0049416,numbered,74254,completed,sold,1,2026-06-08 16:23:30.224785+00,2026-06-08 16:23:39.178354+00,2026-06-08 16:23:39.283446+00,0.105092,9.058661,
f880db25-4ff0-45a5-bd3e-1829e85b92c7,numbered,93865,completed,sold,1,2026-06-08 16:23:30.201991+00,2026-06-08 16:23:39.172327+00,2026-06-08 16:23:39.28688+00,0.114553,9.084889,
3fba5fc8-e0fe-4fa9-b9e4-bf958d250ea6,numbered,39396,completed,sold,1,2026-06-08 16:23:30.217651+00,2026-06-08 16:23:39.171686+00,2026-06-08 16:23:39.288067+00,0.116381,9.070416,
cefc9439-39f2-4676-84df-9279cb859be0,numbered,51166,completed,sold,1,2026-06-08 16:23:30.205496+00,2026-06-08 16:23:39.174813+00,2026-06-08 16:23:39.310016+00,0.135203,9.104520,
f5c26d8e-9afa-4cc0-a160-dc78209ea20f,numbered,42553,completed,sold,1,2026-06-08 16:23:30.228453+00,2026-06-08 16:23:39.209652+00,2026-06-08 16:23:39.316683+00,0.107031,9.088230,
53196c99-0a0d-4a7b-af30-85e92f8d33e3,numbered,17753,completed,sold,1,2026-06-08 16:23:30.231755+00,2026-06-08 16:23:39.298596+00,2026-06-08 16:23:39.403837+00,0.105241,9.172082,
43f9488e-7429-400b-acb3-d982700aeb90,numbered,20881,completed,sold,1,2026-06-08 16:23:30.235617+00,2026-06-08 16:23:39.321123+00,2026-06-08 16:23:39.426059+00,0.104936,9.190442,
cefb675d-8d02-4a0d-8726-e291caa1da2d,numbered,83548,completed,sold,1,2026-06-08 16:23:30.240077+00,2026-06-08 16:23:39.319965+00,2026-06-08 16:23:39.426781+00,0.106816,9.186704,
0f63dd4f-d15f-4d42-bcbc-f9430235dde5,numbered,12714,completed,sold,1,2026-06-08 16:23:30.2438+00,2026-06-08 16:23:39.330169+00,2026-06-08 16:23:39.435182+00,0.105013,9.191382,
4d249cb1-319c-40b1-8604-d2f3e5ef588f,numbered,43860,completed,sold,1,2026-06-08 16:23:30.247411+00,2026-06-08 16:23:39.330774+00,2026-06-08 16:23:39.436839+00,0.106065,9.189428,
0ae285eb-5c30-473d-943c-362ac8698001,numbered,79649,completed,seat_unavailable,1,2026-06-08 16:23:30.254506+00,2026-06-08 16:23:39.344249+00,2026-06-08 16:23:39.44789+00,0.103641,9.193384,
65cb68de-66db-468f-b041-3ed591da2968,numbered,13009,completed,sold,1,2026-06-08 16:23:30.25102+00,2026-06-08 16:23:39.336517+00,2026-06-08 16:23:39.448992+00,0.112475,9.197972,
3b423649-9d4a-47e4-945c-680e125bcefb,numbered,95238,completed,sold,1,2026-06-08 16:23:30.258137+00,2026-06-08 16:23:39.347403+00,2026-06-08 16:23:39.453423+00,0.106020,9.195286,
d9986fa1-1ffd-4323-afad-83dd5d3aad6c,numbered,15692,completed,sold,1,2026-06-08 16:23:30.261786+00,2026-06-08 16:23:39.42915+00,2026-06-08 16:23:39.533999+00,0.104849,9.272213,
c02a036f-313c-494b-bdfb-2ed80beddfab,numbered,26708,completed,sold,1,2026-06-08 16:23:30.265623+00,2026-06-08 16:23:39.463241+00,2026-06-08 16:23:39.56736+00,0.104119,9.301737,
e1e795b6-1c75-4eda-b2a5-a36f3f629ca8,numbered,14401,completed,sold,1,2026-06-08 16:23:30.269196+00,2026-06-08 16:23:39.465915+00,2026-06-08 16:23:39.572312+00,0.106397,9.303116,
52e806b5-dd7b-4dff-8a91-da6682fe78b7,numbered,94808,completed,sold,1,2026-06-08 16:23:30.272569+00,2026-06-08 16:23:39.471546+00,2026-06-08 16:23:39.576638+00,0.105092,9.304069,
dd1ec2ac-0fae-42de-aae6-680a3ee3e9eb,numbered,50442,completed,sold,1,2026-06-08 16:23:30.282989+00,2026-06-08 16:23:39.484801+00,2026-06-08 16:23:39.594217+00,0.109416,9.311228,
c72cb7b7-37a7-451e-9bf2-f5b00f770fb9,numbered,21284,completed,sold,1,2026-06-08 16:23:30.286407+00,2026-06-08 16:23:39.486456+00,2026-06-08 16:23:39.594877+00,0.108421,9.308470,
7cf338d9-f3b9-4b81-be5c-139cea0599ff,numbered,62914,completed,sold,1,2026-06-08 16:23:30.276065+00,2026-06-08 16:23:39.484134+00,2026-06-08 16:23:39.595104+00,0.110970,9.319039,
e63483b8-8304-4b2a-99e2-414dc6280f9d,numbered,59420,completed,sold,1,2026-06-08 16:23:30.279472+00,2026-06-08 16:23:39.489503+00,2026-06-08 16:23:39.59725+00,0.107747,9.317778,
3fdbc6d8-7258-4ad1-9606-2c75581adc62,numbered,53305,completed,sold,1,2026-06-08 16:23:30.289956+00,2026-06-08 16:23:39.556482+00,2026-06-08 16:23:39.661402+00,0.104920,9.371446,
1bfed45a-d82f-48c2-bd5d-c629680d0c7d,numbered,58208,completed,sold,1,2026-06-08 16:23:30.293538+00,2026-06-08 16:23:39.603262+00,2026-06-08 16:23:39.707956+00,0.104694,9.414418,
9dfef08b-4219-4d11-ad36-6b83e035727d,numbered,13460,completed,sold,1,2026-06-08 16:23:30.297013+00,2026-06-08 16:23:39.605006+00,2026-06-08 16:23:39.710912+00,0.105906,9.413899,
0531cfe2-6767-4150-8a71-0ae488dd3814,numbered,73325,completed,sold,1,2026-06-08 16:23:30.300377+00,2026-06-08 16:23:39.615458+00,2026-06-08 16:23:39.720817+00,0.105359,9.420440,
b3c6fb8a-0715-4837-9324-16fa21431ab8,numbered,7793,completed,sold,1,2026-06-08 16:23:30.310545+00,2026-06-08 16:23:39.6343+00,2026-06-08 16:23:39.740976+00,0.106676,9.430431,
c9951b30-1415-469f-8d43-888fab27f071,numbered,60296,completed,sold,1,2026-06-08 16:23:30.314092+00,2026-06-08 16:23:39.632978+00,2026-06-08 16:23:39.741751+00,0.108773,9.427659,
d8f133eb-38be-4484-a1dd-73181c21f095,numbered,22518,completed,sold,1,2026-06-08 16:23:30.30364+00,2026-06-08 16:23:39.633631+00,2026-06-08 16:23:39.742575+00,0.108944,9.438935,
31dd5a3a-1ce4-4118-9928-cb9ea59aa1d1,numbered,64912,completed,sold,1,2026-06-08 16:23:30.307116+00,2026-06-08 16:23:39.637252+00,2026-06-08 16:23:39.743529+00,0.106277,9.436413,
cf65f55b-0efe-4876-890e-c1d28b41941d,numbered,76747,completed,sold,1,2026-06-08 16:23:30.317925+00,2026-06-08 16:23:39.685506+00,2026-06-08 16:23:39.790631+00,0.105125,9.472706,
a6301518-1f80-4bc1-a2db-393d7ef0959a,numbered,18355,completed,sold,1,2026-06-08 16:23:30.32779+00,2026-06-08 16:23:39.730087+00,2026-06-08 16:23:39.834327+00,0.104240,9.506537,
df59950a-cd0c-4b3f-99d3-e5c2d34ec862,numbered,76279,completed,sold,1,2026-06-08 16:23:30.342212+00,2026-06-08 16:23:39.742835+00,2026-06-08 16:23:39.84844+00,0.105605,9.506228,
c68e0575-e24f-4539-86cd-75a3e82fe5f1,numbered,45322,completed,sold,1,2026-06-08 16:23:30.345809+00,2026-06-08 16:23:39.756229+00,2026-06-08 16:23:39.86125+00,0.105021,9.515441,
4168633d-3dc3-40d6-be06-53acab0de6a5,numbered,76236,completed,sold,1,2026-06-08 16:23:30.349558+00,2026-06-08 16:23:39.77171+00,2026-06-08 16:23:39.876817+00,0.105107,9.527259,
4b9b540c-0dad-4ced-afef-f71b086758cd,numbered,47145,completed,sold,1,2026-06-08 16:23:30.359558+00,2026-06-08 16:23:39.77772+00,2026-06-08 16:23:39.886742+00,0.109022,9.527184,
2850e78a-2687-4360-b50e-4058cd316ef0,numbered,92246,completed,sold,1,2026-06-08 16:23:30.353746+00,2026-06-08 16:23:39.778675+00,2026-06-08 16:23:39.888032+00,0.109357,9.534286,
d8cc6e0f-858a-4449-9572-ab1e69ba48de,numbered,8370,completed,sold,1,2026-06-08 16:23:30.365177+00,2026-06-08 16:23:39.778772+00,2026-06-08 16:23:39.888686+00,0.109914,9.523509,
4795d3e6-c594-4c18-b6dc-c7a85845a9ce,numbered,57601,completed,sold,1,2026-06-08 16:23:30.370882+00,2026-06-08 16:23:39.813908+00,2026-06-08 16:23:39.919437+00,0.105529,9.548555,
f3c6ac62-c9c9-47f0-b190-166f5a56b75a,numbered,26421,completed,sold,1,2026-06-08 16:23:30.376145+00,2026-06-08 16:23:39.858204+00,2026-06-08 16:23:39.962533+00,0.104329,9.586388,
0f1bfbf5-68ce-4b16-8da6-2563845d5569,numbered,44570,completed,sold,1,2026-06-08 16:23:30.379461+00,2026-06-08 16:23:39.875974+00,2026-06-08 16:23:39.981952+00,0.105978,9.602491,
e111a684-6c92-49e6-9651-a04c516092bd,numbered,99388,completed,sold,1,2026-06-08 16:23:30.382994+00,2026-06-08 16:23:39.89303+00,2026-06-08 16:23:39.998105+00,0.105075,9.615111,
ecae7ca8-b397-47de-a588-85e95758ffbc,numbered,39590,completed,sold,1,2026-06-08 16:23:30.38638+00,2026-06-08 16:23:39.90772+00,2026-06-08 16:23:40.012557+00,0.104837,9.626177,
dc883523-6a91-499b-9b65-83a2e4b931a4,numbered,85115,completed,sold,1,2026-06-08 16:23:30.389954+00,2026-06-08 16:23:39.912566+00,2026-06-08 16:23:40.018057+00,0.105491,9.628103,
7635b8b6-88e1-4b4c-9059-daa39c8a6688,numbered,80029,completed,sold,1,2026-06-08 16:23:30.397021+00,2026-06-08 16:23:39.923308+00,2026-06-08 16:23:40.030081+00,0.106773,9.633060,
2d9cffdf-8229-471a-a4a8-7138d45e7bd0,numbered,18634,completed,sold,1,2026-06-08 16:23:30.393602+00,2026-06-08 16:23:39.920418+00,2026-06-08 16:23:40.030085+00,0.109667,9.636483,
8aa6c285-811f-4bbd-aaaa-6f2cd2dc1072,numbered,28489,completed,sold,1,2026-06-08 16:23:30.400485+00,2026-06-08 16:23:39.944319+00,2026-06-08 16:23:40.049964+00,0.105645,9.649479,
efdbdb59-eaa2-4d70-85cc-5386d605fcad,numbered,89682,completed,sold,1,2026-06-08 16:23:30.403835+00,2026-06-08 16:23:39.983376+00,2026-06-08 16:23:40.087567+00,0.104191,9.683732,
a54afda4-d34e-4c8a-a4ac-e5e31e059d0d,numbered,41138,completed,sold,1,2026-06-08 16:23:30.407339+00,2026-06-08 16:23:40.008105+00,2026-06-08 16:23:40.113247+00,0.105142,9.705908,
ebca34b8-27d9-4cda-b017-47191eca7d57,numbered,32387,completed,sold,1,2026-06-08 16:23:30.410796+00,2026-06-08 16:23:40.029325+00,2026-06-08 16:23:40.134385+00,0.105060,9.723589,
7f41b382-7f57-4d02-b0ed-c7fa987b14eb,numbered,57140,completed,sold,1,2026-06-08 16:23:30.417567+00,2026-06-08 16:23:40.047254+00,2026-06-08 16:23:40.15258+00,0.105326,9.735013,
94755a62-5243-4d25-8fbc-0d52489038ed,numbered,40432,completed,sold,1,2026-06-08 16:23:30.414201+00,2026-06-08 16:23:40.048338+00,2026-06-08 16:23:40.154025+00,0.105687,9.739824,
f06889e9-ad8d-454c-850d-731a7422bfc4,numbered,63916,completed,sold,1,2026-06-08 16:23:30.421103+00,2026-06-08 16:23:40.063558+00,2026-06-08 16:23:40.169427+00,0.105869,9.748324,
b4721cc4-c4df-4578-bc1e-104588cc5306,numbered,81259,completed,sold,1,2026-06-08 16:23:30.424414+00,2026-06-08 16:23:40.064907+00,2026-06-08 16:23:40.17112+00,0.106213,9.746706,
0062e82a-fcc9-4d11-9ecb-452a09bb0a2f,numbered,39735,completed,sold,1,2026-06-08 16:23:30.427941+00,2026-06-08 16:23:40.074263+00,2026-06-08 16:23:40.179563+00,0.105300,9.751622,
80275e24-10c4-41ed-8350-c012f4c57215,numbered,64652,completed,sold,1,2026-06-08 16:23:30.431608+00,2026-06-08 16:23:40.107953+00,2026-06-08 16:23:40.211783+00,0.103830,9.780175,
d520ed03-14e8-43fd-814c-425d6a123624,numbered,51814,completed,sold,1,2026-06-08 16:23:30.43497+00,2026-06-08 16:23:40.139901+00,2026-06-08 16:23:40.245236+00,0.105335,9.810266,
f901a4dd-01e1-47ff-a6f1-8153d6a1db7a,numbered,94327,completed,sold,1,2026-06-08 16:23:30.438375+00,2026-06-08 16:23:40.164049+00,2026-06-08 16:23:40.269042+00,0.104993,9.830667,
383fd218-b2ff-4acf-a985-a792e272a8fe,numbered,43081,completed,sold,1,2026-06-08 16:23:30.445063+00,2026-06-08 16:23:40.185855+00,2026-06-08 16:23:40.291509+00,0.105654,9.846446,
e06bb0ac-a8bc-49ea-a725-4a0df4977ab1,numbered,57234,completed,sold,1,2026-06-08 16:23:30.44166+00,2026-06-08 16:23:40.186499+00,2026-06-08 16:23:40.29201+00,0.105511,9.850350,
631e08f3-c2c2-40ba-b0ec-7d72c9a630af,numbered,46986,completed,sold,1,2026-06-08 16:23:30.451626+00,2026-06-08 16:23:40.206692+00,2026-06-08 16:23:40.315811+00,0.109119,9.864185,
492ad12c-62ff-4fba-b914-e45a0288102c,numbered,71873,completed,sold,1,2026-06-08 16:23:30.455146+00,2026-06-08 16:23:40.20663+00,2026-06-08 16:23:40.315821+00,0.109191,9.860675,
b862b265-a337-4e52-ad07-613946c3e184,numbered,41353,completed,sold,1,2026-06-08 16:23:30.448432+00,2026-06-08 16:23:40.207479+00,2026-06-08 16:23:40.316807+00,0.109328,9.868375,
33f90728-3b1d-4096-b435-eaf204770110,numbered,93158,completed,sold,1,2026-06-08 16:23:30.458582+00,2026-06-08 16:23:40.231338+00,2026-06-08 16:23:40.33586+00,0.104522,9.877278,
71e70f09-cfa0-44b0-ac70-47927584b723,numbered,13652,completed,sold,1,2026-06-08 16:23:30.462003+00,2026-06-08 16:23:40.270606+00,2026-06-08 16:23:40.376177+00,0.105571,9.914174,
e34e26b4-d3ca-4404-88af-87c235e688c2,numbered,74901,completed,sold,1,2026-06-08 16:23:30.465454+00,2026-06-08 16:23:40.292744+00,2026-06-08 16:23:40.398039+00,0.105295,9.932585,
17fff8e1-60c0-4d40-8989-406e374ff523,numbered,23525,completed,sold,1,2026-06-08 16:23:30.468734+00,2026-06-08 16:23:40.326178+00,2026-06-08 16:23:40.431224+00,0.105046,9.962490,
1d56423a-0ff6-46cd-a7e2-b74734efd2e5,numbered,6364,completed,sold,1,2026-06-08 16:23:30.472035+00,2026-06-08 16:23:40.33048+00,2026-06-08 16:23:40.435517+00,0.105037,9.963482,
91f18dc3-1dca-4470-84a4-0ce47324b287,numbered,75615,completed,sold,1,2026-06-08 16:23:30.479993+00,2026-06-08 16:23:40.347184+00,2026-06-08 16:23:40.453759+00,0.106575,9.973766,
67106802-2f49-4f21-a0eb-0f90fe9c37e5,numbered,1606,completed,sold,1,2026-06-08 16:23:30.476161+00,2026-06-08 16:23:40.347863+00,2026-06-08 16:23:40.45583+00,0.107967,9.979669,
7fe31aea-cd73-4cb1-9920-298bfa7d807a,numbered,69363,completed,sold,1,2026-06-08 16:23:30.48345+00,2026-06-08 16:23:40.352998+00,2026-06-08 16:23:40.45945+00,0.106452,9.976000,
8dcd6de7-f28b-4cea-861c-f4fd446df86e,numbered,51375,completed,sold,1,2026-06-08 16:23:30.489886+00,2026-06-08 16:23:40.35971+00,2026-06-08 16:23:40.464227+00,0.104517,9.974341,
1f0ec034-c8ea-4511-ba94-1a322bc6a03a,numbered,31785,completed,sold,1,2026-06-08 16:23:30.498039+00,2026-06-08 16:23:40.401698+00,2026-06-08 16:23:40.507508+00,0.105810,10.009469,
655bc86b-e460-4d3b-8876-08c3a7513097,numbered,28937,completed,sold,1,2026-06-08 16:23:30.501958+00,2026-06-08 16:23:40.419522+00,2026-06-08 16:23:40.52425+00,0.104728,10.022292,
93524fd1-6ef2-4655-a1f7-e0d3cfae59c3,numbered,33245,completed,sold,1,2026-06-08 16:23:30.51246+00,2026-06-08 16:23:40.46384+00,2026-06-08 16:23:40.570115+00,0.106275,10.057655,
8db7b6c7-aaee-49e1-841c-51ef60070a49,numbered,36838,completed,sold,1,2026-06-08 16:23:30.515763+00,2026-06-08 16:23:40.473857+00,2026-06-08 16:23:40.579604+00,0.105747,10.063841,
97d46c9f-df09-49ea-8b25-c31d3e8256ca,numbered,35947,completed,sold,1,2026-06-08 16:23:30.529908+00,2026-06-08 16:23:40.494087+00,2026-06-08 16:23:40.599151+00,0.105064,10.069243,
a672756f-1b77-46a5-ae55-14a3041dc5f8,numbered,4021,completed,sold,1,2026-06-08 16:23:30.52244+00,2026-06-08 16:23:40.493184+00,2026-06-08 16:23:40.600476+00,0.107292,10.078036,
ab3b9c41-03ef-45c9-8485-42f7d19cb4e7,numbered,59817,completed,sold,1,2026-06-08 16:23:30.52568+00,2026-06-08 16:23:40.495701+00,2026-06-08 16:23:40.603662+00,0.107961,10.077982,
3d288ae4-a41d-46a1-a70a-7d86488c6df7,numbered,77782,completed,sold,1,2026-06-08 16:23:30.519155+00,2026-06-08 16:23:40.491793+00,2026-06-08 16:23:40.604434+00,0.112641,10.085279,
84ea841f-d48c-4a77-99ef-20ffd0a4de1a,numbered,41200,completed,seat_unavailable,1,2026-06-08 16:23:30.533569+00,2026-06-08 16:23:40.533579+00,2026-06-08 16:23:40.636877+00,0.103298,10.103308,
9ccd5c45-792c-4c32-96a3-36970bfd2dbd,numbered,75521,completed,sold,1,2026-06-08 16:23:30.536939+00,2026-06-08 16:23:40.547654+00,2026-06-08 16:23:40.652179+00,0.104525,10.115240,
52ce9f7a-5523-46ef-9bf3-b2bdb7f11b01,numbered,27938,completed,sold,1,2026-06-08 16:23:30.540511+00,2026-06-08 16:23:40.593903+00,2026-06-08 16:23:40.700283+00,0.106380,10.159772,
4a055872-663b-4025-9707-63ce47d6058f,numbered,52646,completed,sold,1,2026-06-08 16:23:30.543762+00,2026-06-08 16:23:40.611959+00,2026-06-08 16:23:40.717435+00,0.105476,10.173673,
705112fa-0dfe-4047-adc3-0dccdc99dbc4,numbered,89428,completed,sold,1,2026-06-08 16:23:30.547259+00,2026-06-08 16:23:40.62443+00,2026-06-08 16:23:40.728231+00,0.103801,10.180972,
98af8ba0-222e-4498-936b-0d54024ccb94,numbered,78621,completed,sold,1,2026-06-08 16:23:30.550751+00,2026-06-08 16:23:40.62883+00,2026-06-08 16:23:40.734399+00,0.105569,10.183648,
1285e938-7483-4a23-9729-c682d08dd6c4,numbered,43104,completed,sold,1,2026-06-08 16:23:30.557667+00,2026-06-08 16:23:40.63684+00,2026-06-08 16:23:40.745268+00,0.108428,10.187601,
53bce388-5c22-47b8-b6da-774ba4af197e,numbered,34045,completed,sold,1,2026-06-08 16:23:30.554189+00,2026-06-08 16:23:40.637629+00,2026-06-08 16:23:40.748464+00,0.110835,10.194275,
f0c21225-a8c1-4cde-9dae-681392cef904,numbered,73316,completed,sold,1,2026-06-08 16:23:30.561204+00,2026-06-08 16:23:40.662496+00,2026-06-08 16:23:40.768475+00,0.105979,10.207271,
28e0b867-d845-46f7-a9b1-9eb96b9cd0ef,numbered,59637,completed,sold,1,2026-06-08 16:23:30.564729+00,2026-06-08 16:23:40.674443+00,2026-06-08 16:23:40.779724+00,0.105281,10.214995,
e9958991-e0a2-4580-b4a3-1d5ce8164fa1,numbered,7805,completed,sold,1,2026-06-08 16:23:30.568113+00,2026-06-08 16:23:40.724045+00,2026-06-08 16:23:40.829081+00,0.105036,10.260968,
421c0965-2967-4660-aaa2-0ea678faafe3,numbered,54278,completed,sold,1,2026-06-08 16:23:30.571639+00,2026-06-08 16:23:40.747673+00,2026-06-08 16:23:40.853145+00,0.105472,10.281506,
fb3bae60-7c47-4294-9358-0db1301159e1,numbered,69964,completed,sold,1,2026-06-08 16:23:30.575084+00,2026-06-08 16:23:40.753452+00,2026-06-08 16:23:40.858096+00,0.104644,10.283012,
d5af6432-4c81-4d0a-ade3-f480a01abb4f,numbered,85761,completed,sold,1,2026-06-08 16:23:30.578535+00,2026-06-08 16:23:40.767223+00,2026-06-08 16:23:40.873625+00,0.106402,10.295090,
ea4f1ca4-d0c3-4ebe-857c-636a5003ff05,numbered,81879,completed,sold,1,2026-06-08 16:23:30.585693+00,2026-06-08 16:23:40.779835+00,2026-06-08 16:23:40.886042+00,0.106207,10.300349,
25d1e440-fb7f-40a0-87c3-3ef7882b8fe2,numbered,72376,completed,sold,1,2026-06-08 16:23:30.582149+00,2026-06-08 16:23:40.780508+00,2026-06-08 16:23:40.887503+00,0.106995,10.305354,
7cbfd35d-9400-486f-9ae6-0c68de009501,numbered,78096,completed,sold,1,2026-06-08 16:23:30.589082+00,2026-06-08 16:23:40.796783+00,2026-06-08 16:23:40.902524+00,0.105741,10.313442,
39a12e90-c35a-453e-9574-458e3a7d7612,numbered,12040,completed,sold,1,2026-06-08 16:23:30.59247+00,2026-06-08 16:23:40.802031+00,2026-06-08 16:23:40.907314+00,0.105283,10.314844,
0802d7ad-1fd2-409e-ae13-1d5bb0e39eef,numbered,52842,completed,sold,1,2026-06-08 16:23:30.596738+00,2026-06-08 16:23:40.852236+00,2026-06-08 16:23:40.957251+00,0.105015,10.360513,
510da69f-fcfd-49de-b6d1-07d43feaf808,numbered,39690,completed,sold,1,2026-06-08 16:23:30.601093+00,2026-06-08 16:23:40.87656+00,2026-06-08 16:23:40.981636+00,0.105076,10.380543,
405be20a-345d-4ac6-b227-f4a6189b4410,numbered,57134,completed,sold,1,2026-06-08 16:23:30.605107+00,2026-06-08 16:23:40.885388+00,2026-06-08 16:23:40.990083+00,0.104695,10.384976,
e4956d58-6755-4735-9b60-dc5af0fb1aba,numbered,53903,completed,sold,1,2026-06-08 16:23:30.609181+00,2026-06-08 16:23:40.902815+00,2026-06-08 16:23:41.008351+00,0.105536,10.399170,
d0e21aa6-13cd-4f7e-a39a-f32ce6fa3610,numbered,3814,completed,sold,1,2026-06-08 16:23:30.613327+00,2026-06-08 16:23:40.919015+00,2026-06-08 16:23:41.025961+00,0.106946,10.412634,
a67a2d24-5a77-449c-93aa-51930430f484,numbered,15941,completed,sold,1,2026-06-08 16:23:30.617616+00,2026-06-08 16:23:40.919786+00,2026-06-08 16:23:41.027448+00,0.107662,10.409832,
d189f488-33ef-4d89-a1c4-6219610cf27d,numbered,31085,completed,sold,1,2026-06-08 16:23:30.625989+00,2026-06-08 16:23:40.936166+00,2026-06-08 16:23:41.042898+00,0.106732,10.416909,
a7fb23fd-139d-4dd4-8965-55f244d553f0,numbered,78689,completed,sold,1,2026-06-08 16:23:30.621694+00,2026-06-08 16:23:40.936488+00,2026-06-08 16:23:41.043183+00,0.106695,10.421489,
b49f7c60-85ed-49eb-a04b-38b36470e251,numbered,97643,completed,sold,1,2026-06-08 16:23:30.630027+00,2026-06-08 16:23:40.980367+00,2026-06-08 16:23:41.085311+00,0.104944,10.455284,
52f707d3-f543-446f-a586-d3079dbbe779,numbered,80907,completed,sold,1,2026-06-08 16:23:30.634215+00,2026-06-08 16:23:41.007916+00,2026-06-08 16:23:41.11276+00,0.104844,10.478545,
7cfdf218-f389-4b66-a041-f4eddc598399,numbered,26502,completed,sold,1,2026-06-08 16:23:30.638723+00,2026-06-08 16:23:41.010887+00,2026-06-08 16:23:41.115077+00,0.104190,10.476354,
16095c13-3af2-41c7-ab56-89e8bef723ab,numbered,42773,completed,sold,1,2026-06-08 16:23:30.642624+00,2026-06-08 16:23:41.037475+00,2026-06-08 16:23:41.142043+00,0.104568,10.499419,
65435f2a-4b2d-4868-bd56-acf49da7dd84,numbered,32190,completed,sold,1,2026-06-08 16:23:30.660107+00,2026-06-08 16:23:41.060727+00,2026-06-08 16:23:41.167233+00,0.106506,10.507126,
c04c8f13-6820-49a8-8e9b-37392c32ee7e,numbered,13288,completed,sold,1,2026-06-08 16:23:30.651851+00,2026-06-08 16:23:41.063398+00,2026-06-08 16:23:41.170153+00,0.106755,10.518302,
0930e4d6-3a9e-4f2d-8653-5e556ffbfd52,numbered,43847,completed,sold,1,2026-06-08 16:23:30.669901+00,2026-06-08 16:23:41.070424+00,2026-06-08 16:23:41.175583+00,0.105159,10.505682,
ca34240c-aed8-4f18-851c-29e5c7568f86,numbered,23533,completed,sold,1,2026-06-08 16:23:30.673626+00,2026-06-08 16:23:41.073984+00,2026-06-08 16:23:41.180464+00,0.106480,10.506838,
ebab97a0-4c7b-458b-8863-2ead031a29ec,numbered,56610,completed,sold,1,2026-06-08 16:23:30.677061+00,2026-06-08 16:23:41.107533+00,2026-06-08 16:23:41.212841+00,0.105308,10.535780,
9210d9f9-df59-458f-9f9a-1d9f6b59b746,numbered,48123,completed,sold,1,2026-06-08 16:23:30.682023+00,2026-06-08 16:23:41.135735+00,2026-06-08 16:23:41.240284+00,0.104549,10.558261,
7aed8651-a77c-434c-a4db-9902109622ce,numbered,32935,completed,sold,1,2026-06-08 16:23:30.685572+00,2026-06-08 16:23:41.136546+00,2026-06-08 16:23:41.241189+00,0.104643,10.555617,
38989024-767d-42ab-97d4-2abef7945af1,numbered,81367,completed,sold,1,2026-06-08 16:23:30.689059+00,2026-06-08 16:23:41.16788+00,2026-06-08 16:23:41.272873+00,0.104993,10.583814,
dd7e1201-a133-495b-a8b9-eabc0016af84,numbered,93745,completed,sold,1,2026-06-08 16:23:30.692456+00,2026-06-08 16:23:41.197179+00,2026-06-08 16:23:41.302671+00,0.105492,10.610215,
ef875843-e244-4dba-b39c-3940124ca88b,numbered,95431,completed,sold,1,2026-06-08 16:23:30.699456+00,2026-06-08 16:23:41.206782+00,2026-06-08 16:23:41.314343+00,0.107561,10.614887,
7dc196dd-e81b-4d7e-af43-fd7d3055a74f,numbered,42582,completed,sold,1,2026-06-08 16:23:30.696045+00,2026-06-08 16:23:41.206477+00,2026-06-08 16:23:41.315021+00,0.108544,10.618976,
31ffc907-6036-4223-8f62-6ec7cff3bb50,numbered,29410,completed,sold,1,2026-06-08 16:23:30.702789+00,2026-06-08 16:23:41.209054+00,2026-06-08 16:23:41.31511+00,0.106056,10.612321,
308045d8-3dcf-4565-aafa-8535b0c311aa,numbered,19245,completed,sold,1,2026-06-08 16:23:30.706291+00,2026-06-08 16:23:41.23504+00,2026-06-08 16:23:41.3409+00,0.105860,10.634609,
d5003cb3-846b-41c1-a72e-66cc8e71bcee,numbered,14188,completed,sold,1,2026-06-08 16:23:30.713275+00,2026-06-08 16:23:41.263815+00,2026-06-08 16:23:41.368083+00,0.104268,10.654808,
f4a734f8-4d33-44fd-a12b-c0511665b1e7,numbered,46306,completed,sold,1,2026-06-08 16:23:30.709713+00,2026-06-08 16:23:41.263814+00,2026-06-08 16:23:41.370537+00,0.106723,10.660824,
b87c70a2-454b-47d8-ae74-7d9dbc3ef471,numbered,22843,completed,sold,1,2026-06-08 16:23:30.716825+00,2026-06-08 16:23:41.296507+00,2026-06-08 16:23:41.402065+00,0.105558,10.685240,
fc497c4f-0bbf-42bb-9d9f-87f5fd004396,numbered,70701,completed,sold,1,2026-06-08 16:23:30.72063+00,2026-06-08 16:23:41.33319+00,2026-06-08 16:23:41.439142+00,0.105952,10.718512,
663fba7a-7747-413e-af3f-4b90f9639f56,numbered,81768,completed,sold,1,2026-06-08 16:23:30.72757+00,2026-06-08 16:23:41.345898+00,2026-06-08 16:23:41.451342+00,0.105444,10.723772,
b640a049-d8af-4e9c-bb98-44dd2b9d8a29,numbered,83736,completed,sold,1,2026-06-08 16:23:30.724263+00,2026-06-08 16:23:41.350264+00,2026-06-08 16:23:41.45536+00,0.105096,10.731097,
f23ffb3a-9ff4-44fd-a2e8-4af9994c9bd5,numbered,36801,completed,sold,1,2026-06-08 16:23:30.730982+00,2026-06-08 16:23:41.351186+00,2026-06-08 16:23:41.458824+00,0.107638,10.727842,
1f7e9415-98a7-4181-9435-e96252fdceb8,numbered,26740,completed,sold,1,2026-06-08 16:23:30.734397+00,2026-06-08 16:23:41.369624+00,2026-06-08 16:23:41.477009+00,0.107385,10.742612,
f1ec1176-79ca-4a11-8c75-95ef5010804a,numbered,52495,completed,sold,1,2026-06-08 16:23:30.739402+00,2026-06-08 16:23:41.389464+00,2026-06-08 16:23:41.493287+00,0.103823,10.753885,
bc170463-c460-445a-a576-560f9ae1094e,numbered,56859,completed,sold,1,2026-06-08 16:23:30.742785+00,2026-06-08 16:23:41.393734+00,2026-06-08 16:23:41.498799+00,0.105065,10.756014,
f37ad754-ed06-43b1-bae4-7a6e55ac873f,numbered,31195,completed,sold,1,2026-06-08 16:23:30.746247+00,2026-06-08 16:23:41.424363+00,2026-06-08 16:23:41.529153+00,0.104790,10.782906,
adc08edc-8073-4e2b-b31d-197c2d0242de,numbered,41308,completed,sold,1,2026-06-08 16:23:30.750554+00,2026-06-08 16:23:41.471982+00,2026-06-08 16:23:41.577604+00,0.105622,10.827050,
bcc4a3fd-480d-43b9-8044-5a0ba2079f63,numbered,89625,completed,sold,1,2026-06-08 16:23:30.757158+00,2026-06-08 16:23:41.484775+00,2026-06-08 16:23:41.589913+00,0.105138,10.832755,
18bb5b38-e1aa-4982-9e77-ca75d765886b,numbered,36933,completed,sold,1,2026-06-08 16:23:30.753921+00,2026-06-08 16:23:41.488276+00,2026-06-08 16:23:41.595178+00,0.106902,10.841257,
9bd9086e-6f6d-4221-898e-3819b6d2ba85,numbered,45589,completed,sold,1,2026-06-08 16:23:30.760687+00,2026-06-08 16:23:41.489181+00,2026-06-08 16:23:41.595927+00,0.106746,10.835240,
2aa37851-8966-4261-92e8-277179b2118f,numbered,1886,completed,sold,1,2026-06-08 16:23:30.764049+00,2026-06-08 16:23:41.506709+00,2026-06-08 16:23:41.612182+00,0.105473,10.848133,
a777ef75-e8c3-496e-af3e-72036bc02475,numbered,20734,completed,sold,1,2026-06-08 16:23:30.767492+00,2026-06-08 16:23:41.519087+00,2026-06-08 16:23:41.625119+00,0.106032,10.857627,
24131db8-9dc8-452b-8ae8-3f4b50c4cd55,numbered,27856,completed,sold,1,2026-06-08 16:23:30.771668+00,2026-06-08 16:23:41.522849+00,2026-06-08 16:23:41.62827+00,0.105421,10.856602,
86bcf0b2-aeb1-42da-921b-1513fd94d5cc,numbered,14475,completed,sold,1,2026-06-08 16:23:30.775988+00,2026-06-08 16:23:41.554244+00,2026-06-08 16:23:41.659644+00,0.105400,10.883656,
00b8edba-5d66-4621-9fee-64657cc98acb,numbered,95383,completed,sold,1,2026-06-08 16:23:30.780049+00,2026-06-08 16:23:41.611822+00,2026-06-08 16:23:41.717872+00,0.106050,10.937823,
bd985001-34ce-42db-96ba-d83095ab5200,numbered,86322,completed,sold,1,2026-06-08 16:23:30.784176+00,2026-06-08 16:23:41.619109+00,2026-06-08 16:23:41.724523+00,0.105414,10.940347,
dcb22689-06f8-48e8-b1df-f36fbd301ebb,numbered,16233,completed,sold,1,2026-06-08 16:23:30.78986+00,2026-06-08 16:23:41.628288+00,2026-06-08 16:23:41.735184+00,0.106896,10.945324,
108ca7dc-238b-4db6-af8f-27fb32f5de5b,numbered,10525,completed,sold,1,2026-06-08 16:23:30.79349+00,2026-06-08 16:23:41.631784+00,2026-06-08 16:23:41.738495+00,0.106711,10.945005,
ec753e20-dbe1-4693-bd46-484e3ae082bb,numbered,43678,completed,sold,1,2026-06-08 16:23:30.796969+00,2026-06-08 16:23:41.641327+00,2026-06-08 16:23:41.746864+00,0.105537,10.949895,
f571d063-bdd2-486c-8bd7-a2f97c23559f,numbered,32742,completed,sold,1,2026-06-08 16:23:30.802107+00,2026-06-08 16:23:41.648327+00,2026-06-08 16:23:41.753442+00,0.105115,10.951335,
d9a51c98-4865-46e5-be32-4b3c0135d7cb,numbered,2007,completed,sold,1,2026-06-08 16:23:30.80649+00,2026-06-08 16:23:41.653528+00,2026-06-08 16:23:41.758638+00,0.105110,10.952148,
4b5ee341-3089-4ec5-b9e0-5405b026f3f5,numbered,75695,completed,sold,1,2026-06-08 16:23:30.811395+00,2026-06-08 16:23:41.684372+00,2026-06-08 16:23:41.790092+00,0.105720,10.978697,
321887fb-1aa4-4777-b41e-72f006be0567,numbered,34719,completed,sold,1,2026-06-08 16:23:30.816091+00,2026-06-08 16:23:41.749824+00,2026-06-08 16:23:41.855599+00,0.105775,11.039508,
3abf5c39-e684-4e8b-88b5-c86ccad6c26f,numbered,37579,completed,sold,1,2026-06-08 16:23:30.819462+00,2026-06-08 16:23:41.773405+00,2026-06-08 16:23:41.879495+00,0.106090,11.060033,
d8f6c011-67fa-4c4f-8b24-b9ce1b1a327a,numbered,69309,completed,sold,1,2026-06-08 16:23:30.8235+00,2026-06-08 16:23:41.771827+00,2026-06-08 16:23:41.880209+00,0.108382,11.056709,
3eeb7873-d951-47b9-9945-90234d5c8e52,numbered,93008,completed,sold,1,2026-06-08 16:23:30.826818+00,2026-06-08 16:23:41.779587+00,2026-06-08 16:23:41.887494+00,0.107907,11.060676,
e6816be5-6ae9-492d-aefc-81759d9acaf9,numbered,27463,completed,sold,1,2026-06-08 16:23:30.829952+00,2026-06-08 16:23:41.782162+00,2026-06-08 16:23:41.888438+00,0.106276,11.058486,
c654dc31-9147-44af-ad53-c65911a86efb,numbered,57606,completed,sold,1,2026-06-08 16:23:30.834195+00,2026-06-08 16:23:41.786786+00,2026-06-08 16:23:41.891848+00,0.105062,11.057653,
7f0141ff-45b8-4850-b846-693c36170ba7,numbered,59400,completed,sold,1,2026-06-08 16:23:30.838469+00,2026-06-08 16:23:41.790812+00,2026-06-08 16:23:41.901365+00,0.110553,11.062896,
c0773ee8-84a1-4ff6-baff-7aaa4d1a091a,numbered,82044,completed,sold,1,2026-06-08 16:23:30.843577+00,2026-06-08 16:23:41.812881+00,2026-06-08 16:23:41.918403+00,0.105522,11.074826,
7f7403b2-1f84-41df-9151-fe198fd965f0,numbered,37204,completed,sold,1,2026-06-08 16:23:30.846984+00,2026-06-08 16:23:41.882856+00,2026-06-08 16:23:41.988433+00,0.105577,11.141449,
62f46359-abdf-4916-a4fd-5d873b910578,numbered,45521,completed,sold,1,2026-06-08 16:23:30.850825+00,2026-06-08 16:23:41.911023+00,2026-06-08 16:23:42.016078+00,0.105055,11.165253,
1f5917d7-b8cd-454b-83e4-86b4571bcbf9,numbered,19255,completed,sold,1,2026-06-08 16:23:30.854929+00,2026-06-08 16:23:41.928436+00,2026-06-08 16:23:42.035905+00,0.107469,11.180976,
0a033614-3a6b-488f-a94f-730d0482cc2f,numbered,63428,completed,sold,1,2026-06-08 16:23:30.873577+00,2026-06-08 16:23:41.93533+00,2026-06-08 16:23:42.040674+00,0.105344,11.167097,
ceb66c58-0f7a-4277-85a0-2367bf1d2b14,numbered,24894,completed,sold,1,2026-06-08 16:23:30.86331+00,2026-06-08 16:23:41.933134+00,2026-06-08 16:23:42.041521+00,0.108387,11.178211,
503db290-4171-459a-bfe7-fe4f5764e2c9,numbered,18638,completed,sold,1,2026-06-08 16:23:30.859262+00,2026-06-08 16:23:41.936371+00,2026-06-08 16:23:42.048067+00,0.111696,11.188805,
d31b86fc-645f-4adc-bcc5-2facaed55e76,numbered,33229,completed,sold,1,2026-06-08 16:23:30.86745+00,2026-06-08 16:23:41.939144+00,2026-06-08 16:23:42.052648+00,0.113504,11.185198,
5ae41aae-8823-4ea6-a9b9-84cd00d146f7,numbered,64225,completed,sold,1,2026-06-08 16:23:30.877255+00,2026-06-08 16:23:41.948842+00,2026-06-08 16:23:42.054709+00,0.105867,11.177454,
0d2d7ccb-59bd-4ebb-a0a1-564054493d1e,numbered,25632,completed,sold,1,2026-06-08 16:23:30.880703+00,2026-06-08 16:23:42.014592+00,2026-06-08 16:23:42.120555+00,0.105963,11.239852,
72d83828-6c90-42af-8a4b-d48f0c3baa09,numbered,11083,completed,sold,1,2026-06-08 16:23:30.884138+00,2026-06-08 16:23:42.048056+00,2026-06-08 16:23:42.152655+00,0.104599,11.268517,
ae18edbc-f0ca-4cc7-b172-cb5cb0df7b01,numbered,63156,completed,sold,1,2026-06-08 16:23:30.892538+00,2026-06-08 16:23:42.076467+00,2026-06-08 16:23:42.181266+00,0.104799,11.288728,
568af3f7-d7ec-473c-b5ec-abc1f32099ae,numbered,18731,completed,sold,1,2026-06-08 16:23:30.896977+00,2026-06-08 16:23:42.08162+00,2026-06-08 16:23:42.187598+00,0.105978,11.290621,
1b63fbc4-e839-4abc-ab6e-0c3a46d718b9,numbered,5147,completed,sold,1,2026-06-08 16:23:30.905113+00,2026-06-08 16:23:42.08195+00,2026-06-08 16:23:42.189401+00,0.107451,11.284288,
93305265-cb46-4de0-9703-fff192889e14,numbered,18049,completed,sold,1,2026-06-08 16:23:30.88841+00,2026-06-08 16:23:42.08685+00,2026-06-08 16:23:42.195224+00,0.108374,11.306814,
c1bd8c50-b549-4e2c-999e-771a62691745,numbered,81794,completed,sold,1,2026-06-08 16:23:30.909729+00,2026-06-08 16:23:42.089132+00,2026-06-08 16:23:42.195862+00,0.106730,11.286133,
70155542-11d4-4c0b-aff5-f0235dec856c,numbered,96913,completed,sold,1,2026-06-08 16:23:30.900948+00,2026-06-08 16:23:42.089424+00,2026-06-08 16:23:42.19628+00,0.106856,11.295332,
3fdbf4a3-f35c-4500-9639-096f47327875,numbered,65034,completed,sold,1,2026-06-08 16:23:30.913519+00,2026-06-08 16:23:42.146893+00,2026-06-08 16:23:42.252372+00,0.105479,11.338853,
ab36928c-5358-4078-b046-422c3c3205bb,numbered,74470,completed,sold,1,2026-06-08 16:23:30.917655+00,2026-06-08 16:23:42.175915+00,2026-06-08 16:23:42.280603+00,0.104688,11.362948,
6c852648-8109-4aec-8a62-8e138d39c326,numbered,44224,completed,sold,1,2026-06-08 16:23:30.921717+00,2026-06-08 16:23:42.215623+00,2026-06-08 16:23:42.320006+00,0.104383,11.398289,
0cbae55d-61ef-4701-aa65-4f66a8a94428,numbered,58319,completed,sold,1,2026-06-08 16:23:30.926586+00,2026-06-08 16:23:42.228985+00,2026-06-08 16:23:42.33333+00,0.104345,11.406744,
71fda241-c1aa-4d3e-83dc-7f24fe1918f3,numbered,89990,completed,sold,1,2026-06-08 16:23:30.93011+00,2026-06-08 16:23:42.231687+00,2026-06-08 16:23:42.337302+00,0.105615,11.407192,
907e77eb-74fb-4729-83e5-765e454e8186,numbered,84797,completed,sold,1,2026-06-08 16:23:30.943636+00,2026-06-08 16:23:42.239321+00,2026-06-08 16:23:42.345692+00,0.106371,11.402056,
3dbed657-d33f-40bd-b686-94670e70c243,numbered,72518,completed,sold,1,2026-06-08 16:23:30.934214+00,2026-06-08 16:23:42.236685+00,2026-06-08 16:23:42.347912+00,0.111227,11.413698,
02529a50-d1d1-449a-acab-4acbf750a489,numbered,19130,completed,sold,1,2026-06-08 16:23:30.938567+00,2026-06-08 16:23:42.23637+00,2026-06-08 16:23:42.348814+00,0.112444,11.410247,
ce23c033-7253-4f01-b114-0de993c551f3,numbered,43681,completed,sold,1,2026-06-08 16:23:30.947105+00,2026-06-08 16:23:42.278105+00,2026-06-08 16:23:42.384306+00,0.106201,11.437201,
154faf89-15e4-445a-892c-688aeda285f4,numbered,81118,completed,sold,1,2026-06-08 16:23:30.954901+00,2026-06-08 16:23:42.301649+00,2026-06-08 16:23:42.4064+00,0.104751,11.451499,
7607b79c-0b76-4678-af38-f510358af136,numbered,26719,completed,sold,1,2026-06-08 16:23:30.958667+00,2026-06-08 16:23:42.355402+00,2026-06-08 16:23:42.460437+00,0.105035,11.501770,
15137d88-009e-42e6-a653-fc9f3a8d1a5f,numbered,53427,completed,sold,1,2026-06-08 16:23:30.962255+00,2026-06-08 16:23:42.373173+00,2026-06-08 16:23:42.478473+00,0.105300,11.516218,
63b656de-8697-4de3-8ed1-003c2bb01730,numbered,86103,completed,sold,1,2026-06-08 16:23:30.965653+00,2026-06-08 16:23:42.375375+00,2026-06-08 16:23:42.482339+00,0.106964,11.516686,
47fa611d-d6f4-49d6-b8d4-8f0e618ec303,numbered,10205,completed,sold,1,2026-06-08 16:23:30.969101+00,2026-06-08 16:23:42.37829+00,2026-06-08 16:23:42.487419+00,0.109129,11.518318,
c5d581d8-4d36-4c26-90b3-d492868dc78a,numbered,3665,completed,sold,1,2026-06-08 16:23:30.972603+00,2026-06-08 16:23:42.382267+00,2026-06-08 16:23:42.487875+00,0.105608,11.515272,
5b560f04-7eed-4063-8b58-cf6389acae60,numbered,97564,completed,sold,1,2026-06-08 16:23:30.976265+00,2026-06-08 16:23:42.384839+00,2026-06-08 16:23:42.490826+00,0.105987,11.514561,
dd9b789c-aea5-41f5-a4e7-e3bdbac88cb1,numbered,52919,completed,seat_unavailable,1,2026-06-08 16:23:30.981147+00,2026-06-08 16:23:42.410397+00,2026-06-08 16:23:42.515137+00,0.104740,11.533990,
04d73da8-7163-4849-9d3a-0b3cab5f633d,numbered,39943,completed,sold,1,2026-06-08 16:23:30.984527+00,2026-06-08 16:23:42.429224+00,2026-06-08 16:23:42.533686+00,0.104462,11.549159,
deae74ca-3f46-4ce2-a0a5-8a6e46ffe87a,numbered,43990,completed,sold,1,2026-06-08 16:23:30.988461+00,2026-06-08 16:23:42.489597+00,2026-06-08 16:23:42.594274+00,0.104677,11.605813,
c20c9b49-1228-40fd-86d3-3ab3a01a9f12,numbered,20012,completed,sold,1,2026-06-08 16:23:30.997924+00,2026-06-08 16:23:42.52123+00,2026-06-08 16:23:42.626304+00,0.105074,11.628380,
b7e7cd2d-01ad-4ac9-b920-0ce8b95cb46f,numbered,37397,completed,sold,1,2026-06-08 16:23:31.005404+00,2026-06-08 16:23:42.52489+00,2026-06-08 16:23:42.632426+00,0.107536,11.627022,
5b80b007-496c-48fb-b7ff-c441bfd96631,numbered,18495,completed,sold,1,2026-06-08 16:23:30.992577+00,2026-06-08 16:23:42.524251+00,2026-06-08 16:23:42.634798+00,0.110547,11.642221,
ea73a769-9223-4509-b4b6-97b0afe56ec8,numbered,14877,completed,sold,1,2026-06-08 16:23:31.002035+00,2026-06-08 16:23:42.52489+00,2026-06-08 16:23:42.635183+00,0.110293,11.633148,
c414c123-73ee-4664-b32d-c07949037d18,numbered,71209,completed,sold,1,2026-06-08 16:23:31.009271+00,2026-06-08 16:23:42.531481+00,2026-06-08 16:23:42.637668+00,0.106187,11.628397,
43038ba4-9685-4db3-adc9-791fb27a8bb4,numbered,81762,completed,sold,1,2026-06-08 16:23:31.013621+00,2026-06-08 16:23:42.548242+00,2026-06-08 16:23:42.655162+00,0.106920,11.641541,
573451ea-0754-4304-81a0-f90aba45a68b,numbered,24025,completed,sold,1,2026-06-08 16:23:31.01761+00,2026-06-08 16:23:42.556814+00,2026-06-08 16:23:42.664195+00,0.107381,11.646585,
a1b3b360-b737-42ac-b8ea-73fa38dc9bab,numbered,11157,completed,sold,1,2026-06-08 16:23:31.021695+00,2026-06-08 16:23:42.615467+00,2026-06-08 16:23:42.719939+00,0.104472,11.698244,
2bc9a913-c92b-4e64-b370-810bd2eda539,numbered,31220,completed,sold,1,2026-06-08 16:23:31.025977+00,2026-06-08 16:23:42.662929+00,2026-06-08 16:23:42.768128+00,0.105199,11.742151,
46f159ff-d566-410c-96ca-215b87ccbb26,numbered,87577,completed,sold,1,2026-06-08 16:23:31.034284+00,2026-06-08 16:23:42.666431+00,2026-06-08 16:23:42.770772+00,0.104341,11.736488,
fa19de9a-7e57-4584-8dc7-da87f82b7018,numbered,26537,completed,sold,1,2026-06-08 16:23:31.030037+00,2026-06-08 16:23:42.676162+00,2026-06-08 16:23:42.781091+00,0.104929,11.751054,
5c5d8845-7abf-4756-a06e-ef0ebd983030,numbered,95299,completed,sold,1,2026-06-08 16:23:31.038607+00,2026-06-08 16:23:42.68136+00,2026-06-08 16:23:42.787486+00,0.106126,11.748879,
97c3419d-c814-47c4-b8c4-af72db02e7de,numbered,18328,completed,sold,1,2026-06-08 16:23:31.042708+00,2026-06-08 16:23:42.683738+00,2026-06-08 16:23:42.790378+00,0.106640,11.747670,
c3b5eeb6-72e7-420f-b82f-e8f067ddece3,numbered,566,completed,sold,1,2026-06-08 16:23:31.046782+00,2026-06-08 16:23:42.688045+00,2026-06-08 16:23:42.795449+00,0.107404,11.748667,
1585b917-44f3-45d5-9b6e-aa7e2f61c397,numbered,87551,completed,sold,1,2026-06-08 16:23:31.051108+00,2026-06-08 16:23:42.695107+00,2026-06-08 16:23:42.808403+00,0.113296,11.757295,
26fd17f0-0e6c-461a-9b50-3dd123ec6ae9,numbered,24527,completed,sold,1,2026-06-08 16:23:31.055094+00,2026-06-08 16:23:42.740966+00,2026-06-08 16:23:42.845593+00,0.104627,11.790499,
c6cffa83-96b2-498e-acbc-eca7ba728051,numbered,8433,completed,sold,1,2026-06-08 16:23:31.059328+00,2026-06-08 16:23:42.80167+00,2026-06-08 16:23:42.906629+00,0.104959,11.847301,
16cc7f19-d8f8-4562-87ee-f2ebb439ddb9,numbered,97128,completed,sold,1,2026-06-08 16:23:31.063487+00,2026-06-08 16:23:42.810004+00,2026-06-08 16:23:42.915033+00,0.105029,11.851546,
7fb4a88c-d89d-493d-afcf-05323c8589ad,numbered,9952,completed,sold,1,2026-06-08 16:23:31.067592+00,2026-06-08 16:23:42.821353+00,2026-06-08 16:23:42.926874+00,0.105521,11.859282,
cf33d081-3961-4aca-b389-738d50a26d6d,numbered,74059,completed,sold,1,2026-06-08 16:23:31.078734+00,2026-06-08 16:23:42.830127+00,2026-06-08 16:23:42.936158+00,0.106031,11.857424,
d65c71eb-aeb2-4dea-a346-120102d367cc,numbered,16223,completed,sold,1,2026-06-08 16:23:31.071823+00,2026-06-08 16:23:42.831807+00,2026-06-08 16:23:42.939692+00,0.107885,11.867869,
e4ae198f-6102-4f84-a276-a149ea9466c0,numbered,7950,completed,sold,1,2026-06-08 16:23:31.087704+00,2026-06-08 16:23:42.835417+00,2026-06-08 16:23:42.940368+00,0.104951,11.852664,
e422e4e3-e1e2-46a0-8549-80ad2858583a,numbered,87155,completed,sold,1,2026-06-08 16:23:31.083591+00,2026-06-08 16:23:42.832759+00,2026-06-08 16:23:42.940858+00,0.108099,11.857267,
767db40f-29b0-4507-9c2a-33390a310634,numbered,30027,completed,sold,1,2026-06-08 16:23:31.095057+00,2026-06-08 16:23:42.867381+00,2026-06-08 16:23:42.972769+00,0.105388,11.877712,
fd2f3cd4-89e7-466b-a1a3-8111a1839710,numbered,44259,completed,sold,1,2026-06-08 16:23:31.098509+00,2026-06-08 16:23:42.941589+00,2026-06-08 16:23:43.047125+00,0.105536,11.948616,
3413c317-7ee6-4742-b273-526ba1d951ac,numbered,53764,completed,sold,1,2026-06-08 16:23:31.102385+00,2026-06-08 16:23:42.956054+00,2026-06-08 16:23:43.060531+00,0.104477,11.958146,
bd249525-d981-453e-b7cf-b0ef633916e5,numbered,55372,completed,sold,1,2026-06-08 16:23:31.10587+00,2026-06-08 16:23:42.972472+00,2026-06-08 16:23:43.079787+00,0.107315,11.973917,
dbfee8fc-d408-4d78-ab7a-8442794acb4a,numbered,27463,completed,seat_unavailable,1,2026-06-08 16:23:31.112729+00,2026-06-08 16:23:42.984972+00,2026-06-08 16:23:43.088891+00,0.103919,11.976162,
dd4b0974-15e8-45e0-9c0b-ab44afbcc9b6,numbered,14024,completed,sold,1,2026-06-08 16:23:31.11884+00,2026-06-08 16:23:42.983825+00,2026-06-08 16:23:43.090804+00,0.106979,11.971964,
ac0dcbd2-5a2a-43c4-946d-fb9191d0e2f8,numbered,12950,completed,sold,1,2026-06-08 16:23:31.123085+00,2026-06-08 16:23:42.98055+00,2026-06-08 16:23:43.090846+00,0.110296,11.967761,
215e4fb9-42e2-4646-9b8a-ff9f97d931be,numbered,10715,completed,sold,1,2026-06-08 16:23:31.109167+00,2026-06-08 16:23:42.978779+00,2026-06-08 16:23:43.091732+00,0.112953,11.982565,
9349de2f-f340-4ffa-9412-a998b835647a,numbered,3916,completed,sold,1,2026-06-08 16:23:31.128125+00,2026-06-08 16:23:43.00107+00,2026-06-08 16:23:43.108252+00,0.107182,11.980127,
48a857d9-b02a-4ec6-8b36-fd3942805c7d,numbered,66553,completed,sold,1,2026-06-08 16:23:31.132134+00,2026-06-08 16:23:43.071067+00,2026-06-08 16:23:43.175861+00,0.104794,12.043727,
a9cde15d-b33f-4920-b680-5075a8885695,numbered,26633,completed,sold,1,2026-06-08 16:23:31.137975+00,2026-06-08 16:23:43.090113+00,2026-06-08 16:23:43.1953+00,0.105187,12.057325,
caa24d9a-2b22-4a30-ad45-7c21f11caefe,numbered,19645,completed,sold,1,2026-06-08 16:23:31.145033+00,2026-06-08 16:23:43.124914+00,2026-06-08 16:23:43.231504+00,0.106590,12.086471,
301cdee6-beed-4f2e-a968-feaaae72be80,numbered,77673,completed,sold,1,2026-06-08 16:23:31.148284+00,2026-06-08 16:23:43.12712+00,2026-06-08 16:23:43.234303+00,0.107183,12.086019,
da42fb3f-c5b4-48da-8ed0-4a639d4542d5,numbered,37340,completed,sold,1,2026-06-08 16:23:31.141583+00,2026-06-08 16:23:43.127816+00,2026-06-08 16:23:43.235046+00,0.107230,12.093463,
2e5e4830-a605-46ff-b1f3-90d194ddf0c5,numbered,8036,completed,sold,1,2026-06-08 16:23:31.15524+00,2026-06-08 16:23:43.132051+00,2026-06-08 16:23:43.238146+00,0.106095,12.082906,
061a1b49-13a1-4011-89dd-d85396a9dfc8,numbered,21475,completed,sold,1,2026-06-08 16:23:31.151758+00,2026-06-08 16:23:43.130552+00,2026-06-08 16:23:43.240955+00,0.110403,12.089197,
1e1c2a82-2d90-4966-a6b1-e3552fff87f4,numbered,95038,completed,sold,1,2026-06-08 16:23:31.158704+00,2026-06-08 16:23:43.145503+00,2026-06-08 16:23:43.250895+00,0.105392,12.092191,
eabef38c-3ae0-4fed-9365-74d7bd7901f7,numbered,62147,completed,sold,1,2026-06-08 16:23:31.162224+00,2026-06-08 16:23:43.200708+00,2026-06-08 16:23:43.305938+00,0.105230,12.143714,
4c027d45-56f7-4927-92fd-0d439dcd2c47,numbered,86005,completed,sold,1,2026-06-08 16:23:31.165955+00,2026-06-08 16:23:43.215889+00,2026-06-08 16:23:43.320011+00,0.104122,12.154056,
07124551-770b-4040-8c61-53d578b2ac5d,numbered,62907,completed,sold,1,2026-06-08 16:23:31.169619+00,2026-06-08 16:23:43.266797+00,2026-06-08 16:23:43.372725+00,0.105928,12.203106,
1fd3c03b-e82c-404a-8667-fac567c85346,numbered,97482,completed,sold,1,2026-06-08 16:23:31.173041+00,2026-06-08 16:23:43.271041+00,2026-06-08 16:23:43.376267+00,0.105226,12.203226,
e1b48880-bb1c-40b1-8147-09374d488fe6,numbered,70075,completed,sold,1,2026-06-08 16:23:31.176637+00,2026-06-08 16:23:43.27172+00,2026-06-08 16:23:43.377621+00,0.105901,12.200984,
436a3529-8715-47ca-8e73-3373811f3cd5,numbered,20919,completed,sold,1,2026-06-08 16:23:31.184247+00,2026-06-08 16:23:43.280506+00,2026-06-08 16:23:43.391473+00,0.110967,12.207226,
de945a6f-1e74-46da-92c5-ed96d71be8ba,numbered,30629,completed,sold,1,2026-06-08 16:23:31.188539+00,2026-06-08 16:23:43.280506+00,2026-06-08 16:23:43.392268+00,0.111762,12.203729,
f5fd0689-e758-47a6-a3b7-319971abd61e,numbered,88022,completed,sold,1,2026-06-08 16:23:31.180414+00,2026-06-08 16:23:43.279894+00,2026-06-08 16:23:43.392747+00,0.112853,12.212333,
73dcf29f-6b57-4657-8413-d1bafc956921,numbered,76814,completed,sold,1,2026-06-08 16:23:31.192658+00,2026-06-08 16:23:43.330943+00,2026-06-08 16:23:43.435543+00,0.104600,12.242885,
dd845531-d497-4035-8a4b-ca24b08c9f07,numbered,73659,completed,sold,1,2026-06-08 16:23:31.196779+00,2026-06-08 16:23:43.341734+00,2026-06-08 16:23:43.445904+00,0.104170,12.249125,
20a4b2e2-6c88-4217-9295-dfc116ef568e,numbered,34416,completed,sold,1,2026-06-08 16:23:31.205095+00,2026-06-08 16:23:43.40719+00,2026-06-08 16:23:43.511693+00,0.104503,12.306598,
6fec8b6c-4fe2-462f-a7fe-9092f5985dda,numbered,83440,completed,sold,1,2026-06-08 16:23:31.209278+00,2026-06-08 16:23:43.416987+00,2026-06-08 16:23:43.522296+00,0.105309,12.313018,
5d630e14-e3ae-4991-a87a-83ee777e0f59,numbered,75862,completed,sold,1,2026-06-08 16:23:31.201157+00,2026-06-08 16:23:43.417689+00,2026-06-08 16:23:43.523829+00,0.106140,12.322672,
4917e212-bbcf-42f3-94ec-6b2db970d272,numbered,24764,completed,sold,1,2026-06-08 16:23:31.222801+00,2026-06-08 16:23:43.42762+00,2026-06-08 16:23:43.534183+00,0.106563,12.311382,
ba6839c9-b18a-4edc-ad3c-414abddd8ad5,numbered,42776,completed,sold,1,2026-06-08 16:23:31.218601+00,2026-06-08 16:23:43.428115+00,2026-06-08 16:23:43.536055+00,0.107940,12.317454,
fc61c5d6-f73e-4b61-9985-9158e2dce540,numbered,82182,completed,sold,1,2026-06-08 16:23:31.214924+00,2026-06-08 16:23:43.428567+00,2026-06-08 16:23:43.537048+00,0.108481,12.322124,
f8ec2e24-6c16-416d-be1b-679151ae28ce,numbered,24673,completed,sold,1,2026-06-08 16:23:31.226101+00,2026-06-08 16:23:43.458972+00,2026-06-08 16:23:43.56435+00,0.105378,12.338249,
66fc41d5-a57e-40b4-b8a0-26e6829c1e98,numbered,5341,completed,sold,1,2026-06-08 16:23:31.230055+00,2026-06-08 16:23:43.465619+00,2026-06-08 16:23:43.571242+00,0.105623,12.341187,
de8daa56-8c75-41d3-b1f4-2a03431c738b,numbered,99520,completed,sold,1,2026-06-08 16:23:31.235695+00,2026-06-08 16:23:43.54296+00,2026-06-08 16:23:43.6477+00,0.104740,12.412005,
86a713f6-33e7-4966-ab93-08798cef05b5,numbered,42571,completed,sold,1,2026-06-08 16:23:31.239304+00,2026-06-08 16:23:43.56056+00,2026-06-08 16:23:43.666825+00,0.106265,12.427521,
4c7a553d-f02f-4794-8637-1fd14b8cb53c,numbered,14811,completed,sold,1,2026-06-08 16:23:31.243618+00,2026-06-08 16:23:43.566759+00,2026-06-08 16:23:43.674495+00,0.107736,12.430877,
16413525-9027-40b4-8426-d38a64803ed1,numbered,22913,completed,sold,1,2026-06-08 16:23:31.252919+00,2026-06-08 16:23:43.574621+00,2026-06-08 16:23:43.679799+00,0.105178,12.426880,
f8a4e3b7-3de8-424a-98d5-1b383d1f1ebc,numbered,87044,completed,sold,1,2026-06-08 16:23:31.257537+00,2026-06-08 16:23:43.574004+00,2026-06-08 16:23:43.680337+00,0.106333,12.422800,
7f82e850-14e7-4a04-a21d-58e9828e18b2,numbered,46253,completed,sold,1,2026-06-08 16:23:31.246912+00,2026-06-08 16:23:43.582472+00,2026-06-08 16:23:43.689076+00,0.106604,12.442164,
1dec71f2-6d47-456f-8387-287acf8147c3,numbered,77046,completed,sold,1,2026-06-08 16:23:31.260985+00,2026-06-08 16:23:43.595115+00,2026-06-08 16:23:43.703417+00,0.108302,12.442432,
35898b99-aedb-4f20-ab19-3f49006f04da,numbered,89184,completed,sold,1,2026-06-08 16:23:31.264526+00,2026-06-08 16:23:43.595394+00,2026-06-08 16:23:43.705921+00,0.110527,12.441395,
1acb11ac-b998-4d59-9b93-2277bd3a4833,numbered,70716,completed,sold,1,2026-06-08 16:23:31.267866+00,2026-06-08 16:23:43.670764+00,2026-06-08 16:23:43.775797+00,0.105033,12.507931,
9539b59d-039f-4df4-aab0-903c224bb22c,numbered,61802,completed,sold,1,2026-06-08 16:23:31.271658+00,2026-06-08 16:23:43.702902+00,2026-06-08 16:23:43.807923+00,0.105021,12.536265,
43bdd568-63ea-47bf-b9d4-868b33d32883,numbered,84877,completed,sold,1,2026-06-08 16:23:31.27588+00,2026-06-08 16:23:43.711842+00,2026-06-08 16:23:43.818376+00,0.106534,12.542496,
7ca396c9-8608-41f3-9859-f67b5236bc0f,numbered,40806,completed,sold,1,2026-06-08 16:23:31.280049+00,2026-06-08 16:23:43.716841+00,2026-06-08 16:23:43.821642+00,0.104801,12.541593,
40a71b59-d255-456a-8ab6-04ae74d9f057,numbered,61407,completed,sold,1,2026-06-08 16:23:31.284375+00,2026-06-08 16:23:43.722617+00,2026-06-08 16:23:43.831968+00,0.109351,12.547593,
d0b76cbb-badb-458f-acde-9f72604570e9,numbered,48682,completed,sold,1,2026-06-08 16:23:31.288416+00,2026-06-08 16:23:43.72638+00,2026-06-08 16:23:43.832841+00,0.106461,12.544425,
6995502d-d899-4641-b5be-ffb8ff816ac8,numbered,79335,completed,sold,1,2026-06-08 16:23:31.296812+00,2026-06-08 16:23:43.736927+00,2026-06-08 16:23:43.843733+00,0.106806,12.546921,
10559b55-b973-4ce6-9dcb-17399e6c1701,numbered,9077,completed,sold,1,2026-06-08 16:23:31.293054+00,2026-06-08 16:23:43.737416+00,2026-06-08 16:23:43.84655+00,0.109134,12.553496,
7df7a038-9969-473c-85aa-6297764790f6,numbered,22236,completed,sold,1,2026-06-08 16:23:31.30097+00,2026-06-08 16:23:43.797958+00,2026-06-08 16:23:43.902779+00,0.104821,12.601809,
483df651-432a-4891-89db-a700d2a0c133,numbered,89497,completed,sold,1,2026-06-08 16:23:31.30508+00,2026-06-08 16:23:43.855638+00,2026-06-08 16:23:43.961148+00,0.105510,12.656068,
e85d6916-c546-494f-bd34-172e3045ec81,numbered,85015,completed,sold,1,2026-06-08 16:23:31.309235+00,2026-06-08 16:23:43.857707+00,2026-06-08 16:23:43.964177+00,0.106470,12.654942,
3665260c-4a91-494f-af8f-5efbb3063836,numbered,94782,completed,sold,1,2026-06-08 16:23:31.313488+00,2026-06-08 16:23:43.860299+00,2026-06-08 16:23:43.965473+00,0.105174,12.651985,
7b869714-7a7b-416d-9362-e0b4d951783f,numbered,63364,completed,sold,1,2026-06-08 16:23:31.330017+00,2026-06-08 16:23:43.879252+00,2026-06-08 16:23:43.985878+00,0.106626,12.655861,
c3be4e79-d6f3-44b7-9167-fa733cf284c2,numbered,59320,completed,sold,1,2026-06-08 16:23:31.32159+00,2026-06-08 16:23:43.87561+00,2026-06-08 16:23:43.986327+00,0.110717,12.664737,
2270a301-2887-4f34-97c7-c107a5ea35f2,numbered,73405,completed,sold,1,2026-06-08 16:23:31.325895+00,2026-06-08 16:23:43.878126+00,2026-06-08 16:23:43.986654+00,0.108528,12.660759,
b623c8c1-d964-4afa-aa42-9a1bccc6cabf,numbered,96063,completed,sold,1,2026-06-08 16:23:31.317474+00,2026-06-08 16:23:43.880421+00,2026-06-08 16:23:43.987455+00,0.107034,12.669981,
02774e8c-6588-4409-921d-510af6ef0818,numbered,67958,completed,sold,1,2026-06-08 16:23:31.334157+00,2026-06-08 16:23:43.924181+00,2026-06-08 16:23:44.028806+00,0.104625,12.694649,
03fd277f-a572-4675-bacf-f24a5c856371,numbered,11058,completed,sold,1,2026-06-08 16:23:31.338519+00,2026-06-08 16:23:44.005193+00,2026-06-08 16:23:44.110299+00,0.105106,12.771780,
8eacc575-6ecb-41ca-b960-3f1c335490be,numbered,78489,completed,sold,1,2026-06-08 16:23:31.342498+00,2026-06-08 16:23:44.008389+00,2026-06-08 16:23:44.114973+00,0.106584,12.772475,
a43b176e-1fb6-4b75-b72e-6692e5f6c7cd,numbered,43261,completed,sold,1,2026-06-08 16:23:31.3468+00,2026-06-08 16:23:44.010094+00,2026-06-08 16:23:44.115668+00,0.105574,12.768868,
4c4b32c3-a4d2-4353-a1d2-59da64507282,numbered,56712,completed,sold,1,2026-06-08 16:23:31.355137+00,2026-06-08 16:23:44.023671+00,2026-06-08 16:23:44.133212+00,0.109541,12.778075,
62f3b3ce-e383-4dfa-9810-c6db8caf4fa8,numbered,94636,completed,sold,1,2026-06-08 16:23:31.359401+00,2026-06-08 16:23:44.023301+00,2026-06-08 16:23:44.133935+00,0.110634,12.774534,
5e53361c-ca37-4394-a058-703d7298a66f,numbered,46780,completed,sold,1,2026-06-08 16:23:31.350997+00,2026-06-08 16:23:44.025502+00,2026-06-08 16:23:44.133962+00,0.108460,12.782965,
9dd2e905-fe04-4183-844f-345889785399,numbered,79347,completed,sold,1,2026-06-08 16:23:31.363458+00,2026-06-08 16:23:44.024603+00,2026-06-08 16:23:44.134711+00,0.110108,12.771253,
7bb0ab33-308c-413f-b080-eeb3b8e09faa,numbered,47583,completed,sold,1,2026-06-08 16:23:31.367667+00,2026-06-08 16:23:44.050521+00,2026-06-08 16:23:44.155697+00,0.105176,12.788030,
55c4ac11-b77f-439d-b844-e936e2aa3b17,numbered,29059,completed,sold,1,2026-06-08 16:23:31.373106+00,2026-06-08 16:23:44.146004+00,2026-06-08 16:23:44.251611+00,0.105607,12.878505,
16b167e4-f3d4-494c-b26b-3a2048d3cc73,numbered,42883,completed,sold,1,2026-06-08 16:23:31.380117+00,2026-06-08 16:23:44.155332+00,2026-06-08 16:23:44.260612+00,0.105280,12.880495,
d43e6948-705c-483b-ab81-6c324bc557dc,numbered,78873,completed,sold,1,2026-06-08 16:23:31.398682+00,2026-06-08 16:23:44.171865+00,2026-06-08 16:23:44.281915+00,0.110050,12.883233,
652ffb76-5c42-464c-8cac-0c4247479345,numbered,237,completed,sold,1,2026-06-08 16:23:31.384182+00,2026-06-08 16:23:44.176495+00,2026-06-08 16:23:44.282645+00,0.106150,12.898463,
7faec84c-0429-41a2-9575-1eeb8bead57c,numbered,85504,completed,sold,1,2026-06-08 16:23:31.395094+00,2026-06-08 16:23:44.174039+00,2026-06-08 16:23:44.283729+00,0.109690,12.888635,
975bf1b6-7001-4116-9195-7ae5a84dbda7,numbered,50257,completed,sold,1,2026-06-08 16:23:31.388454+00,2026-06-08 16:23:44.175842+00,2026-06-08 16:23:44.284477+00,0.108635,12.896023,
21640ebb-201a-4263-b55d-0f8ba2f05b30,numbered,26017,completed,sold,1,2026-06-08 16:23:31.376456+00,2026-06-08 16:23:44.176092+00,2026-06-08 16:23:44.284948+00,0.108856,12.908492,
e7d66832-d149-469a-84b6-16004fabefb5,numbered,72805,completed,sold,1,2026-06-08 16:23:31.404204+00,2026-06-08 16:23:44.190363+00,2026-06-08 16:23:44.302662+00,0.112299,12.898458,
d4aa7eca-3691-48e1-9cab-0d088e41d750,numbered,80635,completed,sold,1,2026-06-08 16:23:31.408004+00,2026-06-08 16:23:44.283304+00,2026-06-08 16:23:44.388246+00,0.104942,12.980242,
9fa7241f-7ef9-4cea-86c2-78b7931bff2e,numbered,33673,completed,sold,1,2026-06-08 16:23:31.413023+00,2026-06-08 16:23:44.308222+00,2026-06-08 16:23:44.414929+00,0.106707,13.001906,
e9a2d2a5-f07d-47aa-933b-fc35fa302ada,numbered,2511,completed,sold,1,2026-06-08 16:23:31.422636+00,2026-06-08 16:23:44.320696+00,2026-06-08 16:23:44.426136+00,0.105440,13.003500,
dafde4f1-a3a3-49c9-b6d0-4e5e5229d80c,numbered,75875,completed,sold,1,2026-06-08 16:23:31.42997+00,2026-06-08 16:23:44.320054+00,2026-06-08 16:23:44.427607+00,0.107553,12.997637,
98283aef-59dd-47ed-ba69-f710c2e20821,numbered,46761,completed,sold,1,2026-06-08 16:23:31.433879+00,2026-06-08 16:23:44.323585+00,2026-06-08 16:23:44.429705+00,0.106120,12.995826,
96c42057-8415-415f-a6bb-186aa3f04634,numbered,76997,completed,sold,1,2026-06-08 16:23:31.437563+00,2026-06-08 16:23:44.324727+00,2026-06-08 16:23:44.430818+00,0.106091,12.993255,
7ab6362f-7e45-46a9-bac6-2b9f076fd342,numbered,93915,completed,sold,1,2026-06-08 16:23:31.44442+00,2026-06-08 16:23:44.33695+00,2026-06-08 16:23:44.442184+00,0.105234,12.997764,
a92c3884-0ea1-4d0a-9324-2ba8be76077e,numbered,83765,completed,sold,1,2026-06-08 16:23:31.441138+00,2026-06-08 16:23:44.331998+00,2026-06-08 16:23:44.446245+00,0.114247,13.005107,
0cb32aaa-de0c-4e67-8775-77e10d618dd4,numbered,45821,completed,sold,1,2026-06-08 16:23:31.447588+00,2026-06-08 16:23:44.410625+00,2026-06-08 16:23:44.515465+00,0.104840,13.067877,
d9629ccc-7817-4f14-a78e-532e2a133ea5,numbered,70791,completed,sold,1,2026-06-08 16:23:31.450652+00,2026-06-08 16:23:44.456578+00,2026-06-08 16:23:44.561415+00,0.104837,13.110763,
7dae7367-8bb8-4572-8cdc-739c3d4440ca,numbered,93923,completed,sold,1,2026-06-08 16:23:31.454084+00,2026-06-08 16:23:44.470365+00,2026-06-08 16:23:44.574677+00,0.104312,13.120593,
fb147bb3-aa6a-4796-9a58-cde175990d56,numbered,14238,completed,sold,1,2026-06-08 16:23:31.457474+00,2026-06-08 16:23:44.476071+00,2026-06-08 16:23:44.583546+00,0.107475,13.126072,
3e52d5ec-bba2-4689-b663-2c9bad44c60d,numbered,91058,completed,sold,1,2026-06-08 16:23:31.467274+00,2026-06-08 16:23:44.478169+00,2026-06-08 16:23:44.588775+00,0.110606,13.121501,
d1964325-1192-4650-86c6-eb6a507e979e,numbered,49429,completed,sold,1,2026-06-08 16:23:31.470555+00,2026-06-08 16:23:44.480654+00,2026-06-08 16:23:44.589565+00,0.108911,13.119010,
ec1e31ea-0200-4484-b2e1-7bcd8a5eb8fc,numbered,24323,completed,sold,1,2026-06-08 16:23:31.463905+00,2026-06-08 16:23:44.477951+00,2026-06-08 16:23:44.590501+00,0.112550,13.126596,
a5d6d9da-d3db-4808-ae88-5758b8cb82e4,numbered,24414,completed,sold,1,2026-06-08 16:23:31.460704+00,2026-06-08 16:23:44.47888+00,2026-06-08 16:23:44.592912+00,0.114032,13.132208,
8e166027-994b-4a0c-9063-30b7d109fa92,numbered,68786,completed,sold,1,2026-06-08 16:23:31.47378+00,2026-06-08 16:23:44.538055+00,2026-06-08 16:23:44.642718+00,0.104663,13.168938,
8fde02ee-1ef6-4dcd-bc31-1e127c72411b,numbered,76557,completed,sold,1,2026-06-08 16:23:31.477109+00,2026-06-08 16:23:44.60613+00,2026-06-08 16:23:44.711212+00,0.105082,13.234103,
b757fab9-9d12-4870-86e1-6a752b74714c,numbered,33651,completed,sold,1,2026-06-08 16:23:31.480514+00,2026-06-08 16:23:44.614464+00,2026-06-08 16:23:44.720042+00,0.105578,13.239528,
08200eb3-12c0-46a4-aa47-42112cff0b10,numbered,48110,completed,sold,1,2026-06-08 16:23:31.48419+00,2026-06-08 16:23:44.62249+00,2026-06-08 16:23:44.729456+00,0.106966,13.245266,
a5502c21-594d-4c27-9bc4-673d09d0effd,numbered,51107,completed,sold,1,2026-06-08 16:23:31.488389+00,2026-06-08 16:23:44.626366+00,2026-06-08 16:23:44.732575+00,0.106209,13.244186,
f3e3ab01-37dd-41fc-a31c-39627e77e79b,numbered,13119,completed,sold,1,2026-06-08 16:23:31.500975+00,2026-06-08 16:23:44.631192+00,2026-06-08 16:23:44.738836+00,0.107644,13.237861,
3dc26714-539b-4341-8105-e823131b1868,numbered,92752,completed,sold,1,2026-06-08 16:23:31.49261+00,2026-06-08 16:23:44.631944+00,2026-06-08 16:23:44.739789+00,0.107845,13.247179,
57680f28-69f6-4adf-9745-eca99debbe08,numbered,59429,completed,sold,1,2026-06-08 16:23:31.496639+00,2026-06-08 16:23:44.63405+00,2026-06-08 16:23:44.740358+00,0.106308,13.243719,
18c4f63c-e002-48bb-8ab0-6524fb3ebff5,numbered,38559,completed,sold,1,2026-06-08 16:23:31.505059+00,2026-06-08 16:23:44.665106+00,2026-06-08 16:23:44.770961+00,0.105855,13.265902,
4ded7836-c197-4872-b890-ef1f1490c2b8,numbered,44430,completed,sold,1,2026-06-08 16:23:31.509244+00,2026-06-08 16:23:44.752938+00,2026-06-08 16:23:44.858001+00,0.105063,13.348757,
e6a32a40-0b84-470b-a3f7-ad7c7da93565,numbered,75865,completed,sold,1,2026-06-08 16:23:31.513622+00,2026-06-08 16:23:44.759472+00,2026-06-08 16:23:44.864217+00,0.104745,13.350595,
77c37184-8e48-415a-ae5c-56bd4121b1ff,numbered,4973,completed,sold,1,2026-06-08 16:23:31.522032+00,2026-06-08 16:23:44.782282+00,2026-06-08 16:23:44.887845+00,0.105563,13.365813,
d442c7a7-b88f-4a87-b02d-1c8e4632a873,numbered,56167,completed,sold,1,2026-06-08 16:23:31.525994+00,2026-06-08 16:23:44.784891+00,2026-06-08 16:23:44.891926+00,0.107035,13.365932,
9c980473-74e3-488f-8a16-b92ef3cc9b6d,numbered,65453,completed,sold,1,2026-06-08 16:23:31.517485+00,2026-06-08 16:23:44.785776+00,2026-06-08 16:23:44.89324+00,0.107464,13.375755,
5ff6c105-b3db-4312-bf64-8fc6488f1dce,numbered,30731,completed,sold,1,2026-06-08 16:23:31.530085+00,2026-06-08 16:23:44.78645+00,2026-06-08 16:23:44.89414+00,0.107690,13.364055,
352c41da-8fc1-4988-9d7f-99d74494fe1f,numbered,41004,completed,sold,1,2026-06-08 16:23:31.534487+00,2026-06-08 16:23:44.787275+00,2026-06-08 16:23:44.895311+00,0.108036,13.360824,
81b91b01-d367-4bfb-bc38-41c6075373bf,numbered,57608,completed,sold,1,2026-06-08 16:23:31.548868+00,2026-06-08 16:23:44.802866+00,2026-06-08 16:23:44.910185+00,0.107319,13.361317,
fd20f418-3c2e-4a37-9561-2ddda45ba97a,numbered,23891,completed,sold,1,2026-06-08 16:23:31.557886+00,2026-06-08 16:23:44.881661+00,2026-06-08 16:23:44.986719+00,0.105058,13.428833,
28a3f11d-6516-40d1-b253-58c96f6c3b8b,numbered,10772,completed,sold,1,2026-06-08 16:23:31.561874+00,2026-06-08 16:23:44.886113+00,2026-06-08 16:23:44.990683+00,0.104570,13.428809,
8dbd543b-d068-4c15-8435-faee63688559,numbered,60868,completed,sold,1,2026-06-08 16:23:31.574123+00,2026-06-08 16:23:44.932613+00,2026-06-08 16:23:45.038626+00,0.106013,13.464503,
22d1330b-5fe9-4397-9ffa-d3ec18039f84,numbered,30953,completed,sold,1,2026-06-08 16:23:31.578129+00,2026-06-08 16:23:44.931942+00,2026-06-08 16:23:45.03939+00,0.107448,13.461261,
27f0df32-4727-4298-9475-a2f1f06e3568,numbered,79167,completed,sold,1,2026-06-08 16:23:31.567933+00,2026-06-08 16:23:44.937038+00,2026-06-08 16:23:45.043049+00,0.106011,13.475116,
9ee9c8e1-7fc1-49fe-989b-8241ae5efe43,numbered,26251,completed,sold,1,2026-06-08 16:23:31.585607+00,2026-06-08 16:23:44.939632+00,2026-06-08 16:23:45.046459+00,0.106827,13.460852,
d3d96e25-2d8a-4c2a-a763-4f6888e0ab98,numbered,29102,completed,sold,1,2026-06-08 16:23:31.582012+00,2026-06-08 16:23:44.937738+00,2026-06-08 16:23:45.046768+00,0.109030,13.464756,
b3be7287-2862-4c8c-a65f-509084b2caa1,numbered,78131,completed,sold,1,2026-06-08 16:23:31.589042+00,2026-06-08 16:23:44.943443+00,2026-06-08 16:23:45.053001+00,0.109558,13.463959,
424d863a-035c-4f8b-b610-68227df7c69c,numbered,70781,completed,sold,1,2026-06-08 16:23:31.592428+00,2026-06-08 16:23:45.010141+00,2026-06-08 16:23:45.115669+00,0.105528,13.523241,
304add29-0c6c-48b6-bd35-df0ecd6087c7,numbered,66889,completed,sold,1,2026-06-08 16:23:31.595813+00,2026-06-08 16:23:45.01556+00,2026-06-08 16:23:45.121556+00,0.105996,13.525743,
25091bd2-b597-4201-9150-65c2ce334dcf,numbered,54574,completed,sold,1,2026-06-08 16:23:31.605978+00,2026-06-08 16:23:45.084047+00,2026-06-08 16:23:45.191056+00,0.107009,13.585078,
99587a36-4705-4097-8eb6-f1624b4bf410,numbered,19050,completed,sold,1,2026-06-08 16:23:31.602932+00,2026-06-08 16:23:45.083351+00,2026-06-08 16:23:45.191354+00,0.108003,13.588422,
bfe617fd-4330-4309-acdd-431d854c9d87,numbered,92071,completed,sold,1,2026-06-08 16:23:31.609187+00,2026-06-08 16:23:45.084523+00,2026-06-08 16:23:45.191918+00,0.107395,13.582731,
2dedaf7a-abb8-4cf0-97c6-d738e9ee8af2,numbered,21113,completed,sold,1,2026-06-08 16:23:31.59929+00,2026-06-08 16:23:45.088516+00,2026-06-08 16:23:45.194357+00,0.105841,13.595067,
00b2c552-ab86-4833-b3db-3e32d54e4f49,numbered,72829,completed,sold,1,2026-06-08 16:23:31.612183+00,2026-06-08 16:23:45.091175+00,2026-06-08 16:23:45.197501+00,0.106326,13.585318,
5ba3024d-a0da-424b-9643-57452df8b258,numbered,10213,completed,sold,1,2026-06-08 16:23:31.615672+00,2026-06-08 16:23:45.103677+00,2026-06-08 16:23:45.213033+00,0.109356,13.597361,
0cfcb8d1-ca8e-4d8c-869d-ef13e61a2576,numbered,61701,completed,sold,1,2026-06-08 16:23:31.619215+00,2026-06-08 16:23:45.141612+00,2026-06-08 16:23:45.246797+00,0.105185,13.627582,
11bb929a-0d0e-4f93-b824-2e44da3a853d,numbered,53079,completed,sold,1,2026-06-08 16:23:31.623066+00,2026-06-08 16:23:45.143206+00,2026-06-08 16:23:45.248115+00,0.104909,13.625049,
82c6300f-f089-438d-b484-99628ab69bc9,numbered,93475,completed,sold,1,2026-06-08 16:23:31.626363+00,2026-06-08 16:23:45.231269+00,2026-06-08 16:23:45.337135+00,0.105866,13.710772,
4a52ae99-e724-489e-85a6-ec17027eddcb,numbered,83290,completed,sold,1,2026-06-08 16:23:31.632897+00,2026-06-08 16:23:45.232893+00,2026-06-08 16:23:45.340911+00,0.108018,13.708014,
4e433b27-b735-4206-8ba6-eb8ca48e0a5a,numbered,76859,completed,sold,1,2026-06-08 16:23:31.629653+00,2026-06-08 16:23:45.234358+00,2026-06-08 16:23:45.341296+00,0.106938,13.711643,
19bf23a8-f2c4-493b-ae0e-0f558b1959ca,numbered,92416,completed,sold,1,2026-06-08 16:23:31.635992+00,2026-06-08 16:23:45.235023+00,2026-06-08 16:23:45.341857+00,0.106834,13.705865,
7770eb3d-ca11-4858-9aba-093fe99c851b,numbered,51035,completed,sold,1,2026-06-08 16:23:31.639385+00,2026-06-08 16:23:45.238444+00,2026-06-08 16:23:45.344861+00,0.106417,13.705476,
0c396b29-e405-4e81-885b-9720a21a9a05,numbered,37412,completed,sold,1,2026-06-08 16:23:31.6426+00,2026-06-08 16:23:45.259403+00,2026-06-08 16:23:45.368025+00,0.108622,13.725425,
780c005c-2d08-4949-b841-16cdce053344,numbered,52839,completed,sold,1,2026-06-08 16:23:31.645952+00,2026-06-08 16:23:45.273398+00,2026-06-08 16:23:45.378745+00,0.105347,13.732793,
b27a6e6c-072b-4b59-a869-f8b9bf12fc72,numbered,50178,completed,sold,1,2026-06-08 16:23:31.649377+00,2026-06-08 16:23:45.27285+00,2026-06-08 16:23:45.380729+00,0.107879,13.731352,
3c1ee5b2-0cab-4ba4-bccf-f64273973bdd,numbered,36488,completed,sold,1,2026-06-08 16:23:31.652762+00,2026-06-08 16:23:45.371625+00,2026-06-08 16:23:45.476184+00,0.104559,13.823422,
054bcd70-89c7-491c-8e4c-7bcd2d4f4165,numbered,52838,completed,sold,1,2026-06-08 16:23:31.667693+00,2026-06-08 16:23:45.389911+00,2026-06-08 16:23:45.500184+00,0.110273,13.832491,
ff2b3fbb-89c9-49b2-b757-ae584050b8a4,numbered,73335,completed,sold,1,2026-06-08 16:23:31.663298+00,2026-06-08 16:23:45.392854+00,2026-06-08 16:23:45.501543+00,0.108689,13.838245,
fc9ad832-6c3f-4792-b303-c6cf10530e4d,numbered,64091,completed,sold,1,2026-06-08 16:23:31.656288+00,2026-06-08 16:23:45.393901+00,2026-06-08 16:23:45.50183+00,0.107929,13.845542,
99f0f4f6-b4eb-4ce4-aad2-0be69ef11593,numbered,73198,completed,sold,1,2026-06-08 16:23:31.659791+00,2026-06-08 16:23:45.395739+00,2026-06-08 16:23:45.502511+00,0.106772,13.842720,
3c059ca3-157f-4429-9513-c8284bff53cc,numbered,31147,completed,sold,1,2026-06-08 16:23:31.675911+00,2026-06-08 16:23:45.405868+00,2026-06-08 16:23:45.512651+00,0.106783,13.836740,
3dff4f4f-b496-4db9-b3eb-1b4b821f6f4d,numbered,52266,completed,sold,1,2026-06-08 16:23:31.671618+00,2026-06-08 16:23:45.410155+00,2026-06-08 16:23:45.5156+00,0.105445,13.843982,
1e246a63-ce46-432c-b3f8-74592ba83ff0,numbered,17868,completed,sold,1,2026-06-08 16:23:31.680102+00,2026-06-08 16:23:45.410134+00,2026-06-08 16:23:45.529142+00,0.119008,13.849040,
64a0eea0-08f9-42f5-95f9-2f26684b0a1c,numbered,54606,completed,sold,1,2026-06-08 16:23:31.684157+00,2026-06-08 16:23:45.501152+00,2026-06-08 16:23:45.605646+00,0.104494,13.921489,
389807c4-5f2a-4eb6-ba8c-31bb15b06352,numbered,86816,completed,sold,1,2026-06-08 16:23:31.715978+00,2026-06-08 16:23:45.543194+00,2026-06-08 16:23:45.648763+00,0.105569,13.932785,
786d1e7c-746d-40cd-9729-22fc91d437b3,numbered,92252,completed,sold,1,2026-06-08 16:23:31.719554+00,2026-06-08 16:23:45.546823+00,2026-06-08 16:23:45.656044+00,0.109221,13.936490,
cfc6b2b5-8b3d-4abc-9410-b70d7d2e479e,numbered,47798,completed,sold,1,2026-06-08 16:23:31.722708+00,2026-06-08 16:23:45.550587+00,2026-06-08 16:23:45.659673+00,0.109086,13.936965,
8c7089f9-85d1-4c2e-8ec6-5217fcf1855a,numbered,40315,completed,sold,1,2026-06-08 16:23:31.725933+00,2026-06-08 16:23:45.551285+00,2026-06-08 16:23:45.660569+00,0.109284,13.934636,
e353c57c-443b-4f66-96a0-02257a7a691a,numbered,15329,completed,seat_unavailable,1,2026-06-08 16:23:31.690593+00,2026-06-08 16:23:45.557009+00,2026-06-08 16:23:45.660652+00,0.103643,13.970059,
c17b0db9-2c3a-4661-bb45-8daf5b7b7222,numbered,63782,completed,sold,1,2026-06-08 16:23:31.707988+00,2026-06-08 16:23:45.551934+00,2026-06-08 16:23:45.666655+00,0.114721,13.958667,
1081368f-be48-4b63-bd72-3c0324f1356e,numbered,32230,completed,sold,1,2026-06-08 16:23:31.729254+00,2026-06-08 16:23:45.565476+00,2026-06-08 16:23:45.681203+00,0.115727,13.951949,
05c5c384-8caa-433b-9305-41ff40bad0be,numbered,92365,completed,sold,1,2026-06-08 16:23:31.73288+00,2026-06-08 16:23:45.626954+00,2026-06-08 16:23:45.731643+00,0.104689,13.998763,
3cf26dca-080a-4372-b851-fa9068dbcb8c,numbered,94595,completed,sold,1,2026-06-08 16:23:31.746072+00,2026-06-08 16:23:45.696454+00,2026-06-08 16:23:45.802306+00,0.105852,14.056234,
5f37906e-ff49-4420-b8d2-7f70e35630f8,numbered,37449,completed,sold,1,2026-06-08 16:23:31.742497+00,2026-06-08 16:23:45.698256+00,2026-06-08 16:23:45.805085+00,0.106829,14.062588,
1cabf317-fcd6-4345-bca2-eb18ae2b51c1,numbered,61342,completed,sold,1,2026-06-08 16:23:31.757338+00,2026-06-08 16:23:45.704281+00,2026-06-08 16:23:45.811839+00,0.107558,14.054501,
af069741-8ff5-487e-9f77-9761f468563e,numbered,29052,completed,sold,1,2026-06-08 16:23:31.75396+00,2026-06-08 16:23:45.704989+00,2026-06-08 16:23:45.81284+00,0.107851,14.058880,
89dc2e7d-7762-476c-8f8c-71100e3e192e,numbered,15129,completed,sold,1,2026-06-08 16:23:31.750449+00,2026-06-08 16:23:45.705555+00,2026-06-08 16:23:45.820483+00,0.114928,14.070034,
8b882aa0-7a36-49f8-8ce0-94ecee4966fb,numbered,28456,completed,sold,1,2026-06-08 16:23:31.736482+00,2026-06-08 16:23:45.705038+00,2026-06-08 16:23:45.82129+00,0.116252,14.084808,
d30cb89d-89cf-420a-aaab-ab31f4e7c873,numbered,77374,completed,sold,1,2026-06-08 16:23:31.761016+00,2026-06-08 16:23:45.717545+00,2026-06-08 16:23:45.828073+00,0.110528,14.067057,
b123ff03-7297-42d3-9714-95daa53e5642,numbered,69821,completed,sold,1,2026-06-08 16:23:31.764709+00,2026-06-08 16:23:45.752637+00,2026-06-08 16:23:45.857994+00,0.105357,14.093285,
d692da5e-34c1-49cd-829c-363181d811c4,numbered,49362,completed,sold,1,2026-06-08 16:23:31.784782+00,2026-06-08 16:23:45.855636+00,2026-06-08 16:23:45.961392+00,0.105756,14.176610,
2021d08d-5893-457a-8c83-e5f91e9a3268,numbered,44548,completed,sold,1,2026-06-08 16:23:31.771215+00,2026-06-08 16:23:45.862558+00,2026-06-08 16:23:45.970086+00,0.107528,14.198871,
b5fada22-71ba-464d-ac90-bd3287f39763,numbered,15180,completed,sold,1,2026-06-08 16:23:31.781204+00,2026-06-08 16:23:45.863176+00,2026-06-08 16:23:45.970642+00,0.107466,14.189438,
e813a341-bc2a-4214-92b4-0d8438aa221c,numbered,79957,completed,sold,1,2026-06-08 16:23:31.774405+00,2026-06-08 16:23:45.863886+00,2026-06-08 16:23:45.978603+00,0.114717,14.204198,
328203ad-e35f-40e8-bffe-ab27051f3d4b,numbered,84987,completed,sold,1,2026-06-08 16:23:31.767987+00,2026-06-08 16:23:45.8666+00,2026-06-08 16:23:45.979341+00,0.112741,14.211354,
b3b8164d-824f-4a47-8c06-a50872e5b2ff,numbered,72996,completed,sold,1,2026-06-08 16:23:31.777661+00,2026-06-08 16:23:45.866208+00,2026-06-08 16:23:45.980786+00,0.114578,14.203125,
ef0c71be-bc81-40a4-b03d-58187fcbdb6f,numbered,19118,completed,sold,1,2026-06-08 16:23:31.787874+00,2026-06-08 16:23:45.869339+00,2026-06-08 16:23:45.986537+00,0.117198,14.198663,
2a49e266-6864-4448-a1e7-8c4f8bc94088,numbered,21015,completed,sold,1,2026-06-08 16:23:31.790959+00,2026-06-08 16:23:45.881567+00,2026-06-08 16:23:45.992563+00,0.110996,14.201604,
8645723d-4970-4c89-8d2d-7fb166b033d8,numbered,39753,completed,sold,1,2026-06-08 16:23:31.797591+00,2026-06-08 16:23:46.011885+00,2026-06-08 16:23:46.118597+00,0.106712,14.321006,
e0a7f4a7-718c-4cc3-8f85-d9bec925ec8f,numbered,8844,completed,sold,1,2026-06-08 16:23:31.801015+00,2026-06-08 16:23:46.012538+00,2026-06-08 16:23:46.119214+00,0.106676,14.318199,
75159eed-8f57-4a31-b788-fd4abf2fc0e9,numbered,93849,completed,sold,1,2026-06-08 16:23:31.804417+00,2026-06-08 16:23:46.015972+00,2026-06-08 16:23:46.121544+00,0.105572,14.317127,
dfb9b7e9-e2f8-49ca-ab2a-55d721a7e1ee,numbered,12376,completed,sold,1,2026-06-08 16:23:31.794037+00,2026-06-08 16:23:46.017739+00,2026-06-08 16:23:46.125193+00,0.107454,14.331156,
5946a21a-6bcb-4efa-a022-d710c7062b38,numbered,37982,completed,sold,1,2026-06-08 16:23:31.807699+00,2026-06-08 16:23:46.023616+00,2026-06-08 16:23:46.129531+00,0.105915,14.321832,
5744f6ad-d654-4474-9113-dff35a0a27ba,numbered,80400,completed,sold,1,2026-06-08 16:23:31.814228+00,2026-06-08 16:23:46.025476+00,2026-06-08 16:23:46.130794+00,0.105318,14.316566,
0eb6d1a9-bdec-429c-9c77-33ed84e81ea7,numbered,23620,completed,sold,1,2026-06-08 16:23:31.817508+00,2026-06-08 16:23:46.034204+00,2026-06-08 16:23:46.143168+00,0.108964,14.325660,
a28263b4-7769-4a72-9180-8733899897ec,numbered,52307,completed,sold,1,2026-06-08 16:23:31.810931+00,2026-06-08 16:23:46.037448+00,2026-06-08 16:23:46.144042+00,0.106594,14.333111,
f8ec1573-eca8-4c5a-a1c8-045f62151f85,numbered,32533,completed,sold,1,2026-06-08 16:23:31.842513+00,2026-06-08 16:23:46.173696+00,2026-06-08 16:23:46.280822+00,0.107126,14.438309,
6924dad3-360c-4a33-ba74-948a9c11cbfb,numbered,73344,completed,sold,1,2026-06-08 16:23:31.82174+00,2026-06-08 16:23:46.174445+00,2026-06-08 16:23:46.281566+00,0.107121,14.459826,
17a8303b-0db8-46ea-977c-304fde5c2525,numbered,356,completed,sold,1,2026-06-08 16:23:31.838353+00,2026-06-08 16:23:46.178344+00,2026-06-08 16:23:46.286615+00,0.108271,14.448262,
5ba32708-feb1-4541-b5ea-a82db4b3e439,numbered,37890,completed,sold,1,2026-06-08 16:23:31.825939+00,2026-06-08 16:23:46.177671+00,2026-06-08 16:23:46.287344+00,0.109673,14.461405,
60cfcacc-9304-43fd-b9bf-cd6aca6808fe,numbered,2773,completed,sold,1,2026-06-08 16:23:31.834447+00,2026-06-08 16:23:46.17992+00,2026-06-08 16:23:46.288283+00,0.108363,14.453836,
6c5da013-f234-422a-a6cb-014068c21df5,numbered,2617,completed,sold,1,2026-06-08 16:23:31.829942+00,2026-06-08 16:23:46.180748+00,2026-06-08 16:23:46.290319+00,0.109571,14.460377,
e0d211f2-7881-43b3-8585-7ea9326a4918,numbered,89646,completed,sold,1,2026-06-08 16:23:31.865146+00,2026-06-08 16:23:46.186205+00,2026-06-08 16:23:46.304389+00,0.118184,14.439243,
129c04ce-85d8-432a-925c-4675366fc034,numbered,49712,completed,sold,1,2026-06-08 16:23:31.854884+00,2026-06-08 16:23:46.184724+00,2026-06-08 16:23:46.307872+00,0.123148,14.452988,
eede4e04-d419-4292-989d-a3b592b567c7,numbered,40447,completed,sold,1,2026-06-08 16:23:31.876004+00,2026-06-08 16:23:46.335122+00,2026-06-08 16:23:46.442124+00,0.107002,14.566120,
4f7bfe65-d9da-4b63-a059-0fab7641a267,numbered,68746,completed,sold,1,2026-06-08 16:23:31.885116+00,2026-06-08 16:23:46.334299+00,2026-06-08 16:23:46.442826+00,0.108527,14.557710,
88854463-783c-479a-a683-2479d33218ee,numbered,79116,completed,sold,1,2026-06-08 16:23:31.872568+00,2026-06-08 16:23:46.335602+00,2026-06-08 16:23:46.447379+00,0.111777,14.574811,
a3c65f65-5b04-4e75-a84b-aafa22b8cb1d,numbered,39375,completed,sold,1,2026-06-08 16:23:31.888777+00,2026-06-08 16:23:46.33733+00,2026-06-08 16:23:46.448216+00,0.110886,14.559439,
e3c8d399-64cc-45be-9fa9-5865ac2c5852,numbered,75339,completed,sold,1,2026-06-08 16:23:31.879566+00,2026-06-08 16:23:46.338006+00,2026-06-08 16:23:46.449018+00,0.111012,14.569452,
9ec4466f-647e-4436-a469-28cbf4ff7f6c,numbered,18982,completed,sold,1,2026-06-08 16:23:31.892045+00,2026-06-08 16:23:46.338617+00,2026-06-08 16:23:46.449869+00,0.111252,14.557824,
affe16a8-7450-4105-8f6a-a66b7e2daa1e,numbered,24723,completed,sold,1,2026-06-08 16:23:31.895537+00,2026-06-08 16:23:46.343172+00,2026-06-08 16:23:46.466242+00,0.123070,14.570705,
8ede1374-d20c-435d-b48a-2a2f6e06ffa7,numbered,94752,completed,sold,1,2026-06-08 16:23:31.898894+00,2026-06-08 16:23:46.355023+00,2026-06-08 16:23:46.470073+00,0.115050,14.571179,
0eaf1c93-ef25-43b0-a644-976623fe0a7a,numbered,79637,completed,sold,1,2026-06-08 16:23:31.915715+00,2026-06-08 16:23:46.490152+00,2026-06-08 16:23:46.595486+00,0.105334,14.679771,
6124960e-bc91-4299-9742-7584c61c82b1,numbered,89404,completed,sold,1,2026-06-08 16:23:31.905781+00,2026-06-08 16:23:46.492329+00,2026-06-08 16:23:46.59856+00,0.106231,14.692779,
6e114ff8-cf6f-48e9-b872-cc3835c4dd23,numbered,71759,completed,sold,1,2026-06-08 16:23:31.902412+00,2026-06-08 16:23:46.49228+00,2026-06-08 16:23:46.606085+00,0.113805,14.703673,
ca0acaf0-8a21-43f8-845e-d9099260b81c,numbered,60139,completed,sold,1,2026-06-08 16:23:31.91936+00,2026-06-08 16:23:46.497728+00,2026-06-08 16:23:46.606928+00,0.109200,14.687568,
ca83376d-1c6f-4247-929f-b1a25264ba27,numbered,27678,completed,sold,1,2026-06-08 16:23:31.909409+00,2026-06-08 16:23:46.496589+00,2026-06-08 16:23:46.607021+00,0.110432,14.697612,
af71ae29-028b-41ba-82ad-8764755a8132,numbered,84562,completed,sold,1,2026-06-08 16:23:31.912479+00,2026-06-08 16:23:46.495919+00,2026-06-08 16:23:46.608575+00,0.112656,14.696096,
dbe9e51e-8b31-4faa-a3b6-5c00d74cef59,numbered,18139,completed,sold,1,2026-06-08 16:23:31.925951+00,2026-06-08 16:23:46.515819+00,2026-06-08 16:23:46.62632+00,0.110501,14.700369,
b2e8cfb3-2bab-4015-b32a-6ace4fd78cdb,numbered,35336,completed,sold,1,2026-06-08 16:23:31.922766+00,2026-06-08 16:23:46.514021+00,2026-06-08 16:23:46.641056+00,0.127035,14.718290,
f4f1f8fc-9fad-4b81-b8d0-ff1a5097ba56,numbered,4,completed,sold,1,2026-06-08 16:23:31.929083+00,2026-06-08 16:23:46.637172+00,2026-06-08 16:23:46.74158+00,0.104408,14.812497,
0609571e-ecd0-44ab-b988-4838c19b9977,numbered,54729,completed,sold,1,2026-06-08 16:23:31.935681+00,2026-06-08 16:23:46.64242+00,2026-06-08 16:23:46.748467+00,0.106047,14.812786,
290996a5-acbc-4737-b066-b4e8ce61ab1d,numbered,97921,completed,sold,1,2026-06-08 16:23:31.932423+00,2026-06-08 16:23:46.644797+00,2026-06-08 16:23:46.754867+00,0.110070,14.822444,
0b6ae584-9e71-4619-8a13-2dfd61f5815c,numbered,86635,completed,sold,1,2026-06-08 16:23:31.938932+00,2026-06-08 16:23:46.646177+00,2026-06-08 16:23:46.755443+00,0.109266,14.816511,
df7cd0c9-895d-4319-9057-b8125b38ccf8,numbered,8,completed,sold,1,2026-06-08 16:23:31.945563+00,2026-06-08 16:23:46.657957+00,2026-06-08 16:23:46.765193+00,0.107236,14.819630,
0b62a68c-0ffb-487e-9b8c-3b214095185e,numbered,76883,completed,sold,1,2026-06-08 16:23:31.952282+00,2026-06-08 16:23:46.666793+00,2026-06-08 16:23:46.77534+00,0.108547,14.823058,
d38a9a63-a180-4eac-965d-61201613cf08,numbered,75857,completed,sold,1,2026-06-08 16:23:31.949037+00,2026-06-08 16:23:46.663191+00,2026-06-08 16:23:46.778256+00,0.115065,14.829219,
c22d15bc-9485-450b-93ff-a78470a9a9e4,numbered,6470,completed,sold,1,2026-06-08 16:23:31.942097+00,2026-06-08 16:23:46.662536+00,2026-06-08 16:23:46.779356+00,0.116820,14.837259,
56a81d62-ab96-433b-bb6a-16dcb085770d,numbered,35445,completed,sold,1,2026-06-08 16:23:31.955667+00,2026-06-08 16:23:46.777846+00,2026-06-08 16:23:46.882708+00,0.104862,14.927041,
bd98217a-ad29-4ea1-b1e2-d054453bb82a,numbered,42055,completed,sold,1,2026-06-08 16:23:31.959165+00,2026-06-08 16:23:46.789792+00,2026-06-08 16:23:46.894395+00,0.104603,14.935230,
be63f1a1-76bd-4adb-9490-5490af82f747,numbered,22352,completed,sold,1,2026-06-08 16:23:31.963277+00,2026-06-08 16:23:46.806515+00,2026-06-08 16:23:46.912522+00,0.106007,14.949245,
b55819c4-7719-475e-a3e8-fe37ad3e71a1,numbered,96551,completed,sold,1,2026-06-08 16:23:31.967542+00,2026-06-08 16:23:46.807278+00,2026-06-08 16:23:46.913368+00,0.106090,14.945826,
8c9ead08-31ba-4562-973f-f7bed307060b,numbered,48501,completed,sold,1,2026-06-08 16:23:31.980056+00,2026-06-08 16:23:46.81315+00,2026-06-08 16:23:46.923589+00,0.110439,14.943533,
14bb3013-9947-450a-82dc-4d30251e497f,numbered,46518,completed,sold,1,2026-06-08 16:23:31.971664+00,2026-06-08 16:23:46.816084+00,2026-06-08 16:23:46.924143+00,0.108059,14.952479,
5fd4cc7f-346c-44bb-b959-c4b78088a5d7,numbered,9494,completed,sold,1,2026-06-08 16:23:31.984148+00,2026-06-08 16:23:46.817307+00,2026-06-08 16:23:46.924255+00,0.106948,14.940107,
125336f0-a16a-4110-bad2-a14cb4eb46ec,numbered,74704,completed,sold,1,2026-06-08 16:23:31.975926+00,2026-06-08 16:23:46.815592+00,2026-06-08 16:23:46.924862+00,0.109270,14.948936,
f13e5515-287b-43cc-a110-6e71adc8e273,numbered,35574,completed,sold,1,2026-06-08 16:23:31.988484+00,2026-06-08 16:23:46.90492+00,2026-06-08 16:23:47.010036+00,0.105116,15.021552,
f8974db6-5749-4806-8c1a-2fa22b5b8395,numbered,17231,completed,sold,1,2026-06-08 16:23:31.992539+00,2026-06-08 16:23:46.940234+00,2026-06-08 16:23:47.045374+00,0.105140,15.052835,
9ab06e53-6b11-4380-9d73-deca5e64d4b6,numbered,76102,completed,seat_unavailable,1,2026-06-08 16:23:32.006468+00,2026-06-08 16:23:46.968673+00,2026-06-08 16:23:47.074197+00,0.105524,15.067729,
b92415be-4429-4bb9-a266-8b1cca0aadc5,numbered,15458,completed,sold,1,2026-06-08 16:23:32.01846+00,2026-06-08 16:23:46.965041+00,2026-06-08 16:23:47.074197+00,0.109156,15.055737,
67294152-59d7-4345-8865-d664adaeed78,numbered,73152,completed,sold,1,2026-06-08 16:23:31.997869+00,2026-06-08 16:23:46.965041+00,2026-06-08 16:23:47.076747+00,0.111706,15.078878,
2b8bd85b-b1cb-4c8f-bac7-4728bda63383,numbered,35324,completed,sold,1,2026-06-08 16:23:32.028028+00,2026-06-08 16:23:46.967943+00,2026-06-08 16:23:47.076754+00,0.108811,15.048726,
5426681c-bdff-4da8-8c6d-ee8c7c33be76,numbered,85080,completed,sold,1,2026-06-08 16:23:32.033137+00,2026-06-08 16:23:46.968871+00,2026-06-08 16:23:47.076925+00,0.108054,15.043788,
5f154ec4-6dce-4c8e-ad05-dd3d0b33b0d6,numbered,75198,completed,sold,1,2026-06-08 16:23:32.022336+00,2026-06-08 16:23:46.967943+00,2026-06-08 16:23:47.077846+00,0.109903,15.055510,
2ba14759-310a-4af5-ae5c-1e989a3c89f8,numbered,55528,completed,sold,1,2026-06-08 16:23:32.039885+00,2026-06-08 16:23:47.031263+00,2026-06-08 16:23:47.135924+00,0.104661,15.096039,
7c7c4630-e3ee-4cc6-bbcc-73b14d09300c,numbered,48105,completed,sold,1,2026-06-08 16:23:32.043429+00,2026-06-08 16:23:47.069017+00,2026-06-08 16:23:47.173916+00,0.104899,15.130487,
6bca2f75-cf34-45f3-9bd2-3e5c42b792af,numbered,63881,completed,sold,1,2026-06-08 16:23:32.050068+00,2026-06-08 16:23:47.118542+00,2026-06-08 16:23:47.226035+00,0.107493,15.175967,
76d44f37-788a-4fca-a75d-23d15fab21d1,numbered,10690,completed,sold,1,2026-06-08 16:23:32.046765+00,2026-06-08 16:23:47.115576+00,2026-06-08 16:23:47.226777+00,0.111201,15.180012,
7912ac9f-f05a-46ff-997f-34f40528d9c3,numbered,75774,completed,sold,1,2026-06-08 16:23:32.05657+00,2026-06-08 16:23:47.119404+00,2026-06-08 16:23:47.227541+00,0.108137,15.170971,
6c14753f-1004-4f84-a0b9-47132fc367dd,numbered,88414,completed,sold,1,2026-06-08 16:23:32.053338+00,2026-06-08 16:23:47.117844+00,2026-06-08 16:23:47.229077+00,0.111233,15.175739,
483f09a4-f99c-4c0b-8931-58c806fed249,numbered,23334,completed,sold,1,2026-06-08 16:23:32.063211+00,2026-06-08 16:23:47.122016+00,2026-06-08 16:23:47.229334+00,0.107318,15.166123,
03d149a6-d06f-4f91-8a32-a04bd6d71567,numbered,3625,completed,sold,1,2026-06-08 16:23:32.059773+00,2026-06-08 16:23:47.122689+00,2026-06-08 16:23:47.230309+00,0.107620,15.170536,
ee92dd5e-f071-4803-a329-9b54fc24d016,numbered,58165,completed,sold,1,2026-06-08 16:23:32.06653+00,2026-06-08 16:23:47.158347+00,2026-06-08 16:23:47.264142+00,0.105795,15.197612,
4b8478e9-6665-4dd2-aefa-03f2893c835d,numbered,61594,completed,sold,1,2026-06-08 16:23:32.069881+00,2026-06-08 16:23:47.195693+00,2026-06-08 16:23:47.300461+00,0.104768,15.230580,
44497354-0e72-466b-962a-4d8a884ccdea,numbered,53372,completed,sold,1,2026-06-08 16:23:32.073099+00,2026-06-08 16:23:47.263709+00,2026-06-08 16:23:47.368346+00,0.104637,15.295247,
00560fb9-78fb-4eb2-b2cd-ae413a2a9bfe,numbered,18581,completed,sold,1,2026-06-08 16:23:32.079795+00,2026-06-08 16:23:47.275587+00,2026-06-08 16:23:47.382111+00,0.106524,15.302316,
f391271b-abab-46b9-8da6-fd153c4cb7b7,numbered,82578,completed,sold,1,2026-06-08 16:23:32.076298+00,2026-06-08 16:23:47.273593+00,2026-06-08 16:23:47.382846+00,0.109253,15.306548,
61e3aee0-356e-4e38-af55-eae46eaa22ed,numbered,61675,completed,sold,1,2026-06-08 16:23:32.086574+00,2026-06-08 16:23:47.275532+00,2026-06-08 16:23:47.383551+00,0.108019,15.296977,
d4ebe3e4-abdd-40c3-a9c4-5a7697df06a1,numbered,7948,completed,sold,1,2026-06-08 16:23:32.089966+00,2026-06-08 16:23:47.278878+00,2026-06-08 16:23:47.391513+00,0.112635,15.301547,
74c7f5b6-0c61-408d-99ab-1e2ce1616b7d,numbered,34404,completed,sold,1,2026-06-08 16:23:32.083171+00,2026-06-08 16:23:47.278196+00,2026-06-08 16:23:47.391732+00,0.113536,15.308561,
15b0f5fe-7bb3-4a39-8d2b-d5b44dfb82a0,numbered,74128,completed,sold,1,2026-06-08 16:23:32.093199+00,2026-06-08 16:23:47.293394+00,2026-06-08 16:23:47.398345+00,0.104951,15.305146,
0c02d547-61a5-4f17-865f-05651e87f72a,numbered,23088,completed,sold,1,2026-06-08 16:23:32.096411+00,2026-06-08 16:23:47.322921+00,2026-06-08 16:23:47.428278+00,0.105357,15.331867,
aa19a827-7f61-420a-8294-4385bc60101d,numbered,25246,completed,sold,1,2026-06-08 16:23:32.099471+00,2026-06-08 16:23:47.410763+00,2026-06-08 16:23:47.515023+00,0.104260,15.415552,
5c814eb2-13b0-411a-8290-4d5bc1251782,numbered,5958,completed,sold,1,2026-06-08 16:23:32.102956+00,2026-06-08 16:23:47.419406+00,2026-06-08 16:23:47.524698+00,0.105292,15.421742,
cea356b1-e4cb-4465-8377-992ab23b1344,numbered,75577,completed,sold,1,2026-06-08 16:23:32.106408+00,2026-06-08 16:23:47.420274+00,2026-06-08 16:23:47.527176+00,0.106902,15.420768,
34d90976-d53e-45db-adb7-3f2aab88da91,numbered,19341,completed,sold,1,2026-06-08 16:23:32.109357+00,2026-06-08 16:23:47.43466+00,2026-06-08 16:23:47.544048+00,0.109388,15.434691,
82d0f57d-7e0a-4ea5-b0bc-fa151cf8dd77,numbered,58306,completed,sold,1,2026-06-08 16:23:32.121693+00,2026-06-08 16:23:47.438017+00,2026-06-08 16:23:47.545343+00,0.107326,15.423650,
daa9dc4a-3705-43ba-896a-cef25887b77e,numbered,78467,completed,sold,1,2026-06-08 16:23:32.113601+00,2026-06-08 16:23:47.435319+00,2026-06-08 16:23:47.546228+00,0.110909,15.432627,
e2fe4bb1-a56d-4f86-8c6c-6c4fc1263c20,numbered,50189,completed,sold,1,2026-06-08 16:23:32.117527+00,2026-06-08 16:23:47.437938+00,2026-06-08 16:23:47.547094+00,0.109156,15.429567,
8590de7b-19b6-41c9-b9c5-334354a35916,numbered,47851,completed,sold,1,2026-06-08 16:23:32.125942+00,2026-06-08 16:23:47.453284+00,2026-06-08 16:23:47.559164+00,0.105880,15.433222,
759c057b-9763-4f59-a730-c7ea9ab30119,numbered,91848,completed,sold,1,2026-06-08 16:23:32.13009+00,2026-06-08 16:23:47.538772+00,2026-06-08 16:23:47.644712+00,0.105940,15.514622,
9178159a-d3c7-46da-9f3b-e22b5149216e,numbered,66957,completed,sold,1,2026-06-08 16:23:32.134218+00,2026-06-08 16:23:47.567128+00,2026-06-08 16:23:47.671632+00,0.104504,15.537414,
886721a0-4a8b-4cef-b4a5-8416981b1cb0,numbered,37735,completed,sold,1,2026-06-08 16:23:32.138485+00,2026-06-08 16:23:47.585299+00,2026-06-08 16:23:47.691779+00,0.106480,15.553294,
75723290-a0b2-4c96-9019-ebe7bdbcf629,numbered,54393,completed,sold,1,2026-06-08 16:23:32.142624+00,2026-06-08 16:23:47.588697+00,2026-06-08 16:23:47.695688+00,0.106991,15.553064,
6b82ef74-7f2e-411e-8594-5943cffccc2c,numbered,54952,completed,sold,1,2026-06-08 16:23:32.155091+00,2026-06-08 16:23:47.59495+00,2026-06-08 16:23:47.703253+00,0.108303,15.548162,
54596cbc-44ec-4fa1-acb2-90e44f20864e,numbered,26454,completed,sold,1,2026-06-08 16:23:32.14812+00,2026-06-08 16:23:47.588215+00,2026-06-08 16:23:47.703938+00,0.115723,15.555818,
02ac131e-7078-44f0-9897-7ac5a305859c,numbered,18572,completed,sold,1,2026-06-08 16:23:32.161635+00,2026-06-08 16:23:47.591069+00,2026-06-08 16:23:47.70552+00,0.114451,15.543885,
31825ff0-9883-430b-a786-04d29d987916,numbered,34255,completed,sold,1,2026-06-08 16:23:32.151399+00,2026-06-08 16:23:47.588851+00,2026-06-08 16:23:47.706177+00,0.117326,15.554778,
124631b4-9677-45bc-b724-7491307ee148,numbered,2842,completed,sold,1,2026-06-08 16:23:32.166089+00,2026-06-08 16:23:47.664854+00,2026-06-08 16:23:47.769203+00,0.104349,15.603114,
5b5cd1cd-df01-4554-8d1e-7d1534ce0b12,numbered,64390,completed,sold,1,2026-06-08 16:23:32.169305+00,2026-06-08 16:23:47.707987+00,2026-06-08 16:23:47.812852+00,0.104865,15.643547,
e8c4ff8e-f741-4949-a59e-d18c24b71eee,numbered,26912,completed,sold,1,2026-06-08 16:23:32.181816+00,2026-06-08 16:23:47.739244+00,2026-06-08 16:23:47.850661+00,0.111417,15.668845,
eeb22cb0-60fd-4d1b-a3ed-a33040f7354c,numbered,60511,completed,sold,1,2026-06-08 16:23:32.192617+00,2026-06-08 16:23:47.744871+00,2026-06-08 16:23:47.851464+00,0.106593,15.658847,
4ae47e5a-0d8c-432f-a1e9-1c0bd31b0901,numbered,53201,completed,sold,1,2026-06-08 16:23:32.185498+00,2026-06-08 16:23:47.740952+00,2026-06-08 16:23:47.852702+00,0.111750,15.667204,
b3ffd202-1bcc-4a62-b020-226349e6ef72,numbered,68019,completed,sold,1,2026-06-08 16:23:32.178044+00,2026-06-08 16:23:47.738334+00,2026-06-08 16:23:47.853383+00,0.115049,15.675339,
59142cd6-5b86-4a8a-8679-2ed2c1c1e982,numbered,76484,completed,sold,1,2026-06-08 16:23:32.189273+00,2026-06-08 16:23:47.746266+00,2026-06-08 16:23:47.85345+00,0.107184,15.664177,
4f7890f0-42de-4f74-ae65-325c3fe528b2,numbered,52965,completed,sold,1,2026-06-08 16:23:32.172673+00,2026-06-08 16:23:47.740314+00,2026-06-08 16:23:47.854398+00,0.114084,15.681725,
b0e63c15-9e80-4f86-8781-baaed19b8a09,numbered,5211,completed,sold,1,2026-06-08 16:23:32.196777+00,2026-06-08 16:23:47.788828+00,2026-06-08 16:23:47.893662+00,0.104834,15.696885,
ad8b9e65-0052-4a5d-83bb-59c4446f7cf5,numbered,4693,completed,sold,1,2026-06-08 16:23:32.201099+00,2026-06-08 16:23:47.83647+00,2026-06-08 16:23:47.941064+00,0.104594,15.739965,
bfb250de-ff1d-4dbb-987f-17b6d7a6c7d2,numbered,74311,completed,sold,1,2026-06-08 16:23:32.209253+00,2026-06-08 16:23:47.883769+00,2026-06-08 16:23:47.988439+00,0.104670,15.779186,
0f5ae267-da82-4687-9932-487d6fa673d6,numbered,96504,completed,sold,1,2026-06-08 16:23:32.213367+00,2026-06-08 16:23:47.886717+00,2026-06-08 16:23:47.993299+00,0.106582,15.779932,
b6cd7f07-d4e9-459d-aa35-c99a85feb69b,numbered,22128,completed,sold,1,2026-06-08 16:23:32.205122+00,2026-06-08 16:23:47.887599+00,2026-06-08 16:23:47.994151+00,0.106552,15.789029,
2e92c1ec-f0ce-4b1a-8b8d-3e37d243f4d6,numbered,16168,completed,sold,1,2026-06-08 16:23:32.217493+00,2026-06-08 16:23:47.895921+00,2026-06-08 16:23:48.003892+00,0.107971,15.786399,
24a09197-6557-4133-b981-e691d2a8655a,numbered,62370,completed,sold,1,2026-06-08 16:23:32.225897+00,2026-06-08 16:23:47.901242+00,2026-06-08 16:23:48.009026+00,0.107784,15.783129,
6a8bd097-43d1-453e-834c-abdfe8845ee3,numbered,40440,completed,sold,1,2026-06-08 16:23:32.221569+00,2026-06-08 16:23:47.898006+00,2026-06-08 16:23:48.010025+00,0.112019,15.788456,
2686b85d-ea10-4e6f-ae21-06f788ca28f3,numbered,63843,completed,sold,1,2026-06-08 16:23:32.230074+00,2026-06-08 16:23:47.917379+00,2026-06-08 16:23:48.022495+00,0.105116,15.792421,
929c3ea2-0d8e-4528-b3df-629f49670420,numbered,70319,completed,sold,1,2026-06-08 16:23:32.234184+00,2026-06-08 16:23:47.963353+00,2026-06-08 16:23:48.068002+00,0.104649,15.833818,
4b39e16a-aa08-41b8-88ac-4ebb2f3e1dde,numbered,60597,completed,sold,1,2026-06-08 16:23:32.242502+00,2026-06-08 16:23:48.034994+00,2026-06-08 16:23:48.14104+00,0.106046,15.898538,
89a6c798-9724-4e54-865e-793535e42b45,numbered,15958,completed,sold,1,2026-06-08 16:23:32.238511+00,2026-06-08 16:23:48.035541+00,2026-06-08 16:23:48.141755+00,0.106214,15.903244,
87c04cfd-4631-43ef-8085-cd718040b591,numbered,19409,completed,sold,1,2026-06-08 16:23:32.246628+00,2026-06-08 16:23:48.036198+00,2026-06-08 16:23:48.14355+00,0.107352,15.896922,
142d1f16-74d2-458d-8852-a3c05a0cb299,numbered,16011,completed,sold,1,2026-06-08 16:23:32.251055+00,2026-06-08 16:23:48.04398+00,2026-06-08 16:23:48.150311+00,0.106331,15.899256,
b8c1d523-c322-4db1-be7f-45c609496a10,numbered,96230,completed,sold,1,2026-06-08 16:23:32.26344+00,2026-06-08 16:23:48.050942+00,2026-06-08 16:23:48.160248+00,0.109306,15.896808,
67308b4e-7c80-40e3-a3e2-2e02d026643a,numbered,94920,completed,sold,1,2026-06-08 16:23:32.259163+00,2026-06-08 16:23:48.050942+00,2026-06-08 16:23:48.169504+00,0.118562,15.910341,
052d8458-2e56-4280-9039-c4ac835e2369,numbered,3891,completed,sold,1,2026-06-08 16:23:32.255014+00,2026-06-08 16:23:48.050326+00,2026-06-08 16:23:48.171487+00,0.121161,15.916473,
d16f8e9a-ccaa-4313-9fa5-da59ed3a9edb,numbered,5447,completed,sold,1,2026-06-08 16:23:32.267502+00,2026-06-08 16:23:48.090114+00,2026-06-08 16:23:48.194802+00,0.104688,15.927300,
18df73ed-d9dd-4f67-9874-d95c3e327293,numbered,45770,completed,sold,1,2026-06-08 16:23:32.275922+00,2026-06-08 16:23:48.182389+00,2026-06-08 16:23:48.287374+00,0.104985,16.011452,
532f43fd-d8db-4f73-98c5-bac3dda2511c,numbered,49102,completed,sold,1,2026-06-08 16:23:32.279963+00,2026-06-08 16:23:48.188421+00,2026-06-08 16:23:48.294961+00,0.106540,16.014998,
549d5e1a-835c-48e2-9792-8084f82fd541,numbered,8516,completed,sold,1,2026-06-08 16:23:32.271708+00,2026-06-08 16:23:48.187489+00,2026-06-08 16:23:48.295712+00,0.108223,16.024004,
962b26e8-30da-4ea6-9aec-46809b1652d2,numbered,69425,completed,sold,1,2026-06-08 16:23:32.288441+00,2026-06-08 16:23:48.192228+00,2026-06-08 16:23:48.297235+00,0.105007,16.008794,
6bf1f7c5-31f5-479d-b9ad-19a5c25e7b97,numbered,17493,completed,sold,1,2026-06-08 16:23:32.284184+00,2026-06-08 16:23:48.20135+00,2026-06-08 16:23:48.307285+00,0.105935,16.023101,
41b09adb-9e02-4a0e-a361-3fbcbe3edd94,numbered,35633,completed,sold,1,2026-06-08 16:23:32.296852+00,2026-06-08 16:23:48.206343+00,2026-06-08 16:23:48.316685+00,0.110342,16.019833,
a293e44c-2e7d-414d-948c-a84d992f4745,numbered,11634,completed,sold,1,2026-06-08 16:23:32.292535+00,2026-06-08 16:23:48.211896+00,2026-06-08 16:23:48.320431+00,0.108535,16.027896,
fff00361-b28b-4725-b5ad-c5869b8462e3,numbered,64617,completed,sold,1,2026-06-08 16:23:32.301969+00,2026-06-08 16:23:48.219493+00,2026-06-08 16:23:48.328557+00,0.109064,16.026588,
c4ee16e9-204b-43f1-86c4-8d647d1e424c,numbered,2893,completed,sold,1,2026-06-08 16:23:32.305597+00,2026-06-08 16:23:48.321401+00,2026-06-08 16:23:48.425993+00,0.104592,16.120396,
9f241716-9932-4117-9af5-fd8175fb26b5,numbered,39503,completed,sold,1,2026-06-08 16:23:32.313457+00,2026-06-08 16:23:48.341995+00,2026-06-08 16:23:48.450463+00,0.108468,16.137006,
4cf72f25-611f-4540-b0db-e07fa2c95bf8,numbered,43404,completed,sold,1,2026-06-08 16:23:32.317492+00,2026-06-08 16:23:48.34565+00,2026-06-08 16:23:48.450618+00,0.104968,16.133126,
5c3704dc-efd0-44c7-92b8-e83925732d05,numbered,9006,completed,sold,1,2026-06-08 16:23:32.309863+00,2026-06-08 16:23:48.341252+00,2026-06-08 16:23:48.453678+00,0.112426,16.143815,
a2f0ddec-827c-450e-a454-026c3239b6c8,numbered,46736,completed,sold,1,2026-06-08 16:23:32.324376+00,2026-06-08 16:23:48.347872+00,2026-06-08 16:23:48.454631+00,0.106759,16.130255,
1a5c69b4-13c1-42de-8a7a-d4986ac3d7ac,numbered,56516,completed,sold,1,2026-06-08 16:23:32.336387+00,2026-06-08 16:23:48.360058+00,2026-06-08 16:23:48.466548+00,0.106490,16.130161,
e27ce377-dc8f-46e4-9830-60a22d253ffc,numbered,77005,completed,sold,1,2026-06-08 16:23:32.327836+00,2026-06-08 16:23:48.360031+00,2026-06-08 16:23:48.472057+00,0.112026,16.144221,
f458f878-468b-4292-b6cc-22a7905c083d,numbered,28192,completed,sold,1,2026-06-08 16:23:32.340707+00,2026-06-08 16:23:48.360586+00,2026-06-08 16:23:48.472824+00,0.112238,16.132117,
86a07402-9cd2-4d85-8b1b-beb2e20bad9f,numbered,85696,completed,sold,1,2026-06-08 16:23:32.351871+00,2026-06-08 16:23:48.452929+00,2026-06-08 16:23:48.55964+00,0.106711,16.207769,
60a50f00-1093-4a93-a874-f2e66115d024,numbered,37102,completed,seat_unavailable,1,2026-06-08 16:23:32.360094+00,2026-06-08 16:23:48.496294+00,2026-06-08 16:23:48.59966+00,0.103366,16.239566,
e0f59298-2b87-4f0c-b22f-afc1b1eb7864,numbered,76717,completed,sold,1,2026-06-08 16:23:32.363346+00,2026-06-08 16:23:48.498196+00,2026-06-08 16:23:48.605135+00,0.106939,16.241789,
2ca976a1-7819-48b9-a827-33e10a571443,numbered,30770,completed,sold,1,2026-06-08 16:23:32.370151+00,2026-06-08 16:23:48.498943+00,2026-06-08 16:23:48.60747+00,0.108527,16.237319,
58b857f4-2e03-4190-b58e-0da0e1d03ac4,numbered,70825,completed,sold,1,2026-06-08 16:23:32.377235+00,2026-06-08 16:23:48.505632+00,2026-06-08 16:23:48.610717+00,0.105085,16.233482,
76f9f53a-e66a-4a26-b543-4364e52be5aa,numbered,21263,completed,sold,1,2026-06-08 16:23:32.35653+00,2026-06-08 16:23:48.50294+00,2026-06-08 16:23:48.61477+00,0.111830,16.258240,
42503989-68e6-4ba3-9536-d5a63f4110f4,numbered,29845,completed,sold,1,2026-06-08 16:23:32.373695+00,2026-06-08 16:23:48.514463+00,2026-06-08 16:23:48.624665+00,0.110202,16.250970,
727d8154-8d5a-4a5d-9d00-2c76c35144c3,numbered,79000,completed,sold,1,2026-06-08 16:23:32.366756+00,2026-06-08 16:23:48.502371+00,2026-06-08 16:23:48.62475+00,0.122379,16.257994,
191b35f4-c6ca-4eb1-aae7-3394f6c26241,numbered,66913,completed,sold,1,2026-06-08 16:23:32.380611+00,2026-06-08 16:23:48.583212+00,2026-06-08 16:23:48.688084+00,0.104872,16.307473,
3d66bb3a-d1e4-41bb-859c-5867e6c38948,numbered,69920,completed,sold,1,2026-06-08 16:23:32.38359+00,2026-06-08 16:23:48.643821+00,2026-06-08 16:23:48.748752+00,0.104931,16.365162,
564ec225-99e7-43e9-a5c4-39f91af687bf,numbered,16930,completed,sold,1,2026-06-08 16:23:32.397964+00,2026-06-08 16:23:48.650689+00,2026-06-08 16:23:48.757092+00,0.106403,16.359128,
0979cca6-24f2-4be0-a2fa-6f72d904b420,numbered,16709,completed,sold,1,2026-06-08 16:23:32.386811+00,2026-06-08 16:23:48.652133+00,2026-06-08 16:23:48.758718+00,0.106585,16.371907,
40ea6819-c133-410c-ac21-c9f735580a44,numbered,23175,completed,sold,1,2026-06-08 16:23:32.401599+00,2026-06-08 16:23:48.660342+00,2026-06-08 16:23:48.767955+00,0.107613,16.366356,
9d7aa57e-33c0-456d-bd4d-4e098dfcd13e,numbered,90855,completed,sold,1,2026-06-08 16:23:32.405218+00,2026-06-08 16:23:48.661881+00,2026-06-08 16:23:48.768961+00,0.107080,16.363743,
1996b019-b46f-42f3-96b6-cdd23ad49727,numbered,1351,completed,sold,1,2026-06-08 16:23:32.390723+00,2026-06-08 16:23:48.657614+00,2026-06-08 16:23:48.772577+00,0.114963,16.381854,
067ecb8f-a4df-4d89-8f7d-171e31bf5332,numbered,73080,completed,sold,1,2026-06-08 16:23:32.394504+00,2026-06-08 16:23:48.659336+00,2026-06-08 16:23:48.774755+00,0.115419,16.380251,
2d335c0f-7409-4a03-9d50-dd0da8855709,numbered,46807,completed,sold,1,2026-06-08 16:23:32.408851+00,2026-06-08 16:23:48.710236+00,2026-06-08 16:23:48.815467+00,0.105231,16.406616,
4ffa0d35-2571-445b-bb32-e4f32eb3ed65,numbered,91193,completed,sold,1,2026-06-08 16:23:32.41238+00,2026-06-08 16:23:48.790848+00,2026-06-08 16:23:48.895976+00,0.105128,16.483596,
25e5640e-c309-41e2-ad60-e917cdc9c17e,numbered,90483,completed,sold,1,2026-06-08 16:23:32.419571+00,2026-06-08 16:23:48.79764+00,2026-06-08 16:23:48.904413+00,0.106773,16.484842,
95138150-cf03-4d85-ad49-16397c9ac7ba,numbered,56094,completed,sold,1,2026-06-08 16:23:32.415965+00,2026-06-08 16:23:48.808251+00,2026-06-08 16:23:48.916447+00,0.108196,16.500482,
3eaedbea-b399-4c7c-b75d-604fd6bf4d22,numbered,76889,completed,sold,1,2026-06-08 16:23:32.430261+00,2026-06-08 16:23:48.810757+00,2026-06-08 16:23:48.920382+00,0.109625,16.490121,
3ebe52fc-813a-4f29-b8a7-4850f586744f,numbered,97869,completed,sold,1,2026-06-08 16:23:32.426571+00,2026-06-08 16:23:48.810018+00,2026-06-08 16:23:48.921572+00,0.111554,16.495001,
38ee6cb6-04a8-4f34-8a66-c65741d48b05,numbered,60004,completed,sold,1,2026-06-08 16:23:32.434495+00,2026-06-08 16:23:48.812875+00,2026-06-08 16:23:48.922473+00,0.109598,16.487978,
4185ebdf-1bfe-426d-9f98-6ea967d7c000,numbered,5420,completed,sold,1,2026-06-08 16:23:32.423108+00,2026-06-08 16:23:48.815889+00,2026-06-08 16:23:48.922555+00,0.106666,16.499447,
9c7a35fe-66b1-450c-81f2-b29ce9032c7c,numbered,3386,completed,sold,1,2026-06-08 16:23:32.438612+00,2026-06-08 16:23:48.837896+00,2026-06-08 16:23:48.947072+00,0.109176,16.508460,
de0181ed-0a53-45d2-a7f1-90844c002938,numbered,95905,completed,sold,1,2026-06-08 16:23:32.442616+00,2026-06-08 16:23:48.931399+00,2026-06-08 16:23:49.036139+00,0.104740,16.593523,
a8abbabc-40a0-4ec4-af4c-b68e18792629,numbered,27194,completed,sold,1,2026-06-08 16:23:32.448019+00,2026-06-08 16:23:48.949195+00,2026-06-08 16:23:49.056203+00,0.107008,16.608184,
47f2de06-0c42-4cad-8ad8-495a926da5b6,numbered,65291,completed,sold,1,2026-06-08 16:23:32.45145+00,2026-06-08 16:23:48.955395+00,2026-06-08 16:23:49.060363+00,0.104968,16.608913,
72602220-95fe-4759-89cc-c3783ab32c06,numbered,64116,completed,sold,1,2026-06-08 16:23:32.459376+00,2026-06-08 16:23:48.953229+00,2026-06-08 16:23:49.06256+00,0.109331,16.603184,
64f22acf-cceb-4539-bed4-4f27508a00bb,numbered,47251,completed,sold,1,2026-06-08 16:23:32.455171+00,2026-06-08 16:23:48.962436+00,2026-06-08 16:23:49.067889+00,0.105453,16.612718,
58dc82ae-1951-4e77-b479-1ba10a63d3a3,numbered,76432,completed,sold,1,2026-06-08 16:23:32.477424+00,2026-06-08 16:23:48.974316+00,2026-06-08 16:23:49.080704+00,0.106388,16.603280,
ae0df982-fe70-43be-97e1-3953ccb9b8fb,numbered,46340,completed,sold,1,2026-06-08 16:23:32.465682+00,2026-06-08 16:23:48.973301+00,2026-06-08 16:23:49.088194+00,0.114893,16.622512,
00dc1f5c-197c-4eb8-8cc6-04f288a31a20,numbered,14175,completed,sold,1,2026-06-08 16:23:32.469677+00,2026-06-08 16:23:48.976115+00,2026-06-08 16:23:49.094032+00,0.117917,16.624355,
448c75ea-3b37-4152-ac20-e4022f858d22,numbered,2595,completed,sold,1,2026-06-08 16:23:32.483551+00,2026-06-08 16:23:49.070089+00,2026-06-08 16:23:49.176883+00,0.106794,16.693332,
8d99773d-eca1-4b91-8b52-469337456af4,numbered,60790,completed,sold,1,2026-06-08 16:23:32.493225+00,2026-06-08 16:23:49.092294+00,2026-06-08 16:23:49.200267+00,0.107973,16.707042,
895be20e-dbbb-41f2-aea0-cdbd7c1fd899,numbered,79825,completed,sold,1,2026-06-08 16:23:32.489142+00,2026-06-08 16:23:49.095082+00,2026-06-08 16:23:49.202348+00,0.107266,16.713206,
0656f9ab-d777-4ff9-9fe0-b8519483e13c,numbered,74865,completed,sold,1,2026-06-08 16:23:32.498077+00,2026-06-08 16:23:49.104729+00,2026-06-08 16:23:49.211335+00,0.106606,16.713258,
1f7543e7-3d02-4e40-ace3-7c6d5c619c0b,numbered,31750,completed,sold,1,2026-06-08 16:23:32.503183+00,2026-06-08 16:23:49.10906+00,2026-06-08 16:23:49.215174+00,0.106114,16.711991,
d2e3a22e-8414-4ae9-ab47-fde278fc4c74,numbered,67548,completed,sold,1,2026-06-08 16:23:32.506812+00,2026-06-08 16:23:49.113519+00,2026-06-08 16:23:49.22141+00,0.107891,16.714598,
93834861-406f-4f89-bd68-5f9dd3aa2090,numbered,732,completed,sold,1,2026-06-08 16:23:32.513892+00,2026-06-08 16:23:49.127272+00,2026-06-08 16:23:49.235688+00,0.108416,16.721796,
e0acce8d-98bf-4ce0-b6b9-3000897426ca,numbered,9734,completed,sold,1,2026-06-08 16:23:32.510414+00,2026-06-08 16:23:49.127784+00,2026-06-08 16:23:49.236809+00,0.109025,16.726395,
d31567a9-ba42-4e73-b346-25e0f130ae19,numbered,89340,completed,sold,1,2026-06-08 16:23:32.517718+00,2026-06-08 16:23:49.205787+00,2026-06-08 16:23:49.311088+00,0.105301,16.793370,
e0b12e4c-fa4a-49c3-a647-a662b2610f2d,numbered,66488,completed,sold,1,2026-06-08 16:23:32.521326+00,2026-06-08 16:23:49.225496+00,2026-06-08 16:23:49.330822+00,0.105326,16.809496,
fffadc99-1677-4f5d-b70e-7a20f43fad4c,numbered,12617,completed,sold,1,2026-06-08 16:23:32.524521+00,2026-06-08 16:23:49.238451+00,2026-06-08 16:23:49.344169+00,0.105718,16.819648,
94711e43-2266-4e72-ab7a-4ff1749914ae,numbered,54860,completed,sold,1,2026-06-08 16:23:32.52782+00,2026-06-08 16:23:49.247916+00,2026-06-08 16:23:49.353975+00,0.106059,16.826155,
5ab2abff-d520-4e5b-a69f-c103a024d2e0,numbered,52342,completed,sold,1,2026-06-08 16:23:32.531631+00,2026-06-08 16:23:49.25816+00,2026-06-08 16:23:49.36485+00,0.106690,16.833219,
6b638be0-dcbf-4ab6-aa8b-02ce6126e5dc,numbered,97114,completed,sold,1,2026-06-08 16:23:32.534829+00,2026-06-08 16:23:49.258458+00,2026-06-08 16:23:49.365636+00,0.107178,16.830807,
a76f6668-0667-4048-b695-fe7cae5e29e0,numbered,85393,completed,sold,1,2026-06-08 16:23:32.541067+00,2026-06-08 16:23:49.269886+00,2026-06-08 16:23:49.376873+00,0.106987,16.835806,
09be0920-6995-451c-b7e7-f0cf4efa1dd9,numbered,57189,completed,sold,1,2026-06-08 16:23:32.537968+00,2026-06-08 16:23:49.269953+00,2026-06-08 16:23:49.378059+00,0.108106,16.840091,
b774028b-9a60-441a-92e3-0405de614cd9,numbered,31697,completed,sold,1,2026-06-08 16:23:32.544464+00,2026-06-08 16:23:49.336078+00,2026-06-08 16:23:49.441013+00,0.104935,16.896549,
078aed13-838e-40db-b4dc-0a471e5336cf,numbered,45145,completed,sold,1,2026-06-08 16:23:32.547997+00,2026-06-08 16:23:49.354999+00,2026-06-08 16:23:49.459956+00,0.104957,16.911959,
20b542e7-6b40-4e83-8beb-e9f0a96255b8,numbered,77975,completed,sold,1,2026-06-08 16:23:32.551222+00,2026-06-08 16:23:49.373928+00,2026-06-08 16:23:49.480454+00,0.106526,16.929232,
f37a4073-179c-42af-9562-2616e3896cb0,numbered,12032,completed,sold,1,2026-06-08 16:23:32.555228+00,2026-06-08 16:23:49.386104+00,2026-06-08 16:23:49.491896+00,0.105792,16.936668,
4ec8f617-cfb7-4217-860b-31033cf9abef,numbered,97167,completed,sold,1,2026-06-08 16:23:32.559159+00,2026-06-08 16:23:49.398625+00,2026-06-08 16:23:49.503686+00,0.105061,16.944527,
9b1697f0-6341-49b8-a9f0-e6aa2bcfe86d,numbered,66788,completed,sold,1,2026-06-08 16:23:32.563337+00,2026-06-08 16:23:49.406556+00,2026-06-08 16:23:49.513457+00,0.106901,16.950120,
b6032952-0537-4261-99d0-978d92e5dd57,numbered,46661,completed,sold,1,2026-06-08 16:23:32.571775+00,2026-06-08 16:23:49.409734+00,2026-06-08 16:23:49.516225+00,0.106491,16.944450,
5a377b0c-e72b-4b89-8892-bb580cf58d78,numbered,85776,completed,sold,1,2026-06-08 16:23:32.56761+00,2026-06-08 16:23:49.410606+00,2026-06-08 16:23:49.516971+00,0.106365,16.949361,
986850c6-1b16-4c22-8862-dc579b21d011,numbered,98547,completed,sold,1,2026-06-08 16:23:32.575956+00,2026-06-08 16:23:49.465075+00,2026-06-08 16:23:49.570378+00,0.105303,16.994422,
994bfd49-b8d7-4a40-bb57-539215ad8fec,numbered,65884,completed,sold,1,2026-06-08 16:23:32.580062+00,2026-06-08 16:23:49.482871+00,2026-06-08 16:23:49.587979+00,0.105108,17.007917,
b5a4ea82-f097-4e6b-8f7d-502dbcdb93d0,numbered,58807,completed,sold,1,2026-06-08 16:23:32.58466+00,2026-06-08 16:23:49.504589+00,2026-06-08 16:23:49.610448+00,0.105859,17.025788,
2ed5168d-1b2b-4e04-b97c-a86ee1bdc0f1,numbered,31057,completed,sold,1,2026-06-08 16:23:32.588329+00,2026-06-08 16:23:49.526218+00,2026-06-08 16:23:49.632613+00,0.106395,17.044284,
07f3b872-f6a5-4568-aca1-ded54e814c9a,numbered,84311,completed,sold,1,2026-06-08 16:23:32.592508+00,2026-06-08 16:23:49.535681+00,2026-06-08 16:23:49.641221+00,0.105540,17.048713,
c4182404-6c7f-49c1-a677-4dadb5b1baae,numbered,12935,completed,sold,1,2026-06-08 16:23:32.600981+00,2026-06-08 16:23:49.546338+00,2026-06-08 16:23:49.655237+00,0.108899,17.054256,
9414223f-11fe-4db2-adea-d83a8434a3b4,numbered,94292,completed,sold,1,2026-06-08 16:23:32.605164+00,2026-06-08 16:23:49.549146+00,2026-06-08 16:23:49.656135+00,0.106989,17.050971,
b725ea1f-9566-473f-b34b-5db9a6529fea,numbered,28747,completed,sold,1,2026-06-08 16:23:32.597054+00,2026-06-08 16:23:49.548966+00,2026-06-08 16:23:49.656898+00,0.107932,17.059844,
48774f47-83d6-41e1-9043-9794188487f3,numbered,70118,completed,sold,1,2026-06-08 16:23:32.610602+00,2026-06-08 16:23:49.595349+00,2026-06-08 16:23:49.700839+00,0.105490,17.090237,
e23ddaa3-7f5e-485e-905f-c81e11296bf6,numbered,79615,completed,sold,1,2026-06-08 16:23:32.615528+00,2026-06-08 16:23:49.611188+00,2026-06-08 16:23:49.715384+00,0.104196,17.099856,
4bf29be7-8943-4679-968a-d763d4c899f5,numbered,55780,completed,sold,1,2026-06-08 16:23:32.62084+00,2026-06-08 16:23:49.63356+00,2026-06-08 16:23:49.739083+00,0.105523,17.118243,
7d0076eb-adf0-4932-97d2-d6a444dacf79,numbered,10669,completed,sold,1,2026-06-08 16:23:32.625565+00,2026-06-08 16:23:49.66049+00,2026-06-08 16:23:49.766832+00,0.106342,17.141267,
2b3a441b-e82b-4f2f-99b2-552baa047b50,numbered,76782,completed,sold,1,2026-06-08 16:23:32.63334+00,2026-06-08 16:23:49.672583+00,2026-06-08 16:23:49.777461+00,0.104878,17.144121,
28a15bb8-c9ac-45b2-bcae-2efefa2f7946,numbered,49505,completed,sold,1,2026-06-08 16:23:32.640559+00,2026-06-08 16:23:49.687051+00,2026-06-08 16:23:49.792047+00,0.104996,17.151488,
2406d703-ddc3-42af-8619-3d1301378442,numbered,41887,completed,sold,1,2026-06-08 16:23:32.637051+00,2026-06-08 16:23:49.688352+00,2026-06-08 16:23:49.796343+00,0.107991,17.159292,
9567d685-48b2-49c8-8a0f-18b3480907e9,numbered,1803,completed,sold,1,2026-06-08 16:23:32.645282+00,2026-06-08 16:23:49.689523+00,2026-06-08 16:23:49.797794+00,0.108271,17.152512,
617847d3-b307-4fb4-8393-543c656c6a9c,numbered,24920,completed,sold,1,2026-06-08 16:23:32.648898+00,2026-06-08 16:23:49.724289+00,2026-06-08 16:23:49.829859+00,0.105570,17.180961,
0a898a8f-5e3d-4314-b8dd-42fc66e2adfd,numbered,62722,completed,sold,1,2026-06-08 16:23:32.652055+00,2026-06-08 16:23:49.737934+00,2026-06-08 16:23:49.842104+00,0.104170,17.190049,
9054191e-d0ed-49ef-b089-4b7933e649a5,numbered,18002,completed,sold,1,2026-06-08 16:23:32.658425+00,2026-06-08 16:23:49.763463+00,2026-06-08 16:23:49.869461+00,0.105998,17.211036,
09aebbc4-3b42-4304-aa6f-26a5b95a702d,numbered,27640,completed,sold,1,2026-06-08 16:23:32.665071+00,2026-06-08 16:23:49.800525+00,2026-06-08 16:23:49.907961+00,0.107436,17.242890,
f24193b9-dc5b-44a6-a0e2-028d46cd31a6,numbered,55739,completed,sold,1,2026-06-08 16:23:32.668763+00,2026-06-08 16:23:49.80979+00,2026-06-08 16:23:49.915772+00,0.105982,17.247009,
e94f5a7d-308a-4acc-9217-035fb67672dd,numbered,46850,completed,sold,1,2026-06-08 16:23:32.671918+00,2026-06-08 16:23:49.818331+00,2026-06-08 16:23:49.924104+00,0.105773,17.252186,
8c7852bb-e0f8-4a42-a54b-a3acc5fb86c8,numbered,5964,completed,sold,1,2026-06-08 16:23:32.675094+00,2026-06-08 16:23:49.82643+00,2026-06-08 16:23:49.933085+00,0.106655,17.257991,
37be990a-f9b5-4d63-90a9-19369d282f0e,numbered,27517,completed,sold,1,2026-06-08 16:23:32.678586+00,2026-06-08 16:23:49.831882+00,2026-06-08 16:23:49.940708+00,0.108826,17.262122,
6e2dbfc9-2ef0-4195-985a-4882654b6f75,numbered,71194,completed,sold,1,2026-06-08 16:23:32.681951+00,2026-06-08 16:23:49.854746+00,2026-06-08 16:23:49.959986+00,0.105240,17.278035,
5f67e93e-9548-40a2-864c-8bd83eb96904,numbered,10313,completed,sold,1,2026-06-08 16:23:32.685376+00,2026-06-08 16:23:49.865122+00,2026-06-08 16:23:49.970074+00,0.104952,17.284698,
129f2cfe-a2be-498d-8bec-b5f66ac87bf8,numbered,599,completed,sold,1,2026-06-08 16:23:32.688952+00,2026-06-08 16:23:49.894124+00,2026-06-08 16:23:49.999213+00,0.105089,17.310261,
a5296c52-3298-4145-9c69-3471d93dca74,numbered,79277,completed,sold,1,2026-06-08 16:23:32.692081+00,2026-06-08 16:23:49.941247+00,2026-06-08 16:23:50.047384+00,0.106137,17.355303,
55ad7253-b40b-4b60-a6e1-84fe26742aaa,numbered,27143,completed,sold,1,2026-06-08 16:23:32.695172+00,2026-06-08 16:23:49.943426+00,2026-06-08 16:23:50.048887+00,0.105461,17.353715,
688bb319-b805-4a94-ba7f-5ad2a9e9b546,numbered,18314,completed,sold,1,2026-06-08 16:23:32.698395+00,2026-06-08 16:23:49.951923+00,2026-06-08 16:23:50.060916+00,0.108993,17.362521,
1860a150-cec9-4bc4-8323-653357518bb1,numbered,51248,completed,sold,1,2026-06-08 16:23:32.701654+00,2026-06-08 16:23:49.966604+00,2026-06-08 16:23:50.074491+00,0.107887,17.372837,
2f627155-3dad-4e09-82ae-9e5fa6263888,numbered,47177,completed,sold,1,2026-06-08 16:23:32.704997+00,2026-06-08 16:23:49.971428+00,2026-06-08 16:23:50.084142+00,0.112714,17.379145,
b26b53bd-6241-4f4b-a050-1946bc73031d,numbered,48587,completed,sold,1,2026-06-08 16:23:32.709099+00,2026-06-08 16:23:49.984692+00,2026-06-08 16:23:50.10329+00,0.118598,17.394191,
6f05f57f-56a2-4c2b-a68c-1112bd4e85b8,numbered,49339,completed,sold,1,2026-06-08 16:23:32.713381+00,2026-06-08 16:23:49.989906+00,2026-06-08 16:23:50.103803+00,0.113897,17.390422,
1014806c-95a2-4b38-9bae-70fe171bc007,numbered,38991,completed,sold,1,2026-06-08 16:23:32.717572+00,2026-06-08 16:23:50.024511+00,2026-06-08 16:23:50.130758+00,0.106247,17.413186,
3a7c67ac-f00c-41c6-9586-a75b14e41827,numbered,24081,completed,sold,1,2026-06-08 16:23:32.72598+00,2026-06-08 16:23:50.085234+00,2026-06-08 16:23:50.189948+00,0.104714,17.463968,
ad2fc67a-c552-4e3a-b0e4-b52726809563,numbered,42480,completed,sold,1,2026-06-08 16:23:32.721573+00,2026-06-08 16:23:50.090977+00,2026-06-08 16:23:50.19771+00,0.106733,17.476137,
66f61a4d-85e5-46ff-92d3-3f26ca107104,numbered,14684,completed,sold,1,2026-06-08 16:23:32.730494+00,2026-06-08 16:23:50.099865+00,2026-06-08 16:23:50.205219+00,0.105354,17.474725,
9070c041-57c6-41b7-8f94-349f4e785c54,numbered,16336,completed,sold,1,2026-06-08 16:23:32.734194+00,2026-06-08 16:23:50.126217+00,2026-06-08 16:23:50.232633+00,0.106416,17.498439,
464a6173-a4ed-4d5b-a15a-6a4045730a62,numbered,34486,completed,sold,1,2026-06-08 16:23:32.73848+00,2026-06-08 16:23:50.128423+00,2026-06-08 16:23:50.234674+00,0.106251,17.496194,
6b20e26f-044d-4599-a3f9-97f42a386289,numbered,6650,completed,sold,1,2026-06-08 16:23:32.742627+00,2026-06-08 16:23:50.152346+00,2026-06-08 16:23:50.256973+00,0.104627,17.514346,
eeffd539-3869-4239-afd5-d3e5e761d394,numbered,77995,completed,sold,1,2026-06-08 16:23:32.746813+00,2026-06-08 16:23:50.156742+00,2026-06-08 16:23:50.262003+00,0.105261,17.515190,
6ef1946e-5785-4bf6-8128-c0c8d9ed84dd,numbered,10658,completed,sold,1,2026-06-08 16:23:32.751644+00,2026-06-08 16:23:50.163031+00,2026-06-08 16:23:50.269461+00,0.106430,17.517817,
6ed0f00a-07af-4008-9e20-f61145943db3,numbered,51182,completed,sold,1,2026-06-08 16:23:32.75532+00,2026-06-08 16:23:50.214231+00,2026-06-08 16:23:50.318748+00,0.104517,17.563428,
b7de2a57-c118-4e0c-a444-e005bb274d76,numbered,45463,completed,sold,1,2026-06-08 16:23:32.759285+00,2026-06-08 16:23:50.223697+00,2026-06-08 16:23:50.329233+00,0.105536,17.569948,
84b2b06f-b20c-45cd-99ec-5c3f7f74c9d3,numbered,73778,completed,sold,1,2026-06-08 16:23:32.763523+00,2026-06-08 16:23:50.229347+00,2026-06-08 16:23:50.334178+00,0.104831,17.570655,
81f0351e-ed01-48bf-b998-55edec372a94,numbered,51749,completed,sold,1,2026-06-08 16:23:32.779097+00,2026-06-08 16:23:50.261715+00,2026-06-08 16:23:50.368347+00,0.106632,17.589250,
a7315f65-265d-48be-b982-a2c17233b1f2,numbered,18415,completed,sold,1,2026-06-08 16:23:32.789124+00,2026-06-08 16:23:50.270873+00,2026-06-08 16:23:50.377198+00,0.106325,17.588074,
408168f2-6c1c-4215-870e-9d48ccdf7154,numbered,10574,completed,sold,1,2026-06-08 16:23:32.795364+00,2026-06-08 16:23:50.28285+00,2026-06-08 16:23:50.387696+00,0.104846,17.592332,
bc80bdd6-c656-4132-a9d2-ee0dd16fdd00,numbered,4443,completed,sold,1,2026-06-08 16:23:32.801161+00,2026-06-08 16:23:50.286781+00,2026-06-08 16:23:50.392328+00,0.105547,17.591167,
cc902032-8b1c-44d4-8e41-bdd3b6fce1d9,numbered,7377,completed,sold,1,2026-06-08 16:23:32.805926+00,2026-06-08 16:23:50.292117+00,2026-06-08 16:23:50.400778+00,0.108661,17.594852,
ca4906ad-f9b6-410a-b96e-442dafaa4719,numbered,42201,completed,sold,1,2026-06-08 16:23:32.809512+00,2026-06-08 16:23:50.343884+00,2026-06-08 16:23:50.448864+00,0.104980,17.639352,
4eca7952-58ab-4796-8887-e564ae38495d,numbered,86310,completed,sold,1,2026-06-08 16:23:32.817725+00,2026-06-08 16:23:50.357011+00,2026-06-08 16:23:50.462455+00,0.105444,17.644730,
caea9097-b553-4a37-b16b-d3b911d9e172,numbered,14730,completed,sold,1,2026-06-08 16:23:32.814247+00,2026-06-08 16:23:50.356545+00,2026-06-08 16:23:50.462924+00,0.106379,17.648677,
5d7df115-153e-4884-ab28-48a6db070e40,numbered,8054,completed,sold,1,2026-06-08 16:23:32.821324+00,2026-06-08 16:23:50.400314+00,2026-06-08 16:23:50.506206+00,0.105892,17.684882,
faf8bccc-184e-4f3e-8de2-289502aecf22,numbered,97866,completed,sold,1,2026-06-08 16:23:32.824824+00,2026-06-08 16:23:50.409683+00,2026-06-08 16:23:50.516643+00,0.106960,17.691819,
b28b9e7c-ee8d-42fd-aa54-fc58889684f1,numbered,96890,completed,sold,1,2026-06-08 16:23:32.831924+00,2026-06-08 16:23:50.419339+00,2026-06-08 16:23:50.528731+00,0.109392,17.696807,
c7890ba3-b1ab-4b32-90ac-52041f5b0dfc,numbered,9582,completed,sold,1,2026-06-08 16:23:32.828529+00,2026-06-08 16:23:50.418171+00,2026-06-08 16:23:50.529042+00,0.110871,17.700513,
486ae089-eba6-4299-9c3a-83ea0ebb54ed,numbered,58294,completed,sold,1,2026-06-08 16:23:32.835357+00,2026-06-08 16:23:50.423572+00,2026-06-08 16:23:50.529302+00,0.105730,17.693945,
5b0404db-2f14-484e-a375-758f2d9f28f2,numbered,18556,completed,sold,1,2026-06-08 16:23:32.838593+00,2026-06-08 16:23:50.475524+00,2026-06-08 16:23:50.580155+00,0.104631,17.741562,
254c3614-4e57-4eec-b1db-0f2316074dfb,numbered,6454,completed,sold,1,2026-06-08 16:23:32.842038+00,2026-06-08 16:23:50.488233+00,2026-06-08 16:23:50.593411+00,0.105178,17.751373,
c3a0307f-a0e0-42c5-a0de-793a68703fb8,numbered,73543,completed,sold,1,2026-06-08 16:23:32.845525+00,2026-06-08 16:23:50.489721+00,2026-06-08 16:23:50.596109+00,0.106388,17.750584,
a0d4b622-e383-4b47-91ee-b6942d86be55,numbered,98437,completed,sold,1,2026-06-08 16:23:32.849323+00,2026-06-08 16:23:50.541769+00,2026-06-08 16:23:50.647625+00,0.105856,17.798302,
e48ec095-67be-431f-b9a5-a65711b57d3c,numbered,21649,completed,sold,1,2026-06-08 16:23:32.85262+00,2026-06-08 16:23:50.55227+00,2026-06-08 16:23:50.659121+00,0.106851,17.806501,
eabf206d-59d7-43c3-a7e0-6c816b4e7fc6,numbered,9725,completed,sold,1,2026-06-08 16:23:32.860032+00,2026-06-08 16:23:50.555983+00,2026-06-08 16:23:50.660336+00,0.104353,17.800304,
c41cd976-7f51-490e-a3e9-8270fa84addd,numbered,76407,completed,sold,1,2026-06-08 16:23:32.8634+00,2026-06-08 16:23:50.560901+00,2026-06-08 16:23:50.666338+00,0.105437,17.802938,
3257a58c-982e-4d5b-8c7e-411c746f2104,numbered,99040,completed,sold,1,2026-06-08 16:23:32.856391+00,2026-06-08 16:23:50.560327+00,2026-06-08 16:23:50.666438+00,0.106111,17.810047,
9abe166f-c285-4a24-9138-5c062f05ea3c,numbered,99933,completed,sold,1,2026-06-08 16:23:32.867123+00,2026-06-08 16:23:50.603317+00,2026-06-08 16:23:50.7077+00,0.104383,17.840577,
b622b145-37a5-43b0-ac88-c4dc4cfdb649,numbered,80101,completed,sold,1,2026-06-08 16:23:32.870577+00,2026-06-08 16:23:50.618703+00,2026-06-08 16:23:50.723803+00,0.105100,17.853226,
75c5ad68-054c-4498-aee6-034d5898e98f,numbered,87700,completed,sold,1,2026-06-08 16:23:32.873961+00,2026-06-08 16:23:50.623822+00,2026-06-08 16:23:50.729786+00,0.105964,17.855825,
c4704607-08e4-4667-b2db-210d4b075a7a,numbered,79183,completed,seat_unavailable,1,2026-06-08 16:23:32.877487+00,2026-06-08 16:23:50.684148+00,2026-06-08 16:23:50.787962+00,0.103814,17.910475,
43bd3475-9606-4976-bc9a-6fdff329104a,numbered,32398,completed,sold,1,2026-06-08 16:23:32.884174+00,2026-06-08 16:23:50.697196+00,2026-06-08 16:23:50.802874+00,0.105678,17.918700,
456c938e-ff84-4652-984d-411ce4300732,numbered,55416,completed,sold,1,2026-06-08 16:23:32.892461+00,2026-06-08 16:23:50.697196+00,2026-06-08 16:23:50.803415+00,0.106219,17.910954,
59cbe05c-e0d3-4ed9-a283-ce8dbf281553,numbered,97547,completed,sold,1,2026-06-08 16:23:32.880726+00,2026-06-08 16:23:50.699682+00,2026-06-08 16:23:50.80658+00,0.106898,17.925854,
8829ba27-7925-4a0c-9d2b-aadb06ff0f1a,numbered,78513,completed,sold,1,2026-06-08 16:23:32.888708+00,2026-06-08 16:23:50.699526+00,2026-06-08 16:23:50.807142+00,0.107616,17.918434,
5993234a-92ed-4686-93e9-5a9356692acc,numbered,52081,completed,sold,1,2026-06-08 16:23:32.895667+00,2026-06-08 16:23:50.73152+00,2026-06-08 16:23:50.837008+00,0.105488,17.941341,
d8b83760-facc-4eae-97dc-0f858738d407,numbered,94645,completed,sold,1,2026-06-08 16:23:32.89928+00,2026-06-08 16:23:50.747512+00,2026-06-08 16:23:50.852118+00,0.104606,17.952838,
356e419f-48fa-4c90-a8e2-e04649deec9e,numbered,22644,completed,sold,1,2026-06-08 16:23:32.902761+00,2026-06-08 16:23:50.754211+00,2026-06-08 16:23:50.860772+00,0.106561,17.958011,
228d242b-3d05-4e28-8946-b41f9bb25a15,numbered,57254,completed,sold,1,2026-06-08 16:23:32.906098+00,2026-06-08 16:23:50.823742+00,2026-06-08 16:23:50.929652+00,0.105910,18.023554,
addd74e3-8dc7-46c0-b90e-b87c7888bb95,numbered,41946,completed,sold,1,2026-06-08 16:23:32.909222+00,2026-06-08 16:23:50.838366+00,2026-06-08 16:23:50.942829+00,0.104463,18.033607,
bdd73cfd-6e7d-46f5-bc53-6cd492b29c95,numbered,49834,completed,sold,1,2026-06-08 16:23:32.912382+00,2026-06-08 16:23:50.843833+00,2026-06-08 16:23:50.953567+00,0.109734,18.041185,
c957017c-37ca-4ad4-9f9c-988acec2e2fc,numbered,91175,completed,sold,1,2026-06-08 16:23:32.927504+00,2026-06-08 16:23:50.844604+00,2026-06-08 16:23:50.953767+00,0.109163,18.026263,
e5b607a9-af10-4ebc-b888-bd12e7a66196,numbered,23666,completed,sold,1,2026-06-08 16:23:32.915687+00,2026-06-08 16:23:50.843833+00,2026-06-08 16:23:50.954556+00,0.110723,18.038869,
9727b452-238b-4d58-9279-858a1fe0cfd9,numbered,79953,completed,sold,1,2026-06-08 16:23:32.939824+00,2026-06-08 16:23:50.862365+00,2026-06-08 16:23:50.96729+00,0.104925,18.027466,
9ccac4cf-c41e-4998-97f2-f8f89a74ad56,numbered,66,completed,sold,1,2026-06-08 16:23:32.944098+00,2026-06-08 16:23:50.876744+00,2026-06-08 16:23:50.98221+00,0.105466,18.038112,
c2eb63fe-bb9e-41cd-8662-e889840d2a9b,numbered,11673,completed,sold,1,2026-06-08 16:23:32.948004+00,2026-06-08 16:23:50.885196+00,2026-06-08 16:23:50.991532+00,0.106336,18.043528,
2059ef79-aefe-4ca6-955b-a27b6ea2f067,numbered,66228,completed,sold,1,2026-06-08 16:23:32.952532+00,2026-06-08 16:23:50.971355+00,2026-06-08 16:23:51.077358+00,0.106003,18.124826,
ad8c7981-c14d-4312-ba91-99cc6d141365,numbered,40437,completed,sold,1,2026-06-08 16:23:32.955927+00,2026-06-08 16:23:50.974692+00,2026-06-08 16:23:51.079185+00,0.104493,18.123258,
bf095eb1-08db-4c06-96bf-35c783ed0f37,numbered,55202,completed,sold,1,2026-06-08 16:23:32.96254+00,2026-06-08 16:23:50.994744+00,2026-06-08 16:23:51.106986+00,0.112242,18.144446,
7a1e7408-2566-42de-8f18-80a2f1dac699,numbered,7815,completed,sold,1,2026-06-08 16:23:32.959205+00,2026-06-08 16:23:50.996213+00,2026-06-08 16:23:51.107988+00,0.111775,18.148783,
44ee3748-9bce-4ec6-b4d3-f65f8a0cb84e,numbered,84574,completed,sold,1,2026-06-08 16:23:32.969305+00,2026-06-08 16:23:51.000673+00,2026-06-08 16:23:51.108679+00,0.108006,18.139374,
ef0b246c-ee6c-4acb-8142-717e23c102f2,numbered,30850,completed,sold,1,2026-06-08 16:23:32.965874+00,2026-06-08 16:23:51.000461+00,2026-06-08 16:23:51.109633+00,0.109172,18.143759,
d93d7c5e-b8c8-4700-aa6b-a5a4fbd852b1,numbered,75178,completed,sold,1,2026-06-08 16:23:32.972723+00,2026-06-08 16:23:51.008541+00,2026-06-08 16:23:51.114589+00,0.106048,18.141866,
8491afa2-76ed-47ec-bf73-32bef33658db,numbered,74059,completed,seat_unavailable,1,2026-06-08 16:23:32.976042+00,2026-06-08 16:23:51.020923+00,2026-06-08 16:23:51.124521+00,0.103598,18.148479,
61573290-d9f0-4507-8fb8-ad0319924c64,numbered,98530,completed,sold,1,2026-06-08 16:23:32.983134+00,2026-06-08 16:23:51.106677+00,2026-06-08 16:23:51.211613+00,0.104936,18.228479,
ea8828ca-302a-4321-8a6f-ffa2802febe5,numbered,69530,completed,sold,1,2026-06-08 16:23:32.979614+00,2026-06-08 16:23:51.107939+00,2026-06-08 16:23:51.214182+00,0.106243,18.234568,
abe963ff-08fa-40fb-8d7d-c37dd9182b9c,numbered,81206,completed,sold,1,2026-06-08 16:23:32.989599+00,2026-06-08 16:23:51.146925+00,2026-06-08 16:23:51.25346+00,0.106535,18.263861,
2acc550a-b8ce-48a3-8bd8-d002cb4a18d0,numbered,40326,completed,sold,1,2026-06-08 16:23:32.986352+00,2026-06-08 16:23:51.147791+00,2026-06-08 16:23:51.253974+00,0.106183,18.267622,
49198d88-423a-4f93-b7a8-7971aa11e5cc,numbered,39975,completed,sold,1,2026-06-08 16:23:32.999445+00,2026-06-08 16:23:51.148612+00,2026-06-08 16:23:51.256017+00,0.107405,18.256572,
932686a8-c2c5-4a82-9af5-052d5304d2d8,numbered,49734,completed,sold,1,2026-06-08 16:23:32.992976+00,2026-06-08 16:23:51.149322+00,2026-06-08 16:23:51.256987+00,0.107665,18.264011,
97ba5987-38bd-4d90-863f-f7a406c3332f,numbered,42197,completed,sold,1,2026-06-08 16:23:32.996149+00,2026-06-08 16:23:51.154106+00,2026-06-08 16:23:51.259276+00,0.105170,18.263127,
3bcb7845-c07c-46af-b486-bd325d134c1e,numbered,27902,completed,sold,1,2026-06-08 16:23:33.002763+00,2026-06-08 16:23:51.156256+00,2026-06-08 16:23:51.262958+00,0.106702,18.260195,
5297e0ec-afba-4784-8351-81de71b0b798,numbered,62329,completed,sold,1,2026-06-08 16:23:33.005896+00,2026-06-08 16:23:51.232143+00,2026-06-08 16:23:51.336422+00,0.104279,18.330526,
45b1496b-eea2-474c-8da9-680fa63d3a22,numbered,57284,completed,sold,1,2026-06-08 16:23:33.009105+00,2026-06-08 16:23:51.239442+00,2026-06-08 16:23:51.34586+00,0.106418,18.336755,
9f34a30a-caf0-48db-aa25-d3ad884f09a1,numbered,51040,completed,sold,1,2026-06-08 16:23:33.016129+00,2026-06-08 16:23:51.290147+00,2026-06-08 16:23:51.395621+00,0.105474,18.379492,
f29774ea-932e-4fbd-8a07-f87b08335588,numbered,62953,completed,sold,1,2026-06-08 16:23:33.012467+00,2026-06-08 16:23:51.292432+00,2026-06-08 16:23:51.397529+00,0.105097,18.385062,
358be302-641d-450c-b161-e33730911092,numbered,29113,completed,sold,1,2026-06-08 16:23:33.019789+00,2026-06-08 16:23:51.296511+00,2026-06-08 16:23:51.402953+00,0.106442,18.383164,
75f2033a-11a2-4c58-a266-a29c03b88886,numbered,46815,completed,sold,1,2026-06-08 16:23:33.02316+00,2026-06-08 16:23:51.297097+00,2026-06-08 16:23:51.405839+00,0.108742,18.382679,
c50b824b-421a-4a7a-8b24-d3f96e1314b7,numbered,21250,completed,sold,1,2026-06-08 16:23:33.026592+00,2026-06-08 16:23:51.298442+00,2026-06-08 16:23:51.406862+00,0.108420,18.380270,
6c71c9cf-12d7-426a-93ba-54362738b977,numbered,58964,completed,sold,1,2026-06-08 16:23:33.029958+00,2026-06-08 16:23:51.303342+00,2026-06-08 16:23:51.413836+00,0.110494,18.383878,
0749db1e-bbcb-40d7-9f7a-a130d7194c9e,numbered,67963,completed,sold,1,2026-06-08 16:23:33.034168+00,2026-06-08 16:23:51.357991+00,2026-06-08 16:23:51.462058+00,0.104067,18.427890,
52ed0c44-6f8c-4f76-bc2c-6873e1b39f26,numbered,51687,completed,sold,1,2026-06-08 16:23:33.038619+00,2026-06-08 16:23:51.371289+00,2026-06-08 16:23:51.47749+00,0.106201,18.438871,
b7b363e4-1b27-4bf7-a35a-49c952c329c8,numbered,65339,completed,sold,1,2026-06-08 16:23:33.055173+00,2026-06-08 16:23:51.439994+00,2026-06-08 16:23:51.548619+00,0.108625,18.493446,
c7b70be8-97c0-43f7-833e-39106192c40b,numbered,76881,completed,sold,1,2026-06-08 16:23:33.046767+00,2026-06-08 16:23:51.44069+00,2026-06-08 16:23:51.548836+00,0.108146,18.502069,
7c09d1fe-1dbc-4775-9eb3-f4e4d48bfcee,numbered,51479,completed,sold,1,2026-06-08 16:23:33.042556+00,2026-06-08 16:23:51.43941+00,2026-06-08 16:23:51.549182+00,0.109772,18.506626,
c441d96b-30e8-412c-a1d6-75d8901b8765,numbered,97227,completed,sold,1,2026-06-08 16:23:33.050975+00,2026-06-08 16:23:51.440056+00,2026-06-08 16:23:51.549404+00,0.109348,18.498429,
030c189e-68b2-4b1c-a01e-da4c559f6c39,numbered,47316,completed,sold,1,2026-06-08 16:23:33.059189+00,2026-06-08 16:23:51.442989+00,2026-06-08 16:23:51.549757+00,0.106768,18.490568,
7effbbfc-6e8b-4c25-b7ac-1eb424168cac,numbered,98505,completed,sold,1,2026-06-08 16:23:33.063636+00,2026-06-08 16:23:51.449328+00,2026-06-08 16:23:51.5581+00,0.108772,18.494464,
2ec7212d-1097-4a7f-b3d7-79c2f02596ae,numbered,7010,completed,sold,1,2026-06-08 16:23:33.067615+00,2026-06-08 16:23:51.482508+00,2026-06-08 16:23:51.587514+00,0.105006,18.519899,
c9507104-f616-42d6-b9af-6df4b7b74cb9,numbered,19058,completed,sold,1,2026-06-08 16:23:33.071769+00,2026-06-08 16:23:51.503468+00,2026-06-08 16:23:51.609514+00,0.106046,18.537745,
f1a7844a-b6f6-4caf-8665-791ec46f2455,numbered,64452,completed,sold,1,2026-06-08 16:23:33.096501+00,2026-06-08 16:23:51.584308+00,2026-06-08 16:23:51.689287+00,0.104979,18.592786,
4d69e9a0-04ee-460e-8376-7221c684d60b,numbered,26610,completed,sold,1,2026-06-08 16:23:33.09305+00,2026-06-08 16:23:51.594964+00,2026-06-08 16:23:51.701116+00,0.106152,18.608066,
5226a7a8-53a3-4508-8775-2130f4bb5597,numbered,50891,completed,sold,1,2026-06-08 16:23:33.083437+00,2026-06-08 16:23:51.593673+00,2026-06-08 16:23:51.701741+00,0.108068,18.618304,
28b17ca6-299e-4521-83a8-4d96f9b8cc0f,numbered,92946,completed,sold,1,2026-06-08 16:23:33.099942+00,2026-06-08 16:23:51.595715+00,2026-06-08 16:23:51.702537+00,0.106822,18.602595,
52a2b0ad-9f3e-404a-a53a-99639c60d9ca,numbered,46356,completed,sold,1,2026-06-08 16:23:33.08701+00,2026-06-08 16:23:51.598604+00,2026-06-08 16:23:51.704335+00,0.105731,18.617325,
c3586a14-a6e0-4410-b3de-f333eaeeaf8c,numbered,76336,completed,sold,1,2026-06-08 16:23:33.103309+00,2026-06-08 16:23:51.601413+00,2026-06-08 16:23:51.707428+00,0.106015,18.604119,
6ae6cbbd-f92e-4b71-8641-53281e9efd11,numbered,97765,completed,sold,1,2026-06-08 16:23:33.111507+00,2026-06-08 16:23:51.612442+00,2026-06-08 16:23:51.723115+00,0.110673,18.611608,
4cb01f85-2d84-42e8-b7ed-2b26fec0c405,numbered,64962,completed,sold,1,2026-06-08 16:23:33.117086+00,2026-06-08 16:23:51.634465+00,2026-06-08 16:23:51.741101+00,0.106636,18.624015,
9cdf7464-4f52-4c1e-9c34-a7a2a03b7cc1,numbered,63196,completed,sold,1,2026-06-08 16:23:33.120746+00,2026-06-08 16:23:51.72211+00,2026-06-08 16:23:51.828102+00,0.105992,18.707356,
88ecf8c5-25f4-47b0-a116-cc8a67d73968,numbered,15893,completed,sold,1,2026-06-08 16:23:33.124422+00,2026-06-08 16:23:51.74052+00,2026-06-08 16:23:51.84604+00,0.105520,18.721618,
17259763-486b-4004-a935-23f4f4229e99,numbered,20856,completed,sold,1,2026-06-08 16:23:33.128019+00,2026-06-08 16:23:51.74546+00,2026-06-08 16:23:51.850891+00,0.105431,18.722872,
7087ea73-9356-4704-8b18-0c7208acbc89,numbered,5571,completed,sold,1,2026-06-08 16:23:33.136024+00,2026-06-08 16:23:51.752167+00,2026-06-08 16:23:51.858148+00,0.105981,18.722124,
21f48534-daf1-48fa-844b-b4a1a4782ab5,numbered,16838,completed,sold,1,2026-06-08 16:23:33.13953+00,2026-06-08 16:23:51.751889+00,2026-06-08 16:23:51.860988+00,0.109099,18.721458,
2f8c43e0-b140-4cdb-b0d1-a6430a03b9f1,numbered,62570,completed,sold,1,2026-06-08 16:23:33.143533+00,2026-06-08 16:23:51.757308+00,2026-06-08 16:23:51.863725+00,0.106417,18.720192,
fa68de6a-a165-4dc1-a87a-c949052baff5,numbered,42892,completed,sold,1,2026-06-08 16:23:33.131559+00,2026-06-08 16:23:51.751491+00,2026-06-08 16:23:51.865567+00,0.114076,18.734008,
668f7b4a-8c80-450f-8002-96699f6b1146,numbered,75197,completed,sold,1,2026-06-08 16:23:33.14689+00,2026-06-08 16:23:51.772122+00,2026-06-08 16:23:51.879318+00,0.107196,18.732428,
b3120866-ee3e-4f51-9937-d07749cd5cdb,numbered,14980,completed,sold,1,2026-06-08 16:23:33.150023+00,2026-06-08 16:23:51.855738+00,2026-06-08 16:23:51.961351+00,0.105613,18.811328,
ba4a03b2-11ed-452e-82a4-b692308e673b,numbered,56414,completed,sold,1,2026-06-08 16:23:33.153737+00,2026-06-08 16:23:51.882257+00,2026-06-08 16:23:51.986594+00,0.104337,18.832857,
1a66404c-c025-4243-8635-ea4f8bb09a1d,numbered,16611,completed,sold,1,2026-06-08 16:23:33.160959+00,2026-06-08 16:23:51.901793+00,2026-06-08 16:23:52.008823+00,0.107030,18.847864,
a53c4fa4-8cfd-46ec-a68f-13f53756503c,numbered,73701,completed,sold,1,2026-06-08 16:23:33.157539+00,2026-06-08 16:23:51.902498+00,2026-06-08 16:23:52.012029+00,0.109531,18.854490,
f3daa9ac-9bc5-46bf-85ed-8fce875a7c2a,numbered,11147,completed,sold,1,2026-06-08 16:23:33.171442+00,2026-06-08 16:23:51.904863+00,2026-06-08 16:23:52.012617+00,0.107754,18.841175,
ed4de43c-4270-483b-9103-df5094b10c4a,numbered,17952,completed,sold,1,2026-06-08 16:23:33.167903+00,2026-06-08 16:23:51.903215+00,2026-06-08 16:23:52.01506+00,0.111845,18.847157,
eb02ee4b-1419-4ae7-96c0-e9cbe83254a3,numbered,3733,completed,sold,1,2026-06-08 16:23:33.164411+00,2026-06-08 16:23:51.907222+00,2026-06-08 16:23:52.016292+00,0.109070,18.851881,
546af860-2361-434f-ab9b-5f0016da5b8a,numbered,44989,completed,sold,1,2026-06-08 16:23:33.175086+00,2026-06-08 16:23:51.912342+00,2026-06-08 16:23:52.024672+00,0.112330,18.849586,
98deefba-5743-4da1-8c4f-38114be3ef3c,numbered,98297,completed,sold,1,2026-06-08 16:23:33.178581+00,2026-06-08 16:23:51.984322+00,2026-06-08 16:23:52.089759+00,0.105437,18.911178,
c7be52f1-c5bb-4e2f-bd29-b0265ac03770,numbered,13825,completed,sold,1,2026-06-08 16:23:33.18199+00,2026-06-08 16:23:52.015443+00,2026-06-08 16:23:52.119853+00,0.104410,18.937863,
88e174d6-ca3c-41d2-9348-be8cf6689a5a,numbered,72764,completed,sold,1,2026-06-08 16:23:33.185517+00,2026-06-08 16:23:52.054272+00,2026-06-08 16:23:52.159454+00,0.105182,18.973937,
3fcb51e6-cdc3-4b95-8e8a-759b30c10e73,numbered,81562,completed,sold,1,2026-06-08 16:23:33.201052+00,2026-06-08 16:23:52.059634+00,2026-06-08 16:23:52.1661+00,0.106466,18.965048,
956b8c72-9e01-4301-8cb3-d15532943e37,numbered,63766,completed,sold,1,2026-06-08 16:23:33.192554+00,2026-06-08 16:23:52.05892+00,2026-06-08 16:23:52.166125+00,0.107205,18.973571,
4dddefa2-e44b-4d7f-b644-230a32c7bab9,numbered,3134,completed,sold,1,2026-06-08 16:23:33.196902+00,2026-06-08 16:23:52.058233+00,2026-06-08 16:23:52.170843+00,0.112610,18.973941,
22e2e7ff-bfb1-49e9-85ce-b73e32bd6819,numbered,44098,completed,sold,1,2026-06-08 16:23:33.189052+00,2026-06-08 16:23:52.059965+00,2026-06-08 16:23:52.173872+00,0.113907,18.984820,
d5babbcb-dcc2-4d13-b392-19f583ec11c5,numbered,1915,completed,sold,1,2026-06-08 16:23:33.205097+00,2026-06-08 16:23:52.060849+00,2026-06-08 16:23:52.174565+00,0.113716,18.969468,
723efee7-86e3-4982-8775-a8b82b6ed0fd,numbered,63188,completed,sold,1,2026-06-08 16:23:33.2092+00,2026-06-08 16:23:52.114294+00,2026-06-08 16:23:52.219873+00,0.105579,19.010673,
98e8e786-249f-4a8a-b90f-eaf024e553f2,numbered,49315,completed,sold,1,2026-06-08 16:23:33.213476+00,2026-06-08 16:23:52.141093+00,2026-06-08 16:23:52.245935+00,0.104842,19.032459,
de2934ff-f56b-4081-9b49-4786673d8760,numbered,53701,completed,sold,1,2026-06-08 16:23:33.221732+00,2026-06-08 16:23:52.201644+00,2026-06-08 16:23:52.308418+00,0.106774,19.086686,
1a8ef464-6c43-4154-826e-2aa9fae6e92d,numbered,32204,completed,sold,1,2026-06-08 16:23:33.237325+00,2026-06-08 16:23:52.202564+00,2026-06-08 16:23:52.309476+00,0.106912,19.072151,
9c9f482c-fbc9-4527-bfae-876588d9b8b6,numbered,91572,completed,sold,1,2026-06-08 16:23:33.217531+00,2026-06-08 16:23:52.204785+00,2026-06-08 16:23:52.310034+00,0.105249,19.092503,
6de2418a-8cd0-4d3e-af5a-7935f214af90,numbered,88674,completed,sold,1,2026-06-08 16:23:33.226005+00,2026-06-08 16:23:52.206262+00,2026-06-08 16:23:52.31304+00,0.106778,19.087035,
407b2b76-a85f-4f15-834e-f4e5561f24c0,numbered,6514,completed,sold,1,2026-06-08 16:23:33.255905+00,2026-06-08 16:23:52.210387+00,2026-06-08 16:23:52.318627+00,0.108240,19.062722,
59f4752a-4d25-4c15-936c-edbe967d8003,numbered,49276,completed,sold,1,2026-06-08 16:23:33.267837+00,2026-06-08 16:23:52.210594+00,2026-06-08 16:23:52.323493+00,0.112899,19.055656,
14071bf6-5e53-44cf-b31e-22853f06a5a1,numbered,78318,completed,sold,1,2026-06-08 16:23:33.273257+00,2026-06-08 16:23:52.244153+00,2026-06-08 16:23:52.349689+00,0.105536,19.076432,
d6719b7a-b0e7-42fe-ae6c-ac8cd0ad554b,numbered,99857,completed,sold,1,2026-06-08 16:23:33.276611+00,2026-06-08 16:23:52.26745+00,2026-06-08 16:23:52.371785+00,0.104335,19.095174,
9a671753-4ed1-4718-b826-4e73cbccc6c5,numbered,3033,completed,sold,1,2026-06-08 16:23:33.283082+00,2026-06-08 16:23:52.346004+00,2026-06-08 16:23:52.452659+00,0.106655,19.169577,
73d425bb-b81a-4c30-9acd-ca84f6fc84bc,numbered,91877,completed,sold,1,2026-06-08 16:23:33.286297+00,2026-06-08 16:23:52.350229+00,2026-06-08 16:23:52.455277+00,0.105048,19.168980,
8862c121-dc4e-445b-91bf-34843c744f4f,numbered,59422,completed,sold,1,2026-06-08 16:23:33.279765+00,2026-06-08 16:23:52.349323+00,2026-06-08 16:23:52.456197+00,0.106874,19.176432,
42fe8e46-99a9-4720-8a3b-2587657d5090,numbered,25182,completed,sold,1,2026-06-08 16:23:33.292789+00,2026-06-08 16:23:52.358195+00,2026-06-08 16:23:52.464852+00,0.106657,19.172063,
0e8ab747-1948-41c1-8366-be73f8a60a37,numbered,43270,completed,sold,1,2026-06-08 16:23:33.289676+00,2026-06-08 16:23:52.359972+00,2026-06-08 16:23:52.466385+00,0.106413,19.176709,
14507639-a1aa-4f7a-9fc0-8fe5a1c7cdd1,numbered,9927,completed,sold,1,2026-06-08 16:23:33.296005+00,2026-06-08 16:23:52.362471+00,2026-06-08 16:23:52.469754+00,0.107283,19.173749,
5c09c1ed-b847-4787-b145-427a42d83814,numbered,70553,completed,sold,1,2026-06-08 16:23:33.299142+00,2026-06-08 16:23:52.380376+00,2026-06-08 16:23:52.486124+00,0.105748,19.186982,
a41f15da-0a51-468b-a483-5d621520209f,numbered,80172,completed,sold,1,2026-06-08 16:23:33.30253+00,2026-06-08 16:23:52.392886+00,2026-06-08 16:23:52.498256+00,0.105370,19.195726,
8182de7b-9a50-4917-b389-e06b54b0f314,numbered,54991,completed,sold,1,2026-06-08 16:23:33.305935+00,2026-06-08 16:23:52.501739+00,2026-06-08 16:23:52.607481+00,0.105742,19.301546,
642e2e90-e84e-4781-89d2-f4315ff24d69,numbered,34043,completed,sold,1,2026-06-08 16:23:33.309222+00,2026-06-08 16:23:52.511887+00,2026-06-08 16:23:52.618904+00,0.107017,19.309682,
262ad2d7-1af3-49fd-a0fd-0c8867fce5e6,numbered,72040,completed,sold,1,2026-06-08 16:23:33.315856+00,2026-06-08 16:23:52.511502+00,2026-06-08 16:23:52.622548+00,0.111046,19.306692,
758af7c2-d229-4cfb-9cb7-9ea28fa8fde5,numbered,29707,completed,sold,1,2026-06-08 16:23:33.312402+00,2026-06-08 16:23:52.51228+00,2026-06-08 16:23:52.623206+00,0.110926,19.310804,
9c5c4a5b-8e79-4be2-9353-ea6e86c59606,numbered,30466,completed,sold,1,2026-06-08 16:23:33.319171+00,2026-06-08 16:23:52.512727+00,2026-06-08 16:23:52.624495+00,0.111768,19.305324,
6b3c0770-9259-443a-9c73-e8b41a4759f4,numbered,78431,completed,sold,1,2026-06-08 16:23:33.322635+00,2026-06-08 16:23:52.511214+00,2026-06-08 16:23:52.626975+00,0.115761,19.304340,
eaeb8ce4-6110-4faf-8962-47636b693a32,numbered,15897,completed,sold,1,2026-06-08 16:23:33.326245+00,2026-06-08 16:23:52.528038+00,2026-06-08 16:23:52.639419+00,0.111381,19.313174,
5226a422-3c8f-417e-9c04-6428fb3abbf6,numbered,74076,completed,sold,1,2026-06-08 16:23:33.329733+00,2026-06-08 16:23:52.529415+00,2026-06-08 16:23:52.641323+00,0.111908,19.311590,
74826bc4-b70b-4e9e-b902-40d3f002ecaa,numbered,46303,completed,sold,1,2026-06-08 16:23:33.336594+00,2026-06-08 16:23:52.663724+00,2026-06-08 16:23:52.769768+00,0.106044,19.433174,
8b5b227e-1183-4b18-95f5-38784a9e60e5,numbered,94528,completed,sold,1,2026-06-08 16:23:33.343426+00,2026-06-08 16:23:52.66518+00,2026-06-08 16:23:52.770455+00,0.105275,19.427029,
6181fd19-4933-4172-8443-3b22128ab214,numbered,56242,completed,sold,1,2026-06-08 16:23:33.333145+00,2026-06-08 16:23:52.664432+00,2026-06-08 16:23:52.772011+00,0.107579,19.438866,
a75ec30d-6c20-44d2-89cf-913fe3c89fcf,numbered,90937,completed,sold,1,2026-06-08 16:23:33.349995+00,2026-06-08 16:23:52.669562+00,2026-06-08 16:23:52.781166+00,0.111604,19.431171,
ad3a1764-ea26-4fa3-a597-5d82aab5b8b5,numbered,35990,completed,sold,1,2026-06-08 16:23:33.356783+00,2026-06-08 16:23:52.680226+00,2026-06-08 16:23:52.78682+00,0.106594,19.430037,
9db579a1-31ad-49c2-b610-9ec3f319a39f,numbered,12548,completed,sold,1,2026-06-08 16:23:33.340061+00,2026-06-08 16:23:52.668757+00,2026-06-08 16:23:52.787413+00,0.118656,19.447352,
0ee0598b-0932-4112-ac2f-c4906e249418,numbered,69615,completed,sold,1,2026-06-08 16:23:33.353389+00,2026-06-08 16:23:52.679815+00,2026-06-08 16:23:52.789934+00,0.110119,19.436545,
10b652ed-73ac-435d-b19b-a10e688e669c,numbered,17391,completed,sold,1,2026-06-08 16:23:33.346682+00,2026-06-08 16:23:52.674274+00,2026-06-08 16:23:52.790769+00,0.116495,19.444087,
a76311d8-223c-4d7c-b3f9-06a36362a626,numbered,90464,completed,sold,1,2026-06-08 16:23:33.363988+00,2026-06-08 16:23:52.814414+00,2026-06-08 16:23:52.92007+00,0.105656,19.556082,
d98e8db9-2a3a-420a-a878-f72239becde9,numbered,94857,completed,sold,1,2026-06-08 16:23:33.367505+00,2026-06-08 16:23:52.813587+00,2026-06-08 16:23:52.921035+00,0.107448,19.553530,
42cff557-30c9-44e0-88ab-cc7cc18ede97,numbered,69293,completed,sold,1,2026-06-08 16:23:33.360257+00,2026-06-08 16:23:52.814478+00,2026-06-08 16:23:52.921046+00,0.106568,19.560789,
88cca4a5-7d75-4088-b7a1-466959fc4816,numbered,63128,completed,sold,1,2026-06-08 16:23:33.371137+00,2026-06-08 16:23:52.828648+00,2026-06-08 16:23:52.935475+00,0.106827,19.564338,
475886c6-0c60-4387-9fc3-6a1340f38008,numbered,13874,completed,sold,1,2026-06-08 16:23:33.374583+00,2026-06-08 16:23:52.83381+00,2026-06-08 16:23:52.944652+00,0.110842,19.570069,
7e43d3f6-9656-4c1f-99cb-dea2ed23eeaa,numbered,53736,completed,sold,1,2026-06-08 16:23:33.393009+00,2026-06-08 16:23:52.83465+00,2026-06-08 16:23:52.947935+00,0.113285,19.554926,
fcb4b3cd-ba16-407b-8ec3-afcb6fedadd4,numbered,26772,completed,sold,1,2026-06-08 16:23:33.383413+00,2026-06-08 16:23:52.83506+00,2026-06-08 16:23:52.947936+00,0.112876,19.564523,
5de17014-a529-4b8d-9719-76a470a92849,numbered,98079,completed,sold,1,2026-06-08 16:23:33.377955+00,2026-06-08 16:23:52.835532+00,2026-06-08 16:23:52.953044+00,0.117512,19.575089,
b6f4d548-df94-4206-9dcf-1ca4bd3af749,numbered,49844,completed,sold,1,2026-06-08 16:23:33.397526+00,2026-06-08 16:23:52.950077+00,2026-06-08 16:23:53.054172+00,0.104095,19.656646,
6a215a4c-56b1-44f1-b9b8-50028959cd78,numbered,51840,completed,sold,1,2026-06-08 16:23:33.401165+00,2026-06-08 16:23:52.956103+00,2026-06-08 16:23:53.06192+00,0.105817,19.660755,
5786b4c7-7046-4ab3-98ff-b15744f8479a,numbered,10446,completed,sold,1,2026-06-08 16:23:33.409084+00,2026-06-08 16:23:52.970279+00,2026-06-08 16:23:53.076701+00,0.106422,19.667617,
f7ffb648-9da1-4d8a-bc6d-45812079567f,numbered,77856,completed,sold,1,2026-06-08 16:23:33.422061+00,2026-06-08 16:23:52.9816+00,2026-06-08 16:23:53.088397+00,0.106797,19.666336,
20378fb5-0d89-4024-9a51-baaca15ecece,numbered,25626,completed,sold,1,2026-06-08 16:23:33.415646+00,2026-06-08 16:23:52.985264+00,2026-06-08 16:23:53.092433+00,0.107169,19.676787,
cf5c4f23-c435-465d-b6d0-b1ce496e561c,numbered,4765,completed,sold,1,2026-06-08 16:23:33.429076+00,2026-06-08 16:23:52.985714+00,2026-06-08 16:23:53.094389+00,0.108675,19.665313,
c63269d8-676b-4e30-a6fa-eb03a15f9969,numbered,65054,completed,sold,1,2026-06-08 16:23:33.432554+00,2026-06-08 16:23:52.989371+00,2026-06-08 16:23:53.094962+00,0.105591,19.662408,
f6701abf-0666-4e4b-84aa-0890098c146b,numbered,83659,completed,sold,1,2026-06-08 16:23:33.425502+00,2026-06-08 16:23:52.989681+00,2026-06-08 16:23:53.096327+00,0.106646,19.670825,
782b7c19-0bf6-4f38-beab-562c7d65ee70,numbered,33690,completed,sold,1,2026-06-08 16:23:33.436037+00,2026-06-08 16:23:53.075136+00,2026-06-08 16:23:53.179379+00,0.104243,19.743342,
65a9b83e-cf3c-4cfc-b698-53239f4d0613,numbered,57521,completed,sold,1,2026-06-08 16:23:33.439417+00,2026-06-08 16:23:53.109386+00,2026-06-08 16:23:53.214427+00,0.105041,19.775010,
39fad77e-f283-4fbd-b7e2-a256bc8aaea2,numbered,70204,completed,sold,1,2026-06-08 16:23:33.442705+00,2026-06-08 16:23:53.122188+00,2026-06-08 16:23:53.228069+00,0.105881,19.785364,
ba9d22bd-aae4-41ee-a2e0-c8a8846d86b0,numbered,83430,completed,sold,1,2026-06-08 16:23:33.450012+00,2026-06-08 16:23:53.129636+00,2026-06-08 16:23:53.23519+00,0.105554,19.785178,
da174eed-c786-4783-8911-312326448269,numbered,99832,completed,sold,1,2026-06-08 16:23:33.460047+00,2026-06-08 16:23:53.136478+00,2026-06-08 16:23:53.243931+00,0.107453,19.783884,
d161937e-958a-4158-8f3b-f153803c2487,numbered,49028,completed,sold,1,2026-06-08 16:23:33.446237+00,2026-06-08 16:23:53.132433+00,2026-06-08 16:23:53.244478+00,0.112045,19.798241,
169508c0-7fe2-4954-a7bf-49aafe0f0b9b,numbered,17795,completed,sold,1,2026-06-08 16:23:33.456758+00,2026-06-08 16:23:53.135992+00,2026-06-08 16:23:53.245032+00,0.109040,19.788274,
a3d3d5cf-41ee-47e3-b1f8-590907844ec3,numbered,7064,completed,sold,1,2026-06-08 16:23:33.453317+00,2026-06-08 16:23:53.135769+00,2026-06-08 16:23:53.245447+00,0.109678,19.792130,
efb17f8a-0c2a-478f-9a82-90fc45b10962,numbered,21835,completed,sold,1,2026-06-08 16:23:33.463562+00,2026-06-08 16:23:53.199695+00,2026-06-08 16:23:53.303845+00,0.104150,19.840283,
54480e1a-a2d1-4b45-98e4-fd73a3ed9ed9,numbered,9032,completed,sold,1,2026-06-08 16:23:33.467152+00,2026-06-08 16:23:53.256859+00,2026-06-08 16:23:53.361432+00,0.104573,19.894280,
1304c47a-f23f-4fcb-9aef-9395f6ecf681,numbered,93888,completed,sold,1,2026-06-08 16:23:33.477487+00,2026-06-08 16:23:53.274913+00,2026-06-08 16:23:53.381547+00,0.106634,19.904060,
0fa3640f-0837-4c77-86e8-ff5c6044acf2,numbered,24124,completed,sold,1,2026-06-08 16:23:33.480782+00,2026-06-08 16:23:53.279935+00,2026-06-08 16:23:53.385082+00,0.105147,19.904300,
aed710a5-26c7-4769-8799-19ae7229d945,numbered,74712,completed,sold,1,2026-06-08 16:23:33.470548+00,2026-06-08 16:23:53.274217+00,2026-06-08 16:23:53.38668+00,0.112463,19.916132,
231d4ec2-1ae5-4cc6-a31e-fdc0ead76fec,numbered,5212,completed,sold,1,2026-06-08 16:23:33.474007+00,2026-06-08 16:23:53.277919+00,2026-06-08 16:23:53.387259+00,0.109340,19.913252,
310ac52c-3b72-4ee3-9728-b46faf8260f9,numbered,42660,completed,sold,1,2026-06-08 16:23:33.487608+00,2026-06-08 16:23:53.284151+00,2026-06-08 16:23:53.390799+00,0.106648,19.903191,
1104a488-696e-4827-850e-abd549b8eb4b,numbered,56015,completed,sold,1,2026-06-08 16:23:33.484327+00,2026-06-08 16:23:53.28082+00,2026-06-08 16:23:53.391021+00,0.110201,19.906694,
9fbe65a1-b3e3-4ba4-8152-dfc5a3e495e6,numbered,87509,completed,sold,1,2026-06-08 16:23:33.491141+00,2026-06-08 16:23:53.324062+00,2026-06-08 16:23:53.428921+00,0.104859,19.937780,
d4048e0e-aba6-4c59-869f-536578d8388d,numbered,30515,completed,sold,1,2026-06-08 16:23:33.49461+00,2026-06-08 16:23:53.406805+00,2026-06-08 16:23:53.511787+00,0.104982,20.017177,
8f04b85c-bfe1-45fd-88c9-b86eea5d33ab,numbered,11262,completed,sold,1,2026-06-08 16:23:33.501574+00,2026-06-08 16:23:53.418339+00,2026-06-08 16:23:53.523714+00,0.105375,20.022140,
5fcade5c-afc9-4ab2-a277-4c036dedabcb,numbered,73449,completed,sold,1,2026-06-08 16:23:33.498069+00,2026-06-08 16:23:53.424055+00,2026-06-08 16:23:53.530183+00,0.106128,20.032114,
ef98beee-5476-4d31-8e82-157b0568b4f7,numbered,20558,completed,sold,1,2026-06-08 16:23:33.508123+00,2026-06-08 16:23:53.432188+00,2026-06-08 16:23:53.542222+00,0.110034,20.034099,
c6f06ca3-2155-452a-a8f7-851d01facbac,numbered,22698,completed,sold,1,2026-06-08 16:23:33.511491+00,2026-06-08 16:23:53.436494+00,2026-06-08 16:23:53.542498+00,0.106004,20.031007,
4541d5b7-4792-4cbe-b07f-40261b029bed,numbered,94780,completed,sold,1,2026-06-08 16:23:33.504856+00,2026-06-08 16:23:53.432865+00,2026-06-08 16:23:53.5429+00,0.110035,20.038044,
4efe0f8d-da47-4d72-9f75-d4dc9158e505,numbered,91534,completed,sold,1,2026-06-08 16:23:33.515107+00,2026-06-08 16:23:53.438436+00,2026-06-08 16:23:53.546634+00,0.108198,20.031527,
c4016ba0-ea0c-40c5-9199-4432c0ffe16e,numbered,22415,completed,sold,1,2026-06-08 16:23:33.518599+00,2026-06-08 16:23:53.450469+00,2026-06-08 16:23:53.555454+00,0.104985,20.036855,
7749e6b1-51a0-4fc3-8f1d-b4f7cb5164d8,numbered,42821,completed,sold,1,2026-06-08 16:23:33.521975+00,2026-06-08 16:23:53.53905+00,2026-06-08 16:23:53.643733+00,0.104683,20.121758,
d87cf8d0-648a-489b-91d2-6da8f3bc8b89,numbered,53232,completed,sold,1,2026-06-08 16:23:33.526063+00,2026-06-08 16:23:53.568452+00,2026-06-08 16:23:53.674018+00,0.105566,20.147955,
29ddb8f0-7469-4c3c-a4b7-df3a1cc4ac59,numbered,95301,completed,sold,1,2026-06-08 16:23:33.531196+00,2026-06-08 16:23:53.571712+00,2026-06-08 16:23:53.676047+00,0.104335,20.144851,
936a4a43-26ae-4ac8-802d-43d26a524ac2,numbered,26381,completed,sold,1,2026-06-08 16:23:33.540533+00,2026-06-08 16:23:53.583388+00,2026-06-08 16:23:53.688255+00,0.104867,20.147722,
62a1054b-b656-4035-bbc4-5d3e477b1d27,numbered,5859,completed,sold,1,2026-06-08 16:23:33.54472+00,2026-06-08 16:23:53.585584+00,2026-06-08 16:23:53.693067+00,0.107483,20.148347,
192e601b-e530-4fd1-b307-a8f5cbc497e7,numbered,62237,completed,sold,1,2026-06-08 16:23:33.534805+00,2026-06-08 16:23:53.586757+00,2026-06-08 16:23:53.693603+00,0.106846,20.158798,
cebd1ac6-3d10-43af-9a8d-71eea1009e53,numbered,96403,completed,sold,1,2026-06-08 16:23:33.551795+00,2026-06-08 16:23:53.58955+00,2026-06-08 16:23:53.698154+00,0.108604,20.146359,
5799e33e-9719-462c-a775-3d3dd8b44859,numbered,20137,completed,sold,1,2026-06-08 16:23:33.548415+00,2026-06-08 16:23:53.588383+00,2026-06-08 16:23:53.704337+00,0.115954,20.155922,
e23d2de7-5c2a-47cd-969c-b28e9af1cd88,numbered,1694,completed,sold,1,2026-06-08 16:23:33.555261+00,2026-06-08 16:23:53.665532+00,2026-06-08 16:23:53.770227+00,0.104695,20.214966,
a93096a3-a76d-4241-8264-10dd3812dc17,numbered,87567,completed,sold,1,2026-06-08 16:23:33.566839+00,2026-06-08 16:23:53.717488+00,2026-06-08 16:23:53.822205+00,0.104717,20.255366,
5752b339-4d4d-4253-8f84-8773844a1cad,numbered,44286,completed,sold,1,2026-06-08 16:23:33.560723+00,2026-06-08 16:23:53.718371+00,2026-06-08 16:23:53.82405+00,0.105679,20.263327,
6f7b62e2-ffe1-4a8d-ac5d-35cd011c1ac6,numbered,87657,completed,sold,1,2026-06-08 16:23:33.573699+00,2026-06-08 16:23:53.72956+00,2026-06-08 16:23:53.834903+00,0.105343,20.261204,
00680535-70b8-4c39-9e2c-e05b5e66e9eb,numbered,94403,completed,sold,1,2026-06-08 16:23:33.584705+00,2026-06-08 16:23:53.735762+00,2026-06-08 16:23:53.84428+00,0.108518,20.259575,
2917d3ed-5986-41de-b728-e2881f6644ed,numbered,72020,completed,sold,1,2026-06-08 16:23:33.570174+00,2026-06-08 16:23:53.734243+00,2026-06-08 16:23:53.844792+00,0.110549,20.274618,
b960cdbb-7393-4450-9a35-8c22d3c74436,numbered,91164,completed,sold,1,2026-06-08 16:23:33.588997+00,2026-06-08 16:23:53.736147+00,2026-06-08 16:23:53.845286+00,0.109139,20.256289,
d5a66285-4104-4da3-b4be-2bb5141301bd,numbered,45346,completed,sold,1,2026-06-08 16:23:33.592545+00,2026-06-08 16:23:53.736514+00,2026-06-08 16:23:53.846728+00,0.110214,20.254183,
6ddfa314-3118-4495-9de3-cb3f3f9132a7,numbered,47551,completed,sold,1,2026-06-08 16:23:33.596022+00,2026-06-08 16:23:53.791687+00,2026-06-08 16:23:53.896041+00,0.104354,20.300019,
d0a5eb06-d7d2-496f-9e3a-db31aaebd1e2,numbered,24681,completed,sold,1,2026-06-08 16:23:33.59979+00,2026-06-08 16:23:53.85762+00,2026-06-08 16:23:53.964198+00,0.106578,20.364408,
bcbc5376-c29b-45fa-af88-d91fb33bde13,numbered,83867,completed,sold,1,2026-06-08 16:23:33.603425+00,2026-06-08 16:23:53.860311+00,2026-06-08 16:23:53.966508+00,0.106197,20.363083,
03a5ebb4-db32-404c-8b83-cb1877a9e245,numbered,48347,completed,sold,1,2026-06-08 16:23:33.607044+00,2026-06-08 16:23:53.883452+00,2026-06-08 16:23:53.991578+00,0.108126,20.384534,
1ae2ab60-947a-4a8a-a73a-c8ce8a3092ba,numbered,46877,completed,sold,1,2026-06-08 16:23:33.610562+00,2026-06-08 16:23:53.885052+00,2026-06-08 16:23:53.992665+00,0.107613,20.382103,
0a848343-f458-4e24-977f-abaaf584cfce,numbered,11793,completed,sold,1,2026-06-08 16:23:33.617999+00,2026-06-08 16:23:53.88575+00,2026-06-08 16:23:53.993454+00,0.107704,20.375455,
6394aa8c-d850-4502-a132-8c2179e7ae9f,numbered,19183,completed,sold,1,2026-06-08 16:23:33.614429+00,2026-06-08 16:23:53.884112+00,2026-06-08 16:23:53.996087+00,0.111975,20.381658,
a2b8e782-507b-4268-acfb-9168c08a5fc9,numbered,81071,completed,sold,1,2026-06-08 16:23:33.621583+00,2026-06-08 16:23:53.888267+00,2026-06-08 16:23:53.997934+00,0.109667,20.376351,
9964c19b-b6ac-4d56-bda0-c74974a303b0,numbered,6240,completed,sold,1,2026-06-08 16:23:33.625189+00,2026-06-08 16:23:53.917101+00,2026-06-08 16:23:54.022702+00,0.105601,20.397513,
df5e7181-9c6a-4c90-b8fb-974cd5422fdd,numbered,72966,completed,sold,1,2026-06-08 16:23:33.629005+00,2026-06-08 16:23:53.995699+00,2026-06-08 16:23:54.113576+00,0.117877,20.484571,
0cafd9c8-8c6c-44a0-a477-59bf5341725b,numbered,4065,completed,sold,1,2026-06-08 16:23:33.633219+00,2026-06-08 16:23:54.013157+00,2026-06-08 16:23:54.119488+00,0.106331,20.486269,
e7764a8c-cb70-499a-84e9-280db2d0492d,numbered,22540,completed,sold,1,2026-06-08 16:23:33.644199+00,2026-06-08 16:23:54.03424+00,2026-06-08 16:23:54.140999+00,0.106759,20.496800,
a8ac13a9-3801-48cf-9538-ae374f0a3de5,numbered,27355,completed,sold,1,2026-06-08 16:23:33.636945+00,2026-06-08 16:23:54.034957+00,2026-06-08 16:23:54.141598+00,0.106641,20.504653,
843e62c8-c8dc-4cac-be91-d8c7c592e5d8,numbered,50522,completed,sold,1,2026-06-08 16:23:33.651338+00,2026-06-08 16:23:54.040897+00,2026-06-08 16:23:54.149955+00,0.109058,20.498617,
1009b603-c06c-44a5-b6af-f871d56bdb0d,numbered,79982,completed,sold,1,2026-06-08 16:23:33.64053+00,2026-06-08 16:23:54.03861+00,2026-06-08 16:23:54.151339+00,0.112729,20.510809,
c86d2572-c7e3-49a3-96fa-4a721b09a59e,numbered,98711,completed,sold,1,2026-06-08 16:23:33.647715+00,2026-06-08 16:23:54.043045+00,2026-06-08 16:23:54.151782+00,0.108737,20.504067,
6842bd4a-e8f4-4e75-b808-74fd3207d9c9,numbered,70401,completed,sold,1,2026-06-08 16:23:33.655038+00,2026-06-08 16:23:54.053615+00,2026-06-08 16:23:54.159249+00,0.105634,20.504211,
8145a428-8f78-406a-a893-fe4a3eda85c5,numbered,36541,completed,sold,1,2026-06-08 16:23:33.659314+00,2026-06-08 16:23:54.137328+00,2026-06-08 16:23:54.242083+00,0.104755,20.582769,
e3bb1aec-f026-4219-b48d-0dc2f6362054,numbered,70180,completed,sold,1,2026-06-08 16:23:33.663473+00,2026-06-08 16:23:54.159634+00,2026-06-08 16:23:54.265623+00,0.105989,20.602150,
ae63e7ef-fc20-4958-afc4-46c00a7d6096,numbered,68201,completed,sold,1,2026-06-08 16:23:33.667564+00,2026-06-08 16:23:54.173793+00,2026-06-08 16:23:54.280453+00,0.106660,20.612889,
6f79157a-c29c-4f3b-a7cd-957d6f48cf50,numbered,49551,completed,sold,1,2026-06-08 16:23:33.675929+00,2026-06-08 16:23:54.185266+00,2026-06-08 16:23:54.290344+00,0.105078,20.614415,
4e58ab5f-3ae5-462e-b90a-1d5c61eac541,numbered,60212,completed,sold,1,2026-06-08 16:23:33.671744+00,2026-06-08 16:23:54.189443+00,2026-06-08 16:23:54.298008+00,0.108565,20.626264,
91b439fa-fb71-41d2-9fab-759f1f097343,numbered,69625,completed,sold,1,2026-06-08 16:23:33.680021+00,2026-06-08 16:23:54.192469+00,2026-06-08 16:23:54.299712+00,0.107243,20.619691,
a9983f32-6ae1-405c-b0b2-8d36c511c3af,numbered,88244,completed,sold,1,2026-06-08 16:23:33.685165+00,2026-06-08 16:23:54.194048+00,2026-06-08 16:23:54.301048+00,0.107000,20.615883,
daf118f2-a4a7-42e5-96d7-a7a901b9f28b,numbered,3358,completed,sold,1,2026-06-08 16:23:33.690212+00,2026-06-08 16:23:54.192875+00,2026-06-08 16:23:54.301682+00,0.108807,20.611470,
ee3d1384-9fe9-4849-8faf-c3cbf1845566,numbered,83704,completed,sold,1,2026-06-08 16:23:33.696934+00,2026-06-08 16:23:54.263881+00,2026-06-08 16:23:54.368773+00,0.104892,20.671839,
4cdb39b7-c25a-4057-854b-348451782508,numbered,64150,completed,sold,1,2026-06-08 16:23:33.706639+00,2026-06-08 16:23:54.312493+00,2026-06-08 16:23:54.418042+00,0.105549,20.711403,
916798fd-da52-4b44-abd4-04856f0cd763,numbered,92090,completed,sold,1,2026-06-08 16:23:33.703284+00,2026-06-08 16:23:54.314075+00,2026-06-08 16:23:54.42013+00,0.106055,20.716846,
a8356738-0967-447e-83c1-8aaa9e416231,numbered,18496,completed,sold,1,2026-06-08 16:23:33.71322+00,2026-06-08 16:23:54.326053+00,2026-06-08 16:23:54.430788+00,0.104735,20.717568,
a9dc6a78-12a2-468a-a98a-93925f4952bb,numbered,18217,completed,sold,1,2026-06-08 16:23:33.739308+00,2026-06-08 16:23:54.336454+00,2026-06-08 16:23:54.448257+00,0.111803,20.708949,
8dfe16e8-2681-4b65-8f12-e12f04c1b947,numbered,11725,completed,sold,1,2026-06-08 16:23:33.734997+00,2026-06-08 16:23:54.340123+00,2026-06-08 16:23:54.449005+00,0.108882,20.714008,
0df237ed-d1a9-435f-b974-77f81abba2b4,numbered,84372,completed,sold,1,2026-06-08 16:23:33.728073+00,2026-06-08 16:23:54.334507+00,2026-06-08 16:23:54.449571+00,0.115064,20.721498,
36308a42-d403-47d6-9fbe-c3f627302187,numbered,84841,completed,sold,1,2026-06-08 16:23:33.721503+00,2026-06-08 16:23:54.334072+00,2026-06-08 16:23:54.449622+00,0.115550,20.728119,
b25972e9-cdba-459f-87e4-974a332649d1,numbered,12917,completed,sold,1,2026-06-08 16:23:33.745656+00,2026-06-08 16:23:54.390592+00,2026-06-08 16:23:54.495648+00,0.105056,20.749992,
342d421e-ae33-4bd8-8231-ec1023a8b3b9,numbered,72696,completed,sold,1,2026-06-08 16:23:33.7514+00,2026-06-08 16:23:54.444385+00,2026-06-08 16:23:54.549234+00,0.104849,20.797834,
c09693e3-420d-42b4-89c6-3a67906fc5f8,numbered,81521,completed,sold,1,2026-06-08 16:23:33.756138+00,2026-06-08 16:23:54.450533+00,2026-06-08 16:23:54.556732+00,0.106199,20.800594,
53553409-7324-43bd-aee1-ccd2203d4a54,numbered,65086,completed,sold,1,2026-06-08 16:23:33.75957+00,2026-06-08 16:23:54.466499+00,2026-06-08 16:23:54.571443+00,0.104944,20.811873,
6d5b04c6-1e71-4cc8-992b-e41ea865894f,numbered,43210,completed,sold,1,2026-06-08 16:23:33.76658+00,2026-06-08 16:23:54.483243+00,2026-06-08 16:23:54.590438+00,0.107195,20.823858,
d3f22ca8-a3dc-4506-91d3-c204e9d7a400,numbered,98277,completed,sold,1,2026-06-08 16:23:33.76311+00,2026-06-08 16:23:54.485656+00,2026-06-08 16:23:54.590967+00,0.105311,20.827857,
ad967232-5810-48b1-9c5a-2d9d3cdd2b3a,numbered,67456,completed,sold,1,2026-06-08 16:23:33.773682+00,2026-06-08 16:23:54.484933+00,2026-06-08 16:23:54.595317+00,0.110384,20.821635,
d6642a5e-8d09-4bb9-8723-9e1b075388a2,numbered,42739,completed,sold,1,2026-06-08 16:23:33.770094+00,2026-06-08 16:23:54.486698+00,2026-06-08 16:23:54.596021+00,0.109323,20.825927,
ec9b828f-3909-4fc9-b9b9-a882f32b4837,numbered,33200,completed,sold,1,2026-06-08 16:23:33.777166+00,2026-06-08 16:23:54.516772+00,2026-06-08 16:23:54.622829+00,0.106057,20.845663,
95dfcc95-0406-45de-a43b-212751bf2db4,numbered,56229,completed,sold,1,2026-06-08 16:23:33.780784+00,2026-06-08 16:23:54.572911+00,2026-06-08 16:23:54.67795+00,0.105039,20.897166,
5369e97a-dc94-4aef-b9a8-0b698b96f65f,numbered,15004,completed,sold,1,2026-06-08 16:23:33.784441+00,2026-06-08 16:23:54.582346+00,2026-06-08 16:23:54.688247+00,0.105901,20.903806,
16acb950-6e71-4514-af1c-c4e2674429fa,numbered,16691,completed,sold,1,2026-06-08 16:23:33.787898+00,2026-06-08 16:23:54.599325+00,2026-06-08 16:23:54.70415+00,0.104825,20.916252,
89fd66d4-2b90-4dab-9bd5-54ea8ae30301,numbered,32517,completed,sold,1,2026-06-08 16:23:33.791365+00,2026-06-08 16:23:54.617122+00,2026-06-08 16:23:54.722903+00,0.105781,20.931538,
716cd230-d6c2-4799-82e2-12765dcba54a,numbered,44330,completed,sold,1,2026-06-08 16:23:33.794641+00,2026-06-08 16:23:54.627977+00,2026-06-08 16:23:54.733481+00,0.105504,20.938840,
a45ccb26-7f7b-44c7-8b72-e2208208ac33,numbered,43922,completed,sold,1,2026-06-08 16:23:33.798031+00,2026-06-08 16:23:54.62946+00,2026-06-08 16:23:54.735571+00,0.106111,20.937540,
1f444bb7-4458-42fd-b11e-326b052db7c0,numbered,30548,completed,sold,1,2026-06-08 16:23:33.801957+00,2026-06-08 16:23:54.630194+00,2026-06-08 16:23:54.736554+00,0.106360,20.934597,
eead0f98-a3aa-4aee-9732-b8d64af0bd81,numbered,14394,completed,sold,1,2026-06-08 16:23:33.805546+00,2026-06-08 16:23:54.646083+00,2026-06-08 16:23:54.751464+00,0.105381,20.945918,
7e75cb16-cced-4ca3-8c40-3eccf2f89e97,numbered,93946,completed,sold,1,2026-06-08 16:23:33.809107+00,2026-06-08 16:23:54.702362+00,2026-06-08 16:23:54.807437+00,0.105075,20.998330,
c24d0787-560f-4fc7-9080-738f99f4f1a4,numbered,72211,completed,sold,1,2026-06-08 16:23:33.812564+00,2026-06-08 16:23:54.713794+00,2026-06-08 16:23:54.819518+00,0.105724,21.006954,
cbace5b3-7a71-42a2-9b03-1415f81d1932,numbered,92369,completed,sold,1,2026-06-08 16:23:33.816079+00,2026-06-08 16:23:54.725897+00,2026-06-08 16:23:54.830959+00,0.105062,21.014880,
0b5f762f-ac76-462f-9f8d-65a91d983124,numbered,36290,completed,sold,1,2026-06-08 16:23:33.820419+00,2026-06-08 16:23:54.751411+00,2026-06-08 16:23:54.855732+00,0.104321,21.035313,
d469bd33-3479-4f48-807f-dcc54721282b,numbered,56328,completed,sold,1,2026-06-08 16:23:33.823983+00,2026-06-08 16:23:54.765351+00,2026-06-08 16:23:54.87024+00,0.104889,21.046257,
35816b2c-beda-406d-a2e6-98196f7aca0e,numbered,71437,completed,sold,1,2026-06-08 16:23:33.830802+00,2026-06-08 16:23:54.773879+00,2026-06-08 16:23:54.88156+00,0.107681,21.050758,
1c961a8c-78af-454e-a2d3-1dffd6efbf8e,numbered,89823,completed,sold,1,2026-06-08 16:23:33.834415+00,2026-06-08 16:23:54.775035+00,2026-06-08 16:23:54.882145+00,0.107110,21.047730,
cb1b68e6-befb-4eaa-8cf0-764e3c2b5914,numbered,66790,completed,sold,1,2026-06-08 16:23:33.827455+00,2026-06-08 16:23:54.770315+00,2026-06-08 16:23:54.882742+00,0.112427,21.055287,
9c13e4e5-7cae-4d38-b278-6754617b5f1e,numbered,3170,completed,sold,1,2026-06-08 16:23:33.838714+00,2026-06-08 16:23:54.830924+00,2026-06-08 16:23:54.93578+00,0.104856,21.097066,
f5792c3f-fc2d-4504-9634-9708be4141aa,numbered,21801,completed,sold,1,2026-06-08 16:23:33.844118+00,2026-06-08 16:23:54.846159+00,2026-06-08 16:23:54.953107+00,0.106948,21.108989,
cb66dd70-27aa-482b-bb2a-071ed506c303,numbered,22004,completed,sold,1,2026-06-08 16:23:33.848183+00,2026-06-08 16:23:54.850295+00,2026-06-08 16:23:54.955119+00,0.104824,21.106936,
809e78d7-5118-4855-92d4-a8fb07d027d3,numbered,20803,completed,sold,1,2026-06-08 16:23:33.857292+00,2026-06-08 16:23:54.882563+00,2026-06-08 16:23:54.987284+00,0.104721,21.129992,
8a54eb15-5381-4dbf-af1e-65c781b9d1dd,numbered,76920,completed,sold,1,2026-06-08 16:23:33.8645+00,2026-06-08 16:23:54.90101+00,2026-06-08 16:23:55.008798+00,0.107788,21.144298,
b0d68895-b62d-4ae3-a045-cb92e7b114eb,numbered,16377,completed,sold,1,2026-06-08 16:23:33.872419+00,2026-06-08 16:23:54.910471+00,2026-06-08 16:23:55.018904+00,0.108433,21.146485,
96136ce5-3766-4bed-985e-c43902d798a3,numbered,65407,completed,sold,1,2026-06-08 16:23:33.868017+00,2026-06-08 16:23:54.912767+00,2026-06-08 16:23:55.019789+00,0.107022,21.151772,
a96e2ec7-d6f4-43fa-bbf0-a4ac2653f353,numbered,6727,completed,sold,1,2026-06-08 16:23:33.878109+00,2026-06-08 16:23:54.915247+00,2026-06-08 16:23:55.021641+00,0.106394,21.143532,
64a4078f-d367-4df4-bb2e-23dc072ac2c9,numbered,88157,completed,sold,1,2026-06-08 16:23:33.881772+00,2026-06-08 16:23:54.963496+00,2026-06-08 16:23:55.06868+00,0.105184,21.186908,
d3e3248b-90a8-4d79-b2e4-52694f488be2,numbered,73767,completed,sold,1,2026-06-08 16:23:33.889102+00,2026-06-08 16:23:54.977557+00,2026-06-08 16:23:55.082016+00,0.104459,21.192914,
28799332-2927-4f0f-b50c-908f5aa23770,numbered,54887,completed,sold,1,2026-06-08 16:23:33.885432+00,2026-06-08 16:23:54.980951+00,2026-06-08 16:23:55.087716+00,0.106765,21.202284,
73902849-a82d-4d6a-947e-ff944b9d5f99,numbered,52522,completed,sold,1,2026-06-08 16:23:33.892446+00,2026-06-08 16:23:55.009345+00,2026-06-08 16:23:55.114062+00,0.104717,21.221616,
67dddb94-4c6d-49e6-a4b1-3944a6eb553c,numbered,53229,completed,sold,1,2026-06-08 16:23:33.895884+00,2026-06-08 16:23:55.038121+00,2026-06-08 16:23:55.143016+00,0.104895,21.247132,
829a58d9-f5a8-4c22-a594-8f89297fc643,numbered,3889,completed,sold,1,2026-06-08 16:23:33.900049+00,2026-06-08 16:23:55.051086+00,2026-06-08 16:23:55.15734+00,0.106254,21.257291,
d87f5c34-8e5e-4e85-b742-c6be185976ce,numbered,17671,completed,sold,1,2026-06-08 16:23:33.909313+00,2026-06-08 16:23:55.051843+00,2026-06-08 16:23:55.158286+00,0.106443,21.248973,
6873d7da-8508-4573-b953-91f7254fcbff,numbered,8251,completed,sold,1,2026-06-08 16:23:33.903757+00,2026-06-08 16:23:55.052263+00,2026-06-08 16:23:55.159015+00,0.106752,21.255258,
e3108239-a554-439f-a956-273ef0f6ddda,numbered,53347,completed,sold,1,2026-06-08 16:23:33.91321+00,2026-06-08 16:23:55.095554+00,2026-06-08 16:23:55.20051+00,0.104956,21.287300,
32a904c2-7f17-4916-b426-7414c9bc9407,numbered,84430,completed,sold,1,2026-06-08 16:23:33.916573+00,2026-06-08 16:23:55.102922+00,2026-06-08 16:23:55.208096+00,0.105174,21.291523,
42838b7e-d700-4e47-a3d5-854f98571adc,numbered,22922,completed,sold,1,2026-06-08 16:23:33.920052+00,2026-06-08 16:23:55.112824+00,2026-06-08 16:23:55.218521+00,0.105697,21.298469,
a9a073d2-8f94-43f2-bad3-58db9b072017,numbered,31866,completed,sold,1,2026-06-08 16:23:33.923453+00,2026-06-08 16:23:55.135245+00,2026-06-08 16:23:55.239981+00,0.104736,21.316528,
9f3644f5-eccd-4f54-a16d-7e9e904e15e9,numbered,26824,completed,sold,1,2026-06-08 16:23:33.926664+00,2026-06-08 16:23:55.171985+00,2026-06-08 16:23:55.276691+00,0.104706,21.350027,
c0032c69-d4a6-425d-b217-b22db04f1bf2,numbered,4019,completed,sold,1,2026-06-08 16:23:33.929937+00,2026-06-08 16:23:55.184283+00,2026-06-08 16:23:55.288655+00,0.104372,21.358718,
4066b990-e0e2-4bf9-9237-f8b3174f93f1,numbered,85299,completed,sold,1,2026-06-08 16:23:33.933357+00,2026-06-08 16:23:55.189265+00,2026-06-08 16:23:55.296054+00,0.106789,21.362697,
9357286a-4cd0-4082-88cc-05feb1681859,numbered,69055,completed,sold,1,2026-06-08 16:23:33.936829+00,2026-06-08 16:23:55.192517+00,2026-06-08 16:23:55.299905+00,0.107388,21.363076,
a467912a-3b1a-40cd-8b6f-d925189942e3,numbered,49433,completed,sold,1,2026-06-08 16:23:33.940281+00,2026-06-08 16:23:55.225839+00,2026-06-08 16:23:55.330527+00,0.104688,21.390246,
cdc73033-6ab7-421c-bf56-a4e873817103,numbered,76318,completed,sold,1,2026-06-08 16:23:33.943851+00,2026-06-08 16:23:55.230744+00,2026-06-08 16:23:55.335883+00,0.105139,21.392032,
d4a77d20-084f-4de8-9c4c-ddbc74e9711f,numbered,61984,completed,sold,1,2026-06-08 16:23:33.947411+00,2026-06-08 16:23:55.246811+00,2026-06-08 16:23:55.353554+00,0.106743,21.406143,
399bba22-acdf-488a-8fc5-4da351defb4c,numbered,26761,completed,sold,1,2026-06-08 16:23:33.950914+00,2026-06-08 16:23:55.262851+00,2026-06-08 16:23:55.367274+00,0.104423,21.416360,
7d314275-6e2a-4188-99b7-ce94c0a1fbd0,numbered,70027,completed,sold,1,2026-06-08 16:23:33.954265+00,2026-06-08 16:23:55.308757+00,2026-06-08 16:23:55.413653+00,0.104896,21.459388,
ea8fbfb9-f00e-4586-b072-daec002bf41d,numbered,3274,completed,sold,1,2026-06-08 16:23:33.957936+00,2026-06-08 16:23:55.313238+00,2026-06-08 16:23:55.417936+00,0.104698,21.460000,
a39b4148-5e23-47f9-b833-c5fb45ba5909,numbered,45964,completed,sold,1,2026-06-08 16:23:33.961505+00,2026-06-08 16:23:55.326086+00,2026-06-08 16:23:55.433761+00,0.107675,21.472256,
e89932ba-b960-4287-a87a-7b3598d83c28,numbered,2926,completed,sold,1,2026-06-08 16:23:33.964961+00,2026-06-08 16:23:55.328185+00,2026-06-08 16:23:55.436337+00,0.108152,21.471376,
582dd337-49c4-49af-acc3-12694408ee4d,numbered,65297,completed,sold,1,2026-06-08 16:23:33.96847+00,2026-06-08 16:23:55.355277+00,2026-06-08 16:23:55.462656+00,0.107379,21.494186,
e945f9e6-280d-49ab-b6ec-f29e3d5affd4,numbered,78826,completed,sold,1,2026-06-08 16:23:33.972038+00,2026-06-08 16:23:55.358372+00,2026-06-08 16:23:55.463197+00,0.104825,21.491159,
4de85770-590d-4610-be67-29688df931ed,numbered,50392,completed,sold,1,2026-06-08 16:23:33.975613+00,2026-06-08 16:23:55.378725+00,2026-06-08 16:23:55.484787+00,0.106062,21.509174,
77cb4981-de84-4e44-8ed9-d6f8aced281c,numbered,85602,completed,sold,1,2026-06-08 16:23:33.979082+00,2026-06-08 16:23:55.388908+00,2026-06-08 16:23:55.494062+00,0.105154,21.514980,
39295cd2-75d2-40a3-abf0-e140c20b4208,numbered,55031,completed,sold,1,2026-06-08 16:23:33.987175+00,2026-06-08 16:23:55.443618+00,2026-06-08 16:23:55.549482+00,0.105864,21.562307,
3fb77097-0324-49f4-9acf-aea76c25c5b8,numbered,78927,completed,sold,1,2026-06-08 16:23:33.982718+00,2026-06-08 16:23:55.444012+00,2026-06-08 16:23:55.549763+00,0.105751,21.567045,
1cd90056-51b4-4768-a6c1-e5410194cfea,numbered,18596,completed,sold,1,2026-06-08 16:23:33.994134+00,2026-06-08 16:23:55.464723+00,2026-06-08 16:23:55.571208+00,0.106485,21.577074,
faf5b765-984f-4b14-9dc7-63ffac1f63c3,numbered,93228,completed,sold,1,2026-06-08 16:23:33.990823+00,2026-06-08 16:23:55.475641+00,2026-06-08 16:23:55.582485+00,0.106844,21.591662,
8ed56ecf-c03f-4cd3-80c8-7df5db292efb,numbered,48541,completed,sold,1,2026-06-08 16:23:34.004491+00,2026-06-08 16:23:55.487626+00,2026-06-08 16:23:55.5933+00,0.105674,21.588809,
72a19eb5-397e-4358-862d-c33d9f777dc1,numbered,90292,completed,sold,1,2026-06-08 16:23:33.999259+00,2026-06-08 16:23:55.489951+00,2026-06-08 16:23:55.595584+00,0.105633,21.596325,
e08ab0b8-fd38-410b-aab2-dab3570b952a,numbered,85613,completed,sold,1,2026-06-08 16:23:34.011009+00,2026-06-08 16:23:55.510087+00,2026-06-08 16:23:55.616536+00,0.106449,21.605527,
830862b4-86ef-408e-8bad-db673c2f3fc2,numbered,99257,completed,sold,1,2026-06-08 16:23:34.016825+00,2026-06-08 16:23:55.515223+00,2026-06-08 16:23:55.620217+00,0.104994,21.603392,
972715c3-8647-4f7e-96b1-29f2b18e3e03,numbered,34863,completed,sold,1,2026-06-08 16:23:34.020663+00,2026-06-08 16:23:55.574957+00,2026-06-08 16:23:55.679746+00,0.104789,21.659083,
6a94b6d8-dfa5-4642-877b-5f50dbe499a2,numbered,71486,completed,sold,1,2026-06-08 16:23:34.024415+00,2026-06-08 16:23:55.581576+00,2026-06-08 16:23:55.687062+00,0.105486,21.662647,
1ac804cc-bb5c-407e-a8e2-5563c8ecb340,numbered,5995,completed,sold,1,2026-06-08 16:23:34.028769+00,2026-06-08 16:23:55.605434+00,2026-06-08 16:23:55.711523+00,0.106089,21.682754,
0cc5ef39-fa48-49bc-82be-a3be3e21a495,numbered,84500,completed,sold,1,2026-06-08 16:23:34.032825+00,2026-06-08 16:23:55.618172+00,2026-06-08 16:23:55.7239+00,0.105728,21.691075,
bd5dd43c-a559-409b-abd0-a29125bf6aa0,numbered,53416,completed,sold,1,2026-06-08 16:23:34.036951+00,2026-06-08 16:23:55.624357+00,2026-06-08 16:23:55.729126+00,0.104769,21.692175,
7ebfc7dc-44b6-45ec-a818-8d804718dc80,numbered,31690,completed,sold,1,2026-06-08 16:23:34.041156+00,2026-06-08 16:23:55.629779+00,2026-06-08 16:23:55.735414+00,0.105635,21.694258,
e7122abf-ad8a-43ac-8733-ac41123fe2fb,numbered,4673,completed,sold,1,2026-06-08 16:23:34.05145+00,2026-06-08 16:23:55.64599+00,2026-06-08 16:23:55.751824+00,0.105834,21.700374,
f6c04a29-174b-4bb8-8615-7a18d53f67ac,numbered,64081,completed,sold,1,2026-06-08 16:23:34.047349+00,2026-06-08 16:23:55.646425+00,2026-06-08 16:23:55.753894+00,0.107469,21.706545,
92235621-3ea4-43d3-8157-bccc928600d6,numbered,42648,completed,sold,1,2026-06-08 16:23:34.055372+00,2026-06-08 16:23:55.702357+00,2026-06-08 16:23:55.807243+00,0.104886,21.751871,
c3bc22b9-84e2-40c3-8100-afda71250e83,numbered,35290,completed,sold,1,2026-06-08 16:23:34.059104+00,2026-06-08 16:23:55.710405+00,2026-06-08 16:23:55.817127+00,0.106722,21.758023,
eec21438-58bd-49a6-b724-bc5729746acb,numbered,58868,completed,sold,1,2026-06-08 16:23:34.062698+00,2026-06-08 16:23:55.740207+00,2026-06-08 16:23:55.846599+00,0.106392,21.783901,
907973c6-485e-45fa-85d9-e325cbf43287,numbered,86296,completed,sold,1,2026-06-08 16:23:34.075168+00,2026-06-08 16:23:55.764213+00,2026-06-08 16:23:55.870579+00,0.106366,21.795411,
b6504083-3b21-4e76-a072-dda8a76a9381,numbered,93990,completed,sold,1,2026-06-08 16:23:34.071888+00,2026-06-08 16:23:55.766842+00,2026-06-08 16:23:55.873205+00,0.106363,21.801317,
5f2bd4be-8c02-425d-97e7-b1f7a925a69c,numbered,19478,completed,sold,1,2026-06-08 16:23:34.068014+00,2026-06-08 16:23:55.767489+00,2026-06-08 16:23:55.875013+00,0.107524,21.806999,
ac5342ad-219a-47af-9fda-cfa17948d8d8,numbered,95441,completed,sold,1,2026-06-08 16:23:34.078652+00,2026-06-08 16:23:55.782257+00,2026-06-08 16:23:55.88788+00,0.105623,21.809228,
112549d3-be7f-4be4-9742-c7484ebdbd47,numbered,49804,completed,sold,1,2026-06-08 16:23:34.08217+00,2026-06-08 16:23:55.785019+00,2026-06-08 16:23:55.890864+00,0.105845,21.808694,
07d47fbc-f68d-456d-ba93-ea75298c70d8,numbered,77253,completed,sold,1,2026-06-08 16:23:34.085732+00,2026-06-08 16:23:55.830459+00,2026-06-08 16:23:55.93515+00,0.104691,21.849418,
f569a123-6486-4157-9cc1-037639ecbd94,numbered,83773,completed,sold,1,2026-06-08 16:23:34.089704+00,2026-06-08 16:23:55.842853+00,2026-06-08 16:23:55.948094+00,0.105241,21.858390,
84019b7a-6e0d-481e-9d45-04be81cd913c,numbered,15831,completed,sold,1,2026-06-08 16:23:34.093896+00,2026-06-08 16:23:55.880384+00,2026-06-08 16:23:55.987619+00,0.107235,21.893723,
cc0e91ff-8e00-4953-8036-81acfaf26c07,numbered,20290,completed,sold,1,2026-06-08 16:23:34.097411+00,2026-06-08 16:23:55.899542+00,2026-06-08 16:23:56.005444+00,0.105902,21.908033,
c6b6e879-4118-4696-a262-14a31aa67e41,numbered,9398,completed,sold,1,2026-06-08 16:23:34.100868+00,2026-06-08 16:23:55.90188+00,2026-06-08 16:23:56.007448+00,0.105568,21.906580,
51f5fdf9-d942-4374-8546-a24caded3b6c,numbered,37213,completed,sold,1,2026-06-08 16:23:34.104242+00,2026-06-08 16:23:55.909724+00,2026-06-08 16:23:56.0172+00,0.107476,21.912958,
89d93c85-8087-4594-99b9-58607cb394c6,numbered,91393,completed,sold,1,2026-06-08 16:23:34.107626+00,2026-06-08 16:23:55.918482+00,2026-06-08 16:23:56.024365+00,0.105883,21.916739,
d8a15739-5af0-456b-a674-3489f913cafc,numbered,32081,completed,sold,1,2026-06-08 16:23:34.113182+00,2026-06-08 16:23:55.920961+00,2026-06-08 16:23:56.029278+00,0.108317,21.916096,
c61a5959-197e-4492-b89a-b61217c0fa46,numbered,42487,completed,sold,1,2026-06-08 16:23:34.116894+00,2026-06-08 16:23:55.957968+00,2026-06-08 16:23:56.063084+00,0.105116,21.946190,
d69331ca-05f1-4174-a71b-c1a6af6b0400,numbered,71127,completed,sold,1,2026-06-08 16:23:34.120694+00,2026-06-08 16:23:55.976257+00,2026-06-08 16:23:56.083157+00,0.106900,21.962463,
82ae6115-3cc6-4ff7-a2cc-f43a0582d643,numbered,39605,completed,sold,1,2026-06-08 16:23:34.124133+00,2026-06-08 16:23:56.020468+00,2026-06-08 16:23:56.126846+00,0.106378,22.002713,
20d21055-313b-4e76-8980-8821eec5e715,numbered,90696,completed,sold,1,2026-06-08 16:23:34.131077+00,2026-06-08 16:23:56.042547+00,2026-06-08 16:23:56.147922+00,0.105375,22.016845,
57efcb1d-1f94-4613-9e2f-19a8a5f88608,numbered,34699,completed,sold,1,2026-06-08 16:23:34.127534+00,2026-06-08 16:23:56.043114+00,2026-06-08 16:23:56.148759+00,0.105645,22.021225,
6fe0aa64-9732-473e-8846-3e6e32917ab6,numbered,23649,completed,sold,1,2026-06-08 16:23:34.140013+00,2026-06-08 16:23:56.054325+00,2026-06-08 16:23:56.16027+00,0.105945,22.020257,
52faff46-1841-4af2-a7a8-b1aebcd7522e,numbered,4349,completed,sold,1,2026-06-08 16:23:34.134538+00,2026-06-08 16:23:56.06061+00,2026-06-08 16:23:56.168408+00,0.107798,22.033870,
f98832bb-f63f-4116-856a-16e6eaa2bdd4,numbered,18829,completed,sold,1,2026-06-08 16:23:34.145918+00,2026-06-08 16:23:56.06304+00,2026-06-08 16:23:56.1706+00,0.107560,22.024682,
9ab386ec-6f63-4d85-b46d-32b787609e3e,numbered,52606,completed,sold,1,2026-06-08 16:23:34.149694+00,2026-06-08 16:23:56.086523+00,2026-06-08 16:23:56.193064+00,0.106541,22.043370,
f5c61116-f6e2-4ce2-a240-5c803d899d12,numbered,73055,completed,sold,1,2026-06-08 16:23:34.153444+00,2026-06-08 16:23:56.1083+00,2026-06-08 16:23:56.213729+00,0.105429,22.060285,
7392b1d2-6e33-4ee0-89b2-ef864996c03e,numbered,55246,completed,sold,1,2026-06-08 16:23:34.161433+00,2026-06-08 16:23:56.161035+00,2026-06-08 16:23:56.266736+00,0.105701,22.105303,
c0783fc4-f50c-4e24-89a7-3a204f24ab8f,numbered,73221,completed,sold,1,2026-06-08 16:23:34.167134+00,2026-06-08 16:23:56.183804+00,2026-06-08 16:23:56.2894+00,0.105596,22.122266,
cbc3c124-5bd1-4aea-b887-779912fe5202,numbered,17035,completed,sold,1,2026-06-08 16:23:34.17566+00,2026-06-08 16:23:56.183159+00,2026-06-08 16:23:56.290077+00,0.106918,22.114417,
2cca678b-6f93-4a68-beda-93146ccd62a6,numbered,99310,completed,sold,1,2026-06-08 16:23:34.179986+00,2026-06-08 16:23:56.194756+00,2026-06-08 16:23:56.302103+00,0.107347,22.122117,
645166c7-a53e-4e6e-b5c7-0b78c40628fd,numbered,46030,completed,seat_unavailable,1,2026-06-08 16:23:34.187528+00,2026-06-08 16:23:56.20596+00,2026-06-08 16:23:56.312331+00,0.106371,22.124803,
725ffdf1-1344-4a59-9a78-f910a013358a,numbered,62973,completed,sold,1,2026-06-08 16:23:34.183894+00,2026-06-08 16:23:56.206021+00,2026-06-08 16:23:56.313052+00,0.107031,22.129158,
4f3f7eaf-21b2-452f-8286-800a20d1c40a,numbered,6395,completed,sold,1,2026-06-08 16:23:34.191217+00,2026-06-08 16:23:56.220459+00,2026-06-08 16:23:56.328105+00,0.107646,22.136888,
b5e4c0b4-c948-4e39-b8ee-62174f1189f4,numbered,93997,completed,sold,1,2026-06-08 16:23:34.194828+00,2026-06-08 16:23:56.23883+00,2026-06-08 16:23:56.346196+00,0.107366,22.151368,
e7c86032-312d-42b8-b2bc-f22573d0f8ca,numbered,91392,completed,sold,1,2026-06-08 16:23:34.198689+00,2026-06-08 16:23:56.300335+00,2026-06-08 16:23:56.407002+00,0.106667,22.208313,
95ce7b5a-b824-4d07-b01b-ddb5b2e5d1ef,numbered,2879,completed,sold,1,2026-06-08 16:23:34.202028+00,2026-06-08 16:23:56.316519+00,2026-06-08 16:23:56.421036+00,0.104517,22.219008,
b0b137b9-5745-4b8a-ac28-bbe0790bf2ec,numbered,81860,completed,sold,1,2026-06-08 16:23:34.205416+00,2026-06-08 16:23:56.329181+00,2026-06-08 16:23:56.434459+00,0.105278,22.229043,
b45c091a-3a43-4c4a-bbbb-b3041f369296,numbered,55535,completed,sold,1,2026-06-08 16:23:34.209274+00,2026-06-08 16:23:56.331879+00,2026-06-08 16:23:56.437365+00,0.105486,22.228091,
2bd1e2c2-82fa-4aca-9ce5-c1533657991b,numbered,96225,completed,sold,1,2026-06-08 16:23:34.21321+00,2026-06-08 16:23:56.346141+00,2026-06-08 16:23:56.45258+00,0.106439,22.239370,
e240557c-bfeb-46ba-8edb-eb1ad939377b,numbered,52605,completed,sold,1,2026-06-08 16:23:34.216888+00,2026-06-08 16:23:56.346783+00,2026-06-08 16:23:56.45258+00,0.105797,22.235692,
bfcd4209-8dfb-4af3-a7ad-ed0b97ae604d,numbered,59168,completed,sold,1,2026-06-08 16:23:34.220359+00,2026-06-08 16:23:56.360114+00,2026-06-08 16:23:56.465632+00,0.105518,22.245273,
c56634d8-7096-4696-9e8c-c67ec80536ab,numbered,86327,completed,sold,1,2026-06-08 16:23:34.223666+00,2026-06-08 16:23:56.367689+00,2026-06-08 16:23:56.47311+00,0.105421,22.249444,
07bdb0cc-714d-4988-aee4-7a18a62a73b6,numbered,59039,completed,sold,1,2026-06-08 16:23:34.22716+00,2026-06-08 16:23:56.437059+00,2026-06-08 16:23:56.543173+00,0.106114,22.316013,
f6eb192e-f60d-4639-b0a0-0e306fa7e9c7,numbered,43797,completed,sold,1,2026-06-08 16:23:34.230736+00,2026-06-08 16:23:56.44404+00,2026-06-08 16:23:56.549001+00,0.104961,22.318265,
65b32c06-b390-4cdc-bbeb-2f26ed32067e,numbered,78719,completed,sold,1,2026-06-08 16:23:34.237229+00,2026-06-08 16:23:56.469145+00,2026-06-08 16:23:56.573428+00,0.104283,22.336199,
46cccc74-7fd4-4b19-8d28-be9a230d63a8,numbered,64942,completed,sold,1,2026-06-08 16:23:34.233961+00,2026-06-08 16:23:56.470666+00,2026-06-08 16:23:56.57708+00,0.106414,22.343119,
cd574479-b861-46b2-9aa7-2209244555f3,numbered,9727,completed,sold,1,2026-06-08 16:23:34.240981+00,2026-06-08 16:23:56.486907+00,2026-06-08 16:23:56.594596+00,0.107689,22.353615,
372e098b-8cdb-4650-8fbc-6150acb0c38a,numbered,3641,completed,sold,1,2026-06-08 16:23:34.244351+00,2026-06-08 16:23:56.486907+00,2026-06-08 16:23:56.595522+00,0.108615,22.351171,
467ab26e-23f8-4ae8-bb2c-93d28cbc8f96,numbered,59882,completed,sold,1,2026-06-08 16:23:34.247607+00,2026-06-08 16:23:56.49764+00,2026-06-08 16:23:56.603939+00,0.106299,22.356332,
65126590-0379-4b2b-ade0-bb91f66cc394,numbered,45616,completed,sold,1,2026-06-08 16:23:34.25089+00,2026-06-08 16:23:56.499085+00,2026-06-08 16:23:56.60669+00,0.107605,22.355800,
f9c23359-48ee-47d3-9fba-8f98d0a63724,numbered,26356,completed,sold,1,2026-06-08 16:23:34.259169+00,2026-06-08 16:23:56.569633+00,2026-06-08 16:23:56.674827+00,0.105194,22.415658,
a176c10f-0483-4579-8039-9d6dad294cf6,numbered,27672,completed,sold,1,2026-06-08 16:23:34.255048+00,2026-06-08 16:23:56.571331+00,2026-06-08 16:23:56.67809+00,0.106759,22.423042,
8e4167a2-0d33-4cf2-95f9-e5da13fcfeae,numbered,77,completed,sold,1,2026-06-08 16:23:34.263465+00,2026-06-08 16:23:56.607778+00,2026-06-08 16:23:56.71308+00,0.105302,22.449615,
771bb3bf-c4dc-45cb-a44e-9889d9067bf3,numbered,56581,completed,sold,1,2026-06-08 16:23:34.267601+00,2026-06-08 16:23:56.61742+00,2026-06-08 16:23:56.722734+00,0.105314,22.455133,
b33e08cc-7732-44a3-95a4-56d25a658e8d,numbered,63915,completed,sold,1,2026-06-08 16:23:34.280208+00,2026-06-08 16:23:56.636331+00,2026-06-08 16:23:56.741842+00,0.105511,22.461634,
33ea8b70-027b-4d39-831d-7ec3ea9a8f15,numbered,7593,completed,sold,1,2026-06-08 16:23:34.271737+00,2026-06-08 16:23:56.634289+00,2026-06-08 16:23:56.748923+00,0.114634,22.477186,
9eca274b-5ac0-45e0-bb48-c270344cdf7b,numbered,67261,completed,sold,1,2026-06-08 16:23:34.284367+00,2026-06-08 16:23:56.636668+00,2026-06-08 16:23:56.749504+00,0.112836,22.465137,
7eb29cfa-7ed2-4b02-ab02-994c316d83fd,numbered,17618,completed,sold,1,2026-06-08 16:23:34.276043+00,2026-06-08 16:23:56.635821+00,2026-06-08 16:23:56.754882+00,0.119061,22.478839,
752da7a5-98cb-493f-8ae3-cd7aadc78598,numbered,63779,completed,sold,1,2026-06-08 16:23:34.288481+00,2026-06-08 16:23:56.69576+00,2026-06-08 16:23:56.800073+00,0.104313,22.511592,
72d94511-bc57-44a0-a0fc-49e3cb0ac42e,numbered,4891,completed,sold,1,2026-06-08 16:23:34.29266+00,2026-06-08 16:23:56.704234+00,2026-06-08 16:23:56.810076+00,0.105842,22.517416,
236b8bde-e522-4df0-b6d6-74b3ca38e041,numbered,8468,completed,sold,1,2026-06-08 16:23:34.296696+00,2026-06-08 16:23:56.736312+00,2026-06-08 16:23:56.841279+00,0.104967,22.544583,
b89b11ab-6b1c-41ab-8c6e-2a1266c51778,numbered,32940,completed,sold,1,2026-06-08 16:23:34.302002+00,2026-06-08 16:23:56.765001+00,2026-06-08 16:23:56.869961+00,0.104960,22.567959,
f9ae6f60-4fa9-4f12-8e8a-125470f4890b,numbered,46035,completed,sold,1,2026-06-08 16:23:34.30549+00,2026-06-08 16:23:56.777145+00,2026-06-08 16:23:56.88152+00,0.104375,22.576030,
641937ae-8d32-4b94-8e32-9cb0211cf5ff,numbered,46157,completed,sold,1,2026-06-08 16:23:34.321652+00,2026-06-08 16:23:56.784381+00,2026-06-08 16:23:56.89218+00,0.107799,22.570528,
1a78f91e-0dec-4e1b-b4ed-dd04a496c036,numbered,78998,completed,sold,1,2026-06-08 16:23:34.309224+00,2026-06-08 16:23:56.782108+00,2026-06-08 16:23:56.892764+00,0.110656,22.583540,
120f748d-820a-4340-b8d9-4ab28d54a47f,numbered,13875,completed,sold,1,2026-06-08 16:23:34.31462+00,2026-06-08 16:23:56.784717+00,2026-06-08 16:23:56.892906+00,0.108189,22.578286,
3d49e896-fc29-4ce2-ae6b-5c81bb2e7e25,numbered,5494,completed,sold,1,2026-06-08 16:23:34.327901+00,2026-06-08 16:23:56.822265+00,2026-06-08 16:23:56.927306+00,0.105041,22.599405,
5562246a-8d66-42b0-8791-316fcf865ac2,numbered,20377,completed,sold,1,2026-06-08 16:23:34.332045+00,2026-06-08 16:23:56.836355+00,2026-06-08 16:23:56.942694+00,0.106339,22.610649,
2b4d50c8-7907-4016-ac09-82e9048001f2,numbered,81923,completed,sold,1,2026-06-08 16:23:34.335903+00,2026-06-08 16:23:56.863682+00,2026-06-08 16:23:56.969164+00,0.105482,22.633261,
9051db78-c9ea-450e-afe6-f5cf30f1dd14,numbered,75659,completed,sold,1,2026-06-08 16:23:34.339227+00,2026-06-08 16:23:56.904567+00,2026-06-08 16:23:57.009941+00,0.105374,22.670714,
00832bd4-47e5-4037-b323-e4fa1a27f321,numbered,58705,completed,sold,1,2026-06-08 16:23:34.346046+00,2026-06-08 16:23:56.911789+00,2026-06-08 16:23:57.017276+00,0.105487,22.671230,
84e117bf-639b-4425-a231-152e692718d2,numbered,83055,completed,sold,1,2026-06-08 16:23:34.355292+00,2026-06-08 16:23:56.923697+00,2026-06-08 16:23:57.02993+00,0.106233,22.674638,
e4682318-45cc-438b-8f60-1f81b10b9802,numbered,1758,completed,sold,1,2026-06-08 16:23:34.358731+00,2026-06-08 16:23:56.926471+00,2026-06-08 16:23:57.034181+00,0.107710,22.675450,
9d247f0d-b005-47cd-9c9b-eb502d373fd1,numbered,90137,completed,sold,1,2026-06-08 16:23:34.349581+00,2026-06-08 16:23:56.927001+00,2026-06-08 16:23:57.03507+00,0.108069,22.685489,
fa35af1c-ed99-4c63-8fb6-753a1ba2f40b,numbered,56720,completed,sold,1,2026-06-08 16:23:34.362278+00,2026-06-08 16:23:56.949263+00,2026-06-08 16:23:57.053564+00,0.104301,22.691286,
7ad30e59-1dc0-4457-b17a-4f36f7c47dc2,numbered,95538,completed,sold,1,2026-06-08 16:23:34.365717+00,2026-06-08 16:23:56.9694+00,2026-06-08 16:23:57.075753+00,0.106353,22.710036,
d3325985-117c-4d5f-a998-08038caff8da,numbered,4094,completed,sold,1,2026-06-08 16:23:34.369109+00,2026-06-08 16:23:56.991301+00,2026-06-08 16:23:57.097319+00,0.106018,22.728210,
edfc024e-bd95-430e-bafe-49c8a7fa571b,numbered,18026,completed,sold,1,2026-06-08 16:23:34.372441+00,2026-06-08 16:23:57.036757+00,2026-06-08 16:23:57.142401+00,0.105644,22.769960,
aa16fc58-feb4-44a6-a8a3-f5af6693dd26,numbered,5420,completed,seat_unavailable,1,2026-06-08 16:23:34.375638+00,2026-06-08 16:23:57.048875+00,2026-06-08 16:23:57.15179+00,0.102915,22.776152,
ae3ab0cf-3f04-4a5c-850a-4782bdc87419,numbered,46074,completed,sold,1,2026-06-08 16:23:34.379059+00,2026-06-08 16:23:57.064995+00,2026-06-08 16:23:57.17076+00,0.105765,22.791701,
3e9accba-ab2b-49ae-a2a4-429505f13fe0,numbered,96879,completed,sold,1,2026-06-08 16:23:34.382451+00,2026-06-08 16:23:57.068211+00,2026-06-08 16:23:57.175936+00,0.107725,22.793485,
d949da1d-2550-43e7-b53c-879024591ac7,numbered,3542,completed,sold,1,2026-06-08 16:23:34.388067+00,2026-06-08 16:23:57.070359+00,2026-06-08 16:23:57.17675+00,0.106391,22.788683,
bb978fe9-3f7b-4291-b0bd-1ee62e4ab794,numbered,70274,completed,sold,1,2026-06-08 16:23:34.391478+00,2026-06-08 16:23:57.078447+00,2026-06-08 16:23:57.183238+00,0.104791,22.791760,
997638d6-27c7-43d5-a3ba-fc630544fad9,numbered,9568,completed,sold,1,2026-06-08 16:23:34.394966+00,2026-06-08 16:23:57.103064+00,2026-06-08 16:23:57.209712+00,0.106648,22.814746,
c94990fe-054b-4a64-a7f0-0e076ceae373,numbered,70956,completed,sold,1,2026-06-08 16:23:34.398182+00,2026-06-08 16:23:57.121133+00,2026-06-08 16:23:57.225569+00,0.104436,22.827387,
0c26a51c-0e08-4a4c-a286-a2b366297a77,numbered,30500,completed,sold,1,2026-06-08 16:23:34.401615+00,2026-06-08 16:23:57.165552+00,2026-06-08 16:23:57.270516+00,0.104964,22.868901,
374bcf16-d9d4-4820-9c10-95cd1d00e97a,numbered,22131,completed,sold,1,2026-06-08 16:23:34.405126+00,2026-06-08 16:23:57.18085+00,2026-06-08 16:23:57.28676+00,0.105910,22.881634,
9a06e5d2-0a62-4252-a6a6-589e154ee894,numbered,8097,completed,sold,1,2026-06-08 16:23:34.409147+00,2026-06-08 16:23:57.201561+00,2026-06-08 16:23:57.306934+00,0.105373,22.897787,
7941774a-743a-441e-b9f8-1163d59e1cff,numbered,48152,completed,sold,1,2026-06-08 16:23:34.421847+00,2026-06-08 16:23:57.21042+00,2026-06-08 16:23:57.317492+00,0.107072,22.895645,
4ca6716c-4b82-4d5f-a498-42d7a35c430b,numbered,27155,completed,sold,1,2026-06-08 16:23:34.41339+00,2026-06-08 16:23:57.21055+00,2026-06-08 16:23:57.318068+00,0.107518,22.904678,
bdfa1819-fb29-475b-845f-392f14da257a,numbered,56800,completed,sold,1,2026-06-08 16:23:34.417681+00,2026-06-08 16:23:57.212824+00,2026-06-08 16:23:57.319219+00,0.106395,22.901538,
8bf16a06-1f37-494c-b055-591f3e5afecf,numbered,21231,completed,sold,1,2026-06-08 16:23:34.425945+00,2026-06-08 16:23:57.235958+00,2026-06-08 16:23:57.342335+00,0.106377,22.916390,
5d3b2d16-3b61-474a-82fa-643c4d9d5151,numbered,94234,completed,sold,1,2026-06-08 16:23:34.430145+00,2026-06-08 16:23:57.248255+00,2026-06-08 16:23:57.353565+00,0.105310,22.923420,
a965148a-b8fd-4f16-9545-f56caa203a70,numbered,22442,completed,sold,1,2026-06-08 16:23:34.43431+00,2026-06-08 16:23:57.294158+00,2026-06-08 16:23:57.399508+00,0.105350,22.965198,
46c65959-038e-438c-bec0-a488729bd04c,numbered,74991,completed,sold,1,2026-06-08 16:23:34.438454+00,2026-06-08 16:23:57.309178+00,2026-06-08 16:23:57.413675+00,0.104497,22.975221,
f7e13c9d-62f7-4245-880c-92244d4c9074,numbered,21535,completed,sold,1,2026-06-08 16:23:34.442646+00,2026-06-08 16:23:57.33435+00,2026-06-08 16:23:57.439214+00,0.104864,22.996568,
7946d386-35af-429d-be0c-3b67db184467,numbered,96142,completed,sold,1,2026-06-08 16:23:34.446825+00,2026-06-08 16:23:57.345109+00,2026-06-08 16:23:57.450267+00,0.105158,23.003442,
947e4538-207c-4f35-b6f3-ccc6d7b39237,numbered,33756,completed,sold,1,2026-06-08 16:23:34.455153+00,2026-06-08 16:23:57.352776+00,2026-06-08 16:23:57.460617+00,0.107841,23.005464,
47f415fe-1b93-4074-8b9c-5c762626fe25,numbered,2271,completed,sold,1,2026-06-08 16:23:34.451113+00,2026-06-08 16:23:57.355094+00,2026-06-08 16:23:57.462211+00,0.107117,23.011098,
ef8a778c-2f2c-4dd5-9006-01fd8e5bc3b9,numbered,71965,completed,sold,1,2026-06-08 16:23:34.459504+00,2026-06-08 16:23:57.3724+00,2026-06-08 16:23:57.478822+00,0.106422,23.019318,
293b1574-8ca8-45f1-9d3a-bc073c774a5a,numbered,2144,completed,sold,1,2026-06-08 16:23:34.463495+00,2026-06-08 16:23:57.375927+00,2026-06-08 16:23:57.481325+00,0.105398,23.017830,
95888a27-08b1-4f48-94e8-81fc7d22b052,numbered,16497,completed,sold,1,2026-06-08 16:23:34.467486+00,2026-06-08 16:23:57.423376+00,2026-06-08 16:23:57.5285+00,0.105124,23.061014,
5a6b8898-fa5a-4ca9-89e7-8eb764591bf1,numbered,56000,completed,sold,1,2026-06-08 16:23:34.477059+00,2026-06-08 16:23:57.435159+00,2026-06-08 16:23:57.539931+00,0.104772,23.062872,
a48949b5-a9ab-49ac-a242-a99f3a3a56cd,numbered,35017,completed,sold,1,2026-06-08 16:23:34.481018+00,2026-06-08 16:23:57.469446+00,2026-06-08 16:23:57.57443+00,0.104984,23.093412,
1e18d39f-9d37-4993-978c-138819139266,numbered,46036,completed,sold,1,2026-06-08 16:23:34.491351+00,2026-06-08 16:23:57.478776+00,2026-06-08 16:23:57.58351+00,0.104734,23.092159,
5cde2aaa-98d2-4331-ae31-1b8acdaa7d88,numbered,43477,completed,sold,1,2026-06-08 16:23:34.49916+00,2026-06-08 16:23:57.495551+00,2026-06-08 16:23:57.602123+00,0.106572,23.102963,
0e0c0aad-151f-4587-9823-2d617bfd74cc,numbered,88184,completed,sold,1,2026-06-08 16:23:34.495679+00,2026-06-08 16:23:57.49568+00,2026-06-08 16:23:57.602325+00,0.106645,23.106646,
df4e439f-a4d3-4cb0-a18b-d7c56c9d40a7,numbered,95798,completed,sold,1,2026-06-08 16:23:34.505802+00,2026-06-08 16:23:57.507475+00,2026-06-08 16:23:57.612496+00,0.105021,23.106694,
96c7673c-70e5-4772-8ff2-c75c21e30f25,numbered,31346,completed,sold,1,2026-06-08 16:23:34.502333+00,2026-06-08 16:23:57.511823+00,2026-06-08 16:23:57.61839+00,0.106567,23.116057,
6edae03a-c4cc-4809-a611-83dcaf23f604,numbered,9106,completed,sold,1,2026-06-08 16:23:34.509378+00,2026-06-08 16:23:57.553195+00,2026-06-08 16:23:57.65818+00,0.104985,23.148802,
3680b35f-22e9-4e5f-8dcd-f8d15d7aa2aa,numbered,71295,completed,sold,1,2026-06-08 16:23:34.514128+00,2026-06-08 16:23:57.561327+00,2026-06-08 16:23:57.666975+00,0.105648,23.152847,
128d05e7-fba6-4252-b07b-3550e20434b6,numbered,73670,completed,sold,1,2026-06-08 16:23:34.519718+00,2026-06-08 16:23:57.59897+00,2026-06-08 16:23:57.704292+00,0.105322,23.184574,
88c0d763-05c0-4aa4-b706-6c39820c9077,numbered,17013,completed,sold,1,2026-06-08 16:23:34.523566+00,2026-06-08 16:23:57.606411+00,2026-06-08 16:23:57.71134+00,0.104929,23.187774,
748004b0-8a39-4a01-a754-15b6e47c8f9d,numbered,85957,completed,sold,1,2026-06-08 16:23:34.526887+00,2026-06-08 16:23:57.635124+00,2026-06-08 16:23:57.741217+00,0.106093,23.214330,
3c7cf6c8-992a-44ee-9306-dd51b850c0b9,numbered,11646,completed,sold,1,2026-06-08 16:23:34.533965+00,2026-06-08 16:23:57.636959+00,2026-06-08 16:23:57.742473+00,0.105514,23.208508,
ab265e48-0e19-4aa2-8727-221c1b8717e3,numbered,60596,completed,sold,1,2026-06-08 16:23:34.530267+00,2026-06-08 16:23:57.637689+00,2026-06-08 16:23:57.744648+00,0.106959,23.214381,
f3da90a0-4e0e-49db-993d-de7e2b40e7ca,numbered,94460,completed,sold,1,2026-06-08 16:23:34.537557+00,2026-06-08 16:23:57.646442+00,2026-06-08 16:23:57.75363+00,0.107188,23.216073,
8ebf3621-b19b-45dd-9c8f-352a256c9ac9,numbered,39651,completed,sold,1,2026-06-08 16:23:34.541736+00,2026-06-08 16:23:57.682462+00,2026-06-08 16:23:57.787173+00,0.104711,23.245437,
8f3767d0-b225-4521-ab15-c9d8db8272d9,numbered,52948,completed,sold,1,2026-06-08 16:23:34.545067+00,2026-06-08 16:23:57.688359+00,2026-06-08 16:23:57.793703+00,0.105344,23.248636,
1fe74c78-d51c-41b9-9784-45f0ad1d9403,numbered,57642,completed,sold,1,2026-06-08 16:23:34.548457+00,2026-06-08 16:23:57.728658+00,2026-06-08 16:23:57.8342+00,0.105542,23.285743,
b5e6e041-28f7-4eec-a78f-2e48f53392f7,numbered,55148,completed,sold,1,2026-06-08 16:23:34.551593+00,2026-06-08 16:23:57.731223+00,2026-06-08 16:23:57.835885+00,0.104662,23.284292,
cae7b1ca-753e-4dcb-8789-2dbd5ec086a0,numbered,16732,completed,sold,1,2026-06-08 16:23:34.558404+00,2026-06-08 16:23:57.769966+00,2026-06-08 16:23:57.875449+00,0.105483,23.317045,
72aeeac9-f897-4d42-8e63-006f49c614d2,numbered,59909,completed,sold,1,2026-06-08 16:23:34.554982+00,2026-06-08 16:23:57.774413+00,2026-06-08 16:23:57.880982+00,0.106569,23.326000,
f98c7a2f-205a-449e-bd45-ff529c434770,numbered,5988,completed,sold,1,2026-06-08 16:23:34.561682+00,2026-06-08 16:23:57.776967+00,2026-06-08 16:23:57.884367+00,0.107400,23.322685,
6d56e528-08a5-449d-b61f-58f673c14804,numbered,63862,completed,sold,1,2026-06-08 16:23:34.564929+00,2026-06-08 16:23:57.781952+00,2026-06-08 16:23:57.889299+00,0.107347,23.324370,
7b8d5b44-ca05-4915-80a3-0083dfd1e74f,numbered,71711,completed,sold,1,2026-06-08 16:23:34.568156+00,2026-06-08 16:23:57.81079+00,2026-06-08 16:23:57.916248+00,0.105458,23.348092,
1f97d34d-9a40-4c5e-8d8e-0fb35c4231ea,numbered,61326,completed,sold,1,2026-06-08 16:23:34.571659+00,2026-06-08 16:23:57.815298+00,2026-06-08 16:23:57.920149+00,0.104851,23.348490,
45c30fb2-9f0a-43f4-bf7e-088226fe7517,numbered,38249,completed,sold,1,2026-06-08 16:23:34.580052+00,2026-06-08 16:23:57.85888+00,2026-06-08 16:23:57.96378+00,0.104900,23.383728,
3ebf9b08-76f7-4484-9409-e63a0774404c,numbered,66117,completed,sold,1,2026-06-08 16:23:34.575936+00,2026-06-08 16:23:57.859353+00,2026-06-08 16:23:57.964482+00,0.105129,23.388546,
cd025409-9448-4f61-a652-66a0a11442b5,numbered,34195,completed,sold,1,2026-06-08 16:23:34.584404+00,2026-06-08 16:23:57.901154+00,2026-06-08 16:23:58.00807+00,0.106916,23.423666,
d899140b-864b-4422-a47f-4f3c874f66c2,numbered,23191,completed,sold,1,2026-06-08 16:23:34.588508+00,2026-06-08 16:23:57.908533+00,2026-06-08 16:23:58.015647+00,0.107114,23.427139,
4a4d9868-3de1-4fbc-9747-552a21047a0d,numbered,28859,completed,sold,1,2026-06-08 16:23:34.592627+00,2026-06-08 16:23:57.915954+00,2026-06-08 16:23:58.023799+00,0.107845,23.431172,
06573c4f-dbe8-41ec-a8da-018d8a32c54b,numbered,68469,completed,sold,1,2026-06-08 16:23:34.596723+00,2026-06-08 16:23:57.919079+00,2026-06-08 16:23:58.025828+00,0.106749,23.429105,
8c180024-68a1-4217-8634-16ecd6fb544a,numbered,47316,completed,seat_unavailable,1,2026-06-08 16:23:34.605402+00,2026-06-08 16:23:57.942938+00,2026-06-08 16:23:58.045994+00,0.103056,23.440592,
8f12a2d3-65bb-43f4-9f91-76322af15e22,numbered,10053,completed,sold,1,2026-06-08 16:23:34.600986+00,2026-06-08 16:23:57.942851+00,2026-06-08 16:23:58.04831+00,0.105459,23.447324,
87d7874f-552d-4e97-9bd4-8f7d02b56c7d,numbered,13671,completed,sold,1,2026-06-08 16:23:34.609386+00,2026-06-08 16:23:57.987206+00,2026-06-08 16:23:58.091908+00,0.104702,23.482522,
72a8b6f3-f95c-45c9-92f1-c3c2109535d3,numbered,98980,completed,sold,1,2026-06-08 16:23:34.613483+00,2026-06-08 16:23:57.988031+00,2026-06-08 16:23:58.093395+00,0.105364,23.479912,
d58ac9a2-d940-4d7e-8ef5-df803db14fab,numbered,41273,completed,sold,1,2026-06-08 16:23:34.617544+00,2026-06-08 16:23:58.034952+00,2026-06-08 16:23:58.139738+00,0.104786,23.522194,
9cb202de-ab49-413f-a21f-eb66f3e81031,numbered,73490,completed,sold,1,2026-06-08 16:23:34.622802+00,2026-06-08 16:23:58.048371+00,2026-06-08 16:23:58.153939+00,0.105568,23.531137,
6401b9da-f353-4248-8620-5468fba2c58f,numbered,34496,completed,sold,1,2026-06-08 16:23:34.634729+00,2026-06-08 16:23:58.056339+00,2026-06-08 16:23:58.163125+00,0.106786,23.528396,
5f1dea1a-9a1b-4b73-bc2e-9ff315a692a2,numbered,62398,completed,sold,1,2026-06-08 16:23:34.638532+00,2026-06-08 16:23:58.062316+00,2026-06-08 16:23:58.168623+00,0.106307,23.530091,
cf2a6444-950f-4171-8bfc-b147cd0fdc73,numbered,11041,completed,sold,1,2026-06-08 16:23:34.64304+00,2026-06-08 16:23:58.073594+00,2026-06-08 16:23:58.178985+00,0.105391,23.535945,
09004e4e-add4-46a2-8415-8e867eaee30a,numbered,95698,completed,sold,1,2026-06-08 16:23:34.646593+00,2026-06-08 16:23:58.075051+00,2026-06-08 16:23:58.181307+00,0.106256,23.534714,
151469bc-1670-47d1-8278-f613bde1d430,numbered,30382,completed,sold,1,2026-06-08 16:23:34.651387+00,2026-06-08 16:23:58.114547+00,2026-06-08 16:23:58.219669+00,0.105122,23.568282,
2c6db975-7b19-4136-801f-fab4c702f5f2,numbered,88052,completed,sold,1,2026-06-08 16:23:34.654784+00,2026-06-08 16:23:58.116339+00,2026-06-08 16:23:58.221576+00,0.105237,23.566792,
ff283a48-9e6c-4956-97cd-88bf3d5568f4,numbered,30928,completed,sold,1,2026-06-08 16:23:34.658428+00,2026-06-08 16:23:58.163972+00,2026-06-08 16:23:58.268924+00,0.104952,23.610496,
70f954f4-2da2-41d6-98ea-3158c66cf07d,numbered,56529,completed,sold,1,2026-06-08 16:23:34.666132+00,2026-06-08 16:23:58.188811+00,2026-06-08 16:23:58.294286+00,0.105475,23.628154,
01cdd667-7bec-466b-b216-4d604af11327,numbered,53268,completed,sold,1,2026-06-08 16:23:34.671683+00,2026-06-08 16:23:58.19231+00,2026-06-08 16:23:58.298358+00,0.106048,23.626675,
6cfdfeaf-3469-408d-ab99-4281b88ac836,numbered,64478,completed,sold,1,2026-06-08 16:23:34.677015+00,2026-06-08 16:23:58.205594+00,2026-06-08 16:23:58.312074+00,0.106480,23.635059,
5a9055a0-1716-4e02-a7b0-1b72e5305f05,numbered,57622,completed,sold,1,2026-06-08 16:23:34.680601+00,2026-06-08 16:23:58.209448+00,2026-06-08 16:23:58.31477+00,0.105322,23.634169,
9a4f0794-1b20-46b8-9585-b8af862d91d5,numbered,68181,completed,sold,1,2026-06-08 16:23:34.683946+00,2026-06-08 16:23:58.212562+00,2026-06-08 16:23:58.319901+00,0.107339,23.635955,
9e580ff1-5c1d-485a-9488-e56099aa8e74,numbered,16737,completed,sold,1,2026-06-08 16:23:34.687212+00,2026-06-08 16:23:58.242448+00,2026-06-08 16:23:58.348066+00,0.105618,23.660854,
020963fe-be5c-4b55-94ff-9e8c32bae721,numbered,46895,completed,sold,1,2026-06-08 16:23:34.690541+00,2026-06-08 16:23:58.251108+00,2026-06-08 16:23:58.357559+00,0.106451,23.667018,
3dab686c-5054-43c6-b5c8-0f302c281bfa,numbered,48884,completed,sold,1,2026-06-08 16:23:34.693974+00,2026-06-08 16:23:58.290227+00,2026-06-08 16:23:58.395087+00,0.104860,23.701113,
ad2c84bd-da50-4e92-a647-c952b8dececb,numbered,68661,completed,sold,1,2026-06-08 16:23:34.697396+00,2026-06-08 16:23:58.323319+00,2026-06-08 16:23:58.42892+00,0.105601,23.731524,
6713c054-ddb3-40d7-bf78-e945535bc4f7,numbered,37982,completed,seat_unavailable,1,2026-06-08 16:23:34.700979+00,2026-06-08 16:23:58.329762+00,2026-06-08 16:23:58.433223+00,0.103461,23.732244,
0c4a74a0-25b2-4d24-8968-30e99a01f613,numbered,10357,completed,sold,1,2026-06-08 16:23:34.711243+00,2026-06-08 16:23:58.348729+00,2026-06-08 16:23:58.454597+00,0.105868,23.743354,
d9e3e558-d71f-4b5c-9f22-8f6ac45ee8eb,numbered,91461,completed,sold,1,2026-06-08 16:23:34.707835+00,2026-06-08 16:23:58.348853+00,2026-06-08 16:23:58.456974+00,0.108121,23.749139,
0f99b525-0953-41d0-afbe-420da3e271ba,numbered,65527,completed,sold,1,2026-06-08 16:23:34.704395+00,2026-06-08 16:23:58.351447+00,2026-06-08 16:23:58.458096+00,0.106649,23.753701,
0bac6e93-551d-4f5e-a121-fdb4ff39028b,numbered,68511,completed,sold,1,2026-06-08 16:23:34.714838+00,2026-06-08 16:23:58.370339+00,2026-06-08 16:23:58.474404+00,0.104065,23.759566,
66d02a2d-6aad-4f56-b76a-4c637a569b3f,numbered,24884,completed,sold,1,2026-06-08 16:23:34.71839+00,2026-06-08 16:23:58.382306+00,2026-06-08 16:23:58.488118+00,0.105812,23.769728,
a61f5634-a055-4ec9-ba9d-0cdcd3e9ca8e,numbered,26822,completed,sold,1,2026-06-08 16:23:34.721703+00,2026-06-08 16:23:58.416881+00,2026-06-08 16:23:58.522043+00,0.105162,23.800340,
42b4c106-8544-47e0-832d-674e2749a664,numbered,73518,completed,sold,1,2026-06-08 16:23:34.725135+00,2026-06-08 16:23:58.458306+00,2026-06-08 16:23:58.564313+00,0.106007,23.839178,
92a849a7-802f-4b28-8400-129642581a31,numbered,86308,completed,sold,1,2026-06-08 16:23:34.728506+00,2026-06-08 16:23:58.470348+00,2026-06-08 16:23:58.576498+00,0.106150,23.847992,
90639f19-3693-4882-8f7e-6e26466fd090,numbered,8163,completed,sold,1,2026-06-08 16:23:34.739018+00,2026-06-08 16:23:58.494988+00,2026-06-08 16:23:58.603608+00,0.108620,23.864590,
4d7162ca-7d73-4a27-88ef-99f20af30d01,numbered,54511,completed,sold,1,2026-06-08 16:23:34.735678+00,2026-06-08 16:23:58.496968+00,2026-06-08 16:23:58.604132+00,0.107164,23.868454,
af4356c6-2904-4c7c-b8c2-d28e577be0af,numbered,32673,completed,sold,1,2026-06-08 16:23:34.732102+00,2026-06-08 16:23:58.497591+00,2026-06-08 16:23:58.604656+00,0.107065,23.872554,
45565598-8534-4834-ae4e-4f9a52cda631,numbered,50105,completed,sold,1,2026-06-08 16:23:34.742525+00,2026-06-08 16:23:58.499856+00,2026-06-08 16:23:58.605459+00,0.105603,23.862934,
8ea21416-53d4-426c-85a5-ff3a53438a45,numbered,66139,completed,sold,1,2026-06-08 16:23:34.746816+00,2026-06-08 16:23:58.513074+00,2026-06-08 16:23:58.618794+00,0.105720,23.871978,
fb6a54f3-91ea-437d-a617-f3c62f268ef1,numbered,2565,completed,sold,1,2026-06-08 16:23:34.751105+00,2026-06-08 16:23:58.543273+00,2026-06-08 16:23:58.648157+00,0.104884,23.897052,
db5ae305-6ae1-4641-bf14-63353bc129ef,numbered,22696,completed,sold,1,2026-06-08 16:23:34.755191+00,2026-06-08 16:23:58.590228+00,2026-06-08 16:23:58.695876+00,0.105648,23.940685,
ef15f2ca-d450-4af7-ba54-abd6bd688518,numbered,2752,completed,sold,1,2026-06-08 16:23:34.759578+00,2026-06-08 16:23:58.615605+00,2026-06-08 16:23:58.721984+00,0.106379,23.962406,
9577ee2e-2e05-41e3-8092-4b4096454087,numbered,19419,completed,sold,1,2026-06-08 16:23:34.768416+00,2026-06-08 16:23:58.643069+00,2026-06-08 16:23:58.752469+00,0.109400,23.984053,
021614f7-090a-4410-b32e-f03ebda52be3,numbered,31770,completed,sold,1,2026-06-08 16:23:34.764472+00,2026-06-08 16:23:58.64453+00,2026-06-08 16:23:58.752967+00,0.108437,23.988495,
f021b34a-695b-4554-bfb2-d9e18338a7f4,numbered,2639,completed,sold,1,2026-06-08 16:23:34.777116+00,2026-06-08 16:23:58.643709+00,2026-06-08 16:23:58.753479+00,0.109770,23.976363,
665c0e5e-2b4c-481a-90d0-89b1171915f8,numbered,10038,completed,sold,1,2026-06-08 16:23:34.773288+00,2026-06-08 16:23:58.645458+00,2026-06-08 16:23:58.754116+00,0.108658,23.980828,
1f24d83e-d77b-45ef-8b9f-fa48ef5cbfc5,numbered,22301,completed,sold,1,2026-06-08 16:23:34.783345+00,2026-06-08 16:23:58.648431+00,2026-06-08 16:23:58.755135+00,0.106704,23.971790,
ec22455b-3dcc-4e4b-9548-53ee34aef6a9,numbered,75173,completed,sold,1,2026-06-08 16:23:34.793863+00,2026-06-08 16:23:58.669483+00,2026-06-08 16:23:58.775628+00,0.106145,23.981765,
768968ce-1706-46ea-b88b-81521dae2502,numbered,94158,completed,sold,1,2026-06-08 16:23:34.806465+00,2026-06-08 16:23:58.721324+00,2026-06-08 16:23:58.827073+00,0.105749,24.020608,
fc80f1eb-3051-486d-b3fe-e1eed71a0f80,numbered,93313,completed,sold,1,2026-06-08 16:23:34.816496+00,2026-06-08 16:23:58.752045+00,2026-06-08 16:23:58.857488+00,0.105443,24.040992,
fbc4c580-6464-40df-923d-3998883dde77,numbered,72065,completed,sold,1,2026-06-08 16:23:34.833359+00,2026-06-08 16:23:58.784574+00,2026-06-08 16:23:58.889509+00,0.104935,24.056150,
637ab8f9-05d0-403c-b94a-ea5b08bbee73,numbered,47539,completed,sold,1,2026-06-08 16:23:34.840286+00,2026-06-08 16:23:58.785423+00,2026-06-08 16:23:58.890509+00,0.105086,24.050223,
e2601994-2c90-4555-a941-c294fc393792,numbered,3951,completed,sold,1,2026-06-08 16:23:34.828447+00,2026-06-08 16:23:58.79253+00,2026-06-08 16:23:58.899632+00,0.107102,24.071185,
8fdbf1a2-1ca5-4aca-8b37-ae00e4f6d758,numbered,8482,completed,sold,1,2026-06-08 16:23:34.837035+00,2026-06-08 16:23:58.793414+00,2026-06-08 16:23:58.900551+00,0.107137,24.063516,
5686321c-d51d-4a96-8b0f-a3fd49226a83,numbered,80533,completed,sold,1,2026-06-08 16:23:34.843629+00,2026-06-08 16:23:58.794498+00,2026-06-08 16:23:58.907348+00,0.112850,24.063719,
f11b269e-80a6-44d1-a62f-0106a0364a00,numbered,34331,completed,sold,1,2026-06-08 16:23:34.847002+00,2026-06-08 16:23:58.804713+00,2026-06-08 16:23:58.910591+00,0.105878,24.063589,
34ae1ff7-b006-45ce-8d9f-90b6e72b2558,numbered,77047,completed,sold,1,2026-06-08 16:23:34.850734+00,2026-06-08 16:23:58.851561+00,2026-06-08 16:23:58.957373+00,0.105812,24.106639,
16ed578b-c402-4c4d-b719-df98c15296f8,numbered,5406,completed,sold,1,2026-06-08 16:23:34.855119+00,2026-06-08 16:23:58.883209+00,2026-06-08 16:23:58.988593+00,0.105384,24.133474,
69da6df1-3901-4f28-9c65-2c8add4654d5,numbered,74049,completed,sold,1,2026-06-08 16:23:34.867467+00,2026-06-08 16:23:58.926965+00,2026-06-08 16:23:59.033151+00,0.106186,24.165684,
fc235608-6ff4-4562-a624-3f39499a6b01,numbered,82366,completed,sold,1,2026-06-08 16:23:34.860084+00,2026-06-08 16:23:58.926859+00,2026-06-08 16:23:59.033723+00,0.106864,24.173639,
2e9de648-2a33-40b8-9e6c-09ef66ab3b09,numbered,34364,completed,sold,1,2026-06-08 16:23:34.863916+00,2026-06-08 16:23:58.928752+00,2026-06-08 16:23:59.034606+00,0.105854,24.170690,
07249a8d-3d48-462c-aea2-5a9bde145591,numbered,97518,completed,sold,1,2026-06-08 16:23:34.870984+00,2026-06-08 16:23:58.94038+00,2026-06-08 16:23:59.047837+00,0.107457,24.176853,
d9a6d06b-b0b5-49fb-b62d-d22475447996,numbered,92575,completed,sold,1,2026-06-08 16:23:34.874613+00,2026-06-08 16:23:58.942309+00,2026-06-08 16:23:59.048059+00,0.105750,24.173446,
f2a0a5df-8aa9-4a88-820a-545065842b1f,numbered,41670,completed,sold,1,2026-06-08 16:23:34.87813+00,2026-06-08 16:23:58.942724+00,2026-06-08 16:23:59.049726+00,0.107002,24.171596,
c9df9b5c-4519-495c-85aa-8b73dcb9e4ce,numbered,97106,completed,sold,1,2026-06-08 16:23:34.882234+00,2026-06-08 16:23:58.982437+00,2026-06-08 16:23:59.087501+00,0.105064,24.205267,
5bed2ac5-a57e-45de-af1f-66c756b83953,numbered,84658,completed,sold,1,2026-06-08 16:23:34.885978+00,2026-06-08 16:23:59.013622+00,2026-06-08 16:23:59.119174+00,0.105552,24.233196,
402c8d71-f0c5-4f0a-b392-97218f3419f4,numbered,12480,completed,sold,1,2026-06-08 16:23:34.889616+00,2026-06-08 16:23:59.067393+00,2026-06-08 16:23:59.171817+00,0.104424,24.282201,
e13f9980-cf21-48bf-ad89-8b5664b267af,numbered,50294,completed,sold,1,2026-06-08 16:23:34.89313+00,2026-06-08 16:23:59.071332+00,2026-06-08 16:23:59.177136+00,0.105804,24.284006,
9bcd8c2c-8ed4-4e08-8425-325b5387c15d,numbered,70650,completed,sold,1,2026-06-08 16:23:34.896804+00,2026-06-08 16:23:59.071868+00,2026-06-08 16:23:59.177633+00,0.105765,24.280829,
06d27ce7-199d-41b5-bbf4-46a6594e7c53,numbered,78454,completed,sold,1,2026-06-08 16:23:34.907871+00,2026-06-08 16:23:59.083626+00,2026-06-08 16:23:59.188958+00,0.105332,24.281087,
118e1733-b463-464a-944b-e3bbf40fbfd7,numbered,78804,completed,sold,1,2026-06-08 16:23:34.900497+00,2026-06-08 16:23:59.080037+00,2026-06-08 16:23:59.189282+00,0.109245,24.288785,
f649f23a-987a-4b28-945f-deffc57eafd0,numbered,63833,completed,sold,1,2026-06-08 16:23:34.904124+00,2026-06-08 16:23:59.082345+00,2026-06-08 16:23:59.19014+00,0.107795,24.286016,
2de54fef-de03-4aa2-8fa4-92e18080188d,numbered,91415,completed,sold,1,2026-06-08 16:23:34.912132+00,2026-06-08 16:23:59.111417+00,2026-06-08 16:23:59.217831+00,0.106414,24.305699,
00967bf6-0b6d-4e1e-853b-af025acd7757,numbered,60695,completed,sold,1,2026-06-08 16:23:34.915889+00,2026-06-08 16:23:59.144638+00,2026-06-08 16:23:59.250106+00,0.105468,24.334217,
cb73dd82-b170-4800-94e8-419aa53493bd,numbered,75017,completed,sold,1,2026-06-08 16:23:34.919459+00,2026-06-08 16:23:59.2065+00,2026-06-08 16:23:59.310931+00,0.104431,24.391472,
cc6729f7-d2e1-439d-88de-302668283c52,numbered,64178,completed,sold,1,2026-06-08 16:23:34.923657+00,2026-06-08 16:23:59.216384+00,2026-06-08 16:23:59.320888+00,0.104504,24.397231,
d00b13d1-6acd-495b-86a5-7427b3200e3a,numbered,29945,completed,sold,1,2026-06-08 16:23:34.939943+00,2026-06-08 16:23:59.219063+00,2026-06-08 16:23:59.324928+00,0.105865,24.384985,
42834539-c9ee-466f-80d1-ab6a3ea47a53,numbered,82787,completed,sold,1,2026-06-08 16:23:34.928469+00,2026-06-08 16:23:59.222442+00,2026-06-08 16:23:59.330832+00,0.108390,24.402363,
27472734-4e84-48fa-8533-f62ee162549a,numbered,73351,completed,sold,1,2026-06-08 16:23:34.93518+00,2026-06-08 16:23:59.226026+00,2026-06-08 16:23:59.331418+00,0.105392,24.396238,
64ccbe27-6434-4208-8e9d-e7d2034f8d3b,numbered,85204,completed,sold,1,2026-06-08 16:23:34.946298+00,2026-06-08 16:23:59.229949+00,2026-06-08 16:23:59.336352+00,0.106403,24.390054,
84376aa4-a160-4ac2-baa5-7870e6e3f8f9,numbered,99214,completed,sold,1,2026-06-08 16:23:34.950536+00,2026-06-08 16:23:59.243777+00,2026-06-08 16:23:59.354268+00,0.110491,24.403732,
177500cd-3e71-4f93-a03a-a207f9d2c127,numbered,46867,completed,sold,1,2026-06-08 16:23:34.954062+00,2026-06-08 16:23:59.275826+00,2026-06-08 16:23:59.382242+00,0.106416,24.428180,
8fb08f48-f5d2-4bdf-89f1-76d4374ad530,numbered,24291,completed,sold,1,2026-06-08 16:23:34.958071+00,2026-06-08 16:23:59.347798+00,2026-06-08 16:23:59.452145+00,0.104347,24.494074,
e7c52c76-4444-4f70-b20f-f2982141f14f,numbered,27156,completed,sold,1,2026-06-08 16:23:34.96176+00,2026-06-08 16:23:59.352759+00,2026-06-08 16:23:59.458117+00,0.105358,24.496357,
fa66a9d2-82c8-4794-9602-bb621e154879,numbered,88448,completed,sold,1,2026-06-08 16:23:34.967869+00,2026-06-08 16:23:59.364271+00,2026-06-08 16:23:59.474778+00,0.110507,24.506909,
69e67a17-f245-471b-a696-487491a38e17,numbered,48966,completed,sold,1,2026-06-08 16:23:34.97206+00,2026-06-08 16:23:59.370294+00,2026-06-08 16:23:59.475887+00,0.105593,24.503827,
771d4aaf-1984-424d-9a84-6062c3489132,numbered,61300,completed,sold,1,2026-06-08 16:23:34.979702+00,2026-06-08 16:23:59.370932+00,2026-06-08 16:23:59.479649+00,0.108717,24.499947,
5cd44648-61f1-4454-b3eb-3510f7974af7,numbered,25147,completed,sold,1,2026-06-08 16:23:34.975738+00,2026-06-08 16:23:59.375301+00,2026-06-08 16:23:59.480423+00,0.105122,24.504685,
d1980077-94ee-41f3-8c3d-92f71bd2afb1,numbered,43293,completed,sold,1,2026-06-08 16:23:34.983671+00,2026-06-08 16:23:59.386103+00,2026-06-08 16:23:59.491917+00,0.105814,24.508246,
a944126e-63f3-4d2a-904b-611ebff18977,numbered,81138,completed,sold,1,2026-06-08 16:23:34.987444+00,2026-06-08 16:23:59.407321+00,2026-06-08 16:23:59.517494+00,0.110173,24.530050,
033a2420-e5f9-44b0-86b9-9d1e3aff08fa,numbered,45081,completed,sold,1,2026-06-08 16:23:34.992118+00,2026-06-08 16:23:59.475464+00,2026-06-08 16:23:59.579639+00,0.104175,24.587521,
c29d0d03-9aa5-48f6-998e-43503264bd3a,numbered,42501,completed,sold,1,2026-06-08 16:23:34.996043+00,2026-06-08 16:23:59.49466+00,2026-06-08 16:23:59.599841+00,0.105181,24.603798,
e3ba3f82-0ff6-47b0-a75a-c62cecf4b9e4,numbered,10211,completed,sold,1,2026-06-08 16:23:35.003067+00,2026-06-08 16:23:59.520592+00,2026-06-08 16:23:59.626758+00,0.106166,24.623691,
3371ee31-0a57-492a-9fac-7dc02a1505f7,numbered,12578,completed,sold,1,2026-06-08 16:23:34.99962+00,2026-06-08 16:23:59.522997+00,2026-06-08 16:23:59.629581+00,0.106584,24.629961,
b7a68ab5-3e25-4bb1-9723-dc2cd107ca16,numbered,318,completed,sold,1,2026-06-08 16:23:35.007002+00,2026-06-08 16:23:59.522017+00,2026-06-08 16:23:59.630063+00,0.108046,24.623061,
057e66ae-e6a4-499a-8686-8e758d8d06bf,numbered,59416,completed,sold,1,2026-06-08 16:23:35.010929+00,2026-06-08 16:23:59.523683+00,2026-06-08 16:23:59.630565+00,0.106882,24.619636,
ac3e9057-cd8f-4d8f-b6b2-7f39c2b6f6b0,numbered,16183,completed,sold,1,2026-06-08 16:23:35.014574+00,2026-06-08 16:23:59.530238+00,2026-06-08 16:23:59.637854+00,0.107616,24.623280,
fd16d3f5-7b11-4503-8811-467ce217c11e,numbered,74314,completed,seat_unavailable,1,2026-06-08 16:23:35.017984+00,2026-06-08 16:23:59.544476+00,2026-06-08 16:23:59.648176+00,0.103700,24.630192,
5d9fa247-030c-4c24-a275-e645dc83e65f,numbered,66269,completed,sold,1,2026-06-08 16:23:35.021479+00,2026-06-08 16:23:59.599375+00,2026-06-08 16:23:59.703425+00,0.104050,24.681946,
d73473e4-c81e-456a-8c3a-b3e7502f867c,numbered,8528,completed,sold,1,2026-06-08 16:23:35.024956+00,2026-06-08 16:23:59.620674+00,2026-06-08 16:23:59.725247+00,0.104573,24.700291,
d21ec467-cd56-457c-8ef0-23c4c9a86922,numbered,32769,completed,sold,1,2026-06-08 16:23:35.036393+00,2026-06-08 16:23:59.665074+00,2026-06-08 16:23:59.770706+00,0.105632,24.734313,
74154a73-7f5d-4545-a449-1f9fe22b542e,numbered,20411,completed,sold,1,2026-06-08 16:23:35.0325+00,2026-06-08 16:23:59.668552+00,2026-06-08 16:23:59.775215+00,0.106663,24.742715,
f1a748ab-b018-446d-86ac-401907a7f84c,numbered,61007,completed,sold,1,2026-06-08 16:23:35.028706+00,2026-06-08 16:23:59.667595+00,2026-06-08 16:23:59.775708+00,0.108113,24.747002,
06cfec40-b360-446b-a515-80a27bbe45b6,numbered,72596,completed,sold,1,2026-06-08 16:23:35.040408+00,2026-06-08 16:23:59.667595+00,2026-06-08 16:23:59.776286+00,0.108691,24.735878,
f31ce527-cc9d-4730-9a85-5fe61510c12f,numbered,21788,completed,sold,1,2026-06-08 16:23:35.044442+00,2026-06-08 16:23:59.671548+00,2026-06-08 16:23:59.783433+00,0.111885,24.738991,
baf0273e-8456-4f79-9cf5-df0af2075164,numbered,48869,completed,sold,1,2026-06-08 16:23:35.047839+00,2026-06-08 16:23:59.685048+00,2026-06-08 16:23:59.793349+00,0.108301,24.745510,
4c53bb6f-3ae8-4dd3-99fa-89e0015f94fa,numbered,3582,completed,sold,1,2026-06-08 16:23:35.051334+00,2026-06-08 16:23:59.722356+00,2026-06-08 16:23:59.826298+00,0.103942,24.774964,
dc0a2251-956b-4f49-be09-fae09796294e,numbered,50772,completed,sold,1,2026-06-08 16:23:35.054875+00,2026-06-08 16:23:59.745283+00,2026-06-08 16:23:59.849609+00,0.104326,24.794734,
e052be94-4a69-42bc-bed1-fc4a302839bf,numbered,98273,completed,sold,1,2026-06-08 16:23:35.05875+00,2026-06-08 16:23:59.80235+00,2026-06-08 16:23:59.907147+00,0.104797,24.848397,
46c67f3f-744b-43f9-9e03-520249f8388c,numbered,77001,completed,sold,1,2026-06-08 16:23:35.062222+00,2026-06-08 16:23:59.809764+00,2026-06-08 16:23:59.915209+00,0.105445,24.852987,
eb579d41-3028-4fc2-a1d1-df3797972a71,numbered,58726,completed,sold,1,2026-06-08 16:23:35.065562+00,2026-06-08 16:23:59.814308+00,2026-06-08 16:23:59.920786+00,0.106478,24.855224,
ddf59c75-7a26-4e1d-b531-94f7c82f20f1,numbered,69936,completed,sold,1,2026-06-08 16:23:35.069311+00,2026-06-08 16:23:59.814308+00,2026-06-08 16:23:59.922816+00,0.108508,24.853505,
7febfa36-885b-4b0e-bcfb-6dfe3633fb41,numbered,63101,completed,sold,1,2026-06-08 16:23:35.07316+00,2026-06-08 16:23:59.817392+00,2026-06-08 16:23:59.923608+00,0.106216,24.850448,
7bbbba8b-ebb8-42a9-9e0a-9402b476ea12,numbered,72936,completed,sold,1,2026-06-08 16:23:35.076644+00,2026-06-08 16:23:59.827306+00,2026-06-08 16:23:59.938008+00,0.110702,24.861364,
f033d364-fe18-4f05-b078-6ba6f75fad1a,numbered,85680,completed,sold,1,2026-06-08 16:23:35.080326+00,2026-06-08 16:23:59.845733+00,2026-06-08 16:23:59.950666+00,0.104933,24.870340,
77af155f-3a58-4d85-bb12-6fb1b3961f2b,numbered,74119,completed,sold,1,2026-06-08 16:23:35.083876+00,2026-06-08 16:23:59.870176+00,2026-06-08 16:23:59.975219+00,0.105043,24.891343,
2bc23d71-3619-4d1f-9334-45f3cace1db7,numbered,34169,completed,sold,1,2026-06-08 16:23:35.089301+00,2026-06-08 16:23:59.940598+00,2026-06-08 16:24:00.055339+00,0.114741,24.966038,
f687b053-030a-48da-aff9-1a10a76f3561,numbered,42841,completed,sold,1,2026-06-08 16:23:35.095687+00,2026-06-08 16:23:59.944978+00,2026-06-08 16:24:00.0623+00,0.117322,24.966613,
49ebf27f-ce11-4c67-9c3e-db1921a7ae0e,numbered,50715,completed,seat_unavailable,1,2026-06-08 16:23:35.123587+00,2026-06-08 16:23:59.977245+00,2026-06-08 16:24:00.083757+00,0.106512,24.960170,
bc2a2f6a-ad4b-469b-ad33-5190a7eea0b4,numbered,31001,completed,sold,1,2026-06-08 16:23:35.103532+00,2026-06-08 16:23:59.961055+00,2026-06-08 16:24:00.084608+00,0.123553,24.981076,
baabdf44-d4fb-4114-95e7-e96233e6d941,numbered,55150,completed,sold,1,2026-06-08 16:23:35.119761+00,2026-06-08 16:23:59.968575+00,2026-06-08 16:24:00.085213+00,0.116638,24.965452,
c3f608cc-a4d7-465c-b7b1-f33c37ef529e,numbered,64973,completed,sold,1,2026-06-08 16:23:35.114622+00,2026-06-08 16:23:59.961594+00,2026-06-08 16:24:00.087174+00,0.125580,24.972552,
a8891814-6f18-4780-9798-e9d5cd426883,numbered,74675,completed,sold,1,2026-06-08 16:23:35.110045+00,2026-06-08 16:23:59.968312+00,2026-06-08 16:24:00.094062+00,0.125750,24.984017,
5cf94a9f-baaa-4b07-9ac8-acf5ac835c28,numbered,82529,completed,sold,1,2026-06-08 16:23:35.12727+00,2026-06-08 16:23:59.995689+00,2026-06-08 16:24:00.109473+00,0.113784,24.982203,
e44feb96-3579-42ba-a08d-00a3fefd2fdf,numbered,78963,completed,sold,1,2026-06-08 16:23:35.134145+00,2026-06-08 16:24:00.132062+00,2026-06-08 16:24:00.239585+00,0.107523,25.105440,
24cf84a6-5909-4d31-91e3-0fb3b886607d,numbered,72781,completed,sold,1,2026-06-08 16:23:35.137644+00,2026-06-08 16:24:00.138064+00,2026-06-08 16:24:00.243778+00,0.105714,25.106134,
40c3b9c1-35b7-4658-9f3c-f848d0e6d0c7,numbered,78524,completed,sold,1,2026-06-08 16:23:35.141336+00,2026-06-08 16:24:00.157233+00,2026-06-08 16:24:00.271384+00,0.114151,25.130048,
1cf0bd72-e2c5-4ff9-af6d-d8a3087bea7b,numbered,32484,completed,sold,1,2026-06-08 16:23:35.153686+00,2026-06-08 16:24:00.163239+00,2026-06-08 16:24:00.275353+00,0.112114,25.121667,
dce66510-964c-4a1f-8188-559cbc7de424,numbered,88129,completed,sold,1,2026-06-08 16:23:35.13085+00,2026-06-08 16:24:00.157527+00,2026-06-08 16:24:00.275408+00,0.117881,25.144558,
68a03fce-1eb3-4909-aa7d-c33d6ce96ea6,numbered,69191,completed,sold,1,2026-06-08 16:23:35.144417+00,2026-06-08 16:24:00.158299+00,2026-06-08 16:24:00.27571+00,0.117411,25.131293,
0ea32e9b-bd3e-44b2-acac-ca5277e967b7,numbered,16013,completed,sold,1,2026-06-08 16:23:35.147604+00,2026-06-08 16:24:00.160884+00,2026-06-08 16:24:00.276064+00,0.115180,25.128460,
dcae21b5-6ccf-4607-a41b-44159e75750e,numbered,8619,completed,sold,1,2026-06-08 16:23:35.150577+00,2026-06-08 16:24:00.162645+00,2026-06-08 16:24:00.277125+00,0.114480,25.126548,
e4a5e754-93d6-482f-8134-b105a03b6ccb,numbered,18866,completed,sold,1,2026-06-08 16:23:35.156916+00,2026-06-08 16:24:00.273839+00,2026-06-08 16:24:00.380624+00,0.106785,25.223708,
fa254794-61bc-423d-888c-1dfdaa43e7e8,numbered,98128,completed,sold,1,2026-06-08 16:23:35.160161+00,2026-06-08 16:24:00.27792+00,2026-06-08 16:24:00.38325+00,0.105330,25.223089,
95e05605-5b8c-40ca-b824-8480fddecdce,numbered,86271,completed,sold,1,2026-06-08 16:23:35.167101+00,2026-06-08 16:24:00.314983+00,2026-06-08 16:24:00.419686+00,0.104703,25.252585,
91e887ee-fc17-496a-a315-ad127b6e3da1,numbered,4695,completed,sold,1,2026-06-08 16:23:35.170499+00,2026-06-08 16:24:00.319278+00,2026-06-08 16:24:00.430669+00,0.111391,25.260170,
3a4abeb6-599d-4eb1-88b0-e202b2288040,numbered,35474,completed,sold,1,2026-06-08 16:23:35.163611+00,2026-06-08 16:24:00.31998+00,2026-06-08 16:24:00.431537+00,0.111557,25.267926,
d14e653e-d87d-4f66-a5b5-d4536ad95be0,numbered,13335,completed,sold,1,2026-06-08 16:23:35.181585+00,2026-06-08 16:24:00.324219+00,2026-06-08 16:24:00.432076+00,0.107857,25.250491,
5ec071a3-39e8-4bb7-8948-0d2d23b25171,numbered,36265,completed,sold,1,2026-06-08 16:23:35.177533+00,2026-06-08 16:24:00.320598+00,2026-06-08 16:24:00.432172+00,0.111574,25.254639,
4f3e832c-f814-4ea5-b45f-c289c7f5ad9e,numbered,24007,completed,sold,1,2026-06-08 16:23:35.173958+00,2026-06-08 16:24:00.321526+00,2026-06-08 16:24:00.432659+00,0.111133,25.258701,
47ed3740-216c-4f06-8044-4b3ff6a51fe5,numbered,72334,completed,sold,1,2026-06-08 16:23:35.188996+00,2026-06-08 16:24:00.405332+00,2026-06-08 16:24:00.509565+00,0.104233,25.320569,
4e30db16-5ffa-486f-9a06-4c424f36c66d,numbered,70227,completed,sold,1,2026-06-08 16:23:35.185257+00,2026-06-08 16:24:00.410164+00,2026-06-08 16:24:00.515689+00,0.105525,25.330432,
b1e13247-02b7-4587-9d50-dcdc2b253178,numbered,87804,completed,sold,1,2026-06-08 16:23:35.192156+00,2026-06-08 16:24:00.450427+00,2026-06-08 16:24:00.555436+00,0.105009,25.363280,
61d816bc-3bd0-4436-be34-c197186cdb4c,numbered,3726,completed,sold,1,2026-06-08 16:23:35.195374+00,2026-06-08 16:24:00.461268+00,2026-06-08 16:24:00.56654+00,0.105272,25.371166,
93e2bbd3-8d17-4e67-b8e9-9f2a416abbb2,numbered,43048,completed,sold,1,2026-06-08 16:23:35.204992+00,2026-06-08 16:24:00.466768+00,2026-06-08 16:24:00.572642+00,0.105874,25.367650,
38b4b406-468a-4a46-b710-2333898991bb,numbered,72659,completed,sold,1,2026-06-08 16:23:35.198636+00,2026-06-08 16:24:00.471975+00,2026-06-08 16:24:00.579432+00,0.107457,25.380796,
0c6f62d6-1a5c-416c-908e-83e90c953e95,numbered,74468,completed,sold,1,2026-06-08 16:23:35.201785+00,2026-06-08 16:24:00.47165+00,2026-06-08 16:24:00.579955+00,0.108305,25.378170,
f6caa71e-d2bb-42bc-ac43-e69f5f320c45,numbered,2099,completed,sold,1,2026-06-08 16:23:35.207961+00,2026-06-08 16:24:00.474385+00,2026-06-08 16:24:00.583649+00,0.109264,25.375688,
5b6f3f11-9a02-4bff-ac82-1d83bc5b7410,numbered,95388,completed,sold,1,2026-06-08 16:23:35.210959+00,2026-06-08 16:24:00.530507+00,2026-06-08 16:24:00.635163+00,0.104656,25.424204,
4c256e8e-f016-4a15-9092-0edcbc973853,numbered,27567,completed,sold,1,2026-06-08 16:23:35.213987+00,2026-06-08 16:24:00.538003+00,2026-06-08 16:24:00.644163+00,0.106160,25.430176,
3d7e3e31-6373-4a75-b433-d86f02986d22,numbered,38757,completed,sold,1,2026-06-08 16:23:35.217063+00,2026-06-08 16:24:00.593284+00,2026-06-08 16:24:00.69812+00,0.104836,25.481057,
b9effe5c-2065-4758-bb6f-37f1914a8db4,numbered,47475,completed,sold,1,2026-06-08 16:23:35.220435+00,2026-06-08 16:24:00.601072+00,2026-06-08 16:24:00.706326+00,0.105254,25.485891,
bb8dc2b7-5aaf-4458-8860-ce34a967be1d,numbered,4735,completed,sold,1,2026-06-08 16:23:35.223697+00,2026-06-08 16:24:00.604439+00,2026-06-08 16:24:00.710254+00,0.105815,25.486557,
541917ac-8972-476e-9a29-482608bf5170,numbered,52455,completed,sold,1,2026-06-08 16:23:35.234508+00,2026-06-08 16:24:00.618663+00,2026-06-08 16:24:00.725589+00,0.106926,25.491081,
cdfb27cc-4d6f-4d53-b8ba-87251a4427f3,numbered,9374,completed,sold,1,2026-06-08 16:23:35.227014+00,2026-06-08 16:24:00.616703+00,2026-06-08 16:24:00.726826+00,0.110123,25.499812,
deedacb5-8172-4359-a51b-494866a3476e,numbered,88356,completed,sold,1,2026-06-08 16:23:35.230551+00,2026-06-08 16:24:00.618354+00,2026-06-08 16:24:00.727482+00,0.109128,25.496931,
045a205d-9c70-4c9e-9910-2508dbbd443c,numbered,75013,completed,sold,1,2026-06-08 16:23:35.238843+00,2026-06-08 16:24:00.656674+00,2026-06-08 16:24:00.762051+00,0.105377,25.523208,
71dbce8d-66db-4e18-b5fe-1ebfc74fb0a9,numbered,121,completed,sold,1,2026-06-08 16:23:35.242482+00,2026-06-08 16:24:00.66787+00,2026-06-08 16:24:00.772412+00,0.104542,25.529930,
0f03ccec-87be-4276-bd0d-3096bbd08c6c,numbered,17754,completed,sold,1,2026-06-08 16:23:35.246808+00,2026-06-08 16:24:00.726426+00,2026-06-08 16:24:00.831212+00,0.104786,25.584404,
cfa29e13-cb26-42f8-833c-ad7f59f46507,numbered,72384,completed,sold,1,2026-06-08 16:23:35.25268+00,2026-06-08 16:24:00.738374+00,2026-06-08 16:24:00.843121+00,0.104747,25.590441,
26ad5d2e-abc9-4b21-bc54-b53561b7f553,numbered,53555,completed,sold,1,2026-06-08 16:23:35.265668+00,2026-06-08 16:24:00.744058+00,2026-06-08 16:24:00.852613+00,0.108555,25.586945,
064dc239-e470-4e30-997c-a2f8652326d4,numbered,97176,completed,sold,1,2026-06-08 16:23:35.273114+00,2026-06-08 16:24:00.756952+00,2026-06-08 16:24:00.862975+00,0.106023,25.589861,
d3e2a22b-b787-4c3a-b207-000d2667520c,numbered,6834,completed,sold,1,2026-06-08 16:23:35.269716+00,2026-06-08 16:24:00.76221+00,2026-06-08 16:24:00.868621+00,0.106411,25.598905,
6fc6dd6f-a2fa-4745-ad52-123511e29347,numbered,83142,completed,sold,1,2026-06-08 16:23:35.276938+00,2026-06-08 16:24:00.760792+00,2026-06-08 16:24:00.870932+00,0.110140,25.593994,
f9ca5ea8-064a-4566-a2e6-f4eb7c4f71e0,numbered,39782,completed,sold,1,2026-06-08 16:23:35.280393+00,2026-06-08 16:24:00.782695+00,2026-06-08 16:24:00.887492+00,0.104797,25.607099,
dcc9a52a-8863-450a-a184-a61efbf56abe,numbered,27695,completed,sold,1,2026-06-08 16:23:35.283605+00,2026-06-08 16:24:00.79556+00,2026-06-08 16:24:00.901323+00,0.105763,25.617718,
af96d383-12aa-4a0a-bdbe-5cd721949a75,numbered,27783,completed,sold,1,2026-06-08 16:23:35.286889+00,2026-06-08 16:24:00.854342+00,2026-06-08 16:24:00.959407+00,0.105065,25.672518,
f657d73c-c778-4e65-86ed-4da6d54a41d3,numbered,66499,completed,sold,1,2026-06-08 16:23:35.293078+00,2026-06-08 16:24:00.871503+00,2026-06-08 16:24:00.977733+00,0.106230,25.684655,
8be2a396-63b4-474f-8c22-2a4dab724b58,numbered,90559,completed,sold,1,2026-06-08 16:23:35.296604+00,2026-06-08 16:24:00.888175+00,2026-06-08 16:24:00.994506+00,0.106331,25.697902,
d9d18464-de72-4c09-895d-9bbb699bc1a4,numbered,23887,completed,sold,1,2026-06-08 16:23:35.299743+00,2026-06-08 16:24:00.892782+00,2026-06-08 16:24:00.998768+00,0.105986,25.699025,
25feb06c-5355-4560-8763-527933b6ea91,numbered,63245,completed,sold,1,2026-06-08 16:23:35.303028+00,2026-06-08 16:24:00.9056+00,2026-06-08 16:24:01.011724+00,0.106124,25.708696,
1bf7682d-4bf4-41a2-808d-51376491ad1a,numbered,85469,completed,sold,1,2026-06-08 16:23:35.306236+00,2026-06-08 16:24:00.910822+00,2026-06-08 16:24:01.017609+00,0.106787,25.711373,
bc588ed9-5257-43d1-a4ed-0c8036b3aee2,numbered,72403,completed,sold,1,2026-06-08 16:23:35.309539+00,2026-06-08 16:24:00.915351+00,2026-06-08 16:24:01.021588+00,0.106237,25.712049,
873acd31-4649-4124-a289-71a52cf94612,numbered,76046,completed,sold,1,2026-06-08 16:23:35.31312+00,2026-06-08 16:24:00.924343+00,2026-06-08 16:24:01.030562+00,0.106219,25.717442,
5ba7a363-6923-4e9a-936f-a2da7f1e9eae,numbered,10360,completed,sold,1,2026-06-08 16:23:35.316442+00,2026-06-08 16:24:00.981175+00,2026-06-08 16:24:01.086637+00,0.105462,25.770195,
ea5e0765-bb42-4287-b44e-a63d812198d0,numbered,15194,completed,sold,1,2026-06-08 16:23:35.319796+00,2026-06-08 16:24:01.00494+00,2026-06-08 16:24:01.110677+00,0.105737,25.790881,
12868323-5ed3-4b00-94a4-0f0ba580c02f,numbered,33123,completed,sold,1,2026-06-08 16:23:35.323064+00,2026-06-08 16:24:01.03008+00,2026-06-08 16:24:01.139884+00,0.109804,25.816820,
619b804a-f5df-4b98-a3e7-251a6a512c79,numbered,49677,completed,sold,1,2026-06-08 16:23:35.326512+00,2026-06-08 16:24:01.038912+00,2026-06-08 16:24:01.146472+00,0.107560,25.819960,
c23bca70-7ab4-432b-bee8-711c6bd53d0b,numbered,59442,completed,sold,1,2026-06-08 16:23:35.330019+00,2026-06-08 16:24:01.052383+00,2026-06-08 16:24:01.16478+00,0.112397,25.834761,
5123d1c0-f8e3-46d7-8e84-b02e0de4773e,numbered,76662,completed,sold,1,2026-06-08 16:23:35.33878+00,2026-06-08 16:24:01.055079+00,2026-06-08 16:24:01.165869+00,0.110790,25.827089,
04733ba1-4cac-4f1d-ab42-aa88b9a38a69,numbered,18562,completed,sold,1,2026-06-08 16:23:35.334271+00,2026-06-08 16:24:01.056232+00,2026-06-08 16:24:01.174543+00,0.118311,25.840272,
5d55f961-f0cc-442d-aa91-653fc71624de,numbered,70410,completed,sold,1,2026-06-08 16:23:35.342616+00,2026-06-08 16:24:01.061702+00,2026-06-08 16:24:01.177604+00,0.115902,25.834988,
42d00f87-0ce9-4118-9ba5-c84460947248,numbered,90919,completed,sold,1,2026-06-08 16:23:35.346649+00,2026-06-08 16:24:01.109733+00,2026-06-08 16:24:01.225422+00,0.115689,25.878773,
9a00b045-4d2f-4705-a7ae-89acdd4d9ac7,numbered,15912,completed,sold,1,2026-06-08 16:23:35.351039+00,2026-06-08 16:24:01.1859+00,2026-06-08 16:24:01.30414+00,0.118240,25.953101,
37b3ff04-b84e-4f85-bb88-66f075717e30,numbered,27973,completed,sold,1,2026-06-08 16:23:35.359343+00,2026-06-08 16:24:01.222084+00,2026-06-08 16:24:01.340912+00,0.118828,25.981569,
67cdc6a9-3651-410f-9da7-c067c6e60c21,numbered,98237,completed,sold,1,2026-06-08 16:23:35.355065+00,2026-06-08 16:24:01.229019+00,2026-06-08 16:24:01.347081+00,0.118062,25.992016,
92dd281e-803f-42f6-9a1b-d203db100d2f,numbered,82070,completed,sold,1,2026-06-08 16:23:35.367651+00,2026-06-08 16:24:01.241596+00,2026-06-08 16:24:01.358507+00,0.116911,25.990856,
4c2af53e-c499-4ea0-95dc-bc5d10aeaed9,numbered,80847,completed,sold,1,2026-06-08 16:23:35.371642+00,2026-06-08 16:24:01.240825+00,2026-06-08 16:24:01.378017+00,0.137192,26.006375,
6422fee6-0148-4048-b29c-746e11e21b58,numbered,17191,completed,sold,1,2026-06-08 16:23:35.363367+00,2026-06-08 16:24:01.250751+00,2026-06-08 16:24:01.378731+00,0.127980,26.015364,
a76d3201-1e1a-482d-9260-adf71597a341,numbered,22304,completed,sold,1,2026-06-08 16:23:35.376033+00,2026-06-08 16:24:01.249029+00,2026-06-08 16:24:01.393923+00,0.144894,26.017890,
4dca97cb-92a9-4d29-b08a-b6ec97fc6d27,numbered,9930,completed,sold,1,2026-06-08 16:23:35.380043+00,2026-06-08 16:24:01.279059+00,2026-06-08 16:24:01.395203+00,0.116144,26.015160,
9d2ed119-7fe6-4a5c-885a-6ae2c00125b6,numbered,19054,completed,sold,1,2026-06-08 16:23:35.384368+00,2026-06-08 16:24:01.424835+00,2026-06-08 16:24:01.539595+00,0.114760,26.155227,
4f970c6f-e692-4fa5-af78-248b23edae15,numbered,43572,completed,sold,1,2026-06-08 16:23:35.388881+00,2026-06-08 16:24:01.464868+00,2026-06-08 16:24:01.576334+00,0.111466,26.187453,
fd2a520f-d035-427c-af09-0953e814df8b,numbered,35289,completed,sold,1,2026-06-08 16:23:35.406764+00,2026-06-08 16:24:01.488535+00,2026-06-08 16:24:01.606459+00,0.117924,26.199695,
b836181f-f381-4357-8e46-9f978a026304,numbered,44962,completed,sold,1,2026-06-08 16:23:35.427685+00,2026-06-08 16:24:01.49139+00,2026-06-08 16:24:01.607255+00,0.115865,26.179570,
78182bda-e9c1-444a-9c60-e7c45c5f9c9a,numbered,16018,completed,sold,1,2026-06-08 16:23:35.39348+00,2026-06-08 16:24:01.490088+00,2026-06-08 16:24:01.608139+00,0.118051,26.214659,
fc075574-9a40-4e34-8b6a-19ff993aa75c,numbered,11538,completed,sold,1,2026-06-08 16:23:35.415385+00,2026-06-08 16:24:01.499613+00,2026-06-08 16:24:01.618292+00,0.118679,26.202907,
68f2c74d-af2d-4642-a5a3-a6e60b587235,numbered,37159,completed,sold,1,2026-06-08 16:23:35.420603+00,2026-06-08 16:24:01.525369+00,2026-06-08 16:24:01.658221+00,0.132852,26.237618,
714d867a-7e81-4211-bf56-a1c7f64d2ee6,numbered,81469,completed,sold,1,2026-06-08 16:23:35.424079+00,2026-06-08 16:24:01.542468+00,2026-06-08 16:24:01.670484+00,0.128016,26.246405,
af6d555d-e462-4c6f-875c-2c245909493b,numbered,718,completed,sold,1,2026-06-08 16:23:35.431224+00,2026-06-08 16:24:01.676355+00,2026-06-08 16:24:01.783315+00,0.106960,26.352091,
9b7c406d-f07d-4db7-89c6-1618c9969a0b,numbered,85263,completed,sold,1,2026-06-08 16:23:35.434709+00,2026-06-08 16:24:01.686917+00,2026-06-08 16:24:01.802186+00,0.115269,26.367477,
52e5fbf4-115d-432f-baf1-d84f628a59b2,numbered,79401,completed,sold,1,2026-06-08 16:23:35.438021+00,2026-06-08 16:24:01.701094+00,2026-06-08 16:24:01.809961+00,0.108867,26.371940,
21d998f2-43d3-4a5c-b70c-183e48022727,numbered,98467,completed,sold,1,2026-06-08 16:23:35.448053+00,2026-06-08 16:24:01.721571+00,2026-06-08 16:24:01.848949+00,0.127378,26.400896,
f91e32f0-7dd7-4388-9f0a-41d2c78e0c21,numbered,98487,completed,sold,1,2026-06-08 16:23:35.441342+00,2026-06-08 16:24:01.745309+00,2026-06-08 16:24:01.852753+00,0.107444,26.411411,
3e2e6a3d-fa0e-401c-ab6a-d12d982ef539,numbered,54409,completed,sold,1,2026-06-08 16:23:35.451731+00,2026-06-08 16:24:01.768722+00,2026-06-08 16:24:01.903371+00,0.134649,26.451640,
6cd38efd-868f-409f-960b-85cb34712182,numbered,40370,completed,sold,1,2026-06-08 16:23:35.45506+00,2026-06-08 16:24:01.792081+00,2026-06-08 16:24:01.928129+00,0.136048,26.473069,
e8dcb4d9-b375-4510-bb24-dad0afe542ae,numbered,21042,completed,sold,1,2026-06-08 16:23:35.444663+00,2026-06-08 16:24:01.837965+00,2026-06-08 16:24:01.980566+00,0.142601,26.535903,
4a3fc07a-28a1-4d3c-9159-054d49ffb1de,numbered,24062,completed,sold,1,2026-06-08 16:23:35.45845+00,2026-06-08 16:24:01.868369+00,2026-06-08 16:24:01.985597+00,0.117228,26.527147,
0288caae-a1d8-4bf1-b3a7-143605cd6043,numbered,72101,completed,sold,1,2026-06-08 16:23:35.464851+00,2026-06-08 16:24:01.89673+00,2026-06-08 16:24:02.008139+00,0.111409,26.543288,
b41b2c32-72f9-4826-af01-45eb0ea5baa0,numbered,13577,completed,sold,1,2026-06-08 16:23:35.461649+00,2026-06-08 16:24:01.929345+00,2026-06-08 16:24:02.046545+00,0.117200,26.584896,
e2a23584-2223-41dd-8025-d4db9ecc3e76,numbered,71499,completed,sold,1,2026-06-08 16:23:35.471702+00,2026-06-08 16:24:01.960626+00,2026-06-08 16:24:02.081702+00,0.121076,26.610000,
3716050e-c082-48f4-ab36-7aa920bd06d1,numbered,88614,completed,sold,1,2026-06-08 16:23:35.46844+00,2026-06-08 16:24:01.982812+00,2026-06-08 16:24:02.102593+00,0.119781,26.634153,
bd15ec83-160b-407a-a178-55b18610b20e,numbered,14665,completed,sold,1,2026-06-08 16:23:35.475125+00,2026-06-08 16:24:02.011623+00,2026-06-08 16:24:02.136141+00,0.124518,26.661016,
10a525f9-081a-4d8f-9eac-46eaa661cf95,numbered,45572,completed,sold,1,2026-06-08 16:23:35.478608+00,2026-06-08 16:24:02.010729+00,2026-06-08 16:24:02.139483+00,0.128754,26.660875,
de35c505-caaf-42d1-80ea-84449de4a432,numbered,41929,completed,sold,1,2026-06-08 16:23:35.485313+00,2026-06-08 16:24:02.054761+00,2026-06-08 16:24:02.183603+00,0.128842,26.698290,
4f15bedb-b068-4515-887c-d982fda72399,numbered,831,completed,sold,1,2026-06-08 16:23:35.482069+00,2026-06-08 16:24:02.06759+00,2026-06-08 16:24:02.188526+00,0.120936,26.706457,
5551cc6f-4e34-4a67-a71c-6bc21039ca5e,numbered,77129,completed,sold,1,2026-06-08 16:23:35.488412+00,2026-06-08 16:24:02.161277+00,2026-06-08 16:24:02.271624+00,0.110347,26.783212,
8818cb58-a918-44b6-af48-719d3a9adbe8,numbered,31105,completed,sold,1,2026-06-08 16:23:35.492536+00,2026-06-08 16:24:02.211168+00,2026-06-08 16:24:02.336338+00,0.125170,26.843802,
88adb9bb-5543-44c3-9878-9d6671cdaf19,numbered,94369,completed,sold,1,2026-06-08 16:23:35.496623+00,2026-06-08 16:24:02.227308+00,2026-06-08 16:24:02.350154+00,0.122846,26.853531,
9ff7967d-913a-4295-9d11-73754dbd13c3,numbered,97391,completed,sold,1,2026-06-08 16:23:35.501053+00,2026-06-08 16:24:02.250644+00,2026-06-08 16:24:02.373213+00,0.122569,26.872160,
fc18ea58-47c9-442d-baf6-3d533dd171e4,numbered,63834,completed,sold,1,2026-06-08 16:23:35.504957+00,2026-06-08 16:24:02.35141+00,2026-06-08 16:24:02.470264+00,0.118854,26.965307,
7e33d2c1-3bfb-44b5-bf4c-fc37ff935ebd,numbered,69504,completed,sold,1,2026-06-08 16:23:35.509189+00,2026-06-08 16:24:02.374945+00,2026-06-08 16:24:02.487109+00,0.112164,26.977920,
34da72c4-ff5a-4728-80a6-cea6ad9b1a07,numbered,80677,completed,sold,1,2026-06-08 16:23:35.517492+00,2026-06-08 16:24:02.377543+00,2026-06-08 16:24:02.497496+00,0.119953,26.980004,
86190a9d-ea4b-42fd-b6de-a6fb60ba4893,numbered,57192,completed,sold,1,2026-06-08 16:23:35.521565+00,2026-06-08 16:24:02.396618+00,2026-06-08 16:24:02.50327+00,0.106652,26.981705,
25edd66a-390a-46f7-82c4-12d08b841214,numbered,46281,completed,sold,1,2026-06-08 16:23:35.51343+00,2026-06-08 16:24:02.418347+00,2026-06-08 16:24:02.53616+00,0.117813,27.022730,
10af8847-8386-42a1-a893-59032555b2d8,numbered,71451,completed,sold,1,2026-06-08 16:23:35.530146+00,2026-06-08 16:24:02.434908+00,2026-06-08 16:24:02.54803+00,0.113122,27.017884,
0a3dbc4e-a50f-42ad-ae03-06ebc81f99a3,numbered,85430,completed,sold,1,2026-06-08 16:23:35.534224+00,2026-06-08 16:24:02.459433+00,2026-06-08 16:24:02.583141+00,0.123708,27.048917,
e6672c86-2a41-45b1-8bb8-d581e7fb57b7,numbered,36673,completed,sold,1,2026-06-08 16:23:35.525957+00,2026-06-08 16:24:02.49873+00,2026-06-08 16:24:02.615106+00,0.116376,27.089149,
0db40aa1-c1f8-4e9b-b62a-841e644af204,numbered,16793,completed,sold,1,2026-06-08 16:23:35.538495+00,2026-06-08 16:24:02.578755+00,2026-06-08 16:24:02.687265+00,0.108510,27.148770,
7571fae5-d32d-4578-941b-3a9e5e610d3c,numbered,88689,completed,sold,1,2026-06-08 16:23:35.54689+00,2026-06-08 16:24:02.580814+00,2026-06-08 16:24:02.688293+00,0.107479,27.141403,
27c40fb7-fea2-421f-a70c-71517ede828a,numbered,77602,completed,sold,1,2026-06-08 16:23:35.542656+00,2026-06-08 16:24:02.586053+00,2026-06-08 16:24:02.692141+00,0.106088,27.149485,
18f4f19b-f76f-40fc-b12e-48d41db2f524,numbered,2017,completed,sold,1,2026-06-08 16:23:35.563115+00,2026-06-08 16:24:02.595206+00,2026-06-08 16:24:02.702139+00,0.106933,27.139024,
826ef1b9-1e2d-48c4-9378-15d0b0511ffb,numbered,47397,completed,sold,1,2026-06-08 16:23:35.581395+00,2026-06-08 16:24:02.625986+00,2026-06-08 16:24:02.734989+00,0.109003,27.153594,
7925b65c-8fab-4e71-81d1-34ea9a829b49,numbered,15217,completed,sold,1,2026-06-08 16:23:35.574228+00,2026-06-08 16:24:02.636566+00,2026-06-08 16:24:02.753207+00,0.116641,27.178979,
7c533190-af53-4293-8982-73ab72d6fe6d,numbered,84519,completed,sold,1,2026-06-08 16:23:35.590403+00,2026-06-08 16:24:02.670307+00,2026-06-08 16:24:02.780846+00,0.110539,27.190443,
2ed68756-71e3-4288-804a-565446d3df6b,numbered,94769,completed,sold,1,2026-06-08 16:23:35.584854+00,2026-06-08 16:24:02.673539+00,2026-06-08 16:24:02.781577+00,0.108038,27.196723,
8786a55c-5c42-4e20-8b51-4fa80a3298da,numbered,6523,completed,sold,1,2026-06-08 16:23:35.599313+00,2026-06-08 16:24:02.735245+00,2026-06-08 16:24:02.845277+00,0.110032,27.245964,
1a04f026-dfae-42d4-bd87-fc2ed13e8061,numbered,40717,completed,sold,1,2026-06-08 16:23:35.595716+00,2026-06-08 16:24:02.729993+00,2026-06-08 16:24:02.845741+00,0.115748,27.250025,
e5f5dffb-2907-4d48-9de7-12974229b508,numbered,84542,completed,sold,1,2026-06-08 16:23:35.602612+00,2026-06-08 16:24:02.75496+00,2026-06-08 16:24:02.862235+00,0.107275,27.259623,
4b035a6d-a111-4030-a6c5-ab8586d31ad4,numbered,65379,completed,sold,1,2026-06-08 16:23:35.606216+00,2026-06-08 16:24:02.75974+00,2026-06-08 16:24:02.870478+00,0.110738,27.264262,
18d69aad-b909-4235-b0b1-e59336c6df2a,numbered,1595,completed,sold,1,2026-06-08 16:23:35.60972+00,2026-06-08 16:24:02.795748+00,2026-06-08 16:24:02.9036+00,0.107852,27.293880,
9edaaf8c-79af-4ab3-bdfb-8cd215b831ab,numbered,1200,completed,sold,1,2026-06-08 16:23:35.612955+00,2026-06-08 16:24:02.800935+00,2026-06-08 16:24:02.906492+00,0.105557,27.293537,
34c742d5-2900-4168-a424-03a08b3501a4,numbered,5296,completed,sold,1,2026-06-08 16:23:35.61638+00,2026-06-08 16:24:02.821564+00,2026-06-08 16:24:02.928417+00,0.106853,27.312037,
5e25bc03-d61d-414b-b790-90f077cb605e,numbered,98117,completed,sold,1,2026-06-08 16:23:35.619906+00,2026-06-08 16:24:02.82066+00,2026-06-08 16:24:02.928967+00,0.108307,27.309061,
a1d4eec7-0f1e-46b9-8719-4d0282b01954,numbered,87494,completed,sold,1,2026-06-08 16:23:35.632404+00,2026-06-08 16:24:02.894361+00,2026-06-08 16:24:03.00049+00,0.106129,27.368086,
7a15036a-ad80-4bda-879d-90c4e34a3fb1,numbered,53291,completed,sold,1,2026-06-08 16:23:35.628677+00,2026-06-08 16:24:02.892849+00,2026-06-08 16:24:03.000781+00,0.107932,27.372104,
9d99daed-293b-4e5f-a1d6-e6c72f660e10,numbered,2021,completed,sold,1,2026-06-08 16:23:35.635856+00,2026-06-08 16:24:02.900317+00,2026-06-08 16:24:03.008118+00,0.107801,27.372262,
d0897d1a-f6fa-4f05-b72c-90b419c1e3cd,numbered,12961,completed,sold,1,2026-06-08 16:23:35.62502+00,2026-06-08 16:24:02.937728+00,2026-06-08 16:24:03.04497+00,0.107242,27.419950,
ac6fb5d9-f41a-4f30-95c0-850a85f66cf2,numbered,98099,completed,sold,1,2026-06-08 16:23:35.639475+00,2026-06-08 16:24:02.949677+00,2026-06-08 16:24:03.05974+00,0.110063,27.420265,
23945cb2-2ef4-48b9-9e1e-e996c6123a4d,numbered,11733,completed,sold,1,2026-06-08 16:23:35.643109+00,2026-06-08 16:24:02.971281+00,2026-06-08 16:24:03.077987+00,0.106706,27.434878,
dd40491c-2517-45bf-a7eb-54043f74f7fb,numbered,70768,completed,sold,1,2026-06-08 16:23:35.646823+00,2026-06-08 16:24:02.975508+00,2026-06-08 16:24:03.083165+00,0.107657,27.436342,
bfca63cb-5fba-4610-8dc3-6a5369b3c9dd,numbered,85609,completed,sold,1,2026-06-08 16:23:35.650274+00,2026-06-08 16:24:02.977348+00,2026-06-08 16:24:03.086057+00,0.108709,27.435783,
6f38d859-6a1d-468e-ba70-5d4f352d5da6,numbered,41705,completed,sold,1,2026-06-08 16:23:35.653563+00,2026-06-08 16:24:03.042096+00,2026-06-08 16:24:03.147608+00,0.105512,27.494045,
05541518-3bfa-4c9e-a5a8-94a642cf2d1b,numbered,62232,completed,sold,1,2026-06-08 16:23:35.660452+00,2026-06-08 16:24:03.044804+00,2026-06-08 16:24:03.149854+00,0.105050,27.489402,
a21fde32-6f04-49ae-977d-d59bd2dde153,numbered,2886,completed,sold,1,2026-06-08 16:23:35.657018+00,2026-06-08 16:24:03.068823+00,2026-06-08 16:24:03.181366+00,0.112543,27.524348,
59a650cd-82e1-4ac2-9614-d270c503c24e,numbered,96659,completed,sold,1,2026-06-08 16:23:35.668119+00,2026-06-08 16:24:03.099961+00,2026-06-08 16:24:03.205919+00,0.105958,27.537800,
ccfa98a7-e8d7-44ca-94df-cbe250a522d7,numbered,71708,completed,sold,1,2026-06-08 16:23:35.663804+00,2026-06-08 16:24:03.104465+00,2026-06-08 16:24:03.211481+00,0.107016,27.547677,
5e9de50a-8459-47fb-9ad2-23db520d7de2,numbered,7275,completed,sold,1,2026-06-08 16:23:35.679196+00,2026-06-08 16:24:03.123949+00,2026-06-08 16:24:03.232288+00,0.108339,27.553092,
5c16a030-7216-4b38-806f-5a1afa0299e1,numbered,2659,completed,sold,1,2026-06-08 16:23:35.675313+00,2026-06-08 16:24:03.122257+00,2026-06-08 16:24:03.234161+00,0.111904,27.558848,
d84b02eb-970d-432b-bbe6-7d237d579a6c,numbered,57041,completed,sold,1,2026-06-08 16:23:35.671797+00,2026-06-08 16:24:03.132007+00,2026-06-08 16:24:03.239039+00,0.107032,27.567242,
a7714df8-6d41-4b40-bcca-b474a5dcdc00,numbered,25993,completed,sold,1,2026-06-08 16:23:35.682808+00,2026-06-08 16:24:03.173306+00,2026-06-08 16:24:03.278984+00,0.105678,27.596176,
f6a3cf5a-d88a-4f89-859e-d7b2cf8e67b8,numbered,14713,completed,sold,1,2026-06-08 16:23:35.68658+00,2026-06-08 16:24:03.176913+00,2026-06-08 16:24:03.282325+00,0.105412,27.595745,
f01bb652-d458-4743-8986-d7b37b9ca208,numbered,22089,completed,sold,1,2026-06-08 16:23:35.69019+00,2026-06-08 16:24:03.233418+00,2026-06-08 16:24:03.341318+00,0.107900,27.651128,
4ceebdf7-31ff-4e4a-bdc0-8339fd988a61,numbered,85493,completed,sold,1,2026-06-08 16:23:35.693815+00,2026-06-08 16:24:03.25358+00,2026-06-08 16:24:03.363292+00,0.109712,27.669477,
b79c0603-6bf7-4c28-b35c-222fde9d357f,numbered,32336,completed,sold,1,2026-06-08 16:23:35.697143+00,2026-06-08 16:24:03.261423+00,2026-06-08 16:24:03.371482+00,0.110059,27.674339,
7c6a9c9d-f52f-4b09-abb8-5bb8aa5019b2,numbered,93198,completed,sold,1,2026-06-08 16:23:35.721908+00,2026-06-08 16:24:03.275063+00,2026-06-08 16:24:03.382205+00,0.107142,27.660297,
7c24e606-3ef0-4ec4-8555-fd52785272cc,numbered,32634,completed,sold,1,2026-06-08 16:23:35.700719+00,2026-06-08 16:24:03.285409+00,2026-06-08 16:24:03.391215+00,0.105806,27.690496,
cb1aa63b-0f63-4e72-90f6-0cb0104b47a5,numbered,46144,completed,sold,1,2026-06-08 16:23:35.736698+00,2026-06-08 16:24:03.292755+00,2026-06-08 16:24:03.399303+00,0.106548,27.662605,
a008d2c6-5bce-434a-9f02-c37407c17b76,numbered,22274,completed,sold,1,2026-06-08 16:23:35.740499+00,2026-06-08 16:24:03.307197+00,2026-06-08 16:24:03.412975+00,0.105778,27.672476,
0682a5dd-36d5-4e3a-86aa-6cd3f12e7566,numbered,10445,completed,sold,1,2026-06-08 16:23:35.74598+00,2026-06-08 16:24:03.310566+00,2026-06-08 16:24:03.415289+00,0.104723,27.669309,
c9020e64-351f-4cc2-98b1-329ba082962c,numbered,38133,completed,sold,1,2026-06-08 16:23:35.750187+00,2026-06-08 16:24:03.377704+00,2026-06-08 16:24:03.484908+00,0.107204,27.734721,
22742e97-ab4b-4093-be41-34e05d8f0d6f,numbered,77008,completed,sold,1,2026-06-08 16:23:35.753615+00,2026-06-08 16:24:03.392307+00,2026-06-08 16:24:03.49821+00,0.105903,27.744595,
cb8bc8b6-2159-41d3-b54b-930304bd013e,numbered,88635,completed,sold,1,2026-06-08 16:23:35.756974+00,2026-06-08 16:24:03.405528+00,2026-06-08 16:24:03.512511+00,0.106983,27.755537,
d39fe2c6-0cad-475f-b26f-8fa269c489ca,numbered,77148,completed,sold,1,2026-06-08 16:23:35.761112+00,2026-06-08 16:24:03.421937+00,2026-06-08 16:24:03.528135+00,0.106198,27.767023,
c3ff65af-35fc-48a4-add7-a5d9ed653089,numbered,22325,completed,sold,1,2026-06-08 16:23:35.765152+00,2026-06-08 16:24:03.430006+00,2026-06-08 16:24:03.536213+00,0.106207,27.771061,
8c3c0a46-cf68-4562-abd9-2fad806260c8,numbered,6693,completed,sold,1,2026-06-08 16:23:35.769068+00,2026-06-08 16:24:03.435243+00,2026-06-08 16:24:03.541742+00,0.106499,27.772674,
a9967224-a0bd-437c-8618-5ec1c8797e5b,numbered,5193,completed,sold,1,2026-06-08 16:23:35.773189+00,2026-06-08 16:24:03.444269+00,2026-06-08 16:24:03.54978+00,0.105511,27.776591,
df0942ba-2382-4cfd-8384-baf66240e78b,numbered,93097,completed,sold,1,2026-06-08 16:23:35.776692+00,2026-06-08 16:24:03.442774+00,2026-06-08 16:24:03.550331+00,0.107557,27.773639,
a852e7b0-dcb9-4992-adb3-d627885710c9,numbered,60837,completed,sold,1,2026-06-08 16:23:35.780368+00,2026-06-08 16:24:03.521322+00,2026-06-08 16:24:03.628107+00,0.106785,27.847739,
cda52044-9fce-4b7d-8e35-c8713b5c9b98,numbered,31119,completed,sold,1,2026-06-08 16:23:35.78462+00,2026-06-08 16:24:03.523926+00,2026-06-08 16:24:03.630182+00,0.106256,27.845562,
066009ef-e8fb-4e7d-a63a-c54122d3a7c0,numbered,97430,completed,sold,1,2026-06-08 16:23:35.78812+00,2026-06-08 16:24:03.546604+00,2026-06-08 16:24:03.653153+00,0.106549,27.865033,
886ec665-d17f-4f1b-9603-7afa6c99fbeb,numbered,69265,completed,sold,1,2026-06-08 16:23:35.791816+00,2026-06-08 16:24:03.568144+00,2026-06-08 16:24:03.674691+00,0.106547,27.882875,
626c424a-0872-4683-9676-50633ec77e28,numbered,58580,completed,sold,1,2026-06-08 16:23:35.806019+00,2026-06-08 16:24:03.577473+00,2026-06-08 16:24:03.685296+00,0.107823,27.879277,
114e6d58-dc6f-4687-a214-348e88d5901d,numbered,35260,completed,sold,1,2026-06-08 16:23:35.802639+00,2026-06-08 16:24:03.578491+00,2026-06-08 16:24:03.685829+00,0.107338,27.883190,
3ceb73d9-f6f2-4b25-b691-4613dfb846a7,numbered,8538,completed,sold,1,2026-06-08 16:23:35.798932+00,2026-06-08 16:24:03.580099+00,2026-06-08 16:24:03.686398+00,0.106299,27.887466,
4403ad1c-021d-4411-a172-207d2607f312,numbered,31995,completed,sold,1,2026-06-08 16:23:35.795268+00,2026-06-08 16:24:03.588255+00,2026-06-08 16:24:03.69566+00,0.107405,27.900392,
fd4e59a1-95b6-4293-b045-31092f3305ce,numbered,52424,completed,sold,1,2026-06-08 16:23:35.813312+00,2026-06-08 16:24:03.660399+00,2026-06-08 16:24:03.766918+00,0.106519,27.953606,
6c37ed4b-5b3e-4d69-87ec-4802b4df4608,numbered,60014,completed,sold,1,2026-06-08 16:23:35.80963+00,2026-06-08 16:24:03.661038+00,2026-06-08 16:24:03.768068+00,0.107030,27.958438,
a62c14f3-617a-4b88-908b-481bb2aaadf7,numbered,54760,completed,sold,1,2026-06-08 16:23:35.816745+00,2026-06-08 16:24:03.686799+00,2026-06-08 16:24:03.793043+00,0.106244,27.976298,
45d1c6c7-2d77-4bc6-9763-1f09e64938f3,numbered,60976,completed,sold,1,2026-06-08 16:23:35.820317+00,2026-06-08 16:24:03.710325+00,2026-06-08 16:24:03.816764+00,0.106439,27.996447,
55c76ab6-b8c0-4fcc-9543-6a7adc025b38,numbered,89966,completed,sold,1,2026-06-08 16:23:35.823966+00,2026-06-08 16:24:03.719691+00,2026-06-08 16:24:03.825011+00,0.105320,28.001045,
5256aff6-b7b3-4279-8ed2-9424e364c9fd,numbered,96971,completed,sold,1,2026-06-08 16:23:35.827831+00,2026-06-08 16:24:03.72157+00,2026-06-08 16:24:03.827283+00,0.105713,27.999452,
37a9fe53-0a60-4d15-80b6-b125323e8013,numbered,11260,completed,sold,1,2026-06-08 16:23:35.831443+00,2026-06-08 16:24:03.727127+00,2026-06-08 16:24:03.832909+00,0.105782,28.001466,
e1c1e04c-c5f7-4059-ab4e-b75babebc03e,numbered,2589,completed,sold,1,2026-06-08 16:23:35.834959+00,2026-06-08 16:24:03.759092+00,2026-06-08 16:24:03.866775+00,0.107683,28.031816,
a61b50b1-b411-4bb9-9884-8f6bdc41ff93,numbered,19116,completed,sold,1,2026-06-08 16:23:35.838558+00,2026-06-08 16:24:03.79169+00,2026-06-08 16:24:03.896662+00,0.104972,28.058104,
83ffc064-b2cb-4740-ba2c-6bb19ce11062,numbered,95666,completed,sold,1,2026-06-08 16:23:35.841964+00,2026-06-08 16:24:03.798578+00,2026-06-08 16:24:03.905529+00,0.106951,28.063565,
0c779230-8edd-4c81-a830-e4403875aed4,numbered,99634,completed,sold,1,2026-06-08 16:23:35.846115+00,2026-06-08 16:24:03.8201+00,2026-06-08 16:24:03.926142+00,0.106042,28.080027,
5fb558ca-f641-4a8e-98d5-9fb80e193c4e,numbered,42145,completed,sold,1,2026-06-08 16:23:35.853204+00,2026-06-08 16:24:03.851819+00,2026-06-08 16:24:03.956635+00,0.104816,28.103431,
6d372234-e167-4770-9cc2-4f519261b4d6,numbered,70392,completed,sold,1,2026-06-08 16:23:35.849712+00,2026-06-08 16:24:03.853519+00,2026-06-08 16:24:03.959721+00,0.106202,28.110009,
6fff7399-b0a8-46b7-86d4-7a3166a7f7a1,numbered,75282,completed,sold,1,2026-06-08 16:23:35.860178+00,2026-06-08 16:24:03.856812+00,2026-06-08 16:24:03.961709+00,0.104897,28.101531,
f1843d7b-72db-438a-b4cd-bfee17f8b458,numbered,95008,completed,sold,1,2026-06-08 16:23:35.866458+00,2026-06-08 16:24:03.869463+00,2026-06-08 16:24:03.980036+00,0.110573,28.113578,
6d2c5f2f-710c-4f58-b6d6-986033a5df58,numbered,84635,completed,sold,1,2026-06-08 16:23:35.876606+00,2026-06-08 16:24:03.920725+00,2026-06-08 16:24:04.026138+00,0.105413,28.149532,
849a07c3-05c9-40c8-b28f-261f6f1ee794,numbered,94970,completed,sold,1,2026-06-08 16:23:35.871586+00,2026-06-08 16:24:03.925238+00,2026-06-08 16:24:04.031332+00,0.106094,28.159746,
f6cc1622-465f-4f97-8956-23af8c643ee0,numbered,92577,completed,sold,1,2026-06-08 16:23:35.883907+00,2026-06-08 16:24:03.934317+00,2026-06-08 16:24:04.041345+00,0.107028,28.157438,
871f5c6a-6f9c-4ccc-9610-2f7b1e64597d,numbered,82934,completed,sold,1,2026-06-08 16:23:35.887944+00,2026-06-08 16:24:03.951978+00,2026-06-08 16:24:04.059418+00,0.107440,28.171474,
5fa33106-0303-465d-b54d-dc684e935710,numbered,61726,completed,sold,1,2026-06-08 16:23:35.891415+00,2026-06-08 16:24:03.991924+00,2026-06-08 16:24:04.09717+00,0.105246,28.205755,
e0072922-ff8d-4d96-b195-68a9d6bdb417,numbered,99161,completed,sold,1,2026-06-08 16:23:35.902087+00,2026-06-08 16:24:03.991117+00,2026-06-08 16:24:04.097739+00,0.106622,28.195652,
ccc2d06c-0104-48a7-99e4-dca1a6a49daf,numbered,8094,completed,sold,1,2026-06-08 16:23:35.898535+00,2026-06-08 16:24:03.994667+00,2026-06-08 16:24:04.102084+00,0.107417,28.203549,
48e64b2b-d6bc-433e-906e-633f3b9db8da,numbered,52494,completed,sold,1,2026-06-08 16:23:35.905605+00,2026-06-08 16:24:04.007271+00,2026-06-08 16:24:04.114397+00,0.107126,28.208792,
84511382-e04a-4135-b352-d3ff5c4f941e,numbered,67770,completed,sold,1,2026-06-08 16:23:35.909496+00,2026-06-08 16:24:04.053672+00,2026-06-08 16:24:04.159037+00,0.105365,28.249541,
ec4c0faa-dae6-4895-9a6c-2d03775ae829,numbered,42187,completed,sold,1,2026-06-08 16:23:35.912718+00,2026-06-08 16:24:04.069273+00,2026-06-08 16:24:04.18086+00,0.111587,28.268142,
5183efe7-dac6-4dbc-ace0-853ca6451369,numbered,28345,completed,sold,1,2026-06-08 16:23:35.916025+00,2026-06-08 16:24:04.074833+00,2026-06-08 16:24:04.181473+00,0.106640,28.265448,
73552ef5-02b2-4dba-80ef-83cae11ec8b9,numbered,70564,completed,sold,1,2026-06-08 16:23:35.919476+00,2026-06-08 16:24:04.087647+00,2026-06-08 16:24:04.194218+00,0.106571,28.274742,
e7edf461-d2ac-48f2-b7ff-05a65253cbe8,numbered,10097,completed,sold,1,2026-06-08 16:23:35.922788+00,2026-06-08 16:24:04.123073+00,2026-06-08 16:24:04.227278+00,0.104205,28.304490,
e82f054c-7375-4573-8095-54897d147041,numbered,50919,completed,sold,1,2026-06-08 16:23:35.926493+00,2026-06-08 16:24:04.127822+00,2026-06-08 16:24:04.233437+00,0.105615,28.306944,
469d02ee-47ae-479f-ac4f-c38499cbce8e,numbered,37894,completed,sold,1,2026-06-08 16:23:35.930038+00,2026-06-08 16:24:04.135637+00,2026-06-08 16:24:04.243488+00,0.107851,28.313450,
42687e2d-7c10-4d0e-a5bc-07ea43cd0e82,numbered,17536,completed,sold,1,2026-06-08 16:23:35.933607+00,2026-06-08 16:24:04.141513+00,2026-06-08 16:24:04.247358+00,0.105845,28.313751,
f4b5e1e6-570d-4c66-8625-752955deef11,numbered,58436,completed,sold,1,2026-06-08 16:23:35.937234+00,2026-06-08 16:24:04.18323+00,2026-06-08 16:24:04.288225+00,0.104995,28.350991,
2ff590d1-5fa7-4533-9bcc-2e1a6d0f6f36,numbered,13438,completed,sold,1,2026-06-08 16:23:35.940574+00,2026-06-08 16:24:04.216528+00,2026-06-08 16:24:04.325166+00,0.108638,28.384592,
174cff30-8629-4506-99e5-851e0a544d4a,numbered,75824,completed,sold,1,2026-06-08 16:23:35.947417+00,2026-06-08 16:24:04.220396+00,2026-06-08 16:24:04.326508+00,0.106112,28.379091,
4a1f1cf7-364d-4634-8327-6204e9402289,numbered,68515,completed,sold,1,2026-06-08 16:23:35.943871+00,2026-06-08 16:24:04.218667+00,2026-06-08 16:24:04.326753+00,0.108086,28.382882,
cd33bb16-c0ec-40ef-a42c-c7bd164cb26d,numbered,41212,completed,sold,1,2026-06-08 16:23:35.950664+00,2026-06-08 16:24:04.258289+00,2026-06-08 16:24:04.363558+00,0.105269,28.412894,
ea395ca6-08a4-49a4-b33c-763208151242,numbered,6910,completed,sold,1,2026-06-08 16:23:35.954113+00,2026-06-08 16:24:04.260478+00,2026-06-08 16:24:04.366125+00,0.105647,28.412012,
d650aa96-fafc-46e1-89f0-e7b3def886e5,numbered,36026,completed,sold,1,2026-06-08 16:23:35.961211+00,2026-06-08 16:24:04.274374+00,2026-06-08 16:24:04.379707+00,0.105333,28.418496,
16050095-dd33-4a57-b865-1e2537978487,numbered,16414,completed,sold,1,2026-06-08 16:23:35.957656+00,2026-06-08 16:24:04.276995+00,2026-06-08 16:24:04.383261+00,0.106266,28.425605,
75edccf2-9e22-4e9b-951d-2b645a16ba12,numbered,38465,completed,sold,1,2026-06-08 16:23:35.965134+00,2026-06-08 16:24:04.311946+00,2026-06-08 16:24:04.41762+00,0.105674,28.452486,
2c316d61-9a06-4ec8-9770-cd2623937e2d,numbered,17964,completed,sold,1,2026-06-08 16:23:35.972826+00,2026-06-08 16:24:04.354791+00,2026-06-08 16:24:04.460228+00,0.105437,28.487402,
3e8bac3a-3f0e-4d54-942c-78999430857e,numbered,62878,completed,sold,1,2026-06-08 16:23:35.969321+00,2026-06-08 16:24:04.357546+00,2026-06-08 16:24:04.464003+00,0.106457,28.494682,
3c983b91-8050-4dff-9d49-997a716d062d,numbered,17243,completed,sold,1,2026-06-08 16:23:35.976411+00,2026-06-08 16:24:04.375161+00,2026-06-08 16:24:04.483532+00,0.108371,28.507121,
6247c698-da7f-4256-b983-8f6261a2c275,numbered,51209,completed,sold,1,2026-06-08 16:23:35.983384+00,2026-06-08 16:24:04.396381+00,2026-06-08 16:24:04.501963+00,0.105582,28.518579,
5e8f4a14-4fdf-4959-b725-4c28e785782f,numbered,18513,completed,sold,1,2026-06-08 16:23:35.979826+00,2026-06-08 16:24:04.397551+00,2026-06-08 16:24:04.502093+00,0.104542,28.522267,
fbdaffa7-179f-4da9-8bb0-4786f543e752,numbered,29961,completed,sold,1,2026-06-08 16:23:35.986846+00,2026-06-08 16:24:04.40717+00,2026-06-08 16:24:04.513101+00,0.105931,28.526255,
92f63636-1206-42d0-89ea-524a4e9dbac5,numbered,98785,completed,sold,1,2026-06-08 16:23:35.990203+00,2026-06-08 16:24:04.41451+00,2026-06-08 16:24:04.521283+00,0.106773,28.531080,
0dfc33fe-5959-4ed8-9f7a-9fb828693c5f,numbered,65526,completed,sold,1,2026-06-08 16:23:35.994063+00,2026-06-08 16:24:04.451086+00,2026-06-08 16:24:04.555924+00,0.104838,28.561861,
6683f408-75e9-4f91-be03-25d95e82fc15,numbered,37999,completed,sold,1,2026-06-08 16:23:35.997426+00,2026-06-08 16:24:04.487717+00,2026-06-08 16:24:04.59346+00,0.105743,28.596034,
a40a3530-c269-4ba7-9d49-27f1a27ce006,numbered,69507,completed,sold,1,2026-06-08 16:23:36.000717+00,2026-06-08 16:24:04.495327+00,2026-06-08 16:24:04.602334+00,0.107007,28.601617,
4db3d192-8ffa-4a26-bb6b-44166a586eb1,numbered,34994,completed,sold,1,2026-06-08 16:23:36.004419+00,2026-06-08 16:24:04.515683+00,2026-06-08 16:24:04.621984+00,0.106301,28.617565,
1ed24431-ec54-4cbc-81cd-c5679fca9183,numbered,36995,completed,sold,1,2026-06-08 16:23:36.011349+00,2026-06-08 16:24:04.530825+00,2026-06-08 16:24:04.635358+00,0.104533,28.624009,
5012a606-f245-4e9b-9a87-836c0381270a,numbered,34618,completed,sold,1,2026-06-08 16:23:36.00788+00,2026-06-08 16:24:04.535454+00,2026-06-08 16:24:04.640533+00,0.105079,28.632653,
bf43c986-9e13-44b7-b718-e2f9ba84f788,numbered,92029,completed,sold,1,2026-06-08 16:23:36.016219+00,2026-06-08 16:24:04.543181+00,2026-06-08 16:24:04.649473+00,0.106292,28.633254,
f9b1ec1e-1c31-46d2-be69-88049851eb04,numbered,43537,completed,sold,1,2026-06-08 16:23:36.031736+00,2026-06-08 16:24:04.550067+00,2026-06-08 16:24:04.65603+00,0.105963,28.624294,
d2cf9f2c-43b9-47a9-9535-84dd05d18ec1,numbered,71719,completed,sold,1,2026-06-08 16:23:36.049673+00,2026-06-08 16:24:04.582483+00,2026-06-08 16:24:04.68742+00,0.104937,28.637747,
38eb3dda-ea3b-4b73-96b1-4a2f8dd2ce85,numbered,84511,completed,sold,1,2026-06-08 16:23:36.060264+00,2026-06-08 16:24:04.621467+00,2026-06-08 16:24:04.727721+00,0.106254,28.667457,
6aa0fc41-8b70-4e12-9f00-658e876dda3c,numbered,13445,completed,sold,1,2026-06-08 16:23:36.066152+00,2026-06-08 16:24:04.630453+00,2026-06-08 16:24:04.7375+00,0.107047,28.671348,
fa5d4a0a-ec22-4a1c-8643-59eb119cab31,numbered,38536,completed,sold,1,2026-06-08 16:23:36.071043+00,2026-06-08 16:24:04.658347+00,2026-06-08 16:24:04.764975+00,0.106628,28.693932,
4fa92786-ada2-4b2b-916a-a72b5492aed1,numbered,20788,completed,sold,1,2026-06-08 16:23:36.074548+00,2026-06-08 16:24:04.66857+00,2026-06-08 16:24:04.774412+00,0.105842,28.699864,
b3a52f29-e3d3-49d9-bf04-ae2e9d64764d,numbered,40541,completed,sold,1,2026-06-08 16:23:36.078126+00,2026-06-08 16:24:04.669431+00,2026-06-08 16:24:04.77564+00,0.106209,28.697514,
a355a19a-1060-4489-aaa5-3beaee9558a0,numbered,92738,completed,sold,1,2026-06-08 16:23:36.081779+00,2026-06-08 16:24:04.67936+00,2026-06-08 16:24:04.785591+00,0.106231,28.703812,
5cc79e27-90b2-46ad-9e1c-1cb6e1f32590,numbered,34631,completed,sold,1,2026-06-08 16:23:36.085207+00,2026-06-08 16:24:04.684279+00,2026-06-08 16:24:04.790239+00,0.105960,28.705032,
b87b4d72-1b67-455b-9e9b-737812d75184,numbered,52109,completed,sold,1,2026-06-08 16:23:36.088793+00,2026-06-08 16:24:04.710024+00,2026-06-08 16:24:04.814316+00,0.104292,28.725523,
1728eb2c-aa18-44bb-92f8-cc6f69dc673c,numbered,39688,completed,sold,1,2026-06-08 16:23:36.092276+00,2026-06-08 16:24:04.755133+00,2026-06-08 16:24:04.861016+00,0.105883,28.768740,
c538db8f-d25d-423a-8851-53b6f83b4942,numbered,58763,completed,sold,1,2026-06-08 16:23:36.095674+00,2026-06-08 16:24:04.764722+00,2026-06-08 16:24:04.871318+00,0.106596,28.775644,
acb06012-8868-4c1a-88c4-27aaeef77304,numbered,55443,completed,sold,1,2026-06-08 16:23:36.099309+00,2026-06-08 16:24:04.79549+00,2026-06-08 16:24:04.900503+00,0.105013,28.801194,
6c3ad456-3dd8-47b5-9750-b7b4a703ef14,numbered,80834,completed,sold,1,2026-06-08 16:23:36.102847+00,2026-06-08 16:24:04.805059+00,2026-06-08 16:24:04.910121+00,0.105062,28.807274,
726a37b4-4ca4-4845-9e97-598f82a09c8d,numbered,61174,completed,sold,1,2026-06-08 16:23:36.106329+00,2026-06-08 16:24:04.809206+00,2026-06-08 16:24:04.913388+00,0.104182,28.807059,
c1788367-ca91-49fe-a816-015083f93b7a,numbered,50780,completed,sold,1,2026-06-08 16:23:36.109978+00,2026-06-08 16:24:04.815259+00,2026-06-08 16:24:04.923749+00,0.108490,28.813771,
231d9373-c947-453b-a9db-7b008c3c9828,numbered,13518,completed,sold,1,2026-06-08 16:23:36.11362+00,2026-06-08 16:24:04.823824+00,2026-06-08 16:24:04.930537+00,0.106713,28.816917,
528c0eac-aab8-47bc-b556-0d2eca143783,numbered,36307,completed,sold,1,2026-06-08 16:23:36.116998+00,2026-06-08 16:24:04.839445+00,2026-06-08 16:24:04.944499+00,0.105054,28.827501,
bea0dd21-50e0-4557-b94f-8a444c6a78ba,numbered,91714,completed,sold,1,2026-06-08 16:23:36.120755+00,2026-06-08 16:24:04.888293+00,2026-06-08 16:24:04.993987+00,0.105694,28.873232,
02c03ce6-7c9a-448b-8bfc-33cd59cc68cf,numbered,40325,completed,sold,1,2026-06-08 16:23:36.124428+00,2026-06-08 16:24:04.898189+00,2026-06-08 16:24:05.005211+00,0.107022,28.880783,
238aa103-5f98-463a-b628-e0e4d8ce6803,numbered,60069,completed,sold,1,2026-06-08 16:23:36.127935+00,2026-06-08 16:24:04.927445+00,2026-06-08 16:24:05.034567+00,0.107122,28.906632,
6b2a4ddd-6d1a-407e-a55a-85bd83bffd37,numbered,37959,completed,sold,1,2026-06-08 16:23:36.134975+00,2026-06-08 16:24:04.941989+00,2026-06-08 16:24:05.046802+00,0.104813,28.911827,
4d63ca1a-ec31-409e-b3d9-bde4968727ca,numbered,94787,completed,sold,1,2026-06-08 16:23:36.131354+00,2026-06-08 16:24:04.943963+00,2026-06-08 16:24:05.049232+00,0.105269,28.917878,
c9d89941-d342-443e-956d-3481c2a391ca,numbered,91646,completed,sold,1,2026-06-08 16:23:36.138539+00,2026-06-08 16:24:04.956511+00,2026-06-08 16:24:05.062387+00,0.105876,28.923848,
31e397be-25f9-482c-b5a2-c9811762085b,numbered,37292,completed,seat_unavailable,1,2026-06-08 16:23:36.141993+00,2026-06-08 16:24:04.964792+00,2026-06-08 16:24:05.070008+00,0.105216,28.928015,
48a40401-f24a-49d0-acc1-e0088fd53959,numbered,63402,completed,sold,1,2026-06-08 16:23:36.145534+00,2026-06-08 16:24:04.967188+00,2026-06-08 16:24:05.072936+00,0.105748,28.927402,
7ec85b49-0633-4dbc-aac1-7e4abf1ef42c,numbered,77408,completed,sold,1,2026-06-08 16:23:36.149003+00,2026-06-08 16:24:05.020338+00,2026-06-08 16:24:05.126207+00,0.105869,28.977204,
c9c83209-9c93-47cf-a104-0374645c7c72,numbered,93857,completed,sold,1,2026-06-08 16:23:36.152467+00,2026-06-08 16:24:05.03273+00,2026-06-08 16:24:05.138791+00,0.106061,28.986324,
432d9b85-1a03-4503-8f0e-600bcc2005e9,numbered,52423,completed,sold,1,2026-06-08 16:23:36.155798+00,2026-06-08 16:24:05.061277+00,2026-06-08 16:24:05.170592+00,0.109315,29.014794,
d4a6512b-363b-4d09-9664-fd0436b4edfb,numbered,89560,completed,sold,1,2026-06-08 16:23:36.159135+00,2026-06-08 16:24:05.078651+00,2026-06-08 16:24:05.183274+00,0.104623,29.024139,
922d7b4a-97db-43d0-9b81-2fd8fcc3dad8,numbered,31100,completed,sold,1,2026-06-08 16:23:36.162541+00,2026-06-08 16:24:05.089593+00,2026-06-08 16:24:05.194776+00,0.105183,29.032235,
ff6cb3ac-772b-40b7-8989-a674512465f8,numbered,23539,completed,sold,1,2026-06-08 16:23:36.165842+00,2026-06-08 16:24:05.099439+00,2026-06-08 16:24:05.205778+00,0.106339,29.039936,
ba28f106-45e8-4896-84fa-6ee50be4e611,numbered,27301,completed,sold,1,2026-06-08 16:23:36.169237+00,2026-06-08 16:24:05.1011+00,2026-06-08 16:24:05.207384+00,0.106284,29.038147,
9e56dce9-2d1e-4f66-b794-724f9cefe338,numbered,19428,completed,sold,1,2026-06-08 16:23:36.178372+00,2026-06-08 16:24:05.103351+00,2026-06-08 16:24:05.208686+00,0.105335,29.030314,
ba0e6143-1d81-4779-86bc-14953f4fb484,numbered,78447,completed,sold,1,2026-06-08 16:23:36.186578+00,2026-06-08 16:24:05.153099+00,2026-06-08 16:24:05.259554+00,0.106455,29.072976,
47b3e4ca-ac13-46e3-8159-1cf10be869e4,numbered,56524,completed,sold,1,2026-06-08 16:23:36.199611+00,2026-06-08 16:24:05.165452+00,2026-06-08 16:24:05.271848+00,0.106396,29.072237,
dadd73c5-7633-4700-908f-cff2567374e4,numbered,10978,completed,sold,1,2026-06-08 16:23:36.206254+00,2026-06-08 16:24:05.199954+00,2026-06-08 16:24:05.304914+00,0.104960,29.098660,
4776a930-f589-4227-813d-c94d28c383c6,numbered,13343,completed,sold,1,2026-06-08 16:23:36.209953+00,2026-06-08 16:24:05.211509+00,2026-06-08 16:24:05.315893+00,0.104384,29.105940,
b9334f99-085c-441f-81fb-adaebc144063,numbered,38783,completed,sold,1,2026-06-08 16:23:36.213633+00,2026-06-08 16:24:05.223848+00,2026-06-08 16:24:05.339557+00,0.115709,29.125924,
286b10fc-c214-4043-84a9-c9cfca13b424,numbered,46775,completed,sold,1,2026-06-08 16:23:36.217097+00,2026-06-08 16:24:05.240661+00,2026-06-08 16:24:05.347993+00,0.107332,29.130896,
8b7a13c6-d0e5-4998-b9b2-6a27f2e4a016,numbered,91283,completed,sold,1,2026-06-08 16:23:36.220613+00,2026-06-08 16:24:05.244071+00,2026-06-08 16:24:05.351208+00,0.107137,29.130595,
fe33ee07-18de-454b-a8c7-c93dedb42d0a,numbered,75268,completed,sold,1,2026-06-08 16:23:36.223867+00,2026-06-08 16:24:05.241166+00,2026-06-08 16:24:05.352406+00,0.111240,29.128539,
6aada1d5-dafc-48d6-badc-77dc4699354d,numbered,46345,completed,sold,1,2026-06-08 16:23:36.227334+00,2026-06-08 16:24:05.286219+00,2026-06-08 16:24:05.391814+00,0.105595,29.164480,
e5ac87e2-e92d-4ed3-bf2f-ca95e804d7bd,numbered,92811,completed,sold,1,2026-06-08 16:23:36.230585+00,2026-06-08 16:24:05.301502+00,2026-06-08 16:24:05.407335+00,0.105833,29.176750,
aade58c3-2d54-443b-bdc8-e1e4fc7617f7,numbered,68516,completed,sold,1,2026-06-08 16:23:36.233898+00,2026-06-08 16:24:05.329964+00,2026-06-08 16:24:05.435264+00,0.105300,29.201366,
94cb122f-df40-48c1-8330-0b82b13969f9,numbered,44949,completed,sold,1,2026-06-08 16:23:36.237231+00,2026-06-08 16:24:05.358363+00,2026-06-08 16:24:05.464952+00,0.106589,29.227721,
0b2f4229-de15-4e41-b8d5-de596d4ef282,numbered,73661,completed,sold,1,2026-06-08 16:23:36.240588+00,2026-06-08 16:24:05.379087+00,2026-06-08 16:24:05.486915+00,0.107828,29.246327,
9a1ff76f-c7b9-41f2-ae58-5efd820c6c40,numbered,72722,completed,sold,1,2026-06-08 16:23:36.244004+00,2026-06-08 16:24:05.381233+00,2026-06-08 16:24:05.488174+00,0.106941,29.244170,
29cfde39-3ce3-4921-8a19-d53dc93706a4,numbered,15896,completed,sold,1,2026-06-08 16:23:36.251329+00,2026-06-08 16:24:05.383825+00,2026-06-08 16:24:05.490293+00,0.106468,29.238964,
2717c05b-6218-4de4-a019-a8c07ccb9e0d,numbered,21568,completed,sold,1,2026-06-08 16:23:36.24767+00,2026-06-08 16:24:05.386996+00,2026-06-08 16:24:05.493588+00,0.106592,29.245918,
f2f76c10-d362-4922-adbc-e6be825f2c05,numbered,30679,completed,sold,1,2026-06-08 16:23:36.254995+00,2026-06-08 16:24:05.417468+00,2026-06-08 16:24:05.523787+00,0.106319,29.268792,
7aa2158d-ca2d-4e09-9086-97dd5617d34b,numbered,14720,completed,sold,1,2026-06-08 16:23:36.258868+00,2026-06-08 16:24:05.433566+00,2026-06-08 16:24:05.539881+00,0.106315,29.281013,
efadd8b5-7ab1-4678-b617-0b7c8568829e,numbered,91538,completed,sold,1,2026-06-08 16:23:36.262458+00,2026-06-08 16:24:05.462127+00,2026-06-08 16:24:05.567535+00,0.105408,29.305077,
7905429f-cc49-4f9b-a227-8ba0528b5b80,numbered,26942,completed,sold,1,2026-06-08 16:23:36.265936+00,2026-06-08 16:24:05.488561+00,2026-06-08 16:24:05.593181+00,0.104620,29.327245,
b58b0183-b78a-4ada-ace8-9295cae1330d,numbered,56046,completed,sold,1,2026-06-08 16:23:36.269436+00,2026-06-08 16:24:05.520065+00,2026-06-08 16:24:05.62484+00,0.104775,29.355404,
7ecef128-cac3-4faa-9b07-06ce736803b9,numbered,2723,completed,sold,1,2026-06-08 16:23:36.272952+00,2026-06-08 16:24:05.526411+00,2026-06-08 16:24:05.633876+00,0.107465,29.360924,
075fca81-163b-4056-95ce-4e32f7cfca1a,numbered,21591,completed,sold,1,2026-06-08 16:23:36.276371+00,2026-06-08 16:24:05.526443+00,2026-06-08 16:24:05.634948+00,0.108505,29.358577,
8b492859-1355-49f0-8ea7-0fbd7216f54e,numbered,36587,completed,sold,1,2026-06-08 16:23:36.279771+00,2026-06-08 16:24:05.530169+00,2026-06-08 16:24:05.635607+00,0.105438,29.355836,
b2a1dca2-a669-4d8e-974d-a24f05769f4d,numbered,14297,completed,sold,1,2026-06-08 16:23:36.283189+00,2026-06-08 16:24:05.550478+00,2026-06-08 16:24:05.656074+00,0.105596,29.372885,
8dbee0ff-0711-45dd-a0b8-ed71a8f9e47d,numbered,13363,completed,sold,1,2026-06-08 16:23:36.287052+00,2026-06-08 16:24:05.566746+00,2026-06-08 16:24:05.672696+00,0.105950,29.385644,
df6f599b-311e-47d7-9cc5-57c493d6f689,numbered,28850,completed,sold,1,2026-06-08 16:23:36.290654+00,2026-06-08 16:24:05.590326+00,2026-06-08 16:24:05.695367+00,0.105041,29.404713,
19969615-b04f-4f20-b01d-969d22ce2f5a,numbered,48970,completed,sold,1,2026-06-08 16:23:36.29445+00,2026-06-08 16:24:05.613193+00,2026-06-08 16:24:05.718285+00,0.105092,29.423835,
25c6b1e2-e047-4258-8da6-4098d41521ea,numbered,20831,completed,sold,1,2026-06-08 16:23:36.297974+00,2026-06-08 16:24:05.652088+00,2026-06-08 16:24:05.756962+00,0.104874,29.458988,
bad100d6-690c-43cd-b440-f0a0b839745d,numbered,5060,completed,sold,1,2026-06-08 16:23:36.301527+00,2026-06-08 16:24:05.667479+00,2026-06-08 16:24:05.772974+00,0.105495,29.471447,
327f8dbf-87d8-425c-8faa-989f3656ec79,numbered,54038,completed,sold,1,2026-06-08 16:23:36.308522+00,2026-06-08 16:24:05.670458+00,2026-06-08 16:24:05.775793+00,0.105335,29.467271,
88a6d35e-aa24-4394-8f75-ac2778501796,numbered,90602,completed,sold,1,2026-06-08 16:23:36.305103+00,2026-06-08 16:24:05.672042+00,2026-06-08 16:24:05.778557+00,0.106515,29.473454,
a2441ba7-aa8f-419e-8e4e-15b29e3e7417,numbered,48502,completed,sold,1,2026-06-08 16:23:36.312004+00,2026-06-08 16:24:05.684529+00,2026-06-08 16:24:05.790726+00,0.106197,29.478722,
f5c3a57a-ccaa-42ec-9719-8684084921fd,numbered,65642,completed,sold,1,2026-06-08 16:23:36.316335+00,2026-06-08 16:24:05.698915+00,2026-06-08 16:24:05.805271+00,0.106356,29.488936,
7fb13432-ae65-4bb5-8384-fff8798a4efe,numbered,23206,completed,sold,1,2026-06-08 16:23:36.322212+00,2026-06-08 16:24:05.718217+00,2026-06-08 16:24:05.823332+00,0.105115,29.501120,
80d08ef6-ff48-4d90-b2d5-954368a8824c,numbered,63859,completed,sold,1,2026-06-08 16:23:36.327256+00,2026-06-08 16:24:05.73797+00,2026-06-08 16:24:05.842747+00,0.104777,29.515491,
970b03e4-3328-42f1-9d41-654a025c0502,numbered,57508,completed,sold,1,2026-06-08 16:23:36.330866+00,2026-06-08 16:24:05.791113+00,2026-06-08 16:24:05.895862+00,0.104749,29.564996,
98998696-afc0-4dbd-ad3d-505cf1db4337,numbered,19872,completed,sold,1,2026-06-08 16:23:36.34856+00,2026-06-08 16:24:05.807243+00,2026-06-08 16:24:05.912414+00,0.105171,29.563854,
73f278a5-694c-4ab6-beda-6fc8a12d6c9d,numbered,70068,completed,sold,1,2026-06-08 16:23:36.352461+00,2026-06-08 16:24:05.810398+00,2026-06-08 16:24:05.916584+00,0.106186,29.564123,
94feb9ed-ef6a-46ac-8363-ae8a25909c72,numbered,4488,completed,sold,1,2026-06-08 16:23:36.341521+00,2026-06-08 16:24:05.816942+00,2026-06-08 16:24:05.92595+00,0.109008,29.584429,
587cc8b2-3eb9-4002-90f8-978b12722416,numbered,1546,completed,sold,1,2026-06-08 16:23:36.359513+00,2026-06-08 16:24:05.822225+00,2026-06-08 16:24:05.92842+00,0.106195,29.568907,
af5d0be2-bd23-44c0-a7b9-95ce808e893d,numbered,65488,completed,sold,1,2026-06-08 16:23:36.364589+00,2026-06-08 16:24:05.835389+00,2026-06-08 16:24:05.942499+00,0.107110,29.577910,
5832aab2-80ac-419a-b75e-b96ad0053464,numbered,2575,completed,sold,1,2026-06-08 16:23:36.369854+00,2026-06-08 16:24:05.848265+00,2026-06-08 16:24:05.95543+00,0.107165,29.585576,
29d18164-5c18-4c3a-8eb2-b4e3ddc12ba1,numbered,66112,completed,sold,1,2026-06-08 16:23:36.374205+00,2026-06-08 16:24:05.86388+00,2026-06-08 16:24:05.969217+00,0.105337,29.595012,
7aea7e77-6eb1-4540-957f-2b901cc80776,numbered,50803,completed,sold,1,2026-06-08 16:23:36.378533+00,2026-06-08 16:24:05.921628+00,2026-06-08 16:24:06.02617+00,0.104542,29.647637,
b81094f4-ce9a-45f9-88f5-3912c0c293b5,numbered,29301,completed,sold,1,2026-06-08 16:23:36.382106+00,2026-06-08 16:24:05.946155+00,2026-06-08 16:24:06.052392+00,0.106237,29.670286,
6887690d-9b32-473a-8cbe-dfad62d23ae1,numbered,95273,completed,sold,1,2026-06-08 16:23:36.385642+00,2026-06-08 16:24:05.952727+00,2026-06-08 16:24:06.062894+00,0.110167,29.677252,
91239a57-0eb4-4dca-8512-735c8588d12d,numbered,68020,completed,sold,1,2026-06-08 16:23:36.392464+00,2026-06-08 16:24:05.958737+00,2026-06-08 16:24:06.064873+00,0.106136,29.672409,
336bef33-0948-4b83-8f3f-c23ee17cb0d9,numbered,54145,completed,sold,1,2026-06-08 16:23:36.389176+00,2026-06-08 16:24:05.968002+00,2026-06-08 16:24:06.074713+00,0.106711,29.685537,
96839a57-7a20-4c4f-843a-1b77d1b8f841,numbered,47336,completed,sold,1,2026-06-08 16:23:36.395776+00,2026-06-08 16:24:05.980506+00,2026-06-08 16:24:06.087608+00,0.107102,29.691832,
edeaf452-a7e6-470b-b3cc-9b9c019d1e13,numbered,94055,completed,sold,1,2026-06-08 16:23:36.399314+00,2026-06-08 16:24:05.979657+00,2026-06-08 16:24:06.087834+00,0.108177,29.688520,
02a7772a-6b7e-4d16-8610-cfae014a73be,numbered,97185,completed,sold,1,2026-06-08 16:23:36.402601+00,2026-06-08 16:24:05.992028+00,2026-06-08 16:24:06.099033+00,0.107005,29.696432,
75ae0c7b-8ace-42f3-9cc8-3391d10dc3dc,numbered,33929,completed,sold,1,2026-06-08 16:23:36.405968+00,2026-06-08 16:24:06.048176+00,2026-06-08 16:24:06.152965+00,0.104789,29.746997,
d47318bc-c149-4464-a71d-1d78ac62a95a,numbered,7179,completed,sold,1,2026-06-08 16:23:36.409678+00,2026-06-08 16:24:06.083054+00,2026-06-08 16:24:06.188033+00,0.104979,29.778355,
f64e1a1b-b287-4894-8b75-b1bdbafa1dcf,numbered,37036,completed,sold,1,2026-06-08 16:23:36.416284+00,2026-06-08 16:24:06.103118+00,2026-06-08 16:24:06.210079+00,0.106961,29.793795,
2d787fde-aeb2-4970-b0af-efcf4dd654cf,numbered,57083,completed,sold,1,2026-06-08 16:23:36.419606+00,2026-06-08 16:24:06.113335+00,2026-06-08 16:24:06.219236+00,0.105901,29.799630,
5088f573-4b2e-447c-9040-a402b0a2ee94,numbered,45373,completed,sold,1,2026-06-08 16:23:36.413099+00,2026-06-08 16:24:06.116127+00,2026-06-08 16:24:06.222466+00,0.106339,29.809367,
e7004377-fb4f-4fee-bbaf-2a7da24cbe6f,numbered,29942,completed,sold,1,2026-06-08 16:23:36.426933+00,2026-06-08 16:24:06.123466+00,2026-06-08 16:24:06.229726+00,0.106260,29.802793,
14adbfcd-aa6e-438d-a210-f5efe9594c6c,numbered,55515,completed,sold,1,2026-06-08 16:23:36.423299+00,2026-06-08 16:24:06.125986+00,2026-06-08 16:24:06.233032+00,0.107046,29.809733,
cec2db8b-7385-474c-b32a-439fc08722d8,numbered,8574,completed,sold,1,2026-06-08 16:23:36.43045+00,2026-06-08 16:24:06.125182+00,2026-06-08 16:24:06.237737+00,0.112555,29.807287,
c0b7d4ec-18d2-460a-b525-02c8adb44b55,numbered,81071,completed,seat_unavailable,1,2026-06-08 16:23:36.433767+00,2026-06-08 16:24:06.174354+00,2026-06-08 16:24:06.276783+00,0.102429,29.843016,
1b88d5bd-2fcd-4c4e-8a43-aeb66411711f,numbered,39836,completed,sold,1,2026-06-08 16:23:36.437402+00,2026-06-08 16:24:06.210648+00,2026-06-08 16:24:06.315433+00,0.104785,29.878031,
0acda9cc-e167-4ad2-b81e-5d70b5a3053b,numbered,29402,completed,sold,1,2026-06-08 16:23:36.440763+00,2026-06-08 16:24:06.258167+00,2026-06-08 16:24:06.366834+00,0.108667,29.926071,
753ed5e3-6aeb-4c54-9416-620364dd39cd,numbered,73893,completed,sold,1,2026-06-08 16:23:36.444254+00,2026-06-08 16:24:06.260248+00,2026-06-08 16:24:06.367099+00,0.106851,29.922845,
cfee84df-828e-4346-97cb-df7186807ccb,numbered,5476,completed,sold,1,2026-06-08 16:23:36.447536+00,2026-06-08 16:24:06.261096+00,2026-06-08 16:24:06.367968+00,0.106872,29.920432,
cdd7f963-0aa8-4922-9685-ad10e5132cbb,numbered,77834,completed,sold,1,2026-06-08 16:23:36.451739+00,2026-06-08 16:24:06.262689+00,2026-06-08 16:24:06.370432+00,0.107743,29.918693,
41abdc9c-5730-4864-883b-7a223c41af94,numbered,2522,completed,sold,1,2026-06-08 16:23:36.455328+00,2026-06-08 16:24:06.267584+00,2026-06-08 16:24:06.372893+00,0.105309,29.917565,
830829e0-a1ee-4ac7-be78-6b9b9d4707d3,numbered,45059,completed,sold,1,2026-06-08 16:23:36.458651+00,2026-06-08 16:24:06.275019+00,2026-06-08 16:24:06.382252+00,0.107233,29.923601,
5326241c-7573-415a-ad14-d5bf38e80506,numbered,30635,completed,sold,1,2026-06-08 16:23:36.462002+00,2026-06-08 16:24:06.298094+00,2026-06-08 16:24:06.404643+00,0.106549,29.942641,
dfee9cab-2981-4e7e-b60f-6ec56ac3a759,numbered,37985,completed,sold,1,2026-06-08 16:23:36.465332+00,2026-06-08 16:24:06.337013+00,2026-06-08 16:24:06.442063+00,0.105050,29.976731,
ebfd2d69-5689-47ad-8f25-6a3549f2958f,numbered,48568,completed,sold,1,2026-06-08 16:23:36.468592+00,2026-06-08 16:24:06.399904+00,2026-06-08 16:24:06.505118+00,0.105214,30.036526,
eae634da-3e11-452a-ac6b-4831797e4b97,numbered,47273,completed,sold,1,2026-06-08 16:23:36.484358+00,2026-06-08 16:24:06.413797+00,2026-06-08 16:24:06.518779+00,0.104982,30.034421,
dc0d770d-406b-4523-882b-35ceebc92813,numbered,26814,completed,sold,1,2026-06-08 16:23:36.4754+00,2026-06-08 16:24:06.417157+00,2026-06-08 16:24:06.527321+00,0.110164,30.051921,
9f5cb45a-87c4-47d6-9da9-ebac1a290992,numbered,69820,completed,sold,1,2026-06-08 16:23:36.472018+00,2026-06-08 16:24:06.420147+00,2026-06-08 16:24:06.529364+00,0.109217,30.057346,
d347d561-d737-49a1-9a2a-1d2733b8e966,numbered,72854,completed,sold,1,2026-06-08 16:23:36.480793+00,2026-06-08 16:24:06.424059+00,2026-06-08 16:24:06.530478+00,0.106419,30.049685,
b267784a-1b5b-446e-88cb-76c4dfb1a13d,numbered,20597,completed,sold,1,2026-06-08 16:23:36.494123+00,2026-06-08 16:24:06.434921+00,2026-06-08 16:24:06.540383+00,0.105462,30.046260,
73191406-f63e-47f0-97c9-6c60a99cba17,numbered,85053,completed,sold,1,2026-06-08 16:23:36.488153+00,2026-06-08 16:24:06.420707+00,2026-06-08 16:24:06.548181+00,0.127474,30.060028,
33c4c746-f9d8-4d8a-8657-12c692982824,numbered,81502,completed,sold,1,2026-06-08 16:23:36.498859+00,2026-06-08 16:24:06.464786+00,2026-06-08 16:24:06.570231+00,0.105445,30.071372,
608fd094-3915-4a9b-8363-0266715a286b,numbered,62901,completed,sold,1,2026-06-08 16:23:36.502158+00,2026-06-08 16:24:06.553398+00,2026-06-08 16:24:06.658962+00,0.105564,30.156804,
d9b90824-72cf-4a3b-bdf6-70b427565ec4,numbered,88990,completed,sold,1,2026-06-08 16:23:36.511811+00,2026-06-08 16:24:06.557946+00,2026-06-08 16:24:06.664772+00,0.106826,30.152961,
90911cff-9b7f-421d-98d0-5a196c067271,numbered,31897,completed,sold,1,2026-06-08 16:23:36.519385+00,2026-06-08 16:24:06.568593+00,2026-06-08 16:24:06.675897+00,0.107304,30.156512,
5770e856-7c01-4b18-9514-c158ff236771,numbered,54275,completed,sold,1,2026-06-08 16:23:36.515939+00,2026-06-08 16:24:06.56953+00,2026-06-08 16:24:06.676437+00,0.106907,30.160498,
6646f65d-5bcf-4226-8da1-689496ec0451,numbered,28053,completed,sold,1,2026-06-08 16:23:36.532322+00,2026-06-08 16:24:06.581446+00,2026-06-08 16:24:06.686878+00,0.105432,30.154556,
bcc6bee9-7456-4ff1-8d68-836d97b52a58,numbered,25018,completed,sold,1,2026-06-08 16:23:36.524761+00,2026-06-08 16:24:06.577417+00,2026-06-08 16:24:06.687275+00,0.109858,30.162514,
1f2ffdd1-ad66-4d64-ba18-5257003e8e09,numbered,77434,completed,sold,1,2026-06-08 16:23:36.528105+00,2026-06-08 16:24:06.582141+00,2026-06-08 16:24:06.6888+00,0.106659,30.160695,
ebb6064c-6232-40a8-9d17-bc23e3aa7c29,numbered,40662,completed,sold,1,2026-06-08 16:23:36.535906+00,2026-06-08 16:24:06.596626+00,2026-06-08 16:24:06.702232+00,0.105606,30.166326,
2a43513a-5280-4130-b937-30812f8dd7bb,numbered,39524,completed,sold,1,2026-06-08 16:23:36.539318+00,2026-06-08 16:24:06.693838+00,2026-06-08 16:24:06.799041+00,0.105203,30.259723,
67e8630d-3f22-4d3c-ad9a-8322f1ed9fc6,numbered,30873,completed,sold,1,2026-06-08 16:23:36.542649+00,2026-06-08 16:24:06.713774+00,2026-06-08 16:24:06.819546+00,0.105772,30.276897,
4b8c4c1c-8fcf-484c-a9bd-c709f188c0f1,numbered,50851,completed,sold,1,2026-06-08 16:23:36.559932+00,2026-06-08 16:24:06.726398+00,2026-06-08 16:24:06.832698+00,0.106300,30.272766,
41580751-b9ed-479a-90ba-afaef31fa265,numbered,82642,completed,sold,1,2026-06-08 16:23:36.546188+00,2026-06-08 16:24:06.731542+00,2026-06-08 16:24:06.838049+00,0.106507,30.291861,
3f2072db-7c96-4ecb-9bcb-00f78415ebac,numbered,96915,completed,sold,1,2026-06-08 16:23:36.549762+00,2026-06-08 16:24:06.730122+00,2026-06-08 16:24:06.83828+00,0.108158,30.288518,
c62629c5-e93a-4c47-9b3e-e15e09ae600d,numbered,77098,completed,sold,1,2026-06-08 16:23:36.553294+00,2026-06-08 16:24:06.732207+00,2026-06-08 16:24:06.838849+00,0.106642,30.285555,
a8edfb60-faa4-418f-865e-0009824525ce,numbered,18114,completed,sold,1,2026-06-08 16:23:36.556702+00,2026-06-08 16:24:06.729591+00,2026-06-08 16:24:06.840045+00,0.110454,30.283343,
1a064e97-89f8-475d-9e69-edd7cfd26b5a,numbered,4060,completed,sold,1,2026-06-08 16:23:36.563259+00,2026-06-08 16:24:06.735433+00,2026-06-08 16:24:06.843043+00,0.107610,30.279784,
3147a92d-5f7c-41a8-a914-7d4a5f083a09,numbered,80119,completed,sold,1,2026-06-08 16:23:36.56682+00,2026-06-08 16:24:06.822314+00,2026-06-08 16:24:06.9276+00,0.105286,30.360780,
0ff4ac6b-7b35-44b5-817e-d474e9383820,numbered,26961,completed,sold,1,2026-06-08 16:23:36.570279+00,2026-06-08 16:24:06.864687+00,2026-06-08 16:24:06.969573+00,0.104886,30.399294,
5284ed34-9426-45cb-9b27-cc7a4f75ccf9,numbered,98062,completed,sold,1,2026-06-08 16:23:36.573777+00,2026-06-08 16:24:06.87734+00,2026-06-08 16:24:06.983413+00,0.106073,30.409636,
661fee09-c810-4fea-a0a9-ddcefa3e109a,numbered,64882,completed,sold,1,2026-06-08 16:23:36.577851+00,2026-06-08 16:24:06.885382+00,2026-06-08 16:24:06.994264+00,0.108882,30.416413,
bb8dbb68-b9b1-4ad1-9012-c64cdb3871f2,numbered,75372,completed,sold,1,2026-06-08 16:23:36.585604+00,2026-06-08 16:24:06.886567+00,2026-06-08 16:24:06.99481+00,0.108243,30.409206,
6a4141e4-dc52-44a2-bb4d-3229a0960b0c,numbered,99783,completed,sold,1,2026-06-08 16:23:36.592649+00,2026-06-08 16:24:06.886043+00,2026-06-08 16:24:06.995358+00,0.109315,30.402709,
a045e107-55cc-408a-8b2d-9b7ecee12c5c,numbered,86256,completed,sold,1,2026-06-08 16:23:36.581444+00,2026-06-08 16:24:06.883449+00,2026-06-08 16:24:07.000186+00,0.116737,30.418742,
5a8381a1-d337-4661-ac50-97a27a3c94f3,numbered,68656,completed,sold,1,2026-06-08 16:23:36.589034+00,2026-06-08 16:24:06.885989+00,2026-06-08 16:24:07.015518+00,0.129529,30.426484,
5fae8fd0-2f55-494b-b498-b5683b3d05ff,numbered,76573,completed,sold,1,2026-06-08 16:23:36.596051+00,2026-06-08 16:24:06.949986+00,2026-06-08 16:24:07.055015+00,0.105029,30.458964,
9f79b0a2-e74c-46da-b1d3-03be0226ef48,numbered,47352,completed,sold,1,2026-06-08 16:23:36.599402+00,2026-06-08 16:24:07.004131+00,2026-06-08 16:24:07.110158+00,0.106027,30.510756,
714eab3c-a313-4d74-97b9-780c7639a9d3,numbered,71346,completed,sold,1,2026-06-08 16:23:36.602836+00,2026-06-08 16:24:07.017619+00,2026-06-08 16:24:07.124713+00,0.107094,30.521877,
5fcb09ef-fc2b-47d1-8292-c8a8263decd3,numbered,87634,completed,sold,1,2026-06-08 16:23:36.615066+00,2026-06-08 16:24:07.032271+00,2026-06-08 16:24:07.138124+00,0.105853,30.523058,
3a8ecdb0-e0cc-4220-9142-910ad94ff0c0,numbered,79642,completed,sold,1,2026-06-08 16:23:36.611403+00,2026-06-08 16:24:07.034536+00,2026-06-08 16:24:07.140877+00,0.106341,30.529474,
576c600f-ad3c-4c2f-9261-a4fd4222a93a,numbered,17187,completed,sold,1,2026-06-08 16:23:36.606703+00,2026-06-08 16:24:07.036175+00,2026-06-08 16:24:07.143034+00,0.106859,30.536331,
5998a38e-19e4-4f85-a5cd-0623475468e2,numbered,64448,completed,sold,1,2026-06-08 16:23:36.618972+00,2026-06-08 16:24:07.037028+00,2026-06-08 16:24:07.143839+00,0.106811,30.524867,
d90b9d9f-da0c-4b19-84ee-6602f41060aa,numbered,51583,completed,sold,1,2026-06-08 16:23:36.622648+00,2026-06-08 16:24:07.051915+00,2026-06-08 16:24:07.15935+00,0.107435,30.536702,
98a16c4b-cfad-4f64-9e65-36d78ec8f7a4,numbered,77233,completed,sold,1,2026-06-08 16:23:36.626423+00,2026-06-08 16:24:07.077688+00,2026-06-08 16:24:07.182902+00,0.105214,30.556479,
40d4fc51-bf0a-41a3-bde5-098cf790eadf,numbered,17018,completed,sold,1,2026-06-08 16:23:36.630587+00,2026-06-08 16:24:07.144791+00,2026-06-08 16:24:07.254423+00,0.109632,30.623836,
8c3a4226-9373-44de-8aff-5ed66213d334,numbered,81555,completed,sold,1,2026-06-08 16:23:36.641935+00,2026-06-08 16:24:07.177305+00,2026-06-08 16:24:07.283004+00,0.105699,30.641069,
d6510661-2ea6-4a10-b6e4-a97b7c671f21,numbered,3841,completed,sold,1,2026-06-08 16:23:36.649418+00,2026-06-08 16:24:07.178063+00,2026-06-08 16:24:07.283543+00,0.105480,30.634125,
f46c5dea-2b99-4b6d-bcb9-f335e8748597,numbered,99341,completed,sold,1,2026-06-08 16:23:36.662033+00,2026-06-08 16:24:07.178425+00,2026-06-08 16:24:07.285595+00,0.107170,30.623562,
60cff609-1e6e-4ce7-835f-56c234e0e383,numbered,49754,completed,sold,1,2026-06-08 16:23:36.658022+00,2026-06-08 16:24:07.184281+00,2026-06-08 16:24:07.290441+00,0.106160,30.632419,
9219207f-0773-4b03-bc1c-42dd5d147831,numbered,30892,completed,sold,1,2026-06-08 16:23:36.636348+00,2026-06-08 16:24:07.180521+00,2026-06-08 16:24:07.291017+00,0.110496,30.654669,
30430ca2-004c-4b69-b97a-206a6640d1bd,numbered,87785,completed,sold,1,2026-06-08 16:23:36.665623+00,2026-06-08 16:24:07.192372+00,2026-06-08 16:24:07.30406+00,0.111688,30.638437,
2bcfdb2a-b5e6-4ba0-ade6-31069a9bc452,numbered,4729,completed,sold,1,2026-06-08 16:23:36.669413+00,2026-06-08 16:24:07.206296+00,2026-06-08 16:24:07.31187+00,0.105574,30.642457,
9b8679e7-0210-4b78-a7a5-81d89edadaa0,numbered,27836,completed,sold,1,2026-06-08 16:23:36.673576+00,2026-06-08 16:24:07.27694+00,2026-06-08 16:24:07.382238+00,0.105298,30.708662,
9bdfa52b-440b-41cd-b5c4-241139de9da0,numbered,72632,completed,sold,1,2026-06-08 16:23:36.690362+00,2026-06-08 16:24:07.333774+00,2026-06-08 16:24:07.440655+00,0.106881,30.750293,
2e1cc8c5-34fd-43fa-95c4-19244016e559,numbered,92078,completed,sold,1,2026-06-08 16:23:36.681018+00,2026-06-08 16:24:07.331143+00,2026-06-08 16:24:07.440876+00,0.109733,30.759858,
86ccf797-abc9-4da8-905b-6617de3f67cf,numbered,90657,completed,sold,1,2026-06-08 16:23:36.694119+00,2026-06-08 16:24:07.332611+00,2026-06-08 16:24:07.441203+00,0.108592,30.747084,
d75844ed-095e-40fa-a37e-1d848b4754b5,numbered,90478,completed,sold,1,2026-06-08 16:23:36.686601+00,2026-06-08 16:24:07.330199+00,2026-06-08 16:24:07.441936+00,0.111737,30.755335,
85f56a1b-a224-415b-80b9-9801339e7cd8,numbered,18671,completed,sold,1,2026-06-08 16:23:36.677264+00,2026-06-08 16:24:07.333279+00,2026-06-08 16:24:07.447342+00,0.114063,30.770078,
8d54eca4-850d-4a44-b52d-7b9173a130e9,numbered,36664,completed,sold,1,2026-06-08 16:23:36.697771+00,2026-06-08 16:24:07.341951+00,2026-06-08 16:24:07.452022+00,0.110071,30.754251,
b3d986c5-d88e-4893-b5a3-67b9bde9e1a1,numbered,19901,completed,sold,1,2026-06-08 16:23:36.702293+00,2026-06-08 16:24:07.344301+00,2026-06-08 16:24:07.466439+00,0.122138,30.764146,
476dc581-383e-4657-94fe-a23152e8ff31,numbered,26645,completed,sold,1,2026-06-08 16:23:36.705961+00,2026-06-08 16:24:07.405483+00,2026-06-08 16:24:07.510103+00,0.104620,30.804142,
65ffae19-4d68-4a3c-836c-a1268311bd7d,numbered,89709,completed,sold,1,2026-06-08 16:23:36.709359+00,2026-06-08 16:24:07.481915+00,2026-06-08 16:24:07.586787+00,0.104872,30.877428,
c4aab83a-2de6-45a9-b78a-0b2e4c7933a4,numbered,29094,completed,sold,1,2026-06-08 16:23:36.712802+00,2026-06-08 16:24:07.482959+00,2026-06-08 16:24:07.587988+00,0.105029,30.875186,
aae2a555-8121-45ac-bc4b-7b9f75ab3d6d,numbered,52193,completed,sold,1,2026-06-08 16:23:36.727091+00,2026-06-08 16:24:07.488435+00,2026-06-08 16:24:07.599281+00,0.110846,30.872190,
69427ed4-8082-4af6-beca-76b055ab86f4,numbered,76689,completed,sold,1,2026-06-08 16:23:36.71993+00,2026-06-08 16:24:07.492221+00,2026-06-08 16:24:07.599743+00,0.107522,30.879813,
77fbdaa1-4499-41d8-a08e-1e05c7a6b5e3,numbered,13868,completed,sold,1,2026-06-08 16:23:36.716409+00,2026-06-08 16:24:07.492938+00,2026-06-08 16:24:07.600566+00,0.107628,30.884157,
255d868e-299d-469c-a427-e04ff6f42cf8,numbered,86431,completed,sold,1,2026-06-08 16:23:36.723748+00,2026-06-08 16:24:07.49061+00,2026-06-08 16:24:07.603492+00,0.112882,30.879744,
d481abed-8474-43a9-b15c-d0e86cf4dd23,numbered,76261,completed,sold,1,2026-06-08 16:23:36.730481+00,2026-06-08 16:24:07.50402+00,2026-06-08 16:24:07.61268+00,0.108660,30.882199,
a92a6bda-ebf9-432b-be0c-787ae32cacac,numbered,83500,completed,sold,1,2026-06-08 16:23:36.734019+00,2026-06-08 16:24:07.535534+00,2026-06-08 16:24:07.643147+00,0.107613,30.909128,
17b76147-1cba-4879-8767-ca97f69f6345,numbered,60684,completed,sold,1,2026-06-08 16:23:36.741492+00,2026-06-08 16:24:07.628335+00,2026-06-08 16:24:07.733315+00,0.104980,30.991823,
a4719bdd-ad17-40ac-851f-eadb6e0ab678,numbered,72662,completed,sold,1,2026-06-08 16:23:36.737726+00,2026-06-08 16:24:07.62993+00,2026-06-08 16:24:07.734522+00,0.104592,30.996796,
e7bf8748-dac5-45c7-ba84-f76e2d87a137,numbered,22168,completed,sold,1,2026-06-08 16:23:36.745179+00,2026-06-08 16:24:07.637012+00,2026-06-08 16:24:07.743347+00,0.106335,30.998168,
d1b21b21-0d0d-4f84-95f9-82ebd3482306,numbered,44573,completed,sold,1,2026-06-08 16:23:36.749699+00,2026-06-08 16:24:07.636159+00,2026-06-08 16:24:07.743851+00,0.107692,30.994152,
7b772516-ad61-4453-998d-2db446ca2504,numbered,84288,completed,sold,1,2026-06-08 16:23:36.760432+00,2026-06-08 16:24:07.650853+00,2026-06-08 16:24:07.758881+00,0.108028,30.998449,
e8833e16-d0c9-422a-befa-5fd1667fd5c0,numbered,11296,completed,sold,1,2026-06-08 16:23:36.757069+00,2026-06-08 16:24:07.652956+00,2026-06-08 16:24:07.762328+00,0.109372,31.005259,
ea3a27e3-6df9-4b6f-927a-830a6ca42c98,numbered,88634,completed,sold,1,2026-06-08 16:23:36.753519+00,2026-06-08 16:24:07.655403+00,2026-06-08 16:24:07.762906+00,0.107503,31.009387,
ad113d7c-ba0f-4f4e-b264-ec2f0cb4e3a6,numbered,45343,completed,sold,1,2026-06-08 16:23:36.764097+00,2026-06-08 16:24:07.671309+00,2026-06-08 16:24:07.777417+00,0.106108,31.013320,
d8d9064a-77f4-4295-bdff-e33d0e49c0ad,numbered,62269,completed,sold,1,2026-06-08 16:23:36.771219+00,2026-06-08 16:24:07.772192+00,2026-06-08 16:24:07.876639+00,0.104447,31.105420,
b7816c2d-7a2d-4a5d-aef3-1c374ad252a8,numbered,18317,completed,sold,1,2026-06-08 16:23:36.767665+00,2026-06-08 16:24:07.784299+00,2026-06-08 16:24:07.889995+00,0.105696,31.122330,
f5c30ec4-88ba-4b8a-a0b9-92a04808e45b,numbered,87471,completed,sold,1,2026-06-08 16:23:36.779193+00,2026-06-08 16:24:07.782093+00,2026-06-08 16:24:07.890132+00,0.108039,31.110939,
294da8cf-cc39-4ea4-ba51-31a359af31ad,numbered,62446,completed,sold,1,2026-06-08 16:23:36.775559+00,2026-06-08 16:24:07.789769+00,2026-06-08 16:24:07.90157+00,0.111801,31.126011,
ecf86250-6aba-42f9-8c42-d97c4e7732be,numbered,25879,completed,sold,1,2026-06-08 16:23:36.784104+00,2026-06-08 16:24:07.798721+00,2026-06-08 16:24:07.903812+00,0.105091,31.119708,
3d62a2d0-667a-4aaf-b1b6-5faf82b03e3c,numbered,60303,completed,sold,1,2026-06-08 16:23:36.787586+00,2026-06-08 16:24:07.802443+00,2026-06-08 16:24:07.907656+00,0.105213,31.120070,
cba6949b-6f73-4cb3-a5b2-1b044b6d44a1,numbered,58383,completed,sold,1,2026-06-08 16:23:36.794782+00,2026-06-08 16:24:07.806712+00,2026-06-08 16:24:07.912509+00,0.105797,31.117727,
40c8d0f1-dba0-44c8-b939-9a70ef87a83f,numbered,35349,completed,sold,1,2026-06-08 16:23:36.791139+00,2026-06-08 16:24:07.804658+00,2026-06-08 16:24:07.915302+00,0.110644,31.124163,
1de6634b-9adf-4874-a09d-70a34f990ded,numbered,94941,completed,sold,1,2026-06-08 16:23:36.804427+00,2026-06-08 16:24:07.901111+00,2026-06-08 16:24:08.0056+00,0.104489,31.201173,
564a9168-53d0-4222-9003-109b1b967348,numbered,47826,completed,sold,1,2026-06-08 16:23:36.80955+00,2026-06-08 16:24:07.937925+00,2026-06-08 16:24:08.043207+00,0.105282,31.233657,
d78e971e-7d8b-4d73-83aa-756c9941326d,numbered,45660,completed,sold,1,2026-06-08 16:23:36.82207+00,2026-06-08 16:24:07.93862+00,2026-06-08 16:24:08.044442+00,0.105822,31.222372,
b26b9ea3-82d1-478e-a1c5-e0926d281192,numbered,19101,completed,sold,1,2026-06-08 16:23:36.818298+00,2026-06-08 16:24:07.951267+00,2026-06-08 16:24:08.058303+00,0.107036,31.240005,
caa66586-4813-4cc9-8b49-c2aacbe4ca43,numbered,77141,completed,sold,1,2026-06-08 16:23:36.83186+00,2026-06-08 16:24:07.949664+00,2026-06-08 16:24:08.059855+00,0.110191,31.227995,
0650a4ad-a840-4d3b-afba-db1877b6c205,numbered,65625,completed,sold,1,2026-06-08 16:23:36.840657+00,2026-06-08 16:24:07.95335+00,2026-06-08 16:24:08.060802+00,0.107452,31.220145,
25a7fce9-25cc-47c0-9b47-3f0846cd0184,numbered,35861,completed,sold,1,2026-06-08 16:23:36.836933+00,2026-06-08 16:24:07.95435+00,2026-06-08 16:24:08.061365+00,0.107015,31.224432,
268470b6-fb24-42e7-b781-a0b06bf11fa8,numbered,47263,completed,sold,1,2026-06-08 16:23:36.825654+00,2026-06-08 16:24:07.953761+00,2026-06-08 16:24:08.06316+00,0.109399,31.237506,
4b12d3ae-423b-4f94-916f-114d5a55ff24,numbered,96164,completed,sold,1,2026-06-08 16:23:36.844162+00,2026-06-08 16:24:08.025986+00,2026-06-08 16:24:08.130167+00,0.104181,31.286005,
00e23025-1ead-4c7d-bb34-13d8df1fec7f,numbered,21913,completed,sold,1,2026-06-08 16:23:36.850736+00,2026-06-08 16:24:08.082129+00,2026-06-08 16:24:08.187489+00,0.105360,31.336753,
0944c561-28a6-4a09-a9c3-6be7e0d01339,numbered,19510,completed,sold,1,2026-06-08 16:23:36.847462+00,2026-06-08 16:24:08.08285+00,2026-06-08 16:24:08.187977+00,0.105127,31.340515,
e54e710c-a8e4-4b76-865b-cdc09995ed07,numbered,35201,completed,sold,1,2026-06-08 16:23:36.853987+00,2026-06-08 16:24:08.104903+00,2026-06-08 16:24:08.21305+00,0.108147,31.359063,
2931d739-119d-4dda-b2e7-34ec9ee7edd3,numbered,43053,completed,sold,1,2026-06-08 16:23:36.861568+00,2026-06-08 16:24:08.107115+00,2026-06-08 16:24:08.213638+00,0.106523,31.352070,
d350d988-ad3b-4faf-b831-e4edea82d9d7,numbered,9663,completed,sold,1,2026-06-08 16:23:36.865067+00,2026-06-08 16:24:08.108709+00,2026-06-08 16:24:08.215498+00,0.106789,31.350431,
a139142e-edf3-4094-8a5d-6558d29b2374,numbered,82614,completed,sold,1,2026-06-08 16:23:36.868588+00,2026-06-08 16:24:08.107797+00,2026-06-08 16:24:08.217042+00,0.109245,31.348454,
2b0c9764-0dc3-41d9-8775-8e7fd6d693f7,numbered,36765,completed,sold,1,2026-06-08 16:23:36.858077+00,2026-06-08 16:24:08.105675+00,2026-06-08 16:24:08.217622+00,0.111947,31.359545,
16bba8c2-3ba6-45b6-aa6f-9a803b5757b3,numbered,32817,completed,sold,1,2026-06-08 16:23:36.87202+00,2026-06-08 16:24:08.149481+00,2026-06-08 16:24:08.254177+00,0.104696,31.382157,
827ba06f-1680-4687-ba5d-24e16322a34a,numbered,52932,completed,sold,1,2026-06-08 16:23:36.878791+00,2026-06-08 16:24:08.234346+00,2026-06-08 16:24:08.339448+00,0.105102,31.460657,
a44819f0-8928-4ee0-bc12-c0d2b4069ccc,numbered,93847,completed,sold,1,2026-06-08 16:23:36.875381+00,2026-06-08 16:24:08.233651+00,2026-06-08 16:24:08.339448+00,0.105797,31.464067,
408d7e86-02c6-430f-a78b-f8b444a28594,numbered,74237,completed,sold,1,2026-06-08 16:23:36.885414+00,2026-06-08 16:24:08.25117+00,2026-06-08 16:24:08.356212+00,0.105042,31.470798,
dd88c060-18dd-4a95-a32d-adfa97a01ef8,numbered,45661,completed,sold,1,2026-06-08 16:23:36.892039+00,2026-06-08 16:24:08.256501+00,2026-06-08 16:24:08.365532+00,0.109031,31.473493,
f7dd6266-2d9a-40ae-a710-f27616ce940e,numbered,13979,completed,sold,1,2026-06-08 16:23:36.882043+00,2026-06-08 16:24:08.255728+00,2026-06-08 16:24:08.368938+00,0.113210,31.486895,
c82ec20a-493b-4026-bd56-acdcfa9e6fc5,numbered,4595,completed,sold,1,2026-06-08 16:23:36.888701+00,2026-06-08 16:24:08.262745+00,2026-06-08 16:24:08.370945+00,0.108200,31.482244,
7a2a42bb-afe0-40e8-93e1-ac2ee85f5611,numbered,67123,completed,sold,1,2026-06-08 16:23:36.895284+00,2026-06-08 16:24:08.258565+00,2026-06-08 16:24:08.373564+00,0.114999,31.478280,
9ac50b9d-2397-4045-8b9f-24449e63737e,numbered,85692,completed,sold,1,2026-06-08 16:23:36.898498+00,2026-06-08 16:24:08.275448+00,2026-06-08 16:24:08.384055+00,0.108607,31.485557,
7ed3b4f6-cca6-497d-9fbb-4cc720ae872c,numbered,62920,completed,sold,1,2026-06-08 16:23:36.904747+00,2026-06-08 16:24:08.373085+00,2026-06-08 16:24:08.477908+00,0.104823,31.573161,
674a0a2c-eeca-4347-b9c2-2e3cd901a2f7,numbered,71957,completed,sold,1,2026-06-08 16:23:36.901637+00,2026-06-08 16:24:08.378351+00,2026-06-08 16:24:08.483513+00,0.105162,31.581876,
c17fc781-d205-4d84-accd-38a4bf14f9f5,numbered,30348,completed,sold,1,2026-06-08 16:23:36.908077+00,2026-06-08 16:24:08.394578+00,2026-06-08 16:24:08.500486+00,0.105908,31.592409,
672416f9-817a-45a8-aa08-eeb7fc29f25e,numbered,20574,completed,sold,1,2026-06-08 16:23:36.915208+00,2026-06-08 16:24:08.40686+00,2026-06-08 16:24:08.512768+00,0.105908,31.597560,
760ff14e-ae07-4527-b139-be0e665a8c5f,numbered,99266,completed,sold,1,2026-06-08 16:23:36.911613+00,2026-06-08 16:24:08.405196+00,2026-06-08 16:24:08.513316+00,0.108120,31.601703,
e00a4e60-1be7-48c6-91e5-4a1ff65807d0,numbered,46293,completed,sold,1,2026-06-08 16:23:36.9185+00,2026-06-08 16:24:08.406072+00,2026-06-08 16:24:08.514176+00,0.108104,31.595676,
34a02e57-a142-4136-ab7a-dcc6e5626410,numbered,80694,completed,sold,1,2026-06-08 16:23:36.925623+00,2026-06-08 16:24:08.416822+00,2026-06-08 16:24:08.525951+00,0.109129,31.600328,
c1b220b8-168f-4e48-886d-d07ad23d1e19,numbered,80362,completed,sold,1,2026-06-08 16:23:36.9219+00,2026-06-08 16:24:08.419461+00,2026-06-08 16:24:08.526835+00,0.107374,31.604935,
7be6b0ea-4b11-43b8-bc7e-4f064f4fde23,numbered,89509,completed,sold,1,2026-06-08 16:23:36.929223+00,2026-06-08 16:24:08.501748+00,2026-06-08 16:24:08.606615+00,0.104867,31.677392,
9a281036-9e2e-4e76-9f14-644ea842b5d0,numbered,22757,completed,sold,1,2026-06-08 16:23:36.932573+00,2026-06-08 16:24:08.511962+00,2026-06-08 16:24:08.616861+00,0.104899,31.684288,
94fc9de9-db61-458a-a710-fba143ab28e4,numbered,88116,completed,sold,1,2026-06-08 16:23:36.943089+00,2026-06-08 16:24:08.548122+00,2026-06-08 16:24:08.653165+00,0.105043,31.710076,
1de8f0eb-077b-46e0-8f4e-9dbb86df0b15,numbered,93231,completed,sold,1,2026-06-08 16:23:36.954493+00,2026-06-08 16:24:08.552581+00,2026-06-08 16:24:08.659595+00,0.107014,31.705102,
5e889442-812a-4ee8-8251-e625bea37449,numbered,77536,completed,sold,1,2026-06-08 16:23:36.939241+00,2026-06-08 16:24:08.552025+00,2026-06-08 16:24:08.662815+00,0.110790,31.723574,
05189b73-f87f-4676-a394-f045033d5c9f,numbered,26580,completed,sold,1,2026-06-08 16:23:36.947905+00,2026-06-08 16:24:08.553246+00,2026-06-08 16:24:08.663366+00,0.110120,31.715461,
9d7f5a32-b9d0-4c9e-8cca-a4b83474e8d7,numbered,42193,completed,sold,1,2026-06-08 16:23:36.935965+00,2026-06-08 16:24:08.557469+00,2026-06-08 16:24:08.663945+00,0.106476,31.727980,
3fd2f699-6551-4951-8088-9dd00601f8a8,numbered,56860,completed,sold,1,2026-06-08 16:23:36.959349+00,2026-06-08 16:24:08.567177+00,2026-06-08 16:24:08.677414+00,0.110237,31.718065,
a3fce930-274a-4fb0-8b5f-22f6b12a2ca0,numbered,85896,completed,sold,1,2026-06-08 16:23:36.962917+00,2026-06-08 16:24:08.631119+00,2026-06-08 16:24:08.736398+00,0.105279,31.773481,
9fd7ec33-53b1-41bc-84db-b890c8e1ebe9,numbered,85551,completed,sold,1,2026-06-08 16:23:36.966547+00,2026-06-08 16:24:08.64074+00,2026-06-08 16:24:08.746321+00,0.105581,31.779774,
a56a46d3-6ced-4f36-97a7-d7eb4afa735b,numbered,54422,completed,sold,1,2026-06-08 16:23:36.974377+00,2026-06-08 16:24:08.69094+00,2026-06-08 16:24:08.795827+00,0.104887,31.821450,
78f22792-ed2a-46a8-aa85-fb0385b3b2b8,numbered,8044,completed,sold,1,2026-06-08 16:23:36.970384+00,2026-06-08 16:24:08.691502+00,2026-06-08 16:24:08.796506+00,0.105004,31.826122,
d16fa6c8-876a-44a8-9406-ee077b1b16c0,numbered,94693,completed,sold,1,2026-06-08 16:23:36.977915+00,2026-06-08 16:24:08.697012+00,2026-06-08 16:24:08.80316+00,0.106148,31.825245,
6e1c9d4f-9109-49ae-b79e-76db4a32a174,numbered,11147,completed,seat_unavailable,1,2026-06-08 16:23:36.994181+00,2026-06-08 16:24:08.709601+00,2026-06-08 16:24:08.813106+00,0.103505,31.818925,
5609c760-e9ed-4da0-a5df-5a412500d573,numbered,25480,completed,sold,1,2026-06-08 16:23:36.989962+00,2026-06-08 16:24:08.712614+00,2026-06-08 16:24:08.824581+00,0.111967,31.834619,
f984e603-dd25-47e7-974d-c15a36cdf208,numbered,60361,completed,sold,1,2026-06-08 16:23:36.985013+00,2026-06-08 16:24:08.714873+00,2026-06-08 16:24:08.825162+00,0.110289,31.840149,
ff28f31d-8f7a-45a5-b985-51e1dae788bf,numbered,13811,completed,sold,1,2026-06-08 16:23:36.997599+00,2026-06-08 16:24:08.759083+00,2026-06-08 16:24:08.863679+00,0.104596,31.866080,
82b56c1c-b6dd-40a5-9f94-1c749572b8eb,numbered,35207,completed,sold,1,2026-06-08 16:23:37.001089+00,2026-06-08 16:24:08.770681+00,2026-06-08 16:24:08.875177+00,0.104496,31.874088,
dc3ca467-3338-4166-be08-5f948cd1772d,numbered,59949,completed,sold,1,2026-06-08 16:23:37.004615+00,2026-06-08 16:24:08.823403+00,2026-06-08 16:24:08.927655+00,0.104252,31.923040,
b70871fa-92c8-43d5-9997-97ce7a45f3fa,numbered,36667,completed,sold,1,2026-06-08 16:23:37.011943+00,2026-06-08 16:24:08.835079+00,2026-06-08 16:24:08.942553+00,0.107474,31.930610,
d779d4a1-5800-4910-9c40-5c8a4a6468a8,numbered,60285,completed,sold,1,2026-06-08 16:23:37.008505+00,2026-06-08 16:24:08.837339+00,2026-06-08 16:24:08.943028+00,0.105689,31.934523,
a296d856-fa1b-4cd3-bca7-287a3649ccd5,numbered,92539,completed,sold,1,2026-06-08 16:23:37.015755+00,2026-06-08 16:24:08.847035+00,2026-06-08 16:24:08.953535+00,0.106500,31.937780,
9acf8701-995e-4315-980c-5207c4ee0b82,numbered,41129,completed,sold,1,2026-06-08 16:23:37.0229+00,2026-06-08 16:24:08.855108+00,2026-06-08 16:24:08.961749+00,0.106641,31.938849,
59c34faa-07cc-4d89-a757-373086ab9087,numbered,14599,completed,sold,1,2026-06-08 16:23:37.019429+00,2026-06-08 16:24:08.857774+00,2026-06-08 16:24:08.965803+00,0.108029,31.946374,
aa893d0b-3bd1-47d6-b8aa-52ffcd743721,numbered,65233,completed,sold,1,2026-06-08 16:23:37.02644+00,2026-06-08 16:24:08.886456+00,2026-06-08 16:24:08.991458+00,0.105002,31.965018,
9822cd5d-9675-4d26-8ede-743facc0b8e0,numbered,60027,completed,sold,1,2026-06-08 16:23:37.029703+00,2026-06-08 16:24:08.898275+00,2026-06-08 16:24:09.002723+00,0.104448,31.973020,
d54e7674-bed6-4d87-9295-82f24c4481eb,numbered,34885,completed,sold,1,2026-06-08 16:23:37.033065+00,2026-06-08 16:24:08.954045+00,2026-06-08 16:24:09.058678+00,0.104633,32.025613,
7ead39c3-fa0f-471f-be6f-0ee550f258de,numbered,8258,completed,sold,1,2026-06-08 16:23:37.036441+00,2026-06-08 16:24:08.976921+00,2026-06-08 16:24:09.083405+00,0.106484,32.046964,
0047caed-1e6a-4728-9dc0-7df47b72822d,numbered,17254,completed,sold,1,2026-06-08 16:23:37.039797+00,2026-06-08 16:24:08.980021+00,2026-06-08 16:24:09.08543+00,0.105409,32.045633,
b44e6956-b339-4662-8225-4145b4b600f1,numbered,13802,completed,sold,1,2026-06-08 16:23:37.043204+00,2026-06-08 16:24:08.984712+00,2026-06-08 16:24:09.091243+00,0.106531,32.048039,
65381b2c-dff8-4705-bf99-f2a28e1a9068,numbered,85564,completed,sold,1,2026-06-08 16:23:37.04691+00,2026-06-08 16:24:08.993731+00,2026-06-08 16:24:09.099694+00,0.105963,32.052784,
1defa11a-2aab-4233-97f7-08dacee3131d,numbered,7146,completed,sold,1,2026-06-08 16:23:37.050394+00,2026-06-08 16:24:09.002387+00,2026-06-08 16:24:09.109012+00,0.106625,32.058618,
a692264f-4551-4124-a406-2c1581bea22a,numbered,65708,completed,sold,1,2026-06-08 16:23:37.054006+00,2026-06-08 16:24:09.018101+00,2026-06-08 16:24:09.123263+00,0.105162,32.069257,
01755193-8366-4f56-ae71-85c0e3cb3cd6,numbered,43863,completed,sold,1,2026-06-08 16:23:37.057536+00,2026-06-08 16:24:09.024412+00,2026-06-08 16:24:09.132028+00,0.107616,32.074492,
4de5c0e9-878c-43a2-a2ac-2c54f8fbc233,numbered,70827,completed,sold,1,2026-06-08 16:23:37.060936+00,2026-06-08 16:24:09.079333+00,2026-06-08 16:24:09.183907+00,0.104574,32.122971,
9eb623d3-56fc-4452-93cb-8e94e47326bc,numbered,29961,completed,seat_unavailable,1,2026-06-08 16:23:37.068135+00,2026-06-08 16:24:09.114105+00,2026-06-08 16:24:09.21718+00,0.103075,32.149045,
e28881d7-ba16-4d4d-bc16-a5ab295aa784,numbered,4077,completed,sold,1,2026-06-08 16:23:37.071812+00,2026-06-08 16:24:09.124584+00,2026-06-08 16:24:09.230593+00,0.106009,32.158781,
9c217086-d6a0-49fc-bbf4-5078289803e6,numbered,96584,completed,sold,1,2026-06-08 16:23:37.064587+00,2026-06-08 16:24:09.127214+00,2026-06-08 16:24:09.233165+00,0.105951,32.168578,
8999302f-8dfe-477c-ac35-1af709f921fb,numbered,45860,completed,sold,1,2026-06-08 16:23:37.075999+00,2026-06-08 16:24:09.129734+00,2026-06-08 16:24:09.235119+00,0.105385,32.159120,
b7763218-25c2-47a4-924c-641cae527acb,numbered,7365,completed,sold,1,2026-06-08 16:23:37.088513+00,2026-06-08 16:24:09.154433+00,2026-06-08 16:24:09.25974+00,0.105307,32.171227,
8a566dbd-b016-453d-b1b7-c8209dd93de4,numbered,21589,completed,sold,1,2026-06-08 16:23:37.084378+00,2026-06-08 16:24:09.151676+00,2026-06-08 16:24:09.260247+00,0.108571,32.175869,
352fc265-5a54-413e-be60-dc53f315f979,numbered,87737,completed,sold,1,2026-06-08 16:23:37.080049+00,2026-06-08 16:24:09.152556+00,2026-06-08 16:24:09.260971+00,0.108415,32.180922,
d3ffa811-b8ea-4861-b97f-4db226d71e20,numbered,44855,completed,sold,1,2026-06-08 16:23:37.09254+00,2026-06-08 16:24:09.203392+00,2026-06-08 16:24:09.307566+00,0.104174,32.215026,
32e0053b-d61d-4097-99ee-d7df16645883,numbered,96303,completed,sold,1,2026-06-08 16:23:37.096775+00,2026-06-08 16:24:09.249722+00,2026-06-08 16:24:09.35535+00,0.105628,32.258575,
30671abf-ad07-4054-a469-8d2bfaee7af4,numbered,61728,completed,sold,1,2026-06-08 16:23:37.123024+00,2026-06-08 16:24:09.276721+00,2026-06-08 16:24:09.383003+00,0.106282,32.259979,
6db152b7-0aa1-4d4e-9191-84b09ec4e8fd,numbered,6257,completed,sold,1,2026-06-08 16:23:37.109547+00,2026-06-08 16:24:09.277461+00,2026-06-08 16:24:09.383398+00,0.105937,32.273851,
c9d5cdb5-dcd5-45cf-adb6-0250e10720a9,numbered,38872,completed,sold,1,2026-06-08 16:23:37.128854+00,2026-06-08 16:24:09.280146+00,2026-06-08 16:24:09.385551+00,0.105405,32.256697,
0fe87c05-9363-4511-ba1b-e3f826abe9f7,numbered,35972,completed,sold,1,2026-06-08 16:23:37.137965+00,2026-06-08 16:24:09.288442+00,2026-06-08 16:24:09.396579+00,0.108137,32.258614,
565cdd8e-6340-4632-bd76-1449c117f9c1,numbered,40777,completed,sold,1,2026-06-08 16:23:37.141606+00,2026-06-08 16:24:09.291578+00,2026-06-08 16:24:09.3971+00,0.105522,32.255494,
31945a57-49b1-4743-a42c-9db26a92b96d,numbered,74792,completed,sold,1,2026-06-08 16:23:37.145039+00,2026-06-08 16:24:09.293762+00,2026-06-08 16:24:09.400015+00,0.106253,32.254976,
5dec973a-510d-4d77-8b86-ace7bb4fc694,numbered,11843,completed,sold,1,2026-06-08 16:23:37.148429+00,2026-06-08 16:24:09.327258+00,2026-06-08 16:24:09.43175+00,0.104492,32.283321,
580b42e7-291e-4b50-8231-b4f4f54d2616,numbered,9438,completed,sold,1,2026-06-08 16:23:37.151802+00,2026-06-08 16:24:09.37834+00,2026-06-08 16:24:09.48325+00,0.104910,32.331448,
2db42ebf-ce06-484b-b6a3-0c6e47bccf4b,numbered,64623,completed,sold,1,2026-06-08 16:23:37.165915+00,2026-06-08 16:24:09.426668+00,2026-06-08 16:24:09.531632+00,0.104964,32.365717,
b92116ab-25e4-4653-b2a3-c5701c3e4a11,numbered,98301,completed,sold,1,2026-06-08 16:23:37.169098+00,2026-06-08 16:24:09.430449+00,2026-06-08 16:24:09.53569+00,0.105241,32.366592,
ce59e453-da06-4b72-8a46-44679ef588f5,numbered,15082,completed,sold,1,2026-06-08 16:23:37.155733+00,2026-06-08 16:24:09.429773+00,2026-06-08 16:24:09.540771+00,0.110998,32.385038,
41ed0752-f017-471b-9616-4d763e6be892,numbered,28401,completed,sold,1,2026-06-08 16:23:37.162516+00,2026-06-08 16:24:09.438677+00,2026-06-08 16:24:09.545968+00,0.107291,32.383452,
c34ee7fc-5284-4bc9-b184-abb5a3aaaf3b,numbered,40584,completed,sold,1,2026-06-08 16:23:37.159245+00,2026-06-08 16:24:09.427878+00,2026-06-08 16:24:09.546358+00,0.118480,32.387113,
9553eb3c-69ec-4e74-9bc0-22dd7b541686,numbered,58916,completed,sold,1,2026-06-08 16:23:37.172434+00,2026-06-08 16:24:09.439752+00,2026-06-08 16:24:09.54708+00,0.107328,32.374646,
18f2be16-f733-4911-901a-fb1f18236559,numbered,7385,completed,sold,1,2026-06-08 16:23:37.175939+00,2026-06-08 16:24:09.452125+00,2026-06-08 16:24:09.561433+00,0.109308,32.385494,
6b409feb-0570-4d6a-94d3-aa902fbc504e,numbered,49443,completed,sold,1,2026-06-08 16:23:37.179349+00,2026-06-08 16:24:09.505016+00,2026-06-08 16:24:09.610096+00,0.105080,32.430747,
123d3537-e0b0-47be-a970-ac149b268719,numbered,94334,completed,sold,1,2026-06-08 16:23:37.186122+00,2026-06-08 16:24:09.572518+00,2026-06-08 16:24:09.678175+00,0.105657,32.492053,
766bdac2-2b6b-41b2-9dc2-f72788800537,numbered,50989,completed,sold,1,2026-06-08 16:23:37.182771+00,2026-06-08 16:24:09.572293+00,2026-06-08 16:24:09.678175+00,0.105882,32.495404,
d3da8fb3-1b3a-4916-9e74-a05b43378eff,numbered,92912,completed,sold,1,2026-06-08 16:23:37.19049+00,2026-06-08 16:24:09.578226+00,2026-06-08 16:24:09.684095+00,0.105869,32.493605,
5af2f81f-bbd1-47f4-87e4-ef2236f2eaf4,numbered,31790,completed,sold,1,2026-06-08 16:23:37.204451+00,2026-06-08 16:24:09.591987+00,2026-06-08 16:24:09.697151+00,0.105164,32.492700,
d3456d8b-ba99-43ae-9b25-724e8d5e10c4,numbered,55397,completed,sold,1,2026-06-08 16:23:37.201122+00,2026-06-08 16:24:09.594437+00,2026-06-08 16:24:09.702682+00,0.108245,32.501560,
6000feee-42a6-4f46-b92a-5ba2baccf59e,numbered,11886,completed,sold,1,2026-06-08 16:23:37.197605+00,2026-06-08 16:24:09.596359+00,2026-06-08 16:24:09.703577+00,0.107218,32.505972,
ceb8ccb8-093f-477d-a2c6-47d45d63ef1f,numbered,68273,completed,sold,1,2026-06-08 16:23:37.194163+00,2026-06-08 16:24:09.59686+00,2026-06-08 16:24:09.704282+00,0.107422,32.510119,
ccf5e9f5-5a2f-4c2f-a1cf-f89c3c5ac9be,numbered,90236,completed,sold,1,2026-06-08 16:23:37.207731+00,2026-06-08 16:24:09.635796+00,2026-06-08 16:24:09.743308+00,0.107512,32.535577,
5c922c76-3b70-4c6e-8158-4be8158b22c0,numbered,31286,completed,sold,1,2026-06-08 16:23:37.214241+00,2026-06-08 16:24:09.711029+00,2026-06-08 16:24:09.815614+00,0.104585,32.601373,
2c36b0fd-2c62-4bab-a38a-c3dd4b55dfdc,numbered,23241,completed,sold,1,2026-06-08 16:23:37.211027+00,2026-06-08 16:24:09.71899+00,2026-06-08 16:24:09.825957+00,0.106967,32.614930,
8e965bc5-e02e-47a4-9f2d-617a6d22e305,numbered,56735,completed,sold,1,2026-06-08 16:23:37.217954+00,2026-06-08 16:24:09.720704+00,2026-06-08 16:24:09.826237+00,0.105533,32.608283,
77c30514-0489-43c2-80c4-50b78dc35921,numbered,39782,completed,seat_unavailable,1,2026-06-08 16:23:37.227887+00,2026-06-08 16:24:09.745209+00,2026-06-08 16:24:09.849174+00,0.103965,32.621287,
2bcf7387-2202-4adb-a094-88b15b4af6a4,numbered,15031,completed,sold,1,2026-06-08 16:23:37.221205+00,2026-06-08 16:24:09.743084+00,2026-06-08 16:24:09.850996+00,0.107912,32.629791,
469a9807-80f8-44b6-bcee-e21a0cdb7ad2,numbered,76657,completed,sold,1,2026-06-08 16:23:37.224451+00,2026-06-08 16:24:09.744545+00,2026-06-08 16:24:09.852723+00,0.108178,32.628272,
744098d4-e7eb-4b12-a6fe-5dd6b236ca00,numbered,87153,completed,sold,1,2026-06-08 16:23:37.231123+00,2026-06-08 16:24:09.746092+00,2026-06-08 16:24:09.857188+00,0.111096,32.626065,
aba0503e-c7f8-4519-8cbb-5764506b9068,numbered,90999,completed,sold,1,2026-06-08 16:23:37.234552+00,2026-06-08 16:24:09.766254+00,2026-06-08 16:24:09.871746+00,0.105492,32.637194,
d89dafb7-d5fb-4b03-b73f-40a7ac293bbc,numbered,34096,completed,sold,1,2026-06-08 16:23:37.237994+00,2026-06-08 16:24:09.840807+00,2026-06-08 16:24:09.945337+00,0.104530,32.707343,
b9400d62-723b-4bde-add7-0859c380b1ee,numbered,2649,completed,sold,1,2026-06-08 16:23:37.24128+00,2026-06-08 16:24:09.871007+00,2026-06-08 16:24:09.976072+00,0.105065,32.734792,
a376f046-01ac-4fe8-9c76-efde2afd6a61,numbered,11037,completed,sold,1,2026-06-08 16:23:37.244671+00,2026-06-08 16:24:09.871668+00,2026-06-08 16:24:09.976911+00,0.105243,32.732240,
e7bf0860-21ca-4275-82ff-e6e61a178932,numbered,987,completed,sold,1,2026-06-08 16:23:37.262223+00,2026-06-08 16:24:09.882711+00,2026-06-08 16:24:09.98768+00,0.104969,32.725457,
e319d5ab-dbb4-4a9e-8176-aa36375cbe88,numbered,53509,completed,sold,1,2026-06-08 16:23:37.247934+00,2026-06-08 16:24:09.889684+00,2026-06-08 16:24:10.000269+00,0.110585,32.752335,
d6aef0a7-e5aa-4e91-8aad-35f7fcfdb603,numbered,33404,completed,sold,1,2026-06-08 16:23:37.277403+00,2026-06-08 16:24:09.892089+00,2026-06-08 16:24:10.000877+00,0.108788,32.723474,
0160dc15-19a7-4fc3-a69b-615c91fbc66f,numbered,10341,completed,sold,1,2026-06-08 16:23:37.273884+00,2026-06-08 16:24:09.893024+00,2026-06-08 16:24:10.00411+00,0.111086,32.730226,
1519010e-02ef-4420-b966-e5f6e9e4114c,numbered,72627,completed,sold,1,2026-06-08 16:23:37.281947+00,2026-06-08 16:24:09.900465+00,2026-06-08 16:24:10.006315+00,0.105850,32.724368,
9d7f70f4-6f0d-4dfd-8b5c-7660f20f65ec,numbered,54861,completed,sold,1,2026-06-08 16:23:37.286174+00,2026-06-08 16:24:09.966498+00,2026-06-08 16:24:10.071251+00,0.104753,32.785077,
3f639fdb-164d-46cf-92a1-25b8bb1e489e,numbered,65430,completed,sold,1,2026-06-08 16:23:37.291388+00,2026-06-08 16:24:10.007198+00,2026-06-08 16:24:10.111847+00,0.104649,32.820459,
761cb2fb-05b7-4252-8181-db0bdbaadd3b,numbered,74841,completed,sold,1,2026-06-08 16:23:37.294839+00,2026-06-08 16:24:10.024566+00,2026-06-08 16:24:10.132718+00,0.108152,32.837879,
9ba5ec6d-3937-4307-b682-2d2fde8c014c,numbered,40176,completed,sold,1,2026-06-08 16:23:37.300038+00,2026-06-08 16:24:10.025034+00,2026-06-08 16:24:10.133253+00,0.108219,32.833215,
6a209ef3-3e09-4ac9-9d81-1e9b2e0b50dc,numbered,83273,completed,sold,1,2026-06-08 16:23:37.315111+00,2026-06-08 16:24:10.041999+00,2026-06-08 16:24:10.149706+00,0.107707,32.834595,
e0eb1413-cb6a-4839-966c-667c26a5f748,numbered,47772,completed,sold,1,2026-06-08 16:23:37.30328+00,2026-06-08 16:24:10.041355+00,2026-06-08 16:24:10.150283+00,0.108928,32.847003,
e1cae55b-f2ff-40d8-ac22-9ffd6c1333ca,numbered,54837,completed,sold,1,2026-06-08 16:23:37.30975+00,2026-06-08 16:24:10.042474+00,2026-06-08 16:24:10.150803+00,0.108329,32.841053,
b9f7bba1-fd0e-449d-847a-5edd1208fcf4,numbered,11105,completed,sold,1,2026-06-08 16:23:37.306501+00,2026-06-08 16:24:10.044389+00,2026-06-08 16:24:10.151976+00,0.107587,32.845475,
8215aadb-64f9-4b46-afc6-8e3aa2aa28af,numbered,36461,completed,sold,1,2026-06-08 16:23:37.318616+00,2026-06-08 16:24:10.093697+00,2026-06-08 16:24:10.198413+00,0.104716,32.879797,
4a45da24-c482-4a7b-a79b-5a5264e6c828,numbered,41758,completed,sold,1,2026-06-08 16:23:37.322425+00,2026-06-08 16:24:10.135333+00,2026-06-08 16:24:10.240313+00,0.104980,32.917888,
694eb6d4-2b10-4924-a408-bb1988db9b66,numbered,89415,completed,sold,1,2026-06-08 16:23:37.329103+00,2026-06-08 16:24:10.172522+00,2026-06-08 16:24:10.277138+00,0.104616,32.948035,
69564523-f487-4927-a9a7-0dec44cd6544,numbered,76765,completed,sold,1,2026-06-08 16:23:37.325726+00,2026-06-08 16:24:10.175493+00,2026-06-08 16:24:10.281076+00,0.105583,32.955350,
2ffe3440-3927-447f-bb30-4d8930fe3c3d,numbered,71648,completed,sold,1,2026-06-08 16:23:37.332455+00,2026-06-08 16:24:10.183445+00,2026-06-08 16:24:10.290497+00,0.107052,32.958042,
81a3a46b-1259-4fdd-8f82-c500d64a6897,numbered,85980,completed,sold,1,2026-06-08 16:23:37.335657+00,2026-06-08 16:24:10.184847+00,2026-06-08 16:24:10.296102+00,0.111255,32.960445,
7007d83a-df0b-4b0c-8273-12afb9ac0f35,numbered,4650,completed,sold,1,2026-06-08 16:23:37.342594+00,2026-06-08 16:24:10.190825+00,2026-06-08 16:24:10.296963+00,0.106138,32.954369,
a0f589da-b6ed-4318-b86f-02cba581f626,numbered,5155,completed,sold,1,2026-06-08 16:23:37.339149+00,2026-06-08 16:24:10.18594+00,2026-06-08 16:24:10.304165+00,0.118225,32.965016,
537ce28d-d165-4a9e-8fb9-75d66620453a,numbered,38570,completed,sold,1,2026-06-08 16:23:37.345938+00,2026-06-08 16:24:10.219538+00,2026-06-08 16:24:10.325575+00,0.106037,32.979637,
a3b32d8b-d7db-482c-8f1a-cf9eb302d17d,numbered,90372,completed,seat_unavailable,1,2026-06-08 16:23:37.349143+00,2026-06-08 16:24:10.261619+00,2026-06-08 16:24:10.364351+00,0.102732,33.015208,
43c0f2ce-0c07-4ebe-bab7-f726743ac641,numbered,83640,completed,sold,1,2026-06-08 16:23:37.352428+00,2026-06-08 16:24:10.309921+00,2026-06-08 16:24:10.41423+00,0.104309,33.061802,
90cf2bce-db3a-4b63-be6e-d2011dfda385,numbered,53412,completed,sold,1,2026-06-08 16:23:37.355861+00,2026-06-08 16:24:10.316913+00,2026-06-08 16:24:10.422045+00,0.105132,33.066184,
685c1c98-4459-44fd-ab7e-eda248697eee,numbered,29771,completed,sold,1,2026-06-08 16:23:37.359204+00,2026-06-08 16:24:10.330892+00,2026-06-08 16:24:10.436547+00,0.105655,33.077343,
afa46695-340f-4f63-a363-96c9b30f664b,numbered,70380,completed,sold,1,2026-06-08 16:23:37.362551+00,2026-06-08 16:24:10.335813+00,2026-06-08 16:24:10.444655+00,0.108842,33.082104,
aa1212e6-3f81-42bd-b20e-8d359c70e255,numbered,7001,completed,sold,1,2026-06-08 16:23:37.366077+00,2026-06-08 16:24:10.336704+00,2026-06-08 16:24:10.446659+00,0.109955,33.080582,
19834dca-b00f-4c05-b0f1-f128e2c700c3,numbered,39392,completed,sold,1,2026-06-08 16:23:37.369465+00,2026-06-08 16:24:10.341474+00,2026-06-08 16:24:10.447516+00,0.106042,33.078051,
7c1c840d-788d-4d9a-bd6c-ef426d9e881a,numbered,61203,completed,sold,1,2026-06-08 16:23:37.372842+00,2026-06-08 16:24:10.35233+00,2026-06-08 16:24:10.457927+00,0.105597,33.085085,
d80da3f1-5a8d-4bd3-9562-4c7c429d258e,numbered,5156,completed,sold,1,2026-06-08 16:23:37.376088+00,2026-06-08 16:24:10.386467+00,2026-06-08 16:24:10.49098+00,0.104513,33.114892,
3738955c-7991-4e2e-ade7-8621e58f4611,numbered,26121,completed,sold,1,2026-06-08 16:23:37.379583+00,2026-06-08 16:24:10.437444+00,2026-06-08 16:24:10.541989+00,0.104545,33.162406,
56cd10f0-bfbe-41f3-bd68-d91d90f9453a,numbered,42397,completed,sold,1,2026-06-08 16:23:37.382973+00,2026-06-08 16:24:10.451191+00,2026-06-08 16:24:10.556087+00,0.104896,33.173114,
eca4dc47-20f0-41d8-b00b-838bc9a81263,numbered,72389,completed,sold,1,2026-06-08 16:23:37.386473+00,2026-06-08 16:24:10.47316+00,2026-06-08 16:24:10.578355+00,0.105195,33.191882,
891a0f61-055f-4e5f-88d1-9f0e525b2b3d,numbered,24235,completed,sold,1,2026-06-08 16:23:37.389922+00,2026-06-08 16:24:10.479654+00,2026-06-08 16:24:10.586614+00,0.106960,33.196692,
1824b6fc-563e-42af-a2ca-cc86226fd2ec,numbered,36598,completed,sold,1,2026-06-08 16:23:37.396776+00,2026-06-08 16:24:10.48379+00,2026-06-08 16:24:10.591065+00,0.107275,33.194289,
512afde1-82fa-4dc5-a90f-1aff9481b58f,numbered,43459,completed,sold,1,2026-06-08 16:23:37.401041+00,2026-06-08 16:24:10.485774+00,2026-06-08 16:24:10.591638+00,0.105864,33.190597,
515ddb32-0e04-4b53-a42d-41f55e5c1bb8,numbered,20472,completed,sold,1,2026-06-08 16:23:37.39324+00,2026-06-08 16:24:10.489209+00,2026-06-08 16:24:10.601289+00,0.112080,33.208049,
f28b1f32-283d-4ed8-a403-e9d1d0e2ea5d,numbered,79365,completed,sold,1,2026-06-08 16:23:37.405071+00,2026-06-08 16:24:10.511925+00,2026-06-08 16:24:10.61817+00,0.106245,33.213099,
e50c43f2-196c-4997-b5ce-ec3fa2755ae6,numbered,89449,completed,sold,1,2026-06-08 16:23:37.417312+00,2026-06-08 16:24:10.563291+00,2026-06-08 16:24:10.667636+00,0.104345,33.250324,
3b1db9ad-b84c-4665-90a6-76c76b77b460,numbered,14295,completed,sold,1,2026-06-08 16:23:37.431811+00,2026-06-08 16:24:10.584905+00,2026-06-08 16:24:10.691439+00,0.106534,33.259628,
30b9e02d-2147-4421-956a-fe6d177a40a5,numbered,7542,completed,sold,1,2026-06-08 16:23:37.43792+00,2026-06-08 16:24:10.607706+00,2026-06-08 16:24:10.713647+00,0.105941,33.275727,
af7468bf-1391-4e97-ba59-74c47a101e38,numbered,22124,completed,sold,1,2026-06-08 16:23:37.450989+00,2026-06-08 16:24:10.622016+00,2026-06-08 16:24:10.726605+00,0.104589,33.275616,
8bb9a052-7f6a-479f-85c5-eba5dd2f12c0,numbered,74866,completed,sold,1,2026-06-08 16:23:37.441612+00,2026-06-08 16:24:10.627157+00,2026-06-08 16:24:10.734397+00,0.107240,33.292785,
c22fc9b2-daf8-4c63-be56-64d346209139,numbered,42429,completed,sold,1,2026-06-08 16:23:37.447319+00,2026-06-08 16:24:10.628103+00,2026-06-08 16:24:10.736072+00,0.107969,33.288753,
36428bbc-cf38-4d5d-abf0-e7ee607781ba,numbered,73945,completed,sold,1,2026-06-08 16:23:37.455199+00,2026-06-08 16:24:10.633243+00,2026-06-08 16:24:10.739537+00,0.106294,33.284338,
540a2794-d04c-440a-b22c-6308ad5460da,numbered,91239,completed,sold,1,2026-06-08 16:23:37.45864+00,2026-06-08 16:24:10.643996+00,2026-06-08 16:24:10.753407+00,0.109411,33.294767,
aa73957b-37d0-4609-ad46-f704e606ec98,numbered,78196,completed,sold,1,2026-06-08 16:23:37.462124+00,2026-06-08 16:24:10.688351+00,2026-06-08 16:24:10.793146+00,0.104795,33.331022,
cf251637-d7a0-457a-a6cd-09b9292cd1e7,numbered,16861,completed,sold,1,2026-06-08 16:23:37.465639+00,2026-06-08 16:24:10.715041+00,2026-06-08 16:24:10.81963+00,0.104589,33.353991,
678d6556-0dbc-44b3-b84e-884a33540825,numbered,21564,completed,sold,1,2026-06-08 16:23:37.469014+00,2026-06-08 16:24:10.7489+00,2026-06-08 16:24:10.8543+00,0.105400,33.385286,
7e85b367-caf7-4cdc-9566-463ca1a1c05c,numbered,71900,completed,sold,1,2026-06-08 16:23:37.472462+00,2026-06-08 16:24:10.761484+00,2026-06-08 16:24:10.86639+00,0.104906,33.393928,
81de2b51-8786-4e84-95b5-48649cc73ead,numbered,36236,completed,sold,1,2026-06-08 16:23:37.482609+00,2026-06-08 16:24:10.774961+00,2026-06-08 16:24:10.881558+00,0.106597,33.398949,
749be538-56dc-4363-b7de-14381926b666,numbered,46126,completed,sold,1,2026-06-08 16:23:37.478987+00,2026-06-08 16:24:10.77567+00,2026-06-08 16:24:10.883617+00,0.107947,33.404630,
54dc6b76-fe8a-41aa-8c1a-31f19cde38b7,numbered,36740,completed,sold,1,2026-06-08 16:23:37.475742+00,2026-06-08 16:24:10.777556+00,2026-06-08 16:24:10.885647+00,0.108091,33.409905,
96a9d4e1-cd27-4421-a33b-6101df19617f,numbered,81119,completed,sold,1,2026-06-08 16:23:37.486+00,2026-06-08 16:24:10.7793+00,2026-06-08 16:24:10.893164+00,0.113864,33.407164,
b13dc0bf-6f33-4b7d-bd3e-e0b2b2735577,numbered,13873,completed,sold,1,2026-06-08 16:23:37.48929+00,2026-06-08 16:24:10.81501+00,2026-06-08 16:24:10.92004+00,0.105030,33.430750,
8bd77397-821c-403d-a068-404e4990f089,numbered,15065,completed,sold,1,2026-06-08 16:23:37.49297+00,2026-06-08 16:24:10.842519+00,2026-06-08 16:24:10.947406+00,0.104887,33.454436,
7ae08c2f-0706-48ce-9f37-f0cb1efac2c6,numbered,47720,completed,sold,1,2026-06-08 16:23:37.49651+00,2026-06-08 16:24:10.882401+00,2026-06-08 16:24:10.987771+00,0.105370,33.491261,
55242f88-db17-4336-a739-597f48bbb767,numbered,92457,completed,sold,1,2026-06-08 16:23:37.499997+00,2026-06-08 16:24:10.899271+00,2026-06-08 16:24:11.005779+00,0.106508,33.505782,
a166b18c-2ce6-43eb-8ff6-4d95bfcdd1f1,numbered,31800,completed,sold,1,2026-06-08 16:23:37.5067+00,2026-06-08 16:24:10.923445+00,2026-06-08 16:24:11.032047+00,0.108602,33.525347,
59c96b08-8f7a-4b12-bb59-6eb07ddabb44,numbered,65149,completed,sold,1,2026-06-08 16:23:37.513627+00,2026-06-08 16:24:10.924214+00,2026-06-08 16:24:11.032595+00,0.108381,33.518968,
0f4bd635-f869-4d5c-b185-21c3f6e1b704,numbered,76181,completed,sold,1,2026-06-08 16:23:37.503311+00,2026-06-08 16:24:10.926761+00,2026-06-08 16:24:11.034644+00,0.107883,33.531333,
c86cc5f2-c6ed-43d9-a09b-f54eafa33006,numbered,40641,completed,sold,1,2026-06-08 16:23:37.509996+00,2026-06-08 16:24:10.929055+00,2026-06-08 16:24:11.036265+00,0.107210,33.526269,
1987a8f9-77ca-4d1a-b6cb-6fcca5e85b55,numbered,46587,completed,sold,1,2026-06-08 16:23:37.517023+00,2026-06-08 16:24:10.942352+00,2026-06-08 16:24:11.048154+00,0.105802,33.531131,
65c156cb-8a3b-47eb-9baf-1237d5c77230,numbered,80675,completed,sold,1,2026-06-08 16:23:37.520242+00,2026-06-08 16:24:10.970609+00,2026-06-08 16:24:11.076064+00,0.105455,33.555822,
9752b346-ad16-4bf6-abf3-838d50dd4ea5,numbered,61075,completed,sold,1,2026-06-08 16:23:37.523625+00,2026-06-08 16:24:11.015002+00,2026-06-08 16:24:11.120578+00,0.105576,33.596953,
356cd2bf-27ca-45f4-82f5-e6b58bdae460,numbered,41971,completed,sold,1,2026-06-08 16:23:37.527014+00,2026-06-08 16:24:11.03541+00,2026-06-08 16:24:11.14061+00,0.105200,33.613596,
8052776d-6c22-4950-895c-29adad068d90,numbered,55598,completed,sold,1,2026-06-08 16:23:37.540819+00,2026-06-08 16:24:11.071139+00,2026-06-08 16:24:11.178116+00,0.106977,33.637297,
b272520e-f978-4cb0-857a-bce115bafb68,numbered,63344,completed,sold,1,2026-06-08 16:23:37.533752+00,2026-06-08 16:24:11.072908+00,2026-06-08 16:24:11.181755+00,0.108847,33.648003,
8ea32394-4e31-4bc0-a15f-720af9a08b09,numbered,82661,completed,sold,1,2026-06-08 16:23:37.544108+00,2026-06-08 16:24:11.076364+00,2026-06-08 16:24:11.182301+00,0.105937,33.638193,
5291b7ca-23d6-4f95-b616-82ae218f0fd5,numbered,67402,completed,sold,1,2026-06-08 16:23:37.537316+00,2026-06-08 16:24:11.073605+00,2026-06-08 16:24:11.182818+00,0.109213,33.645502,
e357779b-1a54-488b-a398-bad7957159d2,numbered,44982,completed,sold,1,2026-06-08 16:23:37.530333+00,2026-06-08 16:24:11.077184+00,2026-06-08 16:24:11.183712+00,0.106528,33.653379,
e04567d5-89a9-438d-a090-325089b73ec4,numbered,50605,completed,sold,1,2026-06-08 16:23:37.547574+00,2026-06-08 16:24:11.099322+00,2026-06-08 16:24:11.20393+00,0.104608,33.656356,
ba06792f-8627-4ad8-a433-b6c4176662a4,numbered,98005,completed,sold,1,2026-06-08 16:23:37.551035+00,2026-06-08 16:24:11.145347+00,2026-06-08 16:24:11.250663+00,0.105316,33.699628,
