request_id,mode,seat_id,status,result,attempts,enqueued_at,worker_started_at,completed_at,processing_seconds,end_to_end_seconds,error
cb55ec0e-d704-4e20-9c51-da976675fd10,unnumbered,,completed,sold,1,2026-06-08 16:11:03.89245+00,2026-06-08 16:11:03.916614+00,2026-06-08 16:11:04.021726+00,0.105112,0.129276,
9cbf65be-7bdd-4f59-ad5e-793039e0a2a0,unnumbered,,completed,sold,1,2026-06-08 16:11:03.898467+00,2026-06-08 16:11:03.931157+00,2026-06-08 16:11:04.035878+00,0.104721,0.137411,
344eb12d-d3d6-49f1-a14a-aedd7c02b3b3,unnumbered,,completed,sold,1,2026-06-08 16:11:03.90701+00,2026-06-08 16:11:03.93406+00,2026-06-08 16:11:04.042177+00,0.108117,0.135167,
c575804b-3404-4b91-ada4-2e9121527748,unnumbered,,completed,sold,1,2026-06-08 16:11:03.915567+00,2026-06-08 16:11:03.938391+00,2026-06-08 16:11:04.047421+00,0.109030,0.131854,
52721a72-d2ab-4812-9e63-104892359b21,unnumbered,,completed,sold,1,2026-06-08 16:11:03.924405+00,2026-06-08 16:11:04.053997+00,2026-06-08 16:11:04.159051+00,0.105054,0.234646,
d9817f3a-ce29-4f10-a454-4ffb54e74f14,unnumbered,,completed,sold,1,2026-06-08 16:11:03.933241+00,2026-06-08 16:11:04.062592+00,2026-06-08 16:11:04.16827+00,0.105678,0.235029,
0caddc8f-7f53-44c1-af3c-be05ed79d4a5,unnumbered,,completed,sold,1,2026-06-08 16:11:03.940071+00,2026-06-08 16:11:04.068816+00,2026-06-08 16:11:04.175441+00,0.106625,0.235370,
e55dbb76-aacb-4a16-9187-a7e8c5c02f86,unnumbered,,completed,sold,1,2026-06-08 16:11:03.948444+00,2026-06-08 16:11:04.070705+00,2026-06-08 16:11:04.180734+00,0.110029,0.232290,
7d83f88c-216b-4587-8c24-ba91fd47523b,unnumbered,,completed,sold,1,2026-06-08 16:11:03.957001+00,2026-06-08 16:11:04.189402+00,2026-06-08 16:11:04.294968+00,0.105566,0.337967,
b2b75dee-f809-4750-af7b-1f4153a56f7f,unnumbered,,completed,sold,1,2026-06-08 16:11:03.965156+00,2026-06-08 16:11:04.198281+00,2026-06-08 16:11:04.304306+00,0.106025,0.339150,
249dbd19-5934-4576-99c0-fb302636f0b1,unnumbered,,completed,sold,1,2026-06-08 16:11:03.981789+00,2026-06-08 16:11:04.205326+00,2026-06-08 16:11:04.310841+00,0.105515,0.329052,
8f06a62a-4df3-41f5-b78d-376be4f00629,unnumbered,,completed,sold,1,2026-06-08 16:11:03.973519+00,2026-06-08 16:11:04.205638+00,2026-06-08 16:11:04.317179+00,0.111541,0.343660,
9faefc05-ce0e-4e60-9fb2-92f16e555a7e,unnumbered,,completed,sold,1,2026-06-08 16:11:03.990187+00,2026-06-08 16:11:04.32613+00,2026-06-08 16:11:04.43134+00,0.105210,0.441153,
6e34fc84-a6a0-4cd9-88b0-6c8ca2608739,unnumbered,,completed,sold,1,2026-06-08 16:11:03.998614+00,2026-06-08 16:11:04.33115+00,2026-06-08 16:11:04.437017+00,0.105867,0.438403,
845529a0-17a4-41a7-bed9-df1b5182a53e,unnumbered,,completed,sold,1,2026-06-08 16:11:04.006962+00,2026-06-08 16:11:04.341552+00,2026-06-08 16:11:04.446146+00,0.104594,0.439184,
e150df3d-e8e8-401d-b46c-914bb97eede5,unnumbered,,completed,sold,1,2026-06-08 16:11:04.01533+00,2026-06-08 16:11:04.346006+00,2026-06-08 16:11:04.452567+00,0.106561,0.437237,
adcd3a89-1c8f-4cea-8c8f-3010be543484,unnumbered,,completed,sold,1,2026-06-08 16:11:04.023394+00,2026-06-08 16:11:04.461208+00,2026-06-08 16:11:04.565627+00,0.104419,0.542233,
b42c3db0-6988-4a0a-ac93-13eb45fff224,unnumbered,,completed,sold,1,2026-06-08 16:11:04.031889+00,2026-06-08 16:11:04.465144+00,2026-06-08 16:11:04.570675+00,0.105531,0.538786,
279739fb-c472-46af-9f80-bac5d24e4c1c,unnumbered,,completed,sold,1,2026-06-08 16:11:04.043327+00,2026-06-08 16:11:04.473995+00,2026-06-08 16:11:04.579666+00,0.105671,0.536339,
e4838243-bc78-4a2c-b66c-7033c7ed31f0,unnumbered,,completed,sold,1,2026-06-08 16:11:04.049717+00,2026-06-08 16:11:04.479864+00,2026-06-08 16:11:04.58667+00,0.106806,0.536953,
e8d74ef9-d8ba-4b42-8aae-dff4492a4dc4,unnumbered,,completed,sold,1,2026-06-08 16:11:04.05672+00,2026-06-08 16:11:04.596512+00,2026-06-08 16:11:04.701559+00,0.105047,0.644839,
342b74c4-a59a-437d-8944-7df2acf643b3,unnumbered,,completed,sold,1,2026-06-08 16:11:04.065088+00,2026-06-08 16:11:04.599651+00,2026-06-08 16:11:04.708291+00,0.108640,0.643203,
1f9dd279-b444-419f-aabb-91795ae9f007,unnumbered,,completed,sold,1,2026-06-08 16:11:04.07328+00,2026-06-08 16:11:04.605045+00,2026-06-08 16:11:04.713784+00,0.108739,0.640504,
c54cbb59-2b7c-467d-9873-b63b571814aa,unnumbered,,completed,sold,1,2026-06-08 16:11:04.082046+00,2026-06-08 16:11:04.612986+00,2026-06-08 16:11:04.721615+00,0.108629,0.639569,
fcb06cbe-c643-48a9-bca8-aa5a042034fa,unnumbered,,completed,sold,1,2026-06-08 16:11:04.09003+00,2026-06-08 16:11:04.730884+00,2026-06-08 16:11:04.835316+00,0.104432,0.745286,
463349b3-1d3c-49c4-b353-7a0e3490f90a,unnumbered,,completed,sold,1,2026-06-08 16:11:04.098408+00,2026-06-08 16:11:04.740025+00,2026-06-08 16:11:04.844965+00,0.104940,0.746557,
371ff2e3-0ba1-4932-80e3-1c9ca33a608a,unnumbered,,completed,sold,1,2026-06-08 16:11:04.106861+00,2026-06-08 16:11:04.740154+00,2026-06-08 16:11:04.851175+00,0.111021,0.744314,
4e9414ed-75ed-4112-a300-9032ac317dab,unnumbered,,completed,sold,1,2026-06-08 16:11:04.115247+00,2026-06-08 16:11:04.751197+00,2026-06-08 16:11:04.856917+00,0.105720,0.741670,
765b461b-2f20-41aa-b729-ca4eacac9660,unnumbered,,completed,sold,1,2026-06-08 16:11:04.123358+00,2026-06-08 16:11:04.865664+00,2026-06-08 16:11:04.969997+00,0.104333,0.846639,
51fdbe45-e733-4545-92c8-50ccf6006649,unnumbered,,completed,sold,1,2026-06-08 16:11:04.131878+00,2026-06-08 16:11:04.872891+00,2026-06-08 16:11:04.978235+00,0.105344,0.846357,
29923d19-0f17-49c4-b304-6fe60f9c92ed,unnumbered,,completed,sold,1,2026-06-08 16:11:04.140282+00,2026-06-08 16:11:04.875037+00,2026-06-08 16:11:04.983653+00,0.108616,0.843371,
e5ace3f5-4a82-4c96-8374-81fbd7ad2dc1,unnumbered,,completed,sold,1,2026-06-08 16:11:04.148672+00,2026-06-08 16:11:04.88853+00,2026-06-08 16:11:04.994163+00,0.105633,0.845491,
5c991c24-401f-45df-bbe3-7318fd4ad571,unnumbered,,completed,sold,1,2026-06-08 16:11:04.156908+00,2026-06-08 16:11:04.997738+00,2026-06-08 16:11:05.102317+00,0.104579,0.945409,
18fc66d6-af2c-403c-ad7f-f2f6cae91bd5,unnumbered,,completed,sold,1,2026-06-08 16:11:04.174011+00,2026-06-08 16:11:05.014784+00,2026-06-08 16:11:05.119783+00,0.104999,0.945772,
6ff55413-05e3-4f01-86e8-ba5a79036fab,unnumbered,,completed,sold,1,2026-06-08 16:11:04.166857+00,2026-06-08 16:11:05.017273+00,2026-06-08 16:11:05.126811+00,0.109538,0.959954,
e709b1fc-0210-41b4-b9d4-515657335745,unnumbered,,completed,sold,1,2026-06-08 16:11:04.181576+00,2026-06-08 16:11:05.021449+00,2026-06-08 16:11:05.133621+00,0.112172,0.952045,
8f1512e1-fe20-4f3a-a479-b51c722ab083,unnumbered,,completed,sold,1,2026-06-08 16:11:04.190034+00,2026-06-08 16:11:05.133317+00,2026-06-08 16:11:05.238036+00,0.104719,1.048002,
0a6d458e-1e42-4b83-92ab-5bafdb4a736d,unnumbered,,completed,sold,1,2026-06-08 16:11:04.198349+00,2026-06-08 16:11:05.147028+00,2026-06-08 16:11:05.251556+00,0.104528,1.053207,
3520cb25-04ee-4bac-a0ad-0309339b4870,unnumbered,,completed,sold,1,2026-06-08 16:11:04.206767+00,2026-06-08 16:11:05.156874+00,2026-06-08 16:11:05.262626+00,0.105752,1.055859,
3125e039-31d7-4791-b224-eb8d36552bcc,unnumbered,,completed,sold,1,2026-06-08 16:11:04.215633+00,2026-06-08 16:11:05.1637+00,2026-06-08 16:11:05.270485+00,0.106785,1.054852,
4deff319-5ce6-4528-8cbf-5c5ef724dba4,unnumbered,,completed,sold,1,2026-06-08 16:11:04.223765+00,2026-06-08 16:11:05.263735+00,2026-06-08 16:11:05.368241+00,0.104506,1.144476,
8ef623da-0b3c-46e8-9d42-5cba6d9c1337,unnumbered,,completed,sold,1,2026-06-08 16:11:04.231861+00,2026-06-08 16:11:05.277035+00,2026-06-08 16:11:05.382185+00,0.105150,1.150324,
57732094-20cb-4f80-8d14-ac0dcdabb148,unnumbered,,completed,sold,1,2026-06-08 16:11:04.240282+00,2026-06-08 16:11:05.290415+00,2026-06-08 16:11:05.39772+00,0.107305,1.157438,
40a93525-bc6a-415e-97c4-40c1726abb0d,unnumbered,,completed,sold,1,2026-06-08 16:11:04.248404+00,2026-06-08 16:11:05.298322+00,2026-06-08 16:11:05.405495+00,0.107173,1.157091,
9a91d152-4c31-4e56-aea5-95fb3482ac28,unnumbered,,completed,sold,1,2026-06-08 16:11:04.256889+00,2026-06-08 16:11:05.397063+00,2026-06-08 16:11:05.501565+00,0.104502,1.244676,
8941c773-eb3a-4ee8-8f26-06ae375973e0,unnumbered,,completed,sold,1,2026-06-08 16:11:04.265356+00,2026-06-08 16:11:05.413594+00,2026-06-08 16:11:05.518786+00,0.105192,1.253430,
714d6d8a-1ce0-459b-a9f1-b678ff60450e,unnumbered,,completed,sold,1,2026-06-08 16:11:04.273515+00,2026-06-08 16:11:05.422381+00,2026-06-08 16:11:05.528887+00,0.106506,1.255372,
db7f5c5a-587c-49ab-91bb-20d208ed9099,unnumbered,,completed,sold,1,2026-06-08 16:11:04.281836+00,2026-06-08 16:11:05.432438+00,2026-06-08 16:11:05.538557+00,0.106119,1.256721,
cc90a1da-0d31-4f8d-b6d1-2e20e64ed608,unnumbered,,completed,sold,1,2026-06-08 16:11:04.290405+00,2026-06-08 16:11:05.526336+00,2026-06-08 16:11:05.63125+00,0.104914,1.340845,
1d860563-f06e-44b4-95bf-ce735f05b246,unnumbered,,completed,sold,1,2026-06-08 16:11:04.298498+00,2026-06-08 16:11:05.54697+00,2026-06-08 16:11:05.651947+00,0.104977,1.353449,
b741aab4-c742-462d-818b-e22b87155891,unnumbered,,completed,sold,1,2026-06-08 16:11:04.315232+00,2026-06-08 16:11:05.566536+00,2026-06-08 16:11:05.672206+00,0.105670,1.356974,
d462254d-f3d0-409e-a16d-1c55d7887b9c,unnumbered,,completed,sold,1,2026-06-08 16:11:04.306589+00,2026-06-08 16:11:05.565984+00,2026-06-08 16:11:05.678058+00,0.112074,1.371469,
ac9b7484-3ad0-4816-a208-4e7530d573a2,unnumbered,,completed,sold,1,2026-06-08 16:11:04.325317+00,2026-06-08 16:11:05.654552+00,2026-06-08 16:11:05.761045+00,0.106493,1.435728,
27758b39-a947-40cb-861b-f6a115e4a111,unnumbered,,completed,sold,1,2026-06-08 16:11:04.331722+00,2026-06-08 16:11:05.677592+00,2026-06-08 16:11:05.783331+00,0.105739,1.451609,
18aa4d9f-f969-4bb0-8072-1b2bcd0ee7aa,unnumbered,,completed,sold,1,2026-06-08 16:11:04.339886+00,2026-06-08 16:11:05.69869+00,2026-06-08 16:11:05.804576+00,0.105886,1.464690,
f76ce835-1745-4b78-b30c-6fc751c86b5e,unnumbered,,completed,sold,1,2026-06-08 16:11:04.348294+00,2026-06-08 16:11:05.704489+00,2026-06-08 16:11:05.81118+00,0.106691,1.462886,
b44557b0-bcbd-4d8f-9dff-efcc237a4859,unnumbered,,completed,sold,1,2026-06-08 16:11:04.356717+00,2026-06-08 16:11:05.784012+00,2026-06-08 16:11:05.888594+00,0.104582,1.531877,
ddaa3925-e962-4bc8-a370-46416da97f44,unnumbered,,completed,sold,1,2026-06-08 16:11:04.365285+00,2026-06-08 16:11:05.806369+00,2026-06-08 16:11:05.911401+00,0.105032,1.546116,
92aa6249-13d6-494c-a462-87fe0c710033,unnumbered,,completed,sold,1,2026-06-08 16:11:04.37352+00,2026-06-08 16:11:05.832194+00,2026-06-08 16:11:05.937689+00,0.105495,1.564169,
4855be2e-46e5-425b-a4a4-b109ea96e23e,unnumbered,,completed,sold,1,2026-06-08 16:11:04.381782+00,2026-06-08 16:11:05.833979+00,2026-06-08 16:11:05.944252+00,0.110273,1.562470,
c2b9e445-9c1e-4b3e-94cc-7cb934e2b18f,unnumbered,,completed,sold,1,2026-06-08 16:11:04.390235+00,2026-06-08 16:11:05.913464+00,2026-06-08 16:11:06.018089+00,0.104625,1.627854,
2ce9a5ef-63c7-4558-a4bd-3544650b05ae,unnumbered,,completed,sold,1,2026-06-08 16:11:04.398537+00,2026-06-08 16:11:05.933524+00,2026-06-08 16:11:06.039365+00,0.105841,1.640828,
1b1968fa-4b35-4a96-8f54-9ae1ec6c3527,unnumbered,,completed,sold,1,2026-06-08 16:11:04.406955+00,2026-06-08 16:11:05.964609+00,2026-06-08 16:11:06.070336+00,0.105727,1.663381,
dc27197e-bec0-4114-a966-88da744fff61,unnumbered,,completed,sold,1,2026-06-08 16:11:04.415198+00,2026-06-08 16:11:05.967643+00,2026-06-08 16:11:06.076908+00,0.109265,1.661710,
353107b9-9773-4f9f-82f8-b9eacd562b7a,unnumbered,,completed,sold,1,2026-06-08 16:11:04.423562+00,2026-06-08 16:11:06.042326+00,2026-06-08 16:11:06.146989+00,0.104663,1.723427,
9eb38fb2-f274-4e25-8b8a-41088eeabdee,unnumbered,,completed,sold,1,2026-06-08 16:11:04.431927+00,2026-06-08 16:11:06.062979+00,2026-06-08 16:11:06.16795+00,0.104971,1.736023,
937b0df7-089a-49c1-8ff3-5702ce696681,unnumbered,,completed,sold,1,2026-06-08 16:11:04.440217+00,2026-06-08 16:11:06.097421+00,2026-06-08 16:11:06.203813+00,0.106392,1.763596,
723d2223-e0f0-4bbb-80ce-108bc289427f,unnumbered,,completed,sold,1,2026-06-08 16:11:04.448455+00,2026-06-08 16:11:06.10226+00,2026-06-08 16:11:06.209646+00,0.107386,1.761191,
274f9e84-5698-4129-b7f5-50b4c73f666c,unnumbered,,completed,sold,1,2026-06-08 16:11:04.456641+00,2026-06-08 16:11:06.171618+00,2026-06-08 16:11:06.277001+00,0.105383,1.820360,
8143daca-08bf-45a0-8e92-f2761837b013,unnumbered,,completed,sold,1,2026-06-08 16:11:04.465153+00,2026-06-08 16:11:06.192389+00,2026-06-08 16:11:06.300626+00,0.108237,1.835473,
1723c58b-30d8-4291-93e2-2326e0ca7f7b,unnumbered,,completed,sold,1,2026-06-08 16:11:04.473286+00,2026-06-08 16:11:06.230182+00,2026-06-08 16:11:06.335824+00,0.105642,1.862538,
67656842-b52a-4b05-9a32-6d469725ac9e,unnumbered,,completed,sold,1,2026-06-08 16:11:04.481758+00,2026-06-08 16:11:06.232946+00,2026-06-08 16:11:06.341522+00,0.108576,1.859764,
91c6d7b0-35d9-4d90-b267-6d4febc686a2,unnumbered,,completed,sold,1,2026-06-08 16:11:04.490122+00,2026-06-08 16:11:06.311059+00,2026-06-08 16:11:06.416845+00,0.105786,1.926723,
adb7ae46-0850-4dc7-a9a0-bc597367c9c4,unnumbered,,completed,sold,1,2026-06-08 16:11:04.498405+00,2026-06-08 16:11:06.328981+00,2026-06-08 16:11:06.436726+00,0.107745,1.938321,
5244b518-071f-46f2-a27c-38d47cc2384b,unnumbered,,completed,sold,1,2026-06-08 16:11:04.506978+00,2026-06-08 16:11:06.364397+00,2026-06-08 16:11:06.470679+00,0.106282,1.963701,
500914e6-32ea-4f2a-8cc4-fc9df4f196db,unnumbered,,completed,sold,1,2026-06-08 16:11:04.515222+00,2026-06-08 16:11:06.368456+00,2026-06-08 16:11:06.477962+00,0.109506,1.962740,
e663bd7d-cca4-4e7f-9709-144ed5d97073,unnumbered,,completed,sold,1,2026-06-08 16:11:04.523357+00,2026-06-08 16:11:06.445036+00,2026-06-08 16:11:06.549976+00,0.104940,2.026619,
62f6a344-799a-4427-aa4e-cbed197e1fab,unnumbered,,completed,sold,1,2026-06-08 16:11:04.531799+00,2026-06-08 16:11:06.465631+00,2026-06-08 16:11:06.57065+00,0.105019,2.038851,
f262d174-085e-4458-ae3d-e577cb743bbb,unnumbered,,completed,sold,1,2026-06-08 16:11:04.540067+00,2026-06-08 16:11:06.499679+00,2026-06-08 16:11:06.604958+00,0.105279,2.064891,
e595c572-a7a5-46d1-ab82-c0c60994dc9d,unnumbered,,completed,sold,1,2026-06-08 16:11:04.548376+00,2026-06-08 16:11:06.504474+00,2026-06-08 16:11:06.611494+00,0.107020,2.063118,
7ff63009-7921-4818-951e-c8092f2887b5,unnumbered,,completed,sold,1,2026-06-08 16:11:04.556802+00,2026-06-08 16:11:06.572628+00,2026-06-08 16:11:06.677727+00,0.105099,2.120925,
ff0c639b-e8cb-4976-b6db-a25b374eaff2,unnumbered,,completed,sold,1,2026-06-08 16:11:04.565111+00,2026-06-08 16:11:06.596245+00,2026-06-08 16:11:06.702049+00,0.105804,2.136938,
bbcb88ed-f732-4407-99d9-08e043e2601b,unnumbered,,completed,sold,1,2026-06-08 16:11:04.57338+00,2026-06-08 16:11:06.631858+00,2026-06-08 16:11:06.737225+00,0.105367,2.163845,
94d74b87-00bc-4f86-919d-2a6e3cc8fd4b,unnumbered,,completed,sold,1,2026-06-08 16:11:04.582406+00,2026-06-08 16:11:06.638087+00,2026-06-08 16:11:06.743145+00,0.105058,2.160739,
7213dfee-5377-477f-b47e-89e61eb0ef86,unnumbered,,completed,sold,1,2026-06-08 16:11:04.590172+00,2026-06-08 16:11:06.704545+00,2026-06-08 16:11:06.809302+00,0.104757,2.219130,
8715af28-dfb9-4a41-b567-58e4f27e0bec,unnumbered,,completed,sold,1,2026-06-08 16:11:04.598313+00,2026-06-08 16:11:06.726742+00,2026-06-08 16:11:06.831738+00,0.104996,2.233425,
99049e36-4a8c-489f-8a48-0a90cfbf484f,unnumbered,,completed,sold,1,2026-06-08 16:11:04.606817+00,2026-06-08 16:11:06.766933+00,2026-06-08 16:11:06.873098+00,0.106165,2.266281,
e16cbf1a-b1e5-4ed2-9de3-906cf5c852cf,unnumbered,,completed,sold,1,2026-06-08 16:11:04.614856+00,2026-06-08 16:11:06.770063+00,2026-06-08 16:11:06.879636+00,0.109573,2.264780,
23bea862-c5c0-42e0-9195-bb2f34a4444a,unnumbered,,completed,sold,1,2026-06-08 16:11:04.623349+00,2026-06-08 16:11:06.832877+00,2026-06-08 16:11:06.937789+00,0.104912,2.314440,
0416e1a8-84f8-4e83-9685-a474d26d7090,unnumbered,,completed,sold,1,2026-06-08 16:11:04.632128+00,2026-06-08 16:11:06.854113+00,2026-06-08 16:11:06.95959+00,0.105477,2.327462,
c7da6d54-7446-43aa-9521-cd377958a484,unnumbered,,completed,sold,1,2026-06-08 16:11:04.640055+00,2026-06-08 16:11:06.900719+00,2026-06-08 16:11:07.006223+00,0.105504,2.366168,
e2cbb6b0-9462-47c9-bdc2-cd2897b26c67,unnumbered,,completed,sold,1,2026-06-08 16:11:04.648423+00,2026-06-08 16:11:06.904538+00,2026-06-08 16:11:07.012121+00,0.107583,2.363698,
f775b5fb-a8ba-4aad-a976-1bcb170b0b92,unnumbered,,completed,sold,1,2026-06-08 16:11:04.656733+00,2026-06-08 16:11:06.965705+00,2026-06-08 16:11:07.070723+00,0.105018,2.413990,
d4cf59bd-77f2-4683-9480-0fd761eeca11,unnumbered,,completed,sold,1,2026-06-08 16:11:04.665098+00,2026-06-08 16:11:06.983837+00,2026-06-08 16:11:07.088823+00,0.104986,2.423725,
5985e58c-a801-46df-be7a-9d0053286822,unnumbered,,completed,sold,1,2026-06-08 16:11:04.67336+00,2026-06-08 16:11:07.033581+00,2026-06-08 16:11:07.139751+00,0.106170,2.466391,
30c74c49-0f16-45b4-9219-ed4edf8b6220,unnumbered,,completed,sold,1,2026-06-08 16:11:04.681729+00,2026-06-08 16:11:07.038191+00,2026-06-08 16:11:07.145827+00,0.107636,2.464098,
ac1f8335-ca36-40d5-9339-b70c38220ea7,unnumbered,,completed,sold,1,2026-06-08 16:11:04.690084+00,2026-06-08 16:11:07.097081+00,2026-06-08 16:11:07.201655+00,0.104574,2.511571,
f137bb31-28aa-4485-91e0-1ff6b37530dc,unnumbered,,completed,sold,1,2026-06-08 16:11:04.698402+00,2026-06-08 16:11:07.112482+00,2026-06-08 16:11:07.21726+00,0.104778,2.518858,
f9db382b-f8b8-41b7-a032-bf04c3dd7302,unnumbered,,completed,sold,1,2026-06-08 16:11:04.709231+00,2026-06-08 16:11:07.167888+00,2026-06-08 16:11:07.273245+00,0.105357,2.564014,
b6f4e015-61e5-4d43-b83e-454bb7497357,unnumbered,,completed,sold,1,2026-06-08 16:11:04.715418+00,2026-06-08 16:11:07.171475+00,2026-06-08 16:11:07.279701+00,0.108226,2.564283,
1ff2137e-d292-4402-9621-486a042f84c9,unnumbered,,completed,sold,1,2026-06-08 16:11:04.723276+00,2026-06-08 16:11:07.224798+00,2026-06-08 16:11:07.329419+00,0.104621,2.606143,
135d2084-37ac-4bfa-a103-2b0131015528,unnumbered,,completed,sold,1,2026-06-08 16:11:04.731823+00,2026-06-08 16:11:07.239692+00,2026-06-08 16:11:07.344046+00,0.104354,2.612223,
f8ad2583-8199-4eff-8fb4-36d0775f4d9d,unnumbered,,completed,sold,1,2026-06-08 16:11:04.739913+00,2026-06-08 16:11:07.301311+00,2026-06-08 16:11:07.407446+00,0.106135,2.667533,
b47d4dfa-8c7b-4d0e-a576-9bb55e3b90a2,unnumbered,,completed,sold,1,2026-06-08 16:11:04.748244+00,2026-06-08 16:11:07.304421+00,2026-06-08 16:11:07.413446+00,0.109025,2.665202,
1e87b454-f907-46b4-b652-7c19e73fd8e3,unnumbered,,completed,sold,1,2026-06-08 16:11:04.756968+00,2026-06-08 16:11:07.354316+00,2026-06-08 16:11:07.459277+00,0.104961,2.702309,
ef66b983-1162-487b-b8ce-d467f4b9cb8a,unnumbered,,completed,sold,1,2026-06-08 16:11:04.765198+00,2026-06-08 16:11:07.366326+00,2026-06-08 16:11:07.470723+00,0.104397,2.705525,
068756c9-af7e-4754-a905-7d8509984b25,unnumbered,,completed,sold,1,2026-06-08 16:11:04.773403+00,2026-06-08 16:11:07.435688+00,2026-06-08 16:11:07.541501+00,0.105813,2.768098,
51720530-a423-45ac-a524-7537986b32fc,unnumbered,,completed,sold,1,2026-06-08 16:11:04.781633+00,2026-06-08 16:11:07.439499+00,2026-06-08 16:11:07.547904+00,0.108405,2.766271,
ea876935-95cd-42b0-b306-e08d6c889102,unnumbered,,completed,sold,1,2026-06-08 16:11:04.790033+00,2026-06-08 16:11:07.483058+00,2026-06-08 16:11:07.5876+00,0.104542,2.797567,
4d489850-929b-4fe3-b830-ca89921365e6,unnumbered,,completed,sold,1,2026-06-08 16:11:04.798357+00,2026-06-08 16:11:07.496877+00,2026-06-08 16:11:07.601969+00,0.105092,2.803612,
06515a5d-f6f4-468e-b2da-b2a396379bbc,unnumbered,,completed,sold,1,2026-06-08 16:11:04.806748+00,2026-06-08 16:11:07.568118+00,2026-06-08 16:11:07.673567+00,0.105449,2.866819,
c8f532c1-5364-4e81-a402-9d082103510d,unnumbered,,completed,sold,1,2026-06-08 16:11:04.814926+00,2026-06-08 16:11:07.571868+00,2026-06-08 16:11:07.680284+00,0.108416,2.865358,
970ca5e9-bdc6-4f78-825f-c6fa70c695b4,unnumbered,,completed,sold,1,2026-06-08 16:11:04.823479+00,2026-06-08 16:11:07.613251+00,2026-06-08 16:11:07.717585+00,0.104334,2.894106,
36615502-3e51-49e6-a395-58fbc0761d16,unnumbered,,completed,sold,1,2026-06-08 16:11:04.831749+00,2026-06-08 16:11:07.630246+00,2026-06-08 16:11:07.735228+00,0.104982,2.903479,
05c07a0a-e12a-4971-a154-b802ce0cc748,unnumbered,,completed,sold,1,2026-06-08 16:11:04.840146+00,2026-06-08 16:11:07.700559+00,2026-06-08 16:11:07.806094+00,0.105535,2.965948,
d094454c-f5d1-4abd-a060-50a828e3ba4b,unnumbered,,completed,sold,1,2026-06-08 16:11:04.848222+00,2026-06-08 16:11:07.704235+00,2026-06-08 16:11:07.811669+00,0.107434,2.963447,
2153c4f3-0d2e-4024-8a25-ef87af436dc0,unnumbered,,completed,sold,1,2026-06-08 16:11:04.858038+00,2026-06-08 16:11:07.741584+00,2026-06-08 16:11:07.845734+00,0.104150,2.987696,
294ce30d-9c0a-48dc-8e8e-e481b74f1e22,unnumbered,,completed,sold,1,2026-06-08 16:11:04.864929+00,2026-06-08 16:11:07.75803+00,2026-06-08 16:11:07.862898+00,0.104868,2.997969,
b460c064-5230-45ae-b821-eb37d86a84ac,unnumbered,,completed,sold,1,2026-06-08 16:11:04.873327+00,2026-06-08 16:11:07.832124+00,2026-06-08 16:11:07.937629+00,0.105505,3.064302,
1d232795-6b34-4be0-bd07-6c02b71183c8,unnumbered,,completed,sold,1,2026-06-08 16:11:04.881713+00,2026-06-08 16:11:07.837972+00,2026-06-08 16:11:07.94338+00,0.105408,3.061667,
b1e72a85-bfba-466b-b94d-58d6878e8dcd,unnumbered,,completed,sold,1,2026-06-08 16:11:04.890109+00,2026-06-08 16:11:07.86816+00,2026-06-08 16:11:07.972673+00,0.104513,3.082564,
4520e795-f674-4d8b-ae17-f7eb6c10e438,unnumbered,,completed,sold,1,2026-06-08 16:11:04.898563+00,2026-06-08 16:11:07.887545+00,2026-06-08 16:11:07.992801+00,0.105256,3.094238,
d07f1b09-1de6-4f36-80c6-7cc8f93d56fd,unnumbered,,completed,sold,1,2026-06-08 16:11:04.90705+00,2026-06-08 16:11:07.964481+00,2026-06-08 16:11:08.070394+00,0.105913,3.163344,
f79a3c5c-45ef-480e-9577-672cbb1f42fd,unnumbered,,completed,sold,1,2026-06-08 16:11:04.915447+00,2026-06-08 16:11:07.967315+00,2026-06-08 16:11:08.076842+00,0.109527,3.161395,
2dc31218-2363-44a4-9bdf-edb5233cc998,unnumbered,,completed,sold,1,2026-06-08 16:11:04.923518+00,2026-06-08 16:11:07.996974+00,2026-06-08 16:11:08.101788+00,0.104814,3.178270,
8429d18e-8d19-4d96-9d62-f14d0f4122bb,unnumbered,,completed,sold,1,2026-06-08 16:11:04.931895+00,2026-06-08 16:11:08.015629+00,2026-06-08 16:11:08.120739+00,0.105110,3.188844,
adb12ab7-0014-4c2e-9bad-9cc60c0bf528,unnumbered,,completed,sold,1,2026-06-08 16:11:04.94037+00,2026-06-08 16:11:08.096971+00,2026-06-08 16:11:08.202349+00,0.105378,3.261979,
5ac7c297-0f65-43ea-b36d-5a8c5999524f,unnumbered,,completed,sold,1,2026-06-08 16:11:04.948456+00,2026-06-08 16:11:08.100547+00,2026-06-08 16:11:08.208205+00,0.107658,3.259749,
59d675cd-df33-45ff-9449-e196d1358c0b,unnumbered,,completed,sold,1,2026-06-08 16:11:04.956823+00,2026-06-08 16:11:08.126682+00,2026-06-08 16:11:08.232104+00,0.105422,3.275281,
149c9996-607c-4d2a-8082-3be63d6686a1,unnumbered,,completed,sold,1,2026-06-08 16:11:04.965251+00,2026-06-08 16:11:08.142407+00,2026-06-08 16:11:08.246963+00,0.104556,3.281712,
cde6081d-eb73-4f52-a3b4-7b8f0e2a5ec8,unnumbered,,completed,sold,1,2026-06-08 16:11:04.973331+00,2026-06-08 16:11:08.230581+00,2026-06-08 16:11:08.33638+00,0.105799,3.363049,
d0573acb-a3a5-4b2b-adad-74cde1ff6798,unnumbered,,completed,sold,1,2026-06-08 16:11:04.981648+00,2026-06-08 16:11:08.232816+00,2026-06-08 16:11:08.342076+00,0.109260,3.360428,
ff0f9155-45c1-4fd3-9566-1f20e670d307,unnumbered,,completed,sold,1,2026-06-08 16:11:04.991544+00,2026-06-08 16:11:08.256189+00,2026-06-08 16:11:08.361987+00,0.105798,3.370443,
f2f5e7ab-3aad-4bed-bb6d-ddc93ebbbc73,unnumbered,,completed,sold,1,2026-06-08 16:11:04.998328+00,2026-06-08 16:11:08.271694+00,2026-06-08 16:11:08.375862+00,0.104168,3.377534,
8c59d887-0a53-426e-8d1e-235fbcf8b6f2,unnumbered,,completed,sold,1,2026-06-08 16:11:05.006902+00,2026-06-08 16:11:08.364686+00,2026-06-08 16:11:08.470509+00,0.105823,3.463607,
6134451b-ca1d-4d9b-9684-565464ae1f85,unnumbered,,completed,sold,1,2026-06-08 16:11:05.015018+00,2026-06-08 16:11:08.3665+00,2026-06-08 16:11:08.47716+00,0.110660,3.462142,
c63f21e8-3e5e-46ff-b581-ef6f300edaf0,unnumbered,,completed,sold,1,2026-06-08 16:11:05.023303+00,2026-06-08 16:11:08.387565+00,2026-06-08 16:11:08.493163+00,0.105598,3.469860,
59c1026e-e167-461a-96e4-cc54d995c974,unnumbered,,completed,sold,1,2026-06-08 16:11:05.031846+00,2026-06-08 16:11:08.399477+00,2026-06-08 16:11:08.504594+00,0.105117,3.472748,
0dd982ea-9cab-4e2a-b5da-5a78031dd17d,unnumbered,,completed,sold,1,2026-06-08 16:11:05.04022+00,2026-06-08 16:11:08.498943+00,2026-06-08 16:11:08.604142+00,0.105199,3.563922,
def64483-a151-4c7b-bcd7-a70c496ce949,unnumbered,,completed,sold,1,2026-06-08 16:11:05.048319+00,2026-06-08 16:11:08.506395+00,2026-06-08 16:11:08.611512+00,0.105117,3.563193,
ed30459e-6e67-4688-8eb6-62292f1a7103,unnumbered,,completed,sold,1,2026-06-08 16:11:05.056761+00,2026-06-08 16:11:08.52172+00,2026-06-08 16:11:08.627199+00,0.105479,3.570438,
ff04f42a-c3f4-4331-9872-267c3261b208,unnumbered,,completed,sold,1,2026-06-08 16:11:05.065277+00,2026-06-08 16:11:08.529355+00,2026-06-08 16:11:08.634311+00,0.104956,3.569034,
0448ec3a-6b82-42c6-a6d4-ec4b271ceeca,unnumbered,,completed,sold,1,2026-06-08 16:11:05.073434+00,2026-06-08 16:11:08.637689+00,2026-06-08 16:11:08.743792+00,0.106103,3.670358,
86ded946-0681-40a6-b80e-8699783e0411,unnumbered,,completed,sold,1,2026-06-08 16:11:05.081987+00,2026-06-08 16:11:08.640527+00,2026-06-08 16:11:08.749644+00,0.109117,3.667657,
d15543ff-bb95-464a-ae94-4a0d009d123e,unnumbered,,completed,sold,1,2026-06-08 16:11:05.090423+00,2026-06-08 16:11:08.65415+00,2026-06-08 16:11:08.760926+00,0.106776,3.670503,
bc402584-6053-48b7-bfde-19e6d2089af5,unnumbered,,completed,sold,1,2026-06-08 16:11:05.098471+00,2026-06-08 16:11:08.657283+00,2026-06-08 16:11:08.766605+00,0.109322,3.668134,
f088611a-22f1-4b95-a4cf-26992f5a6d45,unnumbered,,completed,sold,1,2026-06-08 16:11:05.106961+00,2026-06-08 16:11:08.773331+00,2026-06-08 16:11:08.878453+00,0.105122,3.771492,
77815cf6-dcfd-434a-bb36-b22d3dc720fd,unnumbered,,completed,sold,1,2026-06-08 16:11:05.115084+00,2026-06-08 16:11:08.782281+00,2026-06-08 16:11:08.887522+00,0.105241,3.772438,
b278ac0b-a637-46ef-a3be-be01c4e477fb,unnumbered,,completed,sold,1,2026-06-08 16:11:05.123327+00,2026-06-08 16:11:08.791517+00,2026-06-08 16:11:08.896917+00,0.105400,3.773590,
8cc74eb6-6d2a-4058-b2a7-10cdbbd407c3,unnumbered,,completed,sold,1,2026-06-08 16:11:05.132827+00,2026-06-08 16:11:08.79288+00,2026-06-08 16:11:08.902214+00,0.109334,3.769387,
e70f238c-f431-454b-829e-4fcbd2a6ac15,unnumbered,,completed,sold,1,2026-06-08 16:11:05.140393+00,2026-06-08 16:11:08.911714+00,2026-06-08 16:11:09.017002+00,0.105288,3.876609,
0f7fce5c-7db7-430a-9d84-cb46d6e51748,unnumbered,,completed,sold,1,2026-06-08 16:11:05.148555+00,2026-06-08 16:11:08.916488+00,2026-06-08 16:11:09.022595+00,0.106107,3.874040,
db8c0119-ef72-4bd3-b7b1-94b09c346864,unnumbered,,completed,sold,1,2026-06-08 16:11:05.156873+00,2026-06-08 16:11:08.923782+00,2026-06-08 16:11:09.028824+00,0.105042,3.871951,
fd93e70f-74cd-4e4b-8b23-36b261cda86f,unnumbered,,completed,sold,1,2026-06-08 16:11:05.165381+00,2026-06-08 16:11:08.928935+00,2026-06-08 16:11:09.037022+00,0.108087,3.871641,
b4f79f62-0baa-4b55-9fbe-d625a9026f7d,unnumbered,,completed,sold,1,2026-06-08 16:11:05.173543+00,2026-06-08 16:11:09.048459+00,2026-06-08 16:11:09.153661+00,0.105202,3.980118,
5da1a58d-2351-4c74-9740-3c2d34a59c32,unnumbered,,completed,sold,1,2026-06-08 16:11:05.181949+00,2026-06-08 16:11:09.054783+00,2026-06-08 16:11:09.160926+00,0.106143,3.978977,
b126456f-cea7-494e-b206-44dd9c47b35c,unnumbered,,completed,sold,1,2026-06-08 16:11:05.190305+00,2026-06-08 16:11:09.058374+00,2026-06-08 16:11:09.166485+00,0.108111,3.976180,
5f622eef-1937-4c86-82be-0690f95e20fe,unnumbered,,completed,sold,1,2026-06-08 16:11:05.198626+00,2026-06-08 16:11:09.062429+00,2026-06-08 16:11:09.171809+00,0.109380,3.973183,
6f14effe-db89-4619-8cbd-a8dceff4a83d,unnumbered,,completed,sold,1,2026-06-08 16:11:05.207001+00,2026-06-08 16:11:09.183955+00,2026-06-08 16:11:09.289705+00,0.105750,4.082704,
b6f2b1b2-79bd-40e2-b154-05b19f19caa3,unnumbered,,completed,sold,1,2026-06-08 16:11:05.215262+00,2026-06-08 16:11:09.190707+00,2026-06-08 16:11:09.297582+00,0.106875,4.082320,
c1ae693c-3750-4abd-9137-73f4963fa99d,unnumbered,,completed,sold,1,2026-06-08 16:11:05.223563+00,2026-06-08 16:11:09.192665+00,2026-06-08 16:11:09.304267+00,0.111602,4.080704,
82421b97-30b5-446d-bcd4-6dc8ea538d94,unnumbered,,completed,sold,1,2026-06-08 16:11:05.232199+00,2026-06-08 16:11:09.196833+00,2026-06-08 16:11:09.311916+00,0.115083,4.079717,
f1dc3d90-a6ce-40ce-864e-85392fcd8ab2,unnumbered,,completed,sold,1,2026-06-08 16:11:05.239938+00,2026-06-08 16:11:09.323281+00,2026-06-08 16:11:09.42865+00,0.105369,4.188712,
41bf6bfa-9ad2-48a8-9360-69202b13d882,unnumbered,,completed,sold,1,2026-06-08 16:11:05.248308+00,2026-06-08 16:11:09.328391+00,2026-06-08 16:11:09.434262+00,0.105871,4.185954,
f7d2be3f-a9b1-40db-8e13-e4122b2cb553,unnumbered,,completed,sold,1,2026-06-08 16:11:05.256636+00,2026-06-08 16:11:09.335046+00,2026-06-08 16:11:09.44053+00,0.105484,4.183894,
7a512173-f1f3-4cfe-b2aa-03fad4829ec2,unnumbered,,completed,sold,1,2026-06-08 16:11:05.265073+00,2026-06-08 16:11:09.339993+00,2026-06-08 16:11:09.44754+00,0.107547,4.182467,
c1ea0080-e65c-439e-9da6-b5251906457b,unnumbered,,completed,sold,1,2026-06-08 16:11:05.281745+00,2026-06-08 16:11:09.461526+00,2026-06-08 16:11:09.567087+00,0.105561,4.285342,
443d3cce-557c-4aff-a98c-2f0aba7e22e2,unnumbered,,completed,sold,1,2026-06-08 16:11:05.273424+00,2026-06-08 16:11:09.462375+00,2026-06-08 16:11:09.574341+00,0.111966,4.300917,
61ab9101-7d6a-46de-9610-0fdeca0d9f2c,unnumbered,,completed,sold,1,2026-06-08 16:11:05.29008+00,2026-06-08 16:11:09.472077+00,2026-06-08 16:11:09.579913+00,0.107836,4.289833,
93e75e34-8b0d-49b9-9b8c-552e584a8786,unnumbered,,completed,sold,1,2026-06-08 16:11:05.298365+00,2026-06-08 16:11:09.475927+00,2026-06-08 16:11:09.588637+00,0.112710,4.290272,
4263e150-9f7e-4865-96d0-b058110cf868,unnumbered,,completed,sold,1,2026-06-08 16:11:05.306859+00,2026-06-08 16:11:09.598088+00,2026-06-08 16:11:09.702538+00,0.104450,4.395679,
803dbabd-a53f-47e7-b785-96fde6c65c73,unnumbered,,completed,sold,1,2026-06-08 16:11:05.323521+00,2026-06-08 16:11:09.604328+00,2026-06-08 16:11:09.710328+00,0.106000,4.386807,
9f8326d1-688f-408d-abc0-27f1ea44919f,unnumbered,,completed,sold,1,2026-06-08 16:11:05.31511+00,2026-06-08 16:11:09.606444+00,2026-06-08 16:11:09.717317+00,0.110873,4.402207,
336b343e-584f-48b3-867f-bd0256ec553e,unnumbered,,completed,sold,1,2026-06-08 16:11:05.331869+00,2026-06-08 16:11:09.613972+00,2026-06-08 16:11:09.726122+00,0.112150,4.394253,
6a7707b5-f126-4402-b835-5faab1283956,unnumbered,,completed,sold,1,2026-06-08 16:11:05.34026+00,2026-06-08 16:11:09.73051+00,2026-06-08 16:11:09.835253+00,0.104743,4.494993,
f5f5d017-0edd-4794-9c22-c4ec893ace18,unnumbered,,completed,sold,1,2026-06-08 16:11:05.348635+00,2026-06-08 16:11:09.739544+00,2026-06-08 16:11:09.844282+00,0.104738,4.495647,
0fcbf76d-9420-46ae-9ba7-4463cd2c0b3b,unnumbered,,completed,sold,1,2026-06-08 16:11:05.357277+00,2026-06-08 16:11:09.74767+00,2026-06-08 16:11:09.855012+00,0.107342,4.497735,
6d377ab6-ba7c-4259-93d0-eb3b92701e35,unnumbered,,completed,sold,1,2026-06-08 16:11:05.365321+00,2026-06-08 16:11:09.75063+00,2026-06-08 16:11:09.862827+00,0.112197,4.497506,
02994a2b-16e5-402c-a7af-19dd537cc673,unnumbered,,completed,sold,1,2026-06-08 16:11:05.373466+00,2026-06-08 16:11:09.863725+00,2026-06-08 16:11:09.969426+00,0.105701,4.595960,
507afb22-3339-4bbb-a469-65c53e15ef2d,unnumbered,,completed,sold,1,2026-06-08 16:11:05.382032+00,2026-06-08 16:11:09.87196+00,2026-06-08 16:11:09.976982+00,0.105022,4.594950,
420ff574-39e6-4050-8f79-db5276363b41,unnumbered,,completed,sold,1,2026-06-08 16:11:05.390327+00,2026-06-08 16:11:09.88573+00,2026-06-08 16:11:09.991933+00,0.106203,4.601606,
78fa6dce-4192-4989-ae1b-16f5d1803b17,unnumbered,,completed,sold,1,2026-06-08 16:11:05.398496+00,2026-06-08 16:11:09.887382+00,2026-06-08 16:11:09.998036+00,0.110654,4.599540,
5b5e8df6-7a26-4d98-aee1-3134a27e94d7,unnumbered,,completed,sold,1,2026-06-08 16:11:05.406621+00,2026-06-08 16:11:09.999675+00,2026-06-08 16:11:10.103998+00,0.104323,4.697377,
653ad984-0719-469f-9d8a-d4d6d47fc856,unnumbered,,completed,sold,1,2026-06-08 16:11:05.41502+00,2026-06-08 16:11:10.006392+00,2026-06-08 16:11:10.111877+00,0.105485,4.696857,
53c8daca-ff0d-42eb-9e21-c3be1703d743,unnumbered,,completed,sold,1,2026-06-08 16:11:05.431724+00,2026-06-08 16:11:10.022418+00,2026-06-08 16:11:10.127381+00,0.104963,4.695657,
e95ec633-3c3f-4d15-8fb1-316e26da5dbc,unnumbered,,completed,sold,1,2026-06-08 16:11:05.423361+00,2026-06-08 16:11:10.022863+00,2026-06-08 16:11:10.136576+00,0.113713,4.713215,
7b7a8e03-79ef-4cbc-b91a-92237a897151,unnumbered,,completed,sold,1,2026-06-08 16:11:05.440208+00,2026-06-08 16:11:10.132187+00,2026-06-08 16:11:10.236997+00,0.104810,4.796789,
b628aa50-b74a-48b3-a02f-fcbf2887a6b5,unnumbered,,completed,sold,1,2026-06-08 16:11:05.448404+00,2026-06-08 16:11:10.139084+00,2026-06-08 16:11:10.245072+00,0.105988,4.796668,
14f349b5-cb8f-43c4-8d34-6a1fb064872a,unnumbered,,completed,sold,1,2026-06-08 16:11:05.456815+00,2026-06-08 16:11:10.154487+00,2026-06-08 16:11:10.259817+00,0.105330,4.803002,
06315a07-a88f-4e60-8a9b-8a081b1216a8,unnumbered,,completed,sold,1,2026-06-08 16:11:05.465353+00,2026-06-08 16:11:10.163678+00,2026-06-08 16:11:10.270668+00,0.106990,4.805315,
3d307b09-a8eb-434c-a0af-636ca724c2aa,unnumbered,,completed,sold,1,2026-06-08 16:11:05.473996+00,2026-06-08 16:11:10.267141+00,2026-06-08 16:11:10.372542+00,0.105401,4.898546,
f6d78b11-fa68-4971-90d9-de66a1f7bcc9,unnumbered,,completed,sold,1,2026-06-08 16:11:05.482189+00,2026-06-08 16:11:10.272798+00,2026-06-08 16:11:10.378094+00,0.105296,4.895905,
c8735f1f-707c-4f67-bb93-9c4d0a2e94f6,unnumbered,,completed,sold,1,2026-06-08 16:11:05.490189+00,2026-06-08 16:11:10.289157+00,2026-06-08 16:11:10.394763+00,0.105606,4.904574,
1a101311-bed9-4f70-ad9a-986cf544f693,unnumbered,,completed,sold,1,2026-06-08 16:11:05.498373+00,2026-06-08 16:11:10.297803+00,2026-06-08 16:11:10.403694+00,0.105891,4.905321,
6f9dabf3-74fb-4ff4-b8ac-f9013bbb1522,unnumbered,,completed,sold,1,2026-06-08 16:11:05.507046+00,2026-06-08 16:11:10.400693+00,2026-06-08 16:11:10.505303+00,0.104610,4.998257,
61bfa507-b1c0-420e-800f-01f56b1cc5ce,unnumbered,,completed,sold,1,2026-06-08 16:11:05.515395+00,2026-06-08 16:11:10.409447+00,2026-06-08 16:11:10.514962+00,0.105515,4.999567,
65f9cebe-e67d-45b1-a91f-7ca3aa1ff25f,unnumbered,,completed,sold,1,2026-06-08 16:11:05.523904+00,2026-06-08 16:11:10.421104+00,2026-06-08 16:11:10.526312+00,0.105208,5.002408,
ec14b216-1ecd-4bab-a6d2-baa7bda6caf2,unnumbered,,completed,sold,1,2026-06-08 16:11:05.531786+00,2026-06-08 16:11:10.433322+00,2026-06-08 16:11:10.538971+00,0.105649,5.007185,
2ba0579b-3c0a-4b68-aa4d-9cfd80c25797,unnumbered,,completed,sold,1,2026-06-08 16:11:05.54004+00,2026-06-08 16:11:10.530185+00,2026-06-08 16:11:10.635512+00,0.105327,5.095472,
bba925c1-7739-4d04-9562-1768af1de3c7,unnumbered,,completed,sold,1,2026-06-08 16:11:05.548256+00,2026-06-08 16:11:10.540334+00,2026-06-08 16:11:10.644791+00,0.104457,5.096535,
91574cbe-3f20-4b17-9df0-d4a391b1efc0,unnumbered,,completed,sold,1,2026-06-08 16:11:05.556767+00,2026-06-08 16:11:10.550359+00,2026-06-08 16:11:10.65507+00,0.104711,5.098303,
82876287-186d-4f37-8c2e-c42f59b5114a,unnumbered,,completed,sold,1,2026-06-08 16:11:05.565186+00,2026-06-08 16:11:10.56516+00,2026-06-08 16:11:10.670501+00,0.105341,5.105315,
d40f48a9-af53-40e8-a3f0-156c646ed126,unnumbered,,completed,sold,1,2026-06-08 16:11:05.573594+00,2026-06-08 16:11:10.661573+00,2026-06-08 16:11:10.766693+00,0.105120,5.193099,
dcfbfdcd-e49b-4383-8974-728994a977b1,unnumbered,,completed,sold,1,2026-06-08 16:11:05.582346+00,2026-06-08 16:11:10.671252+00,2026-06-08 16:11:10.776387+00,0.105135,5.194041,
84466732-2196-43b9-94aa-d3256abb3378,unnumbered,,completed,sold,1,2026-06-08 16:11:05.590227+00,2026-06-08 16:11:10.680534+00,2026-06-08 16:11:10.786148+00,0.105614,5.195921,
4db72771-0e08-4ea0-b035-0e887871aa67,unnumbered,,completed,sold,1,2026-06-08 16:11:05.598871+00,2026-06-08 16:11:10.697101+00,2026-06-08 16:11:10.803011+00,0.105910,5.204140,
a9a6dfe2-8327-43b4-a23d-c0a6b522e3e3,unnumbered,,completed,sold,1,2026-06-08 16:11:05.60708+00,2026-06-08 16:11:10.792438+00,2026-06-08 16:11:10.897346+00,0.104908,5.290266,
20c67fd7-05ca-4609-a2d4-e056f07ce511,unnumbered,,completed,sold,1,2026-06-08 16:11:05.615475+00,2026-06-08 16:11:10.80377+00,2026-06-08 16:11:10.908297+00,0.104527,5.292822,
a38382b4-42ec-4680-9102-ed8aef723175,unnumbered,,completed,sold,1,2026-06-08 16:11:05.623743+00,2026-06-08 16:11:10.810294+00,2026-06-08 16:11:10.915493+00,0.105199,5.291750,
8d07e2af-daf3-4721-9259-0bbbf0f66806,unnumbered,,completed,sold,1,2026-06-08 16:11:05.632591+00,2026-06-08 16:11:10.83034+00,2026-06-08 16:11:10.93629+00,0.105950,5.303699,
8f72d1e8-bfaf-4845-8e68-23d15da3404d,unnumbered,,completed,sold,1,2026-06-08 16:11:05.640182+00,2026-06-08 16:11:10.924967+00,2026-06-08 16:11:11.029987+00,0.105020,5.389805,
0c3f8881-a094-476e-a46c-67496e0707a5,unnumbered,,completed,sold,1,2026-06-08 16:11:05.64858+00,2026-06-08 16:11:10.93699+00,2026-06-08 16:11:11.041752+00,0.104762,5.393172,
f5f4caf5-f8ce-4716-87f6-a2f7112c0077,unnumbered,,completed,sold,1,2026-06-08 16:11:05.657147+00,2026-06-08 16:11:10.940503+00,2026-06-08 16:11:11.047465+00,0.106962,5.390318,
17f7c758-049c-447e-8e35-433959d42285,unnumbered,,completed,sold,1,2026-06-08 16:11:05.66523+00,2026-06-08 16:11:10.963719+00,2026-06-08 16:11:11.070125+00,0.106406,5.404895,
efa39ed3-bfcd-4cb6-941c-41782dbec6d4,unnumbered,,completed,sold,1,2026-06-08 16:11:05.673513+00,2026-06-08 16:11:11.05837+00,2026-06-08 16:11:11.163065+00,0.104695,5.489552,
ae2004f6-6627-4e3d-9b30-ffb3a734db3e,unnumbered,,completed,sold,1,2026-06-08 16:11:05.690301+00,2026-06-08 16:11:11.07382+00,2026-06-08 16:11:11.178466+00,0.104646,5.488165,
73a14184-8210-417a-ae1e-2a7aeec77dc9,unnumbered,,completed,sold,1,2026-06-08 16:11:05.681767+00,2026-06-08 16:11:11.07464+00,2026-06-08 16:11:11.184158+00,0.109518,5.502391,
696d73f2-49df-4e4a-9185-5043e7cd6259,unnumbered,,completed,sold,1,2026-06-08 16:11:05.698327+00,2026-06-08 16:11:11.096504+00,2026-06-08 16:11:11.203374+00,0.106870,5.505047,
9b78861f-956b-40de-808d-ddb1afcd908c,unnumbered,,completed,sold,1,2026-06-08 16:11:05.706772+00,2026-06-08 16:11:11.190797+00,2026-06-08 16:11:11.295164+00,0.104367,5.588392,
141c6460-a8b2-4263-8eee-7d82b79c437d,unnumbered,,completed,sold,1,2026-06-08 16:11:05.715229+00,2026-06-08 16:11:11.207665+00,2026-06-08 16:11:11.313275+00,0.105610,5.598046,
8c5c2c8e-72f5-4b97-9370-c3db6ae04e55,unnumbered,,completed,sold,1,2026-06-08 16:11:05.723411+00,2026-06-08 16:11:11.209819+00,2026-06-08 16:11:11.319312+00,0.109493,5.595901,
23a2dbdd-c115-461a-bd3a-21c46de1fe21,unnumbered,,completed,sold,1,2026-06-08 16:11:05.73188+00,2026-06-08 16:11:11.229595+00,2026-06-08 16:11:11.335291+00,0.105696,5.603411,
b56ef78e-b1fe-4ef2-9690-5578017d626c,unnumbered,,completed,sold,1,2026-06-08 16:11:05.740028+00,2026-06-08 16:11:11.331757+00,2026-06-08 16:11:11.436179+00,0.104422,5.696151,
f5512de1-4810-4581-935a-1650efd7aff3,unnumbered,,completed,sold,1,2026-06-08 16:11:05.748326+00,2026-06-08 16:11:11.338727+00,2026-06-08 16:11:11.444018+00,0.105291,5.695692,
670334b5-cbf5-4614-b945-edab77dc30f6,unnumbered,,completed,sold,1,2026-06-08 16:11:05.758943+00,2026-06-08 16:11:11.345765+00,2026-06-08 16:11:11.451445+00,0.105680,5.692502,
f6e66d33-cbe8-4dc0-ab8d-f42887cc056a,unnumbered,,completed,sold,1,2026-06-08 16:11:05.765118+00,2026-06-08 16:11:11.363117+00,2026-06-08 16:11:11.468939+00,0.105822,5.703821,
e1ffd055-e7e4-4c25-9914-ca5fbed2b1b9,unnumbered,,completed,sold,1,2026-06-08 16:11:05.773486+00,2026-06-08 16:11:11.461451+00,2026-06-08 16:11:11.566544+00,0.105093,5.793058,
a51017a5-e194-4529-99da-bda29a7fec69,unnumbered,,completed,sold,1,2026-06-08 16:11:05.781769+00,2026-06-08 16:11:11.468062+00,2026-06-08 16:11:11.572999+00,0.104937,5.791230,
06dff548-43f1-4d40-bfa8-17bbf2476687,unnumbered,,completed,sold,1,2026-06-08 16:11:05.790495+00,2026-06-08 16:11:11.48224+00,2026-06-08 16:11:11.587973+00,0.105733,5.797478,
e98c16d2-d716-43e5-9294-18b05a2b342f,unnumbered,,completed,sold,1,2026-06-08 16:11:05.79852+00,2026-06-08 16:11:11.49761+00,2026-06-08 16:11:11.603253+00,0.105643,5.804733,
00dfdc5d-74c3-420d-acfe-f1ab4b00d336,unnumbered,,completed,sold,1,2026-06-08 16:11:05.806558+00,2026-06-08 16:11:11.591235+00,2026-06-08 16:11:11.695816+00,0.104581,5.889258,
2c80f231-f61a-4aae-b58b-bf0e4c0eeede,unnumbered,,completed,sold,1,2026-06-08 16:11:05.814984+00,2026-06-08 16:11:11.598191+00,2026-06-08 16:11:11.703681+00,0.105490,5.888697,
70f16404-85aa-4301-b2a3-73673f9df3be,unnumbered,,completed,sold,1,2026-06-08 16:11:05.824964+00,2026-06-08 16:11:11.612392+00,2026-06-08 16:11:11.717332+00,0.104940,5.892368,
ef880911-3fb6-4189-8403-0876d57656be,unnumbered,,completed,sold,1,2026-06-08 16:11:05.831631+00,2026-06-08 16:11:11.630066+00,2026-06-08 16:11:11.735656+00,0.105590,5.904025,
6aee10fe-6548-409b-9566-a67681859ed8,unnumbered,,completed,sold,1,2026-06-08 16:11:05.839923+00,2026-06-08 16:11:11.723788+00,2026-06-08 16:11:11.828403+00,0.104615,5.988480,
d5a011f2-cd82-410f-b19c-c8a399bdb1c1,unnumbered,,completed,sold,1,2026-06-08 16:11:05.848386+00,2026-06-08 16:11:11.728964+00,2026-06-08 16:11:11.834015+00,0.105051,5.985629,
13ddfb09-6485-479c-aa98-a1d68d8a5717,unnumbered,,completed,sold,1,2026-06-08 16:11:05.856759+00,2026-06-08 16:11:11.741146+00,2026-06-08 16:11:11.845997+00,0.104851,5.989238,
26a8eae3-7f83-46ca-adcb-b9e0d78c94ff,unnumbered,,completed,sold,1,2026-06-08 16:11:05.865195+00,2026-06-08 16:11:11.763758+00,2026-06-08 16:11:11.869353+00,0.105595,6.004158,
0d11e860-726b-4a5d-8c81-ced1029336c6,unnumbered,,completed,sold,1,2026-06-08 16:11:05.873519+00,2026-06-08 16:11:11.856507+00,2026-06-08 16:11:11.961491+00,0.104984,6.087972,
f6540d92-2641-46e8-8712-b774ceaac262,unnumbered,,completed,sold,1,2026-06-08 16:11:05.881769+00,2026-06-08 16:11:11.858602+00,2026-06-08 16:11:11.967187+00,0.108585,6.085418,
25232d25-0fe6-4750-94ef-1fb54b470edf,unnumbered,,completed,sold,1,2026-06-08 16:11:05.89004+00,2026-06-08 16:11:11.871133+00,2026-06-08 16:11:11.97691+00,0.105777,6.086870,
4445f064-09f1-4596-bfe3-f5c6303841f0,unnumbered,,completed,sold,1,2026-06-08 16:11:05.898271+00,2026-06-08 16:11:11.896815+00,2026-06-08 16:11:12.002537+00,0.105722,6.104266,
9c08bceb-3633-4cc6-a196-327b933ccc26,unnumbered,,completed,sold,1,2026-06-08 16:11:05.906819+00,2026-06-08 16:11:11.988904+00,2026-06-08 16:11:12.094038+00,0.105134,6.187219,
92e16bbf-65f4-4bbb-b65d-86c22a4e9920,unnumbered,,completed,sold,1,2026-06-08 16:11:05.914888+00,2026-06-08 16:11:11.991971+00,2026-06-08 16:11:12.099883+00,0.107912,6.184995,
8386faf0-d5bb-40c2-8f8d-271df86298a0,unnumbered,,completed,sold,1,2026-06-08 16:11:05.923371+00,2026-06-08 16:11:12.000287+00,2026-06-08 16:11:12.105339+00,0.105052,6.181968,
3b884f9f-2d98-4898-9f8d-5431f70330fd,unnumbered,,completed,sold,1,2026-06-08 16:11:05.931862+00,2026-06-08 16:11:12.030261+00,2026-06-08 16:11:12.135533+00,0.105272,6.203671,
983f61f7-66f0-4460-8622-ac74c9903564,unnumbered,,completed,sold,1,2026-06-08 16:11:05.948308+00,2026-06-08 16:11:12.122673+00,2026-06-08 16:11:12.227091+00,0.104418,6.278783,
7f4fead2-bbce-4168-bac8-54ed063c6e55,unnumbered,,completed,sold,1,2026-06-08 16:11:05.940124+00,2026-06-08 16:11:12.122959+00,2026-06-08 16:11:12.232739+00,0.109780,6.292615,
ca7f715d-e669-4d25-a0b3-b0396af9d5c4,unnumbered,,completed,sold,1,2026-06-08 16:11:05.956629+00,2026-06-08 16:11:12.128703+00,2026-06-08 16:11:12.238259+00,0.109556,6.281630,
59135a4c-00ce-43df-9b9d-f830b8b9971e,unnumbered,,completed,sold,1,2026-06-08 16:11:05.965055+00,2026-06-08 16:11:12.159995+00,2026-06-08 16:11:12.265364+00,0.105369,6.300309,
6256a159-c650-4173-acc3-9d2d7a21dd16,unnumbered,,completed,sold,1,2026-06-08 16:11:05.973352+00,2026-06-08 16:11:12.250949+00,2026-06-08 16:11:12.355172+00,0.104223,6.381820,
e59789cc-ad44-4591-b94c-9c8ab614f674,unnumbered,,completed,sold,1,2026-06-08 16:11:05.982023+00,2026-06-08 16:11:12.256652+00,2026-06-08 16:11:12.362137+00,0.105485,6.380114,
37cd36e0-3f8a-4520-8af8-891ea77d98d4,unnumbered,,completed,sold,1,2026-06-08 16:11:05.990227+00,2026-06-08 16:11:12.262512+00,2026-06-08 16:11:12.367986+00,0.105474,6.377759,
0d1206a2-dea3-4627-ae05-c7bbbb20ec0d,unnumbered,,completed,sold,1,2026-06-08 16:11:05.998423+00,2026-06-08 16:11:12.291476+00,2026-06-08 16:11:12.39653+00,0.105054,6.398107,
237a3aca-fcad-42c4-adab-4006c7286de2,unnumbered,,completed,sold,1,2026-06-08 16:11:06.006984+00,2026-06-08 16:11:12.379699+00,2026-06-08 16:11:12.484257+00,0.104558,6.477273,
feb54e68-b466-4ebd-a9ed-2ad182c4be96,unnumbered,,completed,sold,1,2026-06-08 16:11:06.015065+00,2026-06-08 16:11:12.387927+00,2026-06-08 16:11:12.493684+00,0.105757,6.478619,
a672f925-85dd-47c2-bf0c-94d2243f998b,unnumbered,,completed,sold,1,2026-06-08 16:11:06.02335+00,2026-06-08 16:11:12.391213+00,2026-06-08 16:11:12.499435+00,0.108222,6.476085,
8432d824-3022-441f-8aae-e865a2d2be78,unnumbered,,completed,sold,1,2026-06-08 16:11:06.032138+00,2026-06-08 16:11:12.421286+00,2026-06-08 16:11:12.526262+00,0.104976,6.494124,
12b6a3ff-dbda-43c1-b3b3-c229864b8956,unnumbered,,completed,sold,1,2026-06-08 16:11:06.039995+00,2026-06-08 16:11:12.509437+00,2026-06-08 16:11:12.613739+00,0.104302,6.573744,
13b7574c-d3ac-4b41-af05-043b8ab3127f,unnumbered,,completed,sold,1,2026-06-08 16:11:06.048391+00,2026-06-08 16:11:12.518189+00,2026-06-08 16:11:12.623198+00,0.105009,6.574807,
59624a19-9a9a-42a2-98c3-e53b6f6239ab,unnumbered,,completed,sold,1,2026-06-08 16:11:06.056823+00,2026-06-08 16:11:12.522912+00,2026-06-08 16:11:12.629394+00,0.106482,6.572571,
f3ddb5ee-805d-4522-9bf9-0b8ae1364152,unnumbered,,completed,sold,1,2026-06-08 16:11:06.064972+00,2026-06-08 16:11:12.551395+00,2026-06-08 16:11:12.656498+00,0.105103,6.591526,
abe023e6-d1d2-4aff-aced-ee23d2ec4ec8,unnumbered,,completed,sold,1,2026-06-08 16:11:06.073271+00,2026-06-08 16:11:12.639698+00,2026-06-08 16:11:12.743912+00,0.104214,6.670641,
45a8688d-e88c-4cf5-91f1-1bee0ea846c8,unnumbered,,completed,sold,1,2026-06-08 16:11:06.081736+00,2026-06-08 16:11:12.648582+00,2026-06-08 16:11:12.753429+00,0.104847,6.671693,
2ad3b077-d144-487e-95f8-6cff93380cfb,unnumbered,,completed,sold,1,2026-06-08 16:11:06.090096+00,2026-06-08 16:11:12.65521+00,2026-06-08 16:11:12.762097+00,0.106887,6.672001,
28cef313-2cf2-4d4b-92a5-1d848fbbd3ec,unnumbered,,completed,sold,1,2026-06-08 16:11:06.098435+00,2026-06-08 16:11:12.681806+00,2026-06-08 16:11:12.787431+00,0.105625,6.688996,
5013cfeb-f813-4acc-aa69-6043c355a0e0,unnumbered,,completed,sold,1,2026-06-08 16:11:06.10691+00,2026-06-08 16:11:12.771323+00,2026-06-08 16:11:12.875753+00,0.104430,6.768843,
60fe28a0-0da3-4325-a694-be18c7becaad,unnumbered,,completed,sold,1,2026-06-08 16:11:06.115169+00,2026-06-08 16:11:12.779625+00,2026-06-08 16:11:12.884963+00,0.105338,6.769794,
a46fbdc7-652e-4c5c-a184-4ec4fb1ba56b,unnumbered,,completed,sold,1,2026-06-08 16:11:06.123409+00,2026-06-08 16:11:12.787723+00,2026-06-08 16:11:12.894093+00,0.106370,6.770684,
6ce08633-2a5d-498a-979b-9e13faa8319a,unnumbered,,completed,sold,1,2026-06-08 16:11:06.13196+00,2026-06-08 16:11:12.813246+00,2026-06-08 16:11:12.918718+00,0.105472,6.786758,
56d05709-e6cd-47c7-a192-5aaa51b5a21d,unnumbered,,completed,sold,1,2026-06-08 16:11:06.140036+00,2026-06-08 16:11:12.900796+00,2026-06-08 16:11:13.005203+00,0.104407,6.865167,
001bbbeb-0f03-4c78-a368-5299320e0f27,unnumbered,,completed,sold,1,2026-06-08 16:11:06.148261+00,2026-06-08 16:11:12.912878+00,2026-06-08 16:11:13.017472+00,0.104594,6.869211,
3f5bdcda-174d-4925-85c7-4c4182224818,unnumbered,,completed,sold,1,2026-06-08 16:11:06.156624+00,2026-06-08 16:11:12.917599+00,2026-06-08 16:11:13.024626+00,0.107027,6.868002,
e45cb6b8-ff15-40be-8e6b-91e6817abe04,unnumbered,,completed,sold,1,2026-06-08 16:11:06.165118+00,2026-06-08 16:11:12.946618+00,2026-06-08 16:11:13.051952+00,0.105334,6.886834,
4bb02de2-6ca4-4de7-8d9d-800045ce9223,unnumbered,,completed,sold,1,2026-06-08 16:11:06.173349+00,2026-06-08 16:11:13.032976+00,2026-06-08 16:11:13.137429+00,0.104453,6.964080,
f2b8a060-dcb6-4a7a-bb17-9e3071ded3d5,unnumbered,,completed,sold,1,2026-06-08 16:11:06.181931+00,2026-06-08 16:11:13.043065+00,2026-06-08 16:11:13.14777+00,0.104705,6.965839,
5657cd13-d3f5-49bf-9e99-c9a766489367,unnumbered,,completed,sold,1,2026-06-08 16:11:06.190289+00,2026-06-08 16:11:13.04812+00,2026-06-08 16:11:13.152899+00,0.104779,6.962610,
f24e211c-7c0e-4e7a-bef7-b0ca8615576e,unnumbered,,completed,sold,1,2026-06-08 16:11:06.198586+00,2026-06-08 16:11:13.079854+00,2026-06-08 16:11:13.185287+00,0.105433,6.986701,
fdc6c8ca-6677-44ad-ab2a-6a06611f112c,unnumbered,,completed,sold,1,2026-06-08 16:11:06.206562+00,2026-06-08 16:11:13.16286+00,2026-06-08 16:11:13.267353+00,0.104493,7.060791,
72dde506-2423-4ad8-b330-89fec8d1304a,unnumbered,,completed,sold,1,2026-06-08 16:11:06.215033+00,2026-06-08 16:11:13.174554+00,2026-06-08 16:11:13.279085+00,0.104531,7.064052,
699f0a3d-877e-4688-85d0-daf54651c0d6,unnumbered,,completed,sold,1,2026-06-08 16:11:06.223348+00,2026-06-08 16:11:13.178902+00,2026-06-08 16:11:13.284615+00,0.105713,7.061267,
c8d495f7-42a1-4ccb-9afb-d24638931f81,unnumbered,,completed,sold,1,2026-06-08 16:11:06.231754+00,2026-06-08 16:11:13.213321+00,2026-06-08 16:11:13.318976+00,0.105655,7.087222,
aaad6406-b249-4e40-a744-706ffc2170cd,unnumbered,,completed,sold,1,2026-06-08 16:11:06.240093+00,2026-06-08 16:11:13.297081+00,2026-06-08 16:11:13.401527+00,0.104446,7.161434,
0ad0100a-17e9-4d46-b66f-debb32b5f922,unnumbered,,completed,sold,1,2026-06-08 16:11:06.24863+00,2026-06-08 16:11:13.304878+00,2026-06-08 16:11:13.411714+00,0.106836,7.163084,
d5764f9f-5354-433c-b701-07a6fa37cb04,unnumbered,,completed,sold,1,2026-06-08 16:11:06.257204+00,2026-06-08 16:11:13.308088+00,2026-06-08 16:11:13.417615+00,0.109527,7.160411,
67410931-452b-4226-a1a2-05c01857fddb,unnumbered,,completed,sold,1,2026-06-08 16:11:06.265715+00,2026-06-08 16:11:13.347409+00,2026-06-08 16:11:13.452679+00,0.105270,7.186964,
3c08592c-1701-4c42-9c86-057fdac903c6,unnumbered,,completed,sold,1,2026-06-08 16:11:06.273462+00,2026-06-08 16:11:13.42946+00,2026-06-08 16:11:13.534229+00,0.104769,7.260767,
9ef526d7-41cd-4428-a28c-1ecbb71af347,unnumbered,,completed,sold,1,2026-06-08 16:11:06.283839+00,2026-06-08 16:11:13.43867+00,2026-06-08 16:11:13.544034+00,0.105364,7.260195,
6bb6d5aa-0ea0-428e-bab1-e13e9736103a,unnumbered,,completed,sold,1,2026-06-08 16:11:06.290231+00,2026-06-08 16:11:13.441514+00,2026-06-08 16:11:13.549962+00,0.108448,7.259731,
214778f5-4b4c-480d-b191-4d9f3c8cb8d5,unnumbered,,completed,sold,1,2026-06-08 16:11:06.300444+00,2026-06-08 16:11:13.480581+00,2026-06-08 16:11:13.586455+00,0.105874,7.286011,
20fb59f1-5689-4745-a954-5c26589e0199,unnumbered,,completed,sold,1,2026-06-08 16:11:06.309944+00,2026-06-08 16:11:13.559641+00,2026-06-08 16:11:13.663784+00,0.104143,7.353840,
bfe2db69-76f5-4828-880c-9b586d8fbe2f,unnumbered,,completed,sold,1,2026-06-08 16:11:06.315195+00,2026-06-08 16:11:13.571871+00,2026-06-08 16:11:13.67705+00,0.105179,7.361855,
89d9b6e8-0a4d-4d60-960c-514b6e3a2252,unnumbered,,completed,sold,1,2026-06-08 16:11:06.323347+00,2026-06-08 16:11:13.573674+00,2026-06-08 16:11:13.682437+00,0.108763,7.359090,
75a1d521-7068-4b64-b59b-ba1211f52ca2,unnumbered,,completed,sold,1,2026-06-08 16:11:06.331753+00,2026-06-08 16:11:13.613311+00,2026-06-08 16:11:13.718479+00,0.105168,7.386726,
c6d25201-b875-4d37-82d9-520f5ca67d01,unnumbered,,completed,sold,1,2026-06-08 16:11:06.342735+00,2026-06-08 16:11:13.691773+00,2026-06-08 16:11:13.796087+00,0.104314,7.453352,
282be980-4af6-4519-87ee-e3ebbea98470,unnumbered,,completed,sold,1,2026-06-08 16:11:06.34823+00,2026-06-08 16:11:13.705158+00,2026-06-08 16:11:13.811361+00,0.106203,7.463131,
029a1c87-9404-4330-8a12-97d2a2d79fdb,unnumbered,,completed,sold,1,2026-06-08 16:11:06.356713+00,2026-06-08 16:11:13.707298+00,2026-06-08 16:11:13.816679+00,0.109381,7.459966,
a3c21609-d8e2-4832-ad40-bc7211b6786a,unnumbered,,completed,sold,1,2026-06-08 16:11:06.365178+00,2026-06-08 16:11:13.743401+00,2026-06-08 16:11:13.848671+00,0.105270,7.483493,
dd514b16-d5da-45db-bb8b-d74132dc621b,unnumbered,,completed,sold,1,2026-06-08 16:11:06.373966+00,2026-06-08 16:11:13.821345+00,2026-06-08 16:11:13.925821+00,0.104476,7.551855,
94c11bde-0382-47e4-844f-1ca8f431b209,unnumbered,,completed,sold,1,2026-06-08 16:11:06.38221+00,2026-06-08 16:11:13.838442+00,2026-06-08 16:11:13.943885+00,0.105443,7.561675,
23b768ca-a687-47a9-a382-9a180b9f0ac9,unnumbered,,completed,sold,1,2026-06-08 16:11:06.390436+00,2026-06-08 16:11:13.840744+00,2026-06-08 16:11:13.949614+00,0.108870,7.559178,
e68ed640-5f12-4a23-84fa-ef559a58375f,unnumbered,,completed,sold,1,2026-06-08 16:11:06.399471+00,2026-06-08 16:11:13.873693+00,2026-06-08 16:11:13.979305+00,0.105612,7.579834,
6eea134c-f05a-445a-b028-852ce58bad35,unnumbered,,completed,sold,1,2026-06-08 16:11:06.407007+00,2026-06-08 16:11:13.951609+00,2026-06-08 16:11:14.056156+00,0.104547,7.649149,
24de4314-3612-4e4b-b191-470663a8559f,unnumbered,,completed,sold,1,2026-06-08 16:11:06.41518+00,2026-06-08 16:11:13.968067+00,2026-06-08 16:11:14.073503+00,0.105436,7.658323,
a80aae66-9a3d-4433-b032-c3ad5011fb96,unnumbered,,completed,sold,1,2026-06-08 16:11:06.423883+00,2026-06-08 16:11:13.97128+00,2026-06-08 16:11:14.079541+00,0.108261,7.655658,
352e2adc-0b4f-4d64-81d2-eb083ed5214e,unnumbered,,completed,sold,1,2026-06-08 16:11:06.435894+00,2026-06-08 16:11:14.004523+00,2026-06-08 16:11:14.110119+00,0.105596,7.674225,
69e41ac1-0950-45d8-8e2d-caa57223b106,unnumbered,,completed,sold,1,2026-06-08 16:11:06.441822+00,2026-06-08 16:11:14.082653+00,2026-06-08 16:11:14.187104+00,0.104451,7.745282,
f3ae1aa9-316a-49f9-a9bf-ed46df230f04,unnumbered,,completed,sold,1,2026-06-08 16:11:06.448581+00,2026-06-08 16:11:14.098568+00,2026-06-08 16:11:14.205072+00,0.106504,7.756491,
deb21197-4d57-4334-b14b-67eaacb56135,unnumbered,,completed,sold,1,2026-06-08 16:11:06.457186+00,2026-06-08 16:11:14.101398+00,2026-06-08 16:11:14.210881+00,0.109483,7.753695,
14b3e4a1-6172-4d5a-81a0-074fe5866810,unnumbered,,completed,sold,1,2026-06-08 16:11:06.465344+00,2026-06-08 16:11:14.135401+00,2026-06-08 16:11:14.240402+00,0.105001,7.775058,
4df03688-52d6-4e9c-9fdf-1ffa9be90325,unnumbered,,completed,sold,1,2026-06-08 16:11:06.474056+00,2026-06-08 16:11:14.212901+00,2026-06-08 16:11:14.317632+00,0.104731,7.843576,
ce4b147e-ab9a-411f-b39c-0651b7f25800,unnumbered,,completed,sold,1,2026-06-08 16:11:06.481603+00,2026-06-08 16:11:14.230924+00,2026-06-08 16:11:14.336269+00,0.105345,7.854666,
7c226e8b-0dd8-43e6-b425-a7998700410e,unnumbered,,completed,sold,1,2026-06-08 16:11:06.490418+00,2026-06-08 16:11:14.232531+00,2026-06-08 16:11:14.341422+00,0.108891,7.851004,
1954fed8-57a7-4dfe-bc82-7d029c5e4ff9,unnumbered,,completed,sold,1,2026-06-08 16:11:06.498329+00,2026-06-08 16:11:14.265181+00,2026-06-08 16:11:14.370393+00,0.105212,7.872064,
70e82f04-ebea-470d-8ba2-0568ab9ded0a,unnumbered,,completed,sold,1,2026-06-08 16:11:06.506868+00,2026-06-08 16:11:14.342435+00,2026-06-08 16:11:14.446989+00,0.104554,7.940121,
8c0f820b-47f7-47cd-aeb9-e3bcc2f08e33,unnumbered,,completed,sold,1,2026-06-08 16:11:06.515429+00,2026-06-08 16:11:14.360976+00,2026-06-08 16:11:14.466628+00,0.105652,7.951199,
903596be-4d65-4d70-993e-172834130c16,unnumbered,,completed,sold,1,2026-06-08 16:11:06.523645+00,2026-06-08 16:11:14.363104+00,2026-06-08 16:11:14.472095+00,0.108991,7.948450,
c1080e53-8db6-490c-801a-1c540995f77b,unnumbered,,completed,sold,1,2026-06-08 16:11:06.532016+00,2026-06-08 16:11:14.396052+00,2026-06-08 16:11:14.50128+00,0.105228,7.969264,
d9b075a9-880b-4ae9-9374-02a89b61de5a,unnumbered,,completed,sold,1,2026-06-08 16:11:06.540288+00,2026-06-08 16:11:14.472922+00,2026-06-08 16:11:14.577767+00,0.104845,8.037479,
efab8a32-8957-49d1-a29b-109bb6f84d08,unnumbered,,completed,sold,1,2026-06-08 16:11:06.548363+00,2026-06-08 16:11:14.490615+00,2026-06-08 16:11:14.596816+00,0.106201,8.048453,
b539cd38-59e4-4199-9be0-aff436e86471,unnumbered,,completed,sold,1,2026-06-08 16:11:06.556852+00,2026-06-08 16:11:14.494624+00,2026-06-08 16:11:14.602249+00,0.107625,8.045397,
ce7a2975-6f64-4b14-a988-2fd9d9d51f48,unnumbered,,completed,sold,1,2026-06-08 16:11:06.565145+00,2026-06-08 16:11:14.526512+00,2026-06-08 16:11:14.631936+00,0.105424,8.066791,
3d9d26d0-f47b-4eca-8ffc-d1f971804a1b,unnumbered,,completed,sold,1,2026-06-08 16:11:06.573205+00,2026-06-08 16:11:14.602034+00,2026-06-08 16:11:14.7072+00,0.105166,8.133995,
cf964b22-957f-4595-b604-84e1f014d93c,unnumbered,,completed,sold,1,2026-06-08 16:11:06.581673+00,2026-06-08 16:11:14.62077+00,2026-06-08 16:11:14.726292+00,0.105522,8.144619,
29f170dc-53ca-4d59-89dc-9c05e5395b8b,unnumbered,,completed,sold,1,2026-06-08 16:11:06.590101+00,2026-06-08 16:11:14.623631+00,2026-06-08 16:11:14.731951+00,0.108320,8.141850,
ee5cc42c-d2fe-4031-9d80-be137eabfbab,unnumbered,,completed,sold,1,2026-06-08 16:11:06.598557+00,2026-06-08 16:11:14.656256+00,2026-06-08 16:11:14.761465+00,0.105209,8.162908,
3e918dcc-b7f8-4472-bd55-50c838f8674f,unnumbered,,completed,sold,1,2026-06-08 16:11:06.606582+00,2026-06-08 16:11:14.733634+00,2026-06-08 16:11:14.838298+00,0.104664,8.231716,
61ef58c9-11ce-46ed-8cee-a5a3f04461d4,unnumbered,,completed,sold,1,2026-06-08 16:11:06.615059+00,2026-06-08 16:11:14.750484+00,2026-06-08 16:11:14.855718+00,0.105234,8.240659,
16904c3e-fada-4db0-a5b1-a04248b6b0b9,unnumbered,,completed,sold,1,2026-06-08 16:11:06.623392+00,2026-06-08 16:11:14.753683+00,2026-06-08 16:11:14.86101+00,0.107327,8.237618,
a135e826-3198-4c47-9b96-471e40293d68,unnumbered,,completed,sold,1,2026-06-08 16:11:06.631939+00,2026-06-08 16:11:14.786857+00,2026-06-08 16:11:14.89202+00,0.105163,8.260081,
897b1f74-8f21-4ca0-8e80-46eff8ecfadc,unnumbered,,completed,sold,1,2026-06-08 16:11:06.639869+00,2026-06-08 16:11:14.863801+00,2026-06-08 16:11:14.968467+00,0.104666,8.328598,
449eb4c0-61c4-46ff-8c10-296e0d54cd85,unnumbered,,completed,sold,1,2026-06-08 16:11:06.648382+00,2026-06-08 16:11:14.882136+00,2026-06-08 16:11:14.987354+00,0.105218,8.338972,
e16c018e-a95e-4f5d-b018-deb5111eda8c,unnumbered,,completed,sold,1,2026-06-08 16:11:06.656915+00,2026-06-08 16:11:14.882722+00,2026-06-08 16:11:14.992985+00,0.110263,8.336070,
714a6680-e4b6-499d-96a1-daa8cfc2d718,unnumbered,,completed,sold,1,2026-06-08 16:11:06.665322+00,2026-06-08 16:11:14.916521+00,2026-06-08 16:11:15.021793+00,0.105272,8.356471,
8decbbc8-d760-4b8d-b05e-1765488fad9c,unnumbered,,completed,sold,1,2026-06-08 16:11:06.673654+00,2026-06-08 16:11:14.993642+00,2026-06-08 16:11:15.098068+00,0.104426,8.424414,
af1dff63-2742-474e-8b9f-8864f113a3ff,unnumbered,,completed,sold,1,2026-06-08 16:11:06.682471+00,2026-06-08 16:11:15.013429+00,2026-06-08 16:11:15.120085+00,0.106656,8.437614,
854026db-ab87-466f-9134-a17f2354096a,unnumbered,,completed,sold,1,2026-06-08 16:11:06.690641+00,2026-06-08 16:11:15.016901+00,2026-06-08 16:11:15.125336+00,0.108435,8.434695,
4fcabe38-4237-481e-97f2-43f8b401bc42,unnumbered,,completed,sold,1,2026-06-08 16:11:06.698444+00,2026-06-08 16:11:15.047065+00,2026-06-08 16:11:15.152034+00,0.104969,8.453590,
698f1e0a-2a3d-4d87-bdb4-3869e07247cc,unnumbered,,completed,sold,1,2026-06-08 16:11:06.706739+00,2026-06-08 16:11:15.120015+00,2026-06-08 16:11:15.224565+00,0.104550,8.517826,
f4d9f5d3-adb0-4674-a0ed-850fb96e1504,unnumbered,,completed,sold,1,2026-06-08 16:11:06.715365+00,2026-06-08 16:11:15.144022+00,2026-06-08 16:11:15.248765+00,0.104743,8.533400,
00c69735-bd98-4b38-a91c-7e28ee60fa10,unnumbered,,completed,sold,1,2026-06-08 16:11:06.723403+00,2026-06-08 16:11:15.147113+00,2026-06-08 16:11:15.2545+00,0.107387,8.531097,
e21934c8-c441-460a-bd00-627b198afc1b,unnumbered,,completed,sold,1,2026-06-08 16:11:06.731848+00,2026-06-08 16:11:15.177206+00,2026-06-08 16:11:15.282198+00,0.104992,8.550350,
916ae634-9a71-4b2f-ae5c-969f9e4ee426,unnumbered,,completed,sold,1,2026-06-08 16:11:06.740032+00,2026-06-08 16:11:15.246128+00,2026-06-08 16:11:15.350354+00,0.104226,8.610322,
6a7be3f9-4db3-408a-9f2e-9d794d787612,unnumbered,,completed,sold,1,2026-06-08 16:11:06.748674+00,2026-06-08 16:11:15.273955+00,2026-06-08 16:11:15.380814+00,0.106859,8.632140,
a551e157-7de8-4287-a4eb-dbbf3809dac4,unnumbered,,completed,sold,1,2026-06-08 16:11:06.756745+00,2026-06-08 16:11:15.277191+00,2026-06-08 16:11:15.386446+00,0.109255,8.629701,
4d8c4512-4577-4175-8c38-64c41b9b26d3,unnumbered,,completed,sold,1,2026-06-08 16:11:06.765129+00,2026-06-08 16:11:15.307425+00,2026-06-08 16:11:15.412178+00,0.104753,8.647049,
17f0a353-4008-4263-9c06-aea6ba2bf008,unnumbered,,completed,sold,1,2026-06-08 16:11:06.773712+00,2026-06-08 16:11:15.371257+00,2026-06-08 16:11:15.475853+00,0.104596,8.702141,
de66d89a-5ae8-4cbf-a61f-95d63a900b5d,unnumbered,,completed,sold,1,2026-06-08 16:11:06.781815+00,2026-06-08 16:11:15.405362+00,2026-06-08 16:11:15.509819+00,0.104457,8.728004,
d20e9dd3-775e-4f24-b3c8-66429a7257fd,unnumbered,,completed,sold,1,2026-06-08 16:11:06.790316+00,2026-06-08 16:11:15.408788+00,2026-06-08 16:11:15.515132+00,0.106344,8.724816,
85463833-07a3-4a85-82ae-9b9d333440b1,unnumbered,,completed,sold,1,2026-06-08 16:11:06.798444+00,2026-06-08 16:11:15.436714+00,2026-06-08 16:11:15.541717+00,0.105003,8.743273,
5539cb6c-fe65-4247-ae50-8bdedef23680,unnumbered,,completed,sold,1,2026-06-08 16:11:06.806813+00,2026-06-08 16:11:15.497604+00,2026-06-08 16:11:15.602007+00,0.104403,8.795194,
a8901698-b1e4-4f1e-a3c0-bb602d1d2de0,unnumbered,,completed,sold,1,2026-06-08 16:11:06.815646+00,2026-06-08 16:11:15.531924+00,2026-06-08 16:11:15.636678+00,0.104754,8.821032,
c4e13cd2-dcd6-46ec-a7aa-ac534d7704f8,unnumbered,,completed,sold,1,2026-06-08 16:11:06.823474+00,2026-06-08 16:11:15.536423+00,2026-06-08 16:11:15.642198+00,0.105775,8.818724,
fef21568-397f-4385-9583-2462ad2c6258,unnumbered,,completed,sold,1,2026-06-08 16:11:06.83209+00,2026-06-08 16:11:15.567378+00,2026-06-08 16:11:15.672315+00,0.104937,8.840225,
2ce4d83d-5631-476a-b193-c9779402d3e4,unnumbered,,completed,sold,1,2026-06-08 16:11:06.840059+00,2026-06-08 16:11:15.62364+00,2026-06-08 16:11:15.728147+00,0.104507,8.888088,
3f4f48b9-0f0f-4af9-904d-8baa6bf8df73,unnumbered,,completed,sold,1,2026-06-08 16:11:06.84848+00,2026-06-08 16:11:15.659947+00,2026-06-08 16:11:15.764834+00,0.104887,8.916354,
c8375805-0a10-4b56-bf36-64929d79afe3,unnumbered,,completed,sold,1,2026-06-08 16:11:06.856545+00,2026-06-08 16:11:15.664938+00,2026-06-08 16:11:15.770623+00,0.105685,8.914078,
0e20481a-c8cd-43b1-b721-88687db30b57,unnumbered,,completed,sold,1,2026-06-08 16:11:06.865244+00,2026-06-08 16:11:15.697221+00,2026-06-08 16:11:15.802461+00,0.105240,8.937217,
9a1aae9e-9127-407a-9944-ef3ef897ac33,unnumbered,,completed,sold,1,2026-06-08 16:11:06.87402+00,2026-06-08 16:11:15.750618+00,2026-06-08 16:11:15.855011+00,0.104393,8.980991,
3fe7b473-b5a3-4bc1-af0f-59b18e193bca,unnumbered,,completed,sold,1,2026-06-08 16:11:06.882189+00,2026-06-08 16:11:15.787536+00,2026-06-08 16:11:15.892601+00,0.105065,9.010412,
75f28a1f-9daf-4cef-84a1-de9399a7f5a3,unnumbered,,completed,sold,1,2026-06-08 16:11:06.890123+00,2026-06-08 16:11:15.792007+00,2026-06-08 16:11:15.897714+00,0.105707,9.007591,
05179063-071e-4f11-8a5c-40890bf8249c,unnumbered,,completed,sold,1,2026-06-08 16:11:06.898311+00,2026-06-08 16:11:15.82718+00,2026-06-08 16:11:15.932339+00,0.105159,9.034028,
b09a929c-32eb-4969-b68d-8fbbd2f99377,unnumbered,,completed,sold,1,2026-06-08 16:11:06.906802+00,2026-06-08 16:11:15.876148+00,2026-06-08 16:11:15.98065+00,0.104502,9.073848,
0ba33a65-4af5-459a-be8b-929ebf4d0603,unnumbered,,completed,sold,1,2026-06-08 16:11:06.915368+00,2026-06-08 16:11:15.915407+00,2026-06-08 16:11:16.020099+00,0.104692,9.104731,
57b1c269-c498-4218-ac00-0727f2604b94,unnumbered,,completed,sold,1,2026-06-08 16:11:06.9235+00,2026-06-08 16:11:15.919076+00,2026-06-08 16:11:16.025397+00,0.106321,9.101897,
f5b99f9a-e3ec-4f99-ae64-e75cf18249b2,unnumbered,,completed,sold,1,2026-06-08 16:11:06.931976+00,2026-06-08 16:11:15.957164+00,2026-06-08 16:11:16.062758+00,0.105594,9.130782,
6ef44ed6-2ce0-4675-b765-5372de7532ab,unnumbered,,completed,sold,1,2026-06-08 16:11:06.939975+00,2026-06-08 16:11:16.002138+00,2026-06-08 16:11:16.10675+00,0.104612,9.166775,
4cb922a0-830f-4aa3-9c3f-71a656c333f1,unnumbered,,completed,sold,1,2026-06-08 16:11:06.948402+00,2026-06-08 16:11:16.042977+00,2026-06-08 16:11:16.147481+00,0.104504,9.199079,
b783e2c6-af53-42a5-bf16-a9f44c777c2c,unnumbered,,completed,sold,1,2026-06-08 16:11:06.956779+00,2026-06-08 16:11:16.047144+00,2026-06-08 16:11:16.153371+00,0.106227,9.196592,
060a340e-5f8a-49e0-b8b1-9af7af5d9010,unnumbered,,completed,sold,1,2026-06-08 16:11:06.96517+00,2026-06-08 16:11:16.088246+00,2026-06-08 16:11:16.193667+00,0.105421,9.228497,
65ccd523-1afb-4825-b923-0719a567ff2c,unnumbered,,completed,sold,1,2026-06-08 16:11:06.973545+00,2026-06-08 16:11:16.129572+00,2026-06-08 16:11:16.233834+00,0.104262,9.260289,
3d90026f-b972-40d1-aaf4-ccfe071f80e3,unnumbered,,completed,sold,1,2026-06-08 16:11:06.981706+00,2026-06-08 16:11:16.17131+00,2026-06-08 16:11:16.276067+00,0.104757,9.294361,
56d7f3e5-2874-4b23-a3f2-3e928a092b26,unnumbered,,completed,sold,1,2026-06-08 16:11:06.990056+00,2026-06-08 16:11:16.174506+00,2026-06-08 16:11:16.281797+00,0.107291,9.291741,
f193207a-4441-4b11-862a-4cf0c592b5f1,unnumbered,,completed,sold,1,2026-06-08 16:11:06.998512+00,2026-06-08 16:11:16.218975+00,2026-06-08 16:11:16.324421+00,0.105446,9.325909,
1b22e364-dfcf-41f3-a90a-5b4916909525,unnumbered,,completed,sold,1,2026-06-08 16:11:07.006786+00,2026-06-08 16:11:16.255224+00,2026-06-08 16:11:16.359636+00,0.104412,9.352850,
404a8cd5-5c04-4dc5-b385-8d3d879d01d2,unnumbered,,completed,sold,1,2026-06-08 16:11:07.015038+00,2026-06-08 16:11:16.299914+00,2026-06-08 16:11:16.404653+00,0.104739,9.389615,
60893024-e658-4962-b206-f4df79e81991,unnumbered,,completed,sold,1,2026-06-08 16:11:07.023434+00,2026-06-08 16:11:16.304141+00,2026-06-08 16:11:16.409786+00,0.105645,9.386352,
0524df79-da8d-432a-9759-97b0c70a546e,unnumbered,,completed,sold,1,2026-06-08 16:11:07.031711+00,2026-06-08 16:11:16.350241+00,2026-06-08 16:11:16.455857+00,0.105616,9.424146,
e5281900-ed09-4a3d-9e46-6c41150ff129,unnumbered,,completed,sold,1,2026-06-08 16:11:07.040176+00,2026-06-08 16:11:16.380835+00,2026-06-08 16:11:16.484979+00,0.104144,9.444803,
f28b96c1-a4ab-470c-8999-1d4f6bf9d72d,unnumbered,,completed,sold,1,2026-06-08 16:11:07.048426+00,2026-06-08 16:11:16.427702+00,2026-06-08 16:11:16.532345+00,0.104643,9.483919,
783e8b12-668b-42d8-a87c-cc34f2456527,unnumbered,,completed,sold,1,2026-06-08 16:11:07.056657+00,2026-06-08 16:11:16.431756+00,2026-06-08 16:11:16.538134+00,0.106378,9.481477,
c7402c27-e5b5-4bb0-a525-4dc08fa255eb,unnumbered,,completed,sold,1,2026-06-08 16:11:07.065169+00,2026-06-08 16:11:16.481713+00,2026-06-08 16:11:16.587582+00,0.105869,9.522413,
9b535b30-3e38-41ff-86ac-67005be6ec11,unnumbered,,completed,sold,1,2026-06-08 16:11:07.073267+00,2026-06-08 16:11:16.506172+00,2026-06-08 16:11:16.610864+00,0.104692,9.537597,
9d70b550-1689-448e-b055-91bd33fd992c,unnumbered,,completed,sold,1,2026-06-08 16:11:07.081621+00,2026-06-08 16:11:16.555568+00,2026-06-08 16:11:16.660473+00,0.104905,9.578852,
c90e85f1-8411-4a69-a901-b2e086dbe3dc,unnumbered,,completed,sold,1,2026-06-08 16:11:07.090086+00,2026-06-08 16:11:16.559753+00,2026-06-08 16:11:16.666149+00,0.106396,9.576063,
1f05c04e-ca55-435d-91b3-f7d0f11b9730,unnumbered,,completed,sold,1,2026-06-08 16:11:07.098342+00,2026-06-08 16:11:16.613524+00,2026-06-08 16:11:16.71905+00,0.105526,9.620708,
c69e2def-a260-4924-9215-3190b7fa7179,unnumbered,,completed,sold,1,2026-06-08 16:11:07.106844+00,2026-06-08 16:11:16.631894+00,2026-06-08 16:11:16.736844+00,0.104950,9.630000,
e268bfbf-026f-42c2-88dd-32cb1801f1a3,unnumbered,,completed,sold,1,2026-06-08 16:11:07.115219+00,2026-06-08 16:11:16.684701+00,2026-06-08 16:11:16.789593+00,0.104892,9.674374,
aa6f3183-f1a0-4d08-a616-cb24b2d2bdf1,unnumbered,,completed,sold,1,2026-06-08 16:11:07.123589+00,2026-06-08 16:11:16.688665+00,2026-06-08 16:11:16.795554+00,0.106889,9.671965,
d05d0ef6-1a11-4b69-b9dd-b4e9f2f7630e,unnumbered,,completed,sold,1,2026-06-08 16:11:07.131801+00,2026-06-08 16:11:16.745967+00,2026-06-08 16:11:16.851549+00,0.105582,9.719748,
c1e2bc37-262b-4dee-bda7-acbd9e08f9c2,unnumbered,,completed,sold,1,2026-06-08 16:11:07.14049+00,2026-06-08 16:11:16.759757+00,2026-06-08 16:11:16.86384+00,0.104083,9.723350,
4dbd2326-cea2-42ff-8a1d-7ba979e77ca4,unnumbered,,completed,sold,1,2026-06-08 16:11:07.148223+00,2026-06-08 16:11:16.813048+00,2026-06-08 16:11:16.917677+00,0.104629,9.769454,
4a387070-f7a0-41aa-940c-5f001d5040ea,unnumbered,,completed,sold,1,2026-06-08 16:11:07.156833+00,2026-06-08 16:11:16.817485+00,2026-06-08 16:11:16.923287+00,0.105802,9.766454,
a92599f1-0c06-45f9-a972-4c30db91fa4b,unnumbered,,completed,sold,1,2026-06-08 16:11:07.165261+00,2026-06-08 16:11:16.877734+00,2026-06-08 16:11:16.983503+00,0.105769,9.818242,
07f715b4-f0a4-474d-adcb-784825696ffa,unnumbered,,completed,sold,1,2026-06-08 16:11:07.173238+00,2026-06-08 16:11:16.88622+00,2026-06-08 16:11:16.991177+00,0.104957,9.817939,
1750a3af-5137-40dd-b996-5aaa2b1d1032,unnumbered,,completed,sold,1,2026-06-08 16:11:07.181676+00,2026-06-08 16:11:16.94168+00,2026-06-08 16:11:17.046679+00,0.104999,9.865003,
a0c87824-6876-41e6-96f7-7f87d80fcb30,unnumbered,,completed,sold,1,2026-06-08 16:11:07.190117+00,2026-06-08 16:11:16.946324+00,2026-06-08 16:11:17.052218+00,0.105894,9.862101,
2a48c59a-eafe-4b45-ad50-d5f96ac29d62,unnumbered,,completed,sold,1,2026-06-08 16:11:07.198286+00,2026-06-08 16:11:17.009988+00,2026-06-08 16:11:17.115764+00,0.105776,9.917478,
59f57106-c787-4b4b-91b3-c73a2ad0c845,unnumbered,,completed,sold,1,2026-06-08 16:11:07.20678+00,2026-06-08 16:11:17.013101+00,2026-06-08 16:11:17.121207+00,0.108106,9.914427,
55b04464-dfa1-4100-8016-a0cac3e4f545,unnumbered,,completed,sold,1,2026-06-08 16:11:07.21498+00,2026-06-08 16:11:17.06982+00,2026-06-08 16:11:17.174728+00,0.104908,9.959748,
930e3065-6f3c-4aee-bddc-240c1651bfa6,unnumbered,,completed,sold,1,2026-06-08 16:11:07.223955+00,2026-06-08 16:11:17.073653+00,2026-06-08 16:11:17.180852+00,0.107199,9.956897,
e068b044-9659-49f8-ac52-f5255b7b4e9f,unnumbered,,completed,sold,1,2026-06-08 16:11:07.231871+00,2026-06-08 16:11:17.142041+00,2026-06-08 16:11:17.247358+00,0.105317,10.015487,
a95b9776-a15a-46c4-80d4-fd5b57155320,unnumbered,,completed,sold,1,2026-06-08 16:11:07.239915+00,2026-06-08 16:11:17.143348+00,2026-06-08 16:11:17.252535+00,0.109187,10.012620,
bbc88f63-bc23-4e45-b7b1-24e804bb68e1,unnumbered,,completed,sold,1,2026-06-08 16:11:07.24835+00,2026-06-08 16:11:17.197668+00,2026-06-08 16:11:17.302872+00,0.105204,10.054522,
451c8529-dc91-46bb-8d13-7f2d7f9402e6,unnumbered,,completed,sold,1,2026-06-08 16:11:07.256693+00,2026-06-08 16:11:17.202313+00,2026-06-08 16:11:17.308253+00,0.105940,10.051560,
0450fbb2-5434-439a-adc5-5a15105fc86e,unnumbered,,completed,sold,1,2026-06-08 16:11:07.265289+00,2026-06-08 16:11:17.273234+00,2026-06-08 16:11:17.379034+00,0.105800,10.113745,
4167b3ed-2953-4d2c-b8ad-99d28c145da6,unnumbered,,completed,sold,1,2026-06-08 16:11:07.273423+00,2026-06-08 16:11:17.274496+00,2026-06-08 16:11:17.384426+00,0.109930,10.111003,
c7974f41-3575-4441-8091-746b4d9319ad,unnumbered,,completed,sold,1,2026-06-08 16:11:07.28213+00,2026-06-08 16:11:17.32571+00,2026-06-08 16:11:17.431193+00,0.105483,10.149063,
f93d1969-d739-4cd1-960d-d41051552573,unnumbered,,completed,sold,1,2026-06-08 16:11:07.290321+00,2026-06-08 16:11:17.329642+00,2026-06-08 16:11:17.436512+00,0.106870,10.146191,
d62eee07-8d3a-4997-9c9f-c52557bcc4ab,unnumbered,,completed,sold,1,2026-06-08 16:11:07.2983+00,2026-06-08 16:11:17.406207+00,2026-06-08 16:11:17.511863+00,0.105656,10.213563,
1f5574c5-4569-4645-b361-bf3b378cb003,unnumbered,,completed,sold,1,2026-06-08 16:11:07.306594+00,2026-06-08 16:11:17.407521+00,2026-06-08 16:11:17.517228+00,0.109707,10.210634,
cef1f49c-4f1e-4549-97ce-9e3c1241e752,unnumbered,,completed,sold,1,2026-06-08 16:11:07.315289+00,2026-06-08 16:11:17.457077+00,2026-06-08 16:11:17.561973+00,0.104896,10.246684,
06059688-fd60-49f3-b924-570c4f31d5a8,unnumbered,,completed,sold,1,2026-06-08 16:11:07.323363+00,2026-06-08 16:11:17.458511+00,2026-06-08 16:11:17.567545+00,0.109034,10.244182,
53ad278a-d8e5-42b5-85a0-686c5132d959,unnumbered,,completed,sold,1,2026-06-08 16:11:07.331688+00,2026-06-08 16:11:17.538375+00,2026-06-08 16:11:17.64381+00,0.105435,10.312122,
b128137a-4651-43c9-bb01-e0e48ede1bc3,unnumbered,,completed,sold,1,2026-06-08 16:11:07.339985+00,2026-06-08 16:11:17.539559+00,2026-06-08 16:11:17.649245+00,0.109686,10.309260,
ab662309-78ce-43a4-a6e5-f52935c61590,unnumbered,,completed,sold,1,2026-06-08 16:11:07.348277+00,2026-06-08 16:11:17.587042+00,2026-06-08 16:11:17.691965+00,0.104923,10.343688,
770b1066-52e3-4f8a-97ef-82d6aa9845b3,unnumbered,,completed,sold,1,2026-06-08 16:11:07.3567+00,2026-06-08 16:11:17.590004+00,2026-06-08 16:11:17.697634+00,0.107630,10.340934,
db56dbf7-e780-408b-a3b5-43c4d34f5ab1,unnumbered,,completed,sold,1,2026-06-08 16:11:07.365283+00,2026-06-08 16:11:17.670567+00,2026-06-08 16:11:17.776147+00,0.105580,10.410864,
c1907e45-2142-468a-90f9-4cb8bd8f7b71,unnumbered,,completed,sold,1,2026-06-08 16:11:07.373476+00,2026-06-08 16:11:17.671588+00,2026-06-08 16:11:17.781552+00,0.109964,10.408076,
1c7b57cc-fc47-40d6-a47d-03093fe569d3,unnumbered,,completed,sold,1,2026-06-08 16:11:07.381747+00,2026-06-08 16:11:17.715926+00,2026-06-08 16:11:17.820444+00,0.104518,10.438697,
759ac364-7b7b-4133-8bf4-f5a153f3c2fb,unnumbered,,completed,sold,1,2026-06-08 16:11:07.391055+00,2026-06-08 16:11:17.71943+00,2026-06-08 16:11:17.826438+00,0.107008,10.435383,
2562decf-d76e-4d0c-b79d-048ecb6e2ff7,unnumbered,,completed,sold,1,2026-06-08 16:11:07.398495+00,2026-06-08 16:11:17.803263+00,2026-06-08 16:11:17.908841+00,0.105578,10.510346,
6c886bf7-f00c-4827-a9b0-eb725b24bd62,unnumbered,,completed,sold,1,2026-06-08 16:11:07.407363+00,2026-06-08 16:11:17.804394+00,2026-06-08 16:11:17.914546+00,0.110152,10.507183,
d9b740c0-39a5-41a6-903f-0eb9859806af,unnumbered,,completed,sold,1,2026-06-08 16:11:07.414979+00,2026-06-08 16:11:17.842787+00,2026-06-08 16:11:17.947255+00,0.104468,10.532276,
34d37528-4c55-40bf-826e-bf047b0e4cc4,unnumbered,,completed,sold,1,2026-06-08 16:11:07.423434+00,2026-06-08 16:11:17.848236+00,2026-06-08 16:11:17.952947+00,0.104711,10.529513,
4c31054a-23c4-4333-9296-f9d62c669768,unnumbered,,completed,sold,1,2026-06-08 16:11:07.431848+00,2026-06-08 16:11:17.935503+00,2026-06-08 16:11:18.040838+00,0.105335,10.608990,
2841aa0d-5434-41d4-8151-1bf2ddcb5851,unnumbered,,completed,sold,1,2026-06-08 16:11:07.44001+00,2026-06-08 16:11:17.936354+00,2026-06-08 16:11:18.046194+00,0.109840,10.606184,
53cb3126-e4b6-4bac-bd92-0265c3dac77b,unnumbered,,completed,sold,1,2026-06-08 16:11:07.44876+00,2026-06-08 16:11:17.9716+00,2026-06-08 16:11:18.07634+00,0.104740,10.627580,
60ce5d81-45a8-42ea-ab2d-64646d6e61e0,unnumbered,,completed,sold,1,2026-06-08 16:11:07.457014+00,2026-06-08 16:11:17.974558+00,2026-06-08 16:11:18.081564+00,0.107006,10.624550,
2af52dc9-58a6-42d4-ae5f-85d40a6c51ea,unnumbered,,completed,sold,1,2026-06-08 16:11:07.465259+00,2026-06-08 16:11:18.067444+00,2026-06-08 16:11:18.172744+00,0.105300,10.707485,
cdcc9032-0ad8-4efc-baff-d4ec81870926,unnumbered,,completed,sold,1,2026-06-08 16:11:07.473664+00,2026-06-08 16:11:18.068648+00,2026-06-08 16:11:18.178126+00,0.109478,10.704462,
ab2ce2d9-4d35-4aa0-af69-a60120760daa,unnumbered,,completed,sold,1,2026-06-08 16:11:07.481616+00,2026-06-08 16:11:18.101674+00,2026-06-08 16:11:18.206169+00,0.104495,10.724553,
3809264e-a76c-4b9b-942a-f0521fe65902,unnumbered,,completed,sold,1,2026-06-08 16:11:07.490174+00,2026-06-08 16:11:18.104011+00,2026-06-08 16:11:18.211436+00,0.107425,10.721262,
2f13a527-d0b6-430e-a640-b120568a7e59,unnumbered,,completed,sold,1,2026-06-08 16:11:07.498448+00,2026-06-08 16:11:18.199142+00,2026-06-08 16:11:18.304497+00,0.105355,10.806049,
dc2fa15c-bfae-44d1-b8a4-0c9ec5865923,unnumbered,,completed,sold,1,2026-06-08 16:11:07.507033+00,2026-06-08 16:11:18.200382+00,2026-06-08 16:11:18.309988+00,0.109606,10.802955,
c134993b-1a8b-447d-8da7-8397b3b78c1b,unnumbered,,completed,sold,1,2026-06-08 16:11:07.515092+00,2026-06-08 16:11:18.22969+00,2026-06-08 16:11:18.334727+00,0.105037,10.819635,
1f8a6b48-ab60-4c6a-bb34-e6bb8420304b,unnumbered,,completed,sold,1,2026-06-08 16:11:07.523382+00,2026-06-08 16:11:18.232663+00,2026-06-08 16:11:18.340045+00,0.107382,10.816663,
f9791b93-9df4-4813-8fb3-25cf1055c0a3,unnumbered,,completed,sold,1,2026-06-08 16:11:07.53166+00,2026-06-08 16:11:18.330169+00,2026-06-08 16:11:18.436036+00,0.105867,10.904376,
3b08b704-748f-4c22-8980-35c7d327293a,unnumbered,,completed,sold,1,2026-06-08 16:11:07.540285+00,2026-06-08 16:11:18.332518+00,2026-06-08 16:11:18.441477+00,0.108959,10.901192,
a5f2ac68-9ceb-4136-867c-d2ceff6d89b9,unnumbered,,completed,sold,1,2026-06-08 16:11:07.549423+00,2026-06-08 16:11:18.357978+00,2026-06-08 16:11:18.463553+00,0.105575,10.914130,
02c3f0dc-6165-47e0-99be-8b1e32b0819d,unnumbered,,completed,sold,1,2026-06-08 16:11:07.55665+00,2026-06-08 16:11:18.362282+00,2026-06-08 16:11:18.469043+00,0.106761,10.912393,
79a186bb-82a0-46ca-912d-820425bdf438,unnumbered,,completed,sold,1,2026-06-08 16:11:07.565807+00,2026-06-08 16:11:18.463147+00,2026-06-08 16:11:18.568935+00,0.105788,11.003128,
5ff8e207-f93f-4f02-8ed6-fd402881bb76,unnumbered,,completed,sold,1,2026-06-08 16:11:07.573168+00,2026-06-08 16:11:18.465753+00,2026-06-08 16:11:18.574365+00,0.108612,11.001197,
c09accff-1733-43e3-9772-69ecbac9bc5f,unnumbered,,completed,sold,1,2026-06-08 16:11:07.581669+00,2026-06-08 16:11:18.487919+00,2026-06-08 16:11:18.593768+00,0.105849,11.012099,
3f8d6557-ba68-49ce-bb76-774b00b2cb73,unnumbered,,completed,sold,1,2026-06-08 16:11:07.590098+00,2026-06-08 16:11:18.491056+00,2026-06-08 16:11:18.599878+00,0.108822,11.009780,
f9b3e149-64f4-4b4b-8fdc-d5106e63b28b,unnumbered,,completed,sold,1,2026-06-08 16:11:07.598586+00,2026-06-08 16:11:18.596611+00,2026-06-08 16:11:18.70225+00,0.105639,11.103664,
6cc33886-a086-47d4-b18d-68654fba03b8,unnumbered,,completed,sold,1,2026-06-08 16:11:07.606819+00,2026-06-08 16:11:18.602571+00,2026-06-08 16:11:18.707894+00,0.105323,11.101075,
de123e7f-c909-4153-a157-854c2d217352,unnumbered,,completed,sold,1,2026-06-08 16:11:07.61519+00,2026-06-08 16:11:18.619169+00,2026-06-08 16:11:18.725335+00,0.106166,11.110145,
33522d87-8d32-4e9f-919a-c5ef485a6968,unnumbered,,completed,sold,1,2026-06-08 16:11:07.623531+00,2026-06-08 16:11:18.622941+00,2026-06-08 16:11:18.730886+00,0.107945,11.107355,
5a2f5aca-d464-4798-bee7-7bd8527b0ebf,unnumbered,,completed,sold,1,2026-06-08 16:11:07.632342+00,2026-06-08 16:11:18.734704+00,2026-06-08 16:11:18.840595+00,0.105891,11.208253,
3ee2ed49-a9e8-483e-94c7-7b598bbc3178,unnumbered,,completed,sold,1,2026-06-08 16:11:07.640239+00,2026-06-08 16:11:18.737071+00,2026-06-08 16:11:18.84627+00,0.109199,11.206031,
44b157f9-37cf-409c-b625-b5e54a647b6c,unnumbered,,completed,sold,1,2026-06-08 16:11:07.648632+00,2026-06-08 16:11:18.750526+00,2026-06-08 16:11:18.856162+00,0.105636,11.207530,
0e24374f-7c5b-4390-8ff1-801f122143d5,unnumbered,,completed,sold,1,2026-06-08 16:11:07.656814+00,2026-06-08 16:11:18.753571+00,2026-06-08 16:11:18.862014+00,0.108443,11.205200,
4e5b9f13-9f5a-4325-bb3d-592c51a9c9e1,unnumbered,,completed,sold,1,2026-06-08 16:11:07.665675+00,2026-06-08 16:11:18.869633+00,2026-06-08 16:11:18.974949+00,0.105316,11.309274,
7d037409-d44a-48c8-b2ff-9e63040bb86c,unnumbered,,completed,sold,1,2026-06-08 16:11:07.674125+00,2026-06-08 16:11:18.873269+00,2026-06-08 16:11:18.98036+00,0.107091,11.306235,
7847659d-b842-4612-90f2-d44512d47db7,unnumbered,,completed,sold,1,2026-06-08 16:11:07.682854+00,2026-06-08 16:11:18.885783+00,2026-06-08 16:11:18.990203+00,0.104420,11.307349,
8e00c160-b31b-4240-8440-bb8efa86cada,unnumbered,,completed,sold,1,2026-06-08 16:11:07.690048+00,2026-06-08 16:11:18.888702+00,2026-06-08 16:11:18.997341+00,0.108639,11.307293,
ddc54c9b-7ca5-4a56-919f-e2a546007dd2,unnumbered,,completed,sold,1,2026-06-08 16:11:07.698382+00,2026-06-08 16:11:19.002939+00,2026-06-08 16:11:19.10858+00,0.105641,11.410198,
d2095175-8eb0-4e1b-a47c-363d9aa45a24,unnumbered,,completed,sold,1,2026-06-08 16:11:07.706626+00,2026-06-08 16:11:19.005611+00,2026-06-08 16:11:19.114579+00,0.108968,11.407953,
4116a017-99bc-4689-a6eb-c031930fdc38,unnumbered,,completed,sold,1,2026-06-08 16:11:07.723589+00,2026-06-08 16:11:19.02152+00,2026-06-08 16:11:19.126658+00,0.105138,11.403069,
6205408b-1a95-4cfd-9ae1-4c1fdb800a70,unnumbered,,completed,sold,1,2026-06-08 16:11:07.715352+00,2026-06-08 16:11:19.02152+00,2026-06-08 16:11:19.138058+00,0.116538,11.422706,
a096e52f-70fd-4c3f-9bf2-815cd047937f,unnumbered,,completed,sold,1,2026-06-08 16:11:07.73193+00,2026-06-08 16:11:19.135572+00,2026-06-08 16:11:19.241294+00,0.105722,11.509364,
785bf6ac-a706-43e6-b66e-a871b32c8081,unnumbered,,completed,sold,1,2026-06-08 16:11:07.739995+00,2026-06-08 16:11:19.138697+00,2026-06-08 16:11:19.246914+00,0.108217,11.506919,
0d53eea1-6ed2-4a5a-9561-28a866e12aed,unnumbered,,completed,sold,1,2026-06-08 16:11:07.748267+00,2026-06-08 16:11:19.151884+00,2026-06-08 16:11:19.256542+00,0.104658,11.508275,
322c3f83-0ca4-4c94-bc24-6e98922f5e50,unnumbered,,completed,sold,1,2026-06-08 16:11:07.756774+00,2026-06-08 16:11:19.161319+00,2026-06-08 16:11:19.26683+00,0.105511,11.510056,
88e67d49-5b28-48a8-a06e-f9a84e35471a,unnumbered,,completed,sold,1,2026-06-08 16:11:07.765241+00,2026-06-08 16:11:19.268352+00,2026-06-08 16:11:19.374146+00,0.105794,11.608905,
3b94cb71-032e-44ac-a716-e34f808376f0,unnumbered,,completed,sold,1,2026-06-08 16:11:07.773403+00,2026-06-08 16:11:19.275265+00,2026-06-08 16:11:19.380732+00,0.105467,11.607329,
08843994-8236-425c-af3d-417bc27528a3,unnumbered,,completed,sold,1,2026-06-08 16:11:07.781656+00,2026-06-08 16:11:19.283105+00,2026-06-08 16:11:19.388361+00,0.105256,11.606705,
95b9d88d-e6ce-4e68-ab1b-cceb7344bda4,unnumbered,,completed,sold,1,2026-06-08 16:11:07.790053+00,2026-06-08 16:11:19.293532+00,2026-06-08 16:11:19.399535+00,0.106003,11.609482,
b44e81f8-8682-4d30-aa59-dd1f4542524a,unnumbered,,completed,sold,1,2026-06-08 16:11:07.79857+00,2026-06-08 16:11:19.402816+00,2026-06-08 16:11:19.508386+00,0.105570,11.709816,
22c7d0aa-154b-4d0d-9b62-952829327c0e,unnumbered,,completed,sold,1,2026-06-08 16:11:07.807261+00,2026-06-08 16:11:19.406171+00,2026-06-08 16:11:19.514073+00,0.107902,11.706812,
12b1fee0-ee5c-4281-85ee-66474451a651,unnumbered,,completed,sold,1,2026-06-08 16:11:07.814947+00,2026-06-08 16:11:19.414368+00,2026-06-08 16:11:19.520775+00,0.106407,11.705828,
331134ac-6193-4c76-b20a-e0a6500c898a,unnumbered,,completed,sold,1,2026-06-08 16:11:07.823356+00,2026-06-08 16:11:19.425043+00,2026-06-08 16:11:19.531512+00,0.106469,11.708156,
40a8bcfb-9267-4a89-bf90-e03f5029368a,unnumbered,,completed,sold,1,2026-06-08 16:11:07.839901+00,2026-06-08 16:11:19.54006+00,2026-06-08 16:11:19.645107+00,0.105047,11.805206,
68cf8b1e-0bd8-48a8-96b4-99a2ca6a441f,unnumbered,,completed,sold,1,2026-06-08 16:11:07.83175+00,2026-06-08 16:11:19.539341+00,2026-06-08 16:11:19.651841+00,0.112500,11.820091,
b751dc8e-4cb8-4d4b-828b-15e55ab8d574,unnumbered,,completed,sold,1,2026-06-08 16:11:07.848191+00,2026-06-08 16:11:19.546594+00,2026-06-08 16:11:19.658426+00,0.111832,11.810235,
bd8109fb-f4fa-45ee-849c-58b094b1c1d5,unnumbered,,completed,sold,1,2026-06-08 16:11:07.85659+00,2026-06-08 16:11:19.557414+00,2026-06-08 16:11:19.666616+00,0.109202,11.810026,
c28b445e-f839-4518-8572-391c9069c637,unnumbered,,completed,sold,1,2026-06-08 16:11:07.864956+00,2026-06-08 16:11:19.670389+00,2026-06-08 16:11:19.775008+00,0.104619,11.910052,
0241b28c-05fe-4822-8c53-d998edcf6f24,unnumbered,,completed,sold,1,2026-06-08 16:11:07.873154+00,2026-06-08 16:11:19.682127+00,2026-06-08 16:11:19.787637+00,0.105510,11.914483,
32ee0a37-c39a-4ea7-a38f-296c490cc02a,unnumbered,,completed,sold,1,2026-06-08 16:11:07.881572+00,2026-06-08 16:11:19.683658+00,2026-06-08 16:11:19.794834+00,0.111176,11.913262,
b81da7fd-18df-49f1-a67b-838046069e52,unnumbered,,completed,sold,1,2026-06-08 16:11:07.890007+00,2026-06-08 16:11:19.691871+00,2026-06-08 16:11:19.800653+00,0.108782,11.910646,
70043974-6e86-49df-ad96-9ad0bbe40968,unnumbered,,completed,sold,1,2026-06-08 16:11:07.898325+00,2026-06-08 16:11:19.804841+00,2026-06-08 16:11:19.909462+00,0.104621,12.011137,
16977c34-8c23-422a-804c-a5938495697a,unnumbered,,completed,sold,1,2026-06-08 16:11:07.90677+00,2026-06-08 16:11:19.819583+00,2026-06-08 16:11:19.925132+00,0.105549,12.018362,
d57a10fd-c2ba-48e2-8997-6f92dd0b4550,unnumbered,,completed,sold,1,2026-06-08 16:11:07.915051+00,2026-06-08 16:11:19.820242+00,2026-06-08 16:11:19.931117+00,0.110875,12.016066,
8ecd4d98-0dd5-41ee-9c62-43330b548a78,unnumbered,,completed,sold,1,2026-06-08 16:11:07.92347+00,2026-06-08 16:11:19.82448+00,2026-06-08 16:11:19.937099+00,0.112619,12.013629,
b1197379-9a9a-4e34-ac2b-50ce72508530,unnumbered,,completed,sold,1,2026-06-08 16:11:07.931892+00,2026-06-08 16:11:19.933447+00,2026-06-08 16:11:20.038158+00,0.104711,12.106266,
8cb2df5f-2c48-48fd-9c59-9eeb2d1e1699,unnumbered,,completed,sold,1,2026-06-08 16:11:07.948285+00,2026-06-08 16:11:19.956306+00,2026-06-08 16:11:20.061292+00,0.104986,12.113007,
3e57368e-c8f6-44bd-828d-7fdac40c18b3,unnumbered,,completed,sold,1,2026-06-08 16:11:07.940139+00,2026-06-08 16:11:19.956954+00,2026-06-08 16:11:20.067399+00,0.110445,12.127260,
73839d01-495b-4229-bcce-d48f25ac4e0d,unnumbered,,completed,sold,1,2026-06-08 16:11:07.956858+00,2026-06-08 16:11:19.960615+00,2026-06-08 16:11:20.073338+00,0.112723,12.116480,
648c5962-8d6b-47f7-8e0b-8b21120af3d6,unnumbered,,completed,sold,1,2026-06-08 16:11:07.965169+00,2026-06-08 16:11:20.060255+00,2026-06-08 16:11:20.164759+00,0.104504,12.199590,
918e408a-cecf-4601-acbc-7f373b57c8ee,unnumbered,,completed,sold,1,2026-06-08 16:11:07.973366+00,2026-06-08 16:11:20.084827+00,2026-06-08 16:11:20.189496+00,0.104669,12.216130,
cd0acbde-4f2f-4796-9ffb-66e05c23936a,unnumbered,,completed,sold,1,2026-06-08 16:11:07.981605+00,2026-06-08 16:11:20.094577+00,2026-06-08 16:11:20.200227+00,0.105650,12.218622,
cde0f4fe-72b3-42f4-9847-8194cdc40129,unnumbered,,completed,sold,1,2026-06-08 16:11:07.990828+00,2026-06-08 16:11:20.096458+00,2026-06-08 16:11:20.206612+00,0.110154,12.215784,
cc63bb51-a656-4a41-90ed-797e0e278bff,unnumbered,,completed,sold,1,2026-06-08 16:11:07.99882+00,2026-06-08 16:11:20.186449+00,2026-06-08 16:11:20.291002+00,0.104553,12.292182,
bc1a7e7b-8985-4c6d-8ba0-333b16d9d2c4,unnumbered,,completed,sold,1,2026-06-08 16:11:08.006929+00,2026-06-08 16:11:20.215721+00,2026-06-08 16:11:20.319855+00,0.104134,12.312926,
a0f0d72d-cd87-4f69-8e41-8688472c41b8,unnumbered,,completed,sold,1,2026-06-08 16:11:08.015044+00,2026-06-08 16:11:20.22825+00,2026-06-08 16:11:20.33364+00,0.105390,12.318596,
471469f8-4e8f-4dd7-ab3f-d1c068d48e26,unnumbered,,completed,sold,1,2026-06-08 16:11:08.023412+00,2026-06-08 16:11:20.230301+00,2026-06-08 16:11:20.339579+00,0.109278,12.316167,
9a40fe65-6d11-405a-86f0-9a3ae3998c2e,unnumbered,,completed,sold,1,2026-06-08 16:11:08.031843+00,2026-06-08 16:11:20.312643+00,2026-06-08 16:11:20.417019+00,0.104376,12.385176,
46beba10-b0bb-40d4-b8a0-932ba2439f8f,unnumbered,,completed,sold,1,2026-06-08 16:11:08.040011+00,2026-06-08 16:11:20.344989+00,2026-06-08 16:11:20.450025+00,0.105036,12.410014,
ebcce565-2aa0-413b-9605-d8f3c0b7d62c,unnumbered,,completed,sold,1,2026-06-08 16:11:08.04836+00,2026-06-08 16:11:20.359809+00,2026-06-08 16:11:20.466117+00,0.106308,12.417757,
0fecf0fe-9c94-4e09-81b6-75215cf80f92,unnumbered,,completed,sold,1,2026-06-08 16:11:08.056865+00,2026-06-08 16:11:20.36759+00,2026-06-08 16:11:20.473479+00,0.105889,12.416614,
afb37309-cb04-460e-94c5-02ed8646bae0,unnumbered,,completed,sold,1,2026-06-08 16:11:08.065186+00,2026-06-08 16:11:20.43812+00,2026-06-08 16:11:20.542402+00,0.104282,12.477216,
8cf7e057-96a0-422f-b704-3533fd3eb031,unnumbered,,completed,sold,1,2026-06-08 16:11:08.073398+00,2026-06-08 16:11:20.475263+00,2026-06-08 16:11:20.580075+00,0.104812,12.506677,
62f220b8-da04-436b-8673-95d434028b0d,unnumbered,,completed,sold,1,2026-06-08 16:11:08.081718+00,2026-06-08 16:11:20.492501+00,2026-06-08 16:11:20.598461+00,0.105960,12.516743,
a31e7e55-add3-4c81-ad27-e4baa18e644a,unnumbered,,completed,sold,1,2026-06-08 16:11:08.089982+00,2026-06-08 16:11:20.497221+00,2026-06-08 16:11:20.6051+00,0.107879,12.515118,
8f3d77b9-9231-40a5-8b38-6ba404debee6,unnumbered,,completed,sold,1,2026-06-08 16:11:08.098285+00,2026-06-08 16:11:20.563356+00,2026-06-08 16:11:20.667941+00,0.104585,12.569656,
a9840929-36ab-493f-b837-f0427507d556,unnumbered,,completed,sold,1,2026-06-08 16:11:08.106831+00,2026-06-08 16:11:20.607032+00,2026-06-08 16:11:20.711653+00,0.104621,12.604822,
4c76797e-967b-4b94-8221-5bafcf9b617b,unnumbered,,completed,sold,1,2026-06-08 16:11:08.115063+00,2026-06-08 16:11:20.625054+00,2026-06-08 16:11:20.731235+00,0.106181,12.616172,
c1b3ca91-90f3-4eeb-a4a1-023fc20582f4,unnumbered,,completed,sold,1,2026-06-08 16:11:08.123361+00,2026-06-08 16:11:20.627587+00,2026-06-08 16:11:20.73718+00,0.109593,12.613819,
6d54342e-a899-467c-8221-7c976b1d92fb,unnumbered,,completed,sold,1,2026-06-08 16:11:08.131782+00,2026-06-08 16:11:20.689491+00,2026-06-08 16:11:20.793668+00,0.104177,12.661886,
08f88fbc-c63f-40b3-8956-6f0c74927f59,unnumbered,,completed,sold,1,2026-06-08 16:11:08.139904+00,2026-06-08 16:11:20.735176+00,2026-06-08 16:11:20.839712+00,0.104536,12.699808,
6f1b1f69-5dde-4bca-a362-07dc969fd507,unnumbered,,completed,sold,1,2026-06-08 16:11:08.148344+00,2026-06-08 16:11:20.757513+00,2026-06-08 16:11:20.86329+00,0.105777,12.714946,
fabb8e3b-1591-4423-a6bc-5fd318f5d914,unnumbered,,completed,sold,1,2026-06-08 16:11:08.156718+00,2026-06-08 16:11:20.760626+00,2026-06-08 16:11:20.869095+00,0.108469,12.712377,
dd9611c2-a042-471e-a68d-4ac533fe2151,unnumbered,,completed,sold,1,2026-06-08 16:11:08.165199+00,2026-06-08 16:11:20.815193+00,2026-06-08 16:11:20.919493+00,0.104300,12.754294,
09d7ef8a-8e0d-492c-ab09-d16962e16411,unnumbered,,completed,sold,1,2026-06-08 16:11:08.173399+00,2026-06-08 16:11:20.863508+00,2026-06-08 16:11:20.967895+00,0.104387,12.794496,
11f01c37-8e56-45d7-a739-4f3a89cdd609,unnumbered,,completed,sold,1,2026-06-08 16:11:08.181623+00,2026-06-08 16:11:20.889578+00,2026-06-08 16:11:20.994943+00,0.105365,12.813320,
4902e79a-12a6-4249-9513-9e6f5aa8c650,unnumbered,,completed,sold,1,2026-06-08 16:11:08.189997+00,2026-06-08 16:11:20.891767+00,2026-06-08 16:11:21.000405+00,0.108638,12.810408,
2ff72355-bc16-4225-905d-f183b9087c2e,unnumbered,,completed,sold,1,2026-06-08 16:11:08.198275+00,2026-06-08 16:11:20.94078+00,2026-06-08 16:11:21.045209+00,0.104429,12.846934,
995ac473-737a-4723-983f-ecd420a2e6c1,unnumbered,,completed,sold,1,2026-06-08 16:11:08.209309+00,2026-06-08 16:11:20.990283+00,2026-06-08 16:11:21.094808+00,0.104525,12.885499,
ee65ad35-ad5e-4de6-b457-057727b4a30f,unnumbered,,completed,sold,1,2026-06-08 16:11:08.215386+00,2026-06-08 16:11:21.020609+00,2026-06-08 16:11:21.126118+00,0.105509,12.910732,
35c5e9f2-2d14-4c76-bb87-b572a271b471,unnumbered,,completed,sold,1,2026-06-08 16:11:08.223277+00,2026-06-08 16:11:21.023525+00,2026-06-08 16:11:21.131433+00,0.107908,12.908156,
22101656-0cef-449d-b995-1f3c4ec2c51f,unnumbered,,completed,sold,1,2026-06-08 16:11:08.2315+00,2026-06-08 16:11:21.066971+00,2026-06-08 16:11:21.171644+00,0.104673,12.940144,
9efbd5c1-4d4b-475f-829d-dd6fc1732e3d,unnumbered,,completed,sold,1,2026-06-08 16:11:08.239843+00,2026-06-08 16:11:21.116499+00,2026-06-08 16:11:21.220986+00,0.104487,12.981143,
ce63f3e6-c43c-4245-bada-d67ba90a6d51,unnumbered,,completed,sold,1,2026-06-08 16:11:08.248251+00,2026-06-08 16:11:21.151817+00,2026-06-08 16:11:21.257327+00,0.105510,13.009076,
3aca2cf3-ab76-4dba-84b3-bb278e24f9ca,unnumbered,,completed,sold,1,2026-06-08 16:11:08.25664+00,2026-06-08 16:11:21.153759+00,2026-06-08 16:11:21.263733+00,0.109974,13.007093,
b0121ee4-c7af-4bb3-8866-8c24831e5513,unnumbered,,completed,sold,1,2026-06-08 16:11:08.265043+00,2026-06-08 16:11:21.193388+00,2026-06-08 16:11:21.297821+00,0.104433,13.032778,
950d5585-b241-4b57-8c23-b6fa993c2f8e,unnumbered,,completed,sold,1,2026-06-08 16:11:08.273274+00,2026-06-08 16:11:21.242168+00,2026-06-08 16:11:21.346634+00,0.104466,13.073360,
3d664330-7a53-4aad-9de0-e849e008b2e1,unnumbered,,completed,sold,1,2026-06-08 16:11:08.282065+00,2026-06-08 16:11:21.284099+00,2026-06-08 16:11:21.390085+00,0.105986,13.108020,
df92254e-c2f2-4429-8104-03b64b7ed857,unnumbered,,completed,sold,1,2026-06-08 16:11:08.290091+00,2026-06-08 16:11:21.286222+00,2026-06-08 16:11:21.395712+00,0.109490,13.105621,
b5c9a39d-e74a-4e71-98ba-f8db8746e382,unnumbered,,completed,sold,1,2026-06-08 16:11:08.298315+00,2026-06-08 16:11:21.31934+00,2026-06-08 16:11:21.423393+00,0.104053,13.125078,
471009d6-97fa-4955-b15a-25fd0f762e64,unnumbered,,completed,sold,1,2026-06-08 16:11:08.306794+00,2026-06-08 16:11:21.369137+00,2026-06-08 16:11:21.473691+00,0.104554,13.166897,
9e7a0177-e755-4732-8585-c8513dc537ed,unnumbered,,completed,sold,1,2026-06-08 16:11:08.315031+00,2026-06-08 16:11:21.416077+00,2026-06-08 16:11:21.522174+00,0.106097,13.207143,
7146172d-56fc-4f76-9881-eadeb2b2924c,unnumbered,,completed,sold,1,2026-06-08 16:11:08.323321+00,2026-06-08 16:11:21.418666+00,2026-06-08 16:11:21.528022+00,0.109356,13.204701,
031aac49-e3c2-471f-9f45-71c704aef462,unnumbered,,completed,sold,1,2026-06-08 16:11:08.331751+00,2026-06-08 16:11:21.444518+00,2026-06-08 16:11:21.549771+00,0.105253,13.218020,
5d64f91c-9a18-46b4-8519-40d4925df881,unnumbered,,completed,sold,1,2026-06-08 16:11:08.341308+00,2026-06-08 16:11:21.495801+00,2026-06-08 16:11:21.600122+00,0.104321,13.258814,
01546ead-865c-4765-9ec9-822db66ff4fd,unnumbered,,completed,sold,1,2026-06-08 16:11:08.348776+00,2026-06-08 16:11:21.549274+00,2026-06-08 16:11:21.655273+00,0.105999,13.306497,
18945c33-e142-439d-8344-cc6a1bee4efb,unnumbered,,completed,sold,1,2026-06-08 16:11:08.356625+00,2026-06-08 16:11:21.551404+00,2026-06-08 16:11:21.661008+00,0.109604,13.304383,
b667d637-39a5-4c15-8ac1-29d989414a98,unnumbered,,completed,sold,1,2026-06-08 16:11:08.364965+00,2026-06-08 16:11:21.571615+00,2026-06-08 16:11:21.676731+00,0.105116,13.311766,
4a63955d-3851-4e83-92ba-d758cd6ca10e,unnumbered,,completed,sold,1,2026-06-08 16:11:08.37343+00,2026-06-08 16:11:21.622416+00,2026-06-08 16:11:21.726879+00,0.104463,13.353449,
55ac26d9-291a-445a-b2dc-03b2303d4d3f,unnumbered,,completed,sold,1,2026-06-08 16:11:08.381518+00,2026-06-08 16:11:21.682714+00,2026-06-08 16:11:21.788085+00,0.105371,13.406567,
d964d2af-27b5-45da-9f79-b67d9a664206,unnumbered,,completed,sold,1,2026-06-08 16:11:08.390045+00,2026-06-08 16:11:21.688167+00,2026-06-08 16:11:21.793618+00,0.105451,13.403573,
7274a208-beaa-46e7-b335-c3d3cd52c897,unnumbered,,completed,sold,1,2026-06-08 16:11:08.398413+00,2026-06-08 16:11:21.699596+00,2026-06-08 16:11:21.803843+00,0.104247,13.405430,
2d486d8b-5cdb-4e37-9d3c-dc61acdab63a,unnumbered,,completed,sold,1,2026-06-08 16:11:08.40682+00,2026-06-08 16:11:21.748322+00,2026-06-08 16:11:21.853248+00,0.104926,13.446428,
5fb81c4f-0e07-4fde-892c-cbbeacff7fcd,unnumbered,,completed,sold,1,2026-06-08 16:11:08.414965+00,2026-06-08 16:11:21.814434+00,2026-06-08 16:11:21.919723+00,0.105289,13.504758,
e277e3a5-a86a-43ad-8a61-2a7eb47df758,unnumbered,,completed,sold,1,2026-06-08 16:11:08.423281+00,2026-06-08 16:11:21.818785+00,2026-06-08 16:11:21.925285+00,0.106500,13.502004,
2a8809c2-41e8-4a02-a882-3ef09fc37e26,unnumbered,,completed,sold,1,2026-06-08 16:11:08.432761+00,2026-06-08 16:11:21.827329+00,2026-06-08 16:11:21.932719+00,0.105390,13.499958,
f17437f7-6fdf-47fb-b15f-8e40fdf38d62,unnumbered,,completed,sold,1,2026-06-08 16:11:08.440033+00,2026-06-08 16:11:21.874993+00,2026-06-08 16:11:21.979838+00,0.104845,13.539805,
fa5b957f-c4c0-447a-a2a1-1874f247112a,unnumbered,,completed,sold,1,2026-06-08 16:11:08.448379+00,2026-06-08 16:11:21.946623+00,2026-06-08 16:11:22.052144+00,0.105521,13.603765,
4fe280b5-d4bb-4ebf-9332-00b837349882,unnumbered,,completed,sold,1,2026-06-08 16:11:08.456732+00,2026-06-08 16:11:21.950067+00,2026-06-08 16:11:22.058074+00,0.108007,13.601342,
b57d9e6c-c557-4708-9088-8104abd059ba,unnumbered,,completed,sold,1,2026-06-08 16:11:08.465089+00,2026-06-08 16:11:21.955074+00,2026-06-08 16:11:22.063686+00,0.108612,13.598597,
1e6c85f7-7839-4146-9521-f18d74cd28ac,unnumbered,,completed,sold,1,2026-06-08 16:11:08.473373+00,2026-06-08 16:11:22.001716+00,2026-06-08 16:11:22.106472+00,0.104756,13.633099,
4b522f9b-21d9-4851-bca0-112cfc923d02,unnumbered,,completed,sold,1,2026-06-08 16:11:08.490418+00,2026-06-08 16:11:22.082409+00,2026-06-08 16:11:22.187782+00,0.105373,13.697364,
1e57c4af-2408-4c41-bd80-b2a2cb730ee8,unnumbered,,completed,sold,1,2026-06-08 16:11:08.481742+00,2026-06-08 16:11:22.083101+00,2026-06-08 16:11:22.194013+00,0.110912,13.712271,
234ccb49-f96c-46fc-aa4e-96f6831f2ed1,unnumbered,,completed,sold,1,2026-06-08 16:11:08.498309+00,2026-06-08 16:11:22.086607+00,2026-06-08 16:11:22.200856+00,0.114249,13.702547,
5ecdde64-31a9-4004-84d0-7b0aec363112,unnumbered,,completed,sold,1,2026-06-08 16:11:08.506929+00,2026-06-08 16:11:22.128375+00,2026-06-08 16:11:22.232699+00,0.104324,13.725770,
c3593c9f-22a9-45a9-a01e-c57129d5e429,unnumbered,,completed,sold,1,2026-06-08 16:11:08.515068+00,2026-06-08 16:11:22.213328+00,2026-06-08 16:11:22.318096+00,0.104768,13.803028,
3468f998-60ab-4655-b231-3cd5c845c18d,unnumbered,,completed,sold,1,2026-06-08 16:11:08.523308+00,2026-06-08 16:11:22.220107+00,2026-06-08 16:11:22.326141+00,0.106034,13.802833,
569931d6-12dc-451b-9075-4a08ae574c75,unnumbered,,completed,sold,1,2026-06-08 16:11:08.531853+00,2026-06-08 16:11:22.223435+00,2026-06-08 16:11:22.331774+00,0.108339,13.799921,
7e2d33e2-faf5-4237-a90b-00e15d359fb4,unnumbered,,completed,sold,1,2026-06-08 16:11:08.540346+00,2026-06-08 16:11:22.254032+00,2026-06-08 16:11:22.358887+00,0.104855,13.818541,
c2711ccd-d290-441d-af47-ace836815771,unnumbered,,completed,sold,1,2026-06-08 16:11:08.548479+00,2026-06-08 16:11:22.344168+00,2026-06-08 16:11:22.448975+00,0.104807,13.900496,
ac5afa53-79bd-455a-b79a-bef115a33b44,unnumbered,,completed,sold,1,2026-06-08 16:11:08.56526+00,2026-06-08 16:11:22.355239+00,2026-06-08 16:11:22.45959+00,0.104351,13.894330,
1ce9f08a-13e2-4b88-9b9e-25af19309477,unnumbered,,completed,sold,1,2026-06-08 16:11:08.556783+00,2026-06-08 16:11:22.355946+00,2026-06-08 16:11:22.465309+00,0.109363,13.908526,
449da93d-0373-4df6-b706-f9eb2b6cd92e,unnumbered,,completed,sold,1,2026-06-08 16:11:08.573406+00,2026-06-08 16:11:22.38064+00,2026-06-08 16:11:22.485241+00,0.104601,13.911835,
8346c407-9317-4b31-a3ff-805fa09b4f44,unnumbered,,completed,sold,1,2026-06-08 16:11:08.581753+00,2026-06-08 16:11:22.47496+00,2026-06-08 16:11:22.579765+00,0.104805,13.998012,
91e6fde0-ea22-4841-a9a5-c74501fe5130,unnumbered,,completed,sold,1,2026-06-08 16:11:08.590112+00,2026-06-08 16:11:22.483137+00,2026-06-08 16:11:22.588309+00,0.105172,13.998197,
7cc431d2-436b-41c7-9772-209f88bcb1c0,unnumbered,,completed,sold,1,2026-06-08 16:11:08.598422+00,2026-06-08 16:11:22.492677+00,2026-06-08 16:11:22.598528+00,0.105851,14.000106,
ce127700-b592-4de7-9986-adb08ea3b57b,unnumbered,,completed,sold,1,2026-06-08 16:11:08.606563+00,2026-06-08 16:11:22.50755+00,2026-06-08 16:11:22.612082+00,0.104532,14.005519,
8be8d92c-d105-4304-bf86-306f7b44b53e,unnumbered,,completed,sold,1,2026-06-08 16:11:08.614978+00,2026-06-08 16:11:22.605128+00,2026-06-08 16:11:22.710853+00,0.105725,14.095875,
409bf245-ef81-41f8-8f51-b00a56b886d1,unnumbered,,completed,sold,1,2026-06-08 16:11:08.623234+00,2026-06-08 16:11:22.612161+00,2026-06-08 16:11:22.717951+00,0.105790,14.094717,
fb6a6c63-b64c-469a-8c64-8abd114fc79b,unnumbered,,completed,sold,1,2026-06-08 16:11:08.632304+00,2026-06-08 16:11:22.625096+00,2026-06-08 16:11:22.73066+00,0.105564,14.098356,
3d72d0cb-a4be-4a43-8ca4-a3d9f92cb9d7,unnumbered,,completed,sold,1,2026-06-08 16:11:08.639928+00,2026-06-08 16:11:22.633713+00,2026-06-08 16:11:22.738648+00,0.104935,14.098720,
c4ee8002-c81e-400c-a9b3-f788c5fadd9b,unnumbered,,completed,sold,1,2026-06-08 16:11:08.648287+00,2026-06-08 16:11:22.734874+00,2026-06-08 16:11:22.839535+00,0.104661,14.191248,
6cacfc79-25bf-4f7d-b5a1-b06f44eedabd,unnumbered,,completed,sold,1,2026-06-08 16:11:08.656558+00,2026-06-08 16:11:22.743148+00,2026-06-08 16:11:22.848059+00,0.104911,14.191501,
4d516e49-7fb8-41c0-8a8c-8185a06af9ce,unnumbered,,completed,sold,1,2026-06-08 16:11:08.665264+00,2026-06-08 16:11:22.760684+00,2026-06-08 16:11:22.866796+00,0.106112,14.201532,
6302ded8-8df4-470b-b8b9-5a124876188c,unnumbered,,completed,sold,1,2026-06-08 16:11:08.673479+00,2026-06-08 16:11:22.762152+00,2026-06-08 16:11:22.872392+00,0.110240,14.198913,
ed9dffa5-1d01-4761-8e37-6aee9f0a11fc,unnumbered,,completed,sold,1,2026-06-08 16:11:08.681758+00,2026-06-08 16:11:22.8622+00,2026-06-08 16:11:22.966906+00,0.104706,14.285148,
f5f1d000-1011-4494-8be6-2cab37535e5f,unnumbered,,completed,sold,1,2026-06-08 16:11:08.690248+00,2026-06-08 16:11:22.872203+00,2026-06-08 16:11:22.977847+00,0.105644,14.287599,
bb4b5a91-4f68-498d-b22b-aa2f02f2292d,unnumbered,,completed,sold,1,2026-06-08 16:11:08.698423+00,2026-06-08 16:11:22.893432+00,2026-06-08 16:11:23.00025+00,0.106818,14.301827,
ed1610e2-8e33-48ad-9c6e-028aed19f31b,unnumbered,,completed,sold,1,2026-06-08 16:11:08.70685+00,2026-06-08 16:11:22.894872+00,2026-06-08 16:11:23.005816+00,0.110944,14.298966,
39cdbc66-3cd7-451f-a038-063acd42aecf,unnumbered,,completed,sold,1,2026-06-08 16:11:08.71526+00,2026-06-08 16:11:22.990569+00,2026-06-08 16:11:23.095425+00,0.104856,14.380165,
f682e47b-c149-4079-b3d4-3084419c7391,unnumbered,,completed,sold,1,2026-06-08 16:11:08.723556+00,2026-06-08 16:11:23.00164+00,2026-06-08 16:11:23.106306+00,0.104666,14.382750,
138fd7a0-5eaf-4289-a187-1e0a773baacd,unnumbered,,completed,sold,1,2026-06-08 16:11:08.731823+00,2026-06-08 16:11:23.026368+00,2026-06-08 16:11:23.131876+00,0.105508,14.400053,
c04f5c8e-b3e1-457a-8746-b979378b78a7,unnumbered,,completed,sold,1,2026-06-08 16:11:08.74025+00,2026-06-08 16:11:23.028203+00,2026-06-08 16:11:23.137351+00,0.109148,14.397101,
fc9b2c6c-eb46-4277-8378-932e86a67e3f,unnumbered,,completed,sold,1,2026-06-08 16:11:08.750312+00,2026-06-08 16:11:23.119386+00,2026-06-08 16:11:23.224059+00,0.104673,14.473747,
e634ee6b-f0aa-4c0a-a0cf-e80797c21706,unnumbered,,completed,sold,1,2026-06-08 16:11:08.757051+00,2026-06-08 16:11:23.127851+00,2026-06-08 16:11:23.233368+00,0.105517,14.476317,
5390694b-8dd2-490e-adb8-094595151f2c,unnumbered,,completed,sold,1,2026-06-08 16:11:08.767378+00,2026-06-08 16:11:23.15821+00,2026-06-08 16:11:23.264002+00,0.105792,14.496624,
387a4227-3417-458d-aa89-f1f853930286,unnumbered,,completed,sold,1,2026-06-08 16:11:08.773788+00,2026-06-08 16:11:23.159563+00,2026-06-08 16:11:23.269678+00,0.110115,14.495890,
3ba95279-cdb0-48e4-abdd-aed5b5498da6,unnumbered,,completed,sold,1,2026-06-08 16:11:08.781967+00,2026-06-08 16:11:23.248357+00,2026-06-08 16:11:23.353286+00,0.104929,14.571319,
3a1c0b6c-7dc1-476b-9d61-92c5a033aae8,unnumbered,,completed,sold,1,2026-06-08 16:11:08.790084+00,2026-06-08 16:11:23.254993+00,2026-06-08 16:11:23.36008+00,0.105087,14.569996,
d3ff770b-f3f4-477c-a3c4-1c03b753348d,unnumbered,,completed,sold,1,2026-06-08 16:11:08.799259+00,2026-06-08 16:11:23.290129+00,2026-06-08 16:11:23.396062+00,0.105933,14.596803,
9ed87a94-0910-4dbd-9d94-60e6a744e6ec,unnumbered,,completed,sold,1,2026-06-08 16:11:08.807619+00,2026-06-08 16:11:23.292592+00,2026-06-08 16:11:23.401718+00,0.109126,14.594099,
5bf04926-749b-4d1f-b83d-61a39aba57ec,unnumbered,,completed,sold,1,2026-06-08 16:11:08.815309+00,2026-06-08 16:11:23.377247+00,2026-06-08 16:11:23.481934+00,0.104687,14.666625,
e6394ca3-27ce-4ae8-8783-e931ff3c7f66,unnumbered,,completed,sold,1,2026-06-08 16:11:08.82352+00,2026-06-08 16:11:23.382326+00,2026-06-08 16:11:23.487094+00,0.104768,14.663574,
708c040a-ddc8-4de5-92ee-dc70f281555b,unnumbered,,completed,sold,1,2026-06-08 16:11:08.831933+00,2026-06-08 16:11:23.422008+00,2026-06-08 16:11:23.527815+00,0.105807,14.695882,
b181cdb3-f145-4712-8697-96f4fd9dda35,unnumbered,,completed,sold,1,2026-06-08 16:11:08.840014+00,2026-06-08 16:11:23.4249+00,2026-06-08 16:11:23.533435+00,0.108535,14.693421,
279e8dc7-65ab-412c-812a-6f8f64f8c5e0,unnumbered,,completed,sold,1,2026-06-08 16:11:08.848496+00,2026-06-08 16:11:23.505046+00,2026-06-08 16:11:23.610064+00,0.105018,14.761568,
90669bea-548e-43c9-b015-e970eae697ae,unnumbered,,completed,sold,1,2026-06-08 16:11:08.856891+00,2026-06-08 16:11:23.508458+00,2026-06-08 16:11:23.61579+00,0.107332,14.758899,
167120b7-f771-4252-a3e6-06365741f33d,unnumbered,,completed,sold,1,2026-06-08 16:11:08.865355+00,2026-06-08 16:11:23.554019+00,2026-06-08 16:11:23.65974+00,0.105721,14.794385,
f60efbb2-feea-4bd6-a01a-ebd94144f55c,unnumbered,,completed,sold,1,2026-06-08 16:11:08.873499+00,2026-06-08 16:11:23.555623+00,2026-06-08 16:11:23.665444+00,0.109821,14.791945,
1d126bfa-f442-42b1-a6d4-747743962fc0,unnumbered,,completed,sold,1,2026-06-08 16:11:08.88165+00,2026-06-08 16:11:23.633812+00,2026-06-08 16:11:23.740065+00,0.106253,14.858415,
87182c67-3c75-4121-aa40-9676ada2b696,unnumbered,,completed,sold,1,2026-06-08 16:11:08.890238+00,2026-06-08 16:11:23.638384+00,2026-06-08 16:11:23.745235+00,0.106851,14.854997,
6eacc3db-d85a-4adb-95c6-a7f2984c7373,unnumbered,,completed,sold,1,2026-06-08 16:11:08.898365+00,2026-06-08 16:11:23.686461+00,2026-06-08 16:11:23.792324+00,0.105863,14.893959,
f38be763-0438-4bc0-9923-f0aa88ca7cab,unnumbered,,completed,sold,1,2026-06-08 16:11:08.907324+00,2026-06-08 16:11:23.688842+00,2026-06-08 16:11:23.798+00,0.109158,14.890676,
f30b1a81-c3c4-49cf-83c9-bd120fd3e768,unnumbered,,completed,sold,1,2026-06-08 16:11:08.914995+00,2026-06-08 16:11:23.763841+00,2026-06-08 16:11:23.868702+00,0.104861,14.953707,
a1b7d847-6889-48fd-ab58-01abcffac272,unnumbered,,completed,sold,1,2026-06-08 16:11:08.923316+00,2026-06-08 16:11:23.767242+00,2026-06-08 16:11:23.874183+00,0.106941,14.950867,
35ea30b1-0281-4975-8fa3-1508d6031c3a,unnumbered,,completed,sold,1,2026-06-08 16:11:08.931753+00,2026-06-08 16:11:23.817831+00,2026-06-08 16:11:23.923573+00,0.105742,14.991820,
a4c678a5-c10f-4fb9-914a-cf5c24afbf67,unnumbered,,completed,sold,1,2026-06-08 16:11:08.940003+00,2026-06-08 16:11:23.820672+00,2026-06-08 16:11:23.92995+00,0.109278,14.989947,
2750b998-3277-4aa2-91a2-63ef50a17811,unnumbered,,completed,sold,1,2026-06-08 16:11:08.948346+00,2026-06-08 16:11:23.892198+00,2026-06-08 16:11:23.996979+00,0.104781,15.048633,
76b8ceae-9398-45e5-a94c-8eaa67aa2b90,unnumbered,,completed,sold,1,2026-06-08 16:11:08.95677+00,2026-06-08 16:11:23.896126+00,2026-06-08 16:11:24.002788+00,0.106662,15.046018,
6f76c53c-4714-4a57-8c46-496e788ba044,unnumbered,,completed,sold,1,2026-06-08 16:11:08.965179+00,2026-06-08 16:11:23.949566+00,2026-06-08 16:11:24.055236+00,0.105670,15.090057,
f4846365-c053-4d56-8b74-72550a47a4fb,unnumbered,,completed,sold,1,2026-06-08 16:11:08.973491+00,2026-06-08 16:11:23.951498+00,2026-06-08 16:11:24.062071+00,0.110573,15.088580,
a6f2a55f-d84a-4b49-97ae-ea10f23cd5a4,unnumbered,,completed,sold,1,2026-06-08 16:11:08.981847+00,2026-06-08 16:11:24.023823+00,2026-06-08 16:11:24.128705+00,0.104882,15.146858,
adb1a20d-f1e7-455a-9b19-8a22ebdd86b1,unnumbered,,completed,sold,1,2026-06-08 16:11:08.990252+00,2026-06-08 16:11:24.025275+00,2026-06-08 16:11:24.134645+00,0.109370,15.144393,
af56c807-d7a5-442a-a94d-38251694f98f,unnumbered,,completed,sold,1,2026-06-08 16:11:08.99846+00,2026-06-08 16:11:24.081512+00,2026-06-08 16:11:24.187342+00,0.105830,15.188882,
7e0c666a-9c7e-4b56-8201-c72b8fe51562,unnumbered,,completed,sold,1,2026-06-08 16:11:09.006744+00,2026-06-08 16:11:24.084493+00,2026-06-08 16:11:24.194165+00,0.109672,15.187421,
197d445c-bda6-4d50-b909-00f9215d96dd,unnumbered,,completed,sold,1,2026-06-08 16:11:09.014954+00,2026-06-08 16:11:24.151325+00,2026-06-08 16:11:24.256196+00,0.104871,15.241242,
1c485fe5-2d53-4e2d-897c-1199952670aa,unnumbered,,completed,sold,1,2026-06-08 16:11:09.024238+00,2026-06-08 16:11:24.156215+00,2026-06-08 16:11:24.261296+00,0.105081,15.237058,
09fa5df7-af59-4fde-9e40-8a9e1752567c,unnumbered,,completed,sold,1,2026-06-08 16:11:09.031658+00,2026-06-08 16:11:24.213954+00,2026-06-08 16:11:24.319894+00,0.105940,15.288236,
08f2d2a9-e1a9-4980-a7a6-b5044ef5ce90,unnumbered,,completed,sold,1,2026-06-08 16:11:09.040181+00,2026-06-08 16:11:24.216298+00,2026-06-08 16:11:24.325408+00,0.109110,15.285227,
e72779fb-344d-4c81-972a-81101960d1bd,unnumbered,,completed,sold,1,2026-06-08 16:11:09.048257+00,2026-06-08 16:11:24.27972+00,2026-06-08 16:11:24.384526+00,0.104806,15.336269,
9f98d50d-7192-489d-8441-1128dbef6b69,unnumbered,,completed,sold,1,2026-06-08 16:11:09.056662+00,2026-06-08 16:11:24.283445+00,2026-06-08 16:11:24.390021+00,0.106576,15.333359,
4563a324-079a-4f9d-94bb-778959790054,unnumbered,,completed,sold,1,2026-06-08 16:11:09.065044+00,2026-06-08 16:11:24.346354+00,2026-06-08 16:11:24.451937+00,0.105583,15.386893,
4ed42cb7-e626-4b09-8e6f-6310021593d3,unnumbered,,completed,sold,1,2026-06-08 16:11:09.073449+00,2026-06-08 16:11:24.347806+00,2026-06-08 16:11:24.457533+00,0.109727,15.384084,
7c6e8882-80c4-4eb4-b987-f3fb9d7c6908,unnumbered,,completed,sold,1,2026-06-08 16:11:09.082058+00,2026-06-08 16:11:24.407472+00,2026-06-08 16:11:24.511951+00,0.104479,15.429893,
d5cb5e9b-9a80-469f-8bad-2a22fdb3247e,unnumbered,,completed,sold,1,2026-06-08 16:11:09.090036+00,2026-06-08 16:11:24.411269+00,2026-06-08 16:11:24.517726+00,0.106457,15.427690,
d39d86bb-79ee-43a6-93c3-395736e3029a,unnumbered,,completed,sold,1,2026-06-08 16:11:09.098387+00,2026-06-08 16:11:24.478287+00,2026-06-08 16:11:24.584068+00,0.105781,15.485681,
9b7cf179-f425-4cf5-859b-555e4773d06f,unnumbered,,completed,sold,1,2026-06-08 16:11:09.10675+00,2026-06-08 16:11:24.480627+00,2026-06-08 16:11:24.589604+00,0.108977,15.482854,
da2fa803-a85a-4e5c-8713-7bbc9efd8a22,unnumbered,,completed,sold,1,2026-06-08 16:11:09.114993+00,2026-06-08 16:11:24.535554+00,2026-06-08 16:11:24.640222+00,0.104668,15.525229,
24e14beb-1512-4df4-b17b-0a93d2f22031,unnumbered,,completed,sold,1,2026-06-08 16:11:09.123321+00,2026-06-08 16:11:24.539393+00,2026-06-08 16:11:24.645532+00,0.106139,15.522211,
1cf5dc87-b014-4f05-a830-6cf935e87f69,unnumbered,,completed,sold,1,2026-06-08 16:11:09.131754+00,2026-06-08 16:11:24.610469+00,2026-06-08 16:11:24.71595+00,0.105481,15.584196,
d2455bfd-a0eb-4721-b58c-21ecff3ce9f7,unnumbered,,completed,sold,1,2026-06-08 16:11:09.140158+00,2026-06-08 16:11:24.611953+00,2026-06-08 16:11:24.722598+00,0.110645,15.582440,
f79ce8a4-6637-4921-9e3b-4c07212fd558,unnumbered,,completed,sold,1,2026-06-08 16:11:09.148411+00,2026-06-08 16:11:24.663514+00,2026-06-08 16:11:24.76816+00,0.104646,15.619749,
b22ee045-6448-4b53-8881-55078bfb6772,unnumbered,,completed,sold,1,2026-06-08 16:11:09.156818+00,2026-06-08 16:11:24.668201+00,2026-06-08 16:11:24.773148+00,0.104947,15.616330,
57b2847e-a87e-4ca1-b805-e3490cd40648,unnumbered,,completed,sold,1,2026-06-08 16:11:09.166807+00,2026-06-08 16:11:24.742642+00,2026-06-08 16:11:24.848273+00,0.105631,15.681466,
c7fe0877-3e4e-43b8-99b9-098665322f11,unnumbered,,completed,sold,1,2026-06-08 16:11:09.17633+00,2026-06-08 16:11:24.744867+00,2026-06-08 16:11:24.85375+00,0.108883,15.677420,
2b91d36f-0e32-438a-bb05-a7a769bdf273,unnumbered,,completed,sold,1,2026-06-08 16:11:09.181554+00,2026-06-08 16:11:24.791782+00,2026-06-08 16:11:24.896403+00,0.104621,15.714849,
17a1fb60-39ab-44be-9148-e52d8d47fac4,unnumbered,,completed,sold,1,2026-06-08 16:11:09.19001+00,2026-06-08 16:11:24.794899+00,2026-06-08 16:11:24.901752+00,0.106853,15.711742,
b3bc8cce-bb47-459f-98cd-4d4bc74495b3,unnumbered,,completed,sold,1,2026-06-08 16:11:09.198289+00,2026-06-08 16:11:24.873676+00,2026-06-08 16:11:24.97954+00,0.105864,15.781251,
ae574269-60cc-4755-b5b5-60fd6f03660c,unnumbered,,completed,sold,1,2026-06-08 16:11:09.206768+00,2026-06-08 16:11:24.875653+00,2026-06-08 16:11:24.985237+00,0.109584,15.778469,
72d70aa0-6a2c-4268-a84a-28e4251be2d4,unnumbered,,completed,sold,1,2026-06-08 16:11:09.215251+00,2026-06-08 16:11:24.91938+00,2026-06-08 16:11:25.023971+00,0.104591,15.808720,
63569f5f-22dd-46c2-950a-58932a586fd3,unnumbered,,completed,sold,1,2026-06-08 16:11:09.223397+00,2026-06-08 16:11:24.924312+00,2026-06-08 16:11:25.029724+00,0.105412,15.806327,
1d00da1f-a1e6-49d5-8fff-f9723aad0c6f,unnumbered,,completed,sold,1,2026-06-08 16:11:09.231802+00,2026-06-08 16:11:25.005717+00,2026-06-08 16:11:25.111339+00,0.105622,15.879537,
ecbafdaa-d0de-496b-94c1-2a5a52ac2750,unnumbered,,completed,sold,1,2026-06-08 16:11:09.240125+00,2026-06-08 16:11:25.007513+00,2026-06-08 16:11:25.116821+00,0.109308,15.876696,
8a2fc61c-21fd-48a5-8bc0-47dabb8a34f2,unnumbered,,completed,sold,1,2026-06-08 16:11:09.248446+00,2026-06-08 16:11:25.047492+00,2026-06-08 16:11:25.151899+00,0.104407,15.903453,
e4644f9a-7fb1-491a-9ed6-cc80642604e4,unnumbered,,completed,sold,1,2026-06-08 16:11:09.256752+00,2026-06-08 16:11:25.051522+00,2026-06-08 16:11:25.157002+00,0.105480,15.900250,
342a95d9-98e9-4151-984f-5de75ccc4737,unnumbered,,completed,sold,1,2026-06-08 16:11:09.265203+00,2026-06-08 16:11:25.137031+00,2026-06-08 16:11:25.242606+00,0.105575,15.977403,
a77170c1-79ab-4efc-9c18-8773ee928f88,unnumbered,,completed,sold,1,2026-06-08 16:11:09.273545+00,2026-06-08 16:11:25.138938+00,2026-06-08 16:11:25.24904+00,0.110102,15.975495,
041bcec2-1df9-4ec4-bcd0-d31676edd27b,unnumbered,,completed,sold,1,2026-06-08 16:11:09.281842+00,2026-06-08 16:11:25.175178+00,2026-06-08 16:11:25.280515+00,0.105337,15.998673,
8cc17e08-d688-4b81-9a21-a0a1bf8e73ce,unnumbered,,completed,sold,1,2026-06-08 16:11:09.290085+00,2026-06-08 16:11:25.178794+00,2026-06-08 16:11:25.286405+00,0.107611,15.996320,
270db307-187f-481a-bca5-33758417e440,unnumbered,,completed,sold,1,2026-06-08 16:11:09.300002+00,2026-06-08 16:11:25.268391+00,2026-06-08 16:11:25.374628+00,0.106237,16.074626,
445148b4-eb77-4307-aff9-f48e09fe4041,unnumbered,,completed,sold,1,2026-06-08 16:11:09.313175+00,2026-06-08 16:11:25.271333+00,2026-06-08 16:11:25.380175+00,0.108842,16.067000,
9f5d07ae-af58-4063-88da-58b4e305c7e7,unnumbered,,completed,sold,1,2026-06-08 16:11:09.321365+00,2026-06-08 16:11:25.305411+00,2026-06-08 16:11:25.409899+00,0.104488,16.088534,
cc2adade-7e33-4e6e-94ee-d78f33438e74,unnumbered,,completed,sold,1,2026-06-08 16:11:09.327537+00,2026-06-08 16:11:25.30902+00,2026-06-08 16:11:25.415163+00,0.106143,16.087626,
4a59022c-bc08-4b6c-8c88-440799f95359,unnumbered,,completed,sold,1,2026-06-08 16:11:09.332677+00,2026-06-08 16:11:25.401644+00,2026-06-08 16:11:25.507325+00,0.105681,16.174648,
a9e70122-c10c-48cb-ad98-9c8576602f33,unnumbered,,completed,sold,1,2026-06-08 16:11:09.339997+00,2026-06-08 16:11:25.403063+00,2026-06-08 16:11:25.512948+00,0.109885,16.172951,
5e78d603-d232-45b6-8132-00843c3b2e1d,unnumbered,,completed,sold,1,2026-06-08 16:11:09.348468+00,2026-06-08 16:11:25.433019+00,2026-06-08 16:11:25.537507+00,0.104488,16.189039,
08101e71-9826-4d60-b433-e898c2dd8f31,unnumbered,,completed,sold,1,2026-06-08 16:11:09.35668+00,2026-06-08 16:11:25.436672+00,2026-06-08 16:11:25.54295+00,0.106278,16.186270,
8082a816-ea42-4f6e-87b5-d4b0c2f8ae44,unnumbered,,completed,sold,1,2026-06-08 16:11:09.365191+00,2026-06-08 16:11:25.533586+00,2026-06-08 16:11:25.639515+00,0.105929,16.274324,
b9771c4d-4968-4224-bcfd-857b849b57d9,unnumbered,,completed,sold,1,2026-06-08 16:11:09.37334+00,2026-06-08 16:11:25.535218+00,2026-06-08 16:11:25.64588+00,0.110662,16.272540,
e595cdac-4b03-46cc-8c92-ff94e68979aa,unnumbered,,completed,sold,1,2026-06-08 16:11:09.381771+00,2026-06-08 16:11:25.560733+00,2026-06-08 16:11:25.666126+00,0.105393,16.284355,
b53c69c1-2f5f-4d09-a837-eed05f2aee01,unnumbered,,completed,sold,1,2026-06-08 16:11:09.390054+00,2026-06-08 16:11:25.56506+00,2026-06-08 16:11:25.671721+00,0.106661,16.281667,
363bbdaf-8116-4514-b193-cb2fdb54f075,unnumbered,,completed,sold,1,2026-06-08 16:11:09.398563+00,2026-06-08 16:11:25.667535+00,2026-06-08 16:11:25.772869+00,0.105334,16.374306,
ef5be870-8d48-43f5-905e-b858998e1b82,unnumbered,,completed,sold,1,2026-06-08 16:11:09.406813+00,2026-06-08 16:11:25.673736+00,2026-06-08 16:11:25.77838+00,0.104644,16.371567,
a12c6517-c5c2-4019-90e5-6c19a3535ba8,unnumbered,,completed,sold,1,2026-06-08 16:11:09.415219+00,2026-06-08 16:11:25.691311+00,2026-06-08 16:11:25.797398+00,0.106087,16.382179,
b387aa58-6fdf-4e16-93a7-2f57b86da265,unnumbered,,completed,sold,1,2026-06-08 16:11:09.423387+00,2026-06-08 16:11:25.694458+00,2026-06-08 16:11:25.805194+00,0.110736,16.381807,
e45b2e2b-3a90-445a-a5ef-a34653118828,unnumbered,,completed,sold,1,2026-06-08 16:11:09.433571+00,2026-06-08 16:11:25.800544+00,2026-06-08 16:11:25.906103+00,0.105559,16.472532,
f2fbfb31-337f-4034-8859-731ba7d5bcac,unnumbered,,completed,sold,1,2026-06-08 16:11:09.443083+00,2026-06-08 16:11:25.806501+00,2026-06-08 16:11:25.911699+00,0.105198,16.468616,
cd2e0967-0f47-4c84-9233-ac755c0cc1d7,unnumbered,,completed,sold,1,2026-06-08 16:11:09.448257+00,2026-06-08 16:11:25.822387+00,2026-06-08 16:11:25.927973+00,0.105586,16.479716,
d66e1576-b5ff-4b16-9584-ce9cb8e39938,unnumbered,,completed,sold,1,2026-06-08 16:11:09.457889+00,2026-06-08 16:11:25.826305+00,2026-06-08 16:11:25.933827+00,0.107522,16.475938,
2c7958b9-dafb-49f6-933b-231096d6debc,unnumbered,,completed,sold,1,2026-06-08 16:11:09.464978+00,2026-06-08 16:11:25.937378+00,2026-06-08 16:11:26.04292+00,0.105542,16.577942,
1a479c9f-4137-4d1e-99fb-7162e2e21431,unnumbered,,completed,sold,1,2026-06-08 16:11:09.474409+00,2026-06-08 16:11:25.94237+00,2026-06-08 16:11:26.048846+00,0.106476,16.574437,
9a4eb032-b27e-4966-a5dc-9018bbccd0a4,unnumbered,,completed,sold,1,2026-06-08 16:11:09.481595+00,2026-06-08 16:11:25.95623+00,2026-06-08 16:11:26.061379+00,0.105149,16.579784,
48874fba-b0df-42fb-8a0c-9bba37afadc2,unnumbered,,completed,sold,1,2026-06-08 16:11:09.48999+00,2026-06-08 16:11:25.957535+00,2026-06-08 16:11:26.070522+00,0.112987,16.580532,
9b0858c2-8ba9-4c7c-942c-3c327831ccba,unnumbered,,completed,sold,1,2026-06-08 16:11:09.498297+00,2026-06-08 16:11:26.070125+00,2026-06-08 16:11:26.175501+00,0.105376,16.677204,
4e94c663-c7bb-41c3-b81a-31b79da016e8,unnumbered,,completed,sold,1,2026-06-08 16:11:09.506821+00,2026-06-08 16:11:26.07706+00,2026-06-08 16:11:26.182116+00,0.105056,16.675295,
34bf5a1b-3b66-4b1d-b18b-e04fe4b26913,unnumbered,,completed,sold,1,2026-06-08 16:11:09.514933+00,2026-06-08 16:11:26.08804+00,2026-06-08 16:11:26.192774+00,0.104734,16.677841,
f6561ffe-b85b-4718-a5d4-b1c2d15bfc99,unnumbered,,completed,sold,1,2026-06-08 16:11:09.523431+00,2026-06-08 16:11:26.094055+00,2026-06-08 16:11:26.202892+00,0.108837,16.679461,
9db6c900-15c8-455e-a37a-cb3c9ef9cfc4,unnumbered,,completed,sold,1,2026-06-08 16:11:09.531744+00,2026-06-08 16:11:26.20282+00,2026-06-08 16:11:26.308232+00,0.105412,16.776488,
9b58e527-fab1-4dbd-a987-4e3828f0ccdc,unnumbered,,completed,sold,1,2026-06-08 16:11:09.539945+00,2026-06-08 16:11:26.209756+00,2026-06-08 16:11:26.315513+00,0.105757,16.775568,
0ec49946-09f2-41c9-a552-550e7ee6a174,unnumbered,,completed,sold,1,2026-06-08 16:11:09.548341+00,2026-06-08 16:11:26.218917+00,2026-06-08 16:11:26.324313+00,0.105396,16.775972,
0e2e13c7-f7a2-45ba-be93-7cbe216d0005,unnumbered,,completed,sold,1,2026-06-08 16:11:09.556706+00,2026-06-08 16:11:26.225491+00,2026-06-08 16:11:26.331116+00,0.105625,16.774410,
6e076f83-b83d-4c24-abc5-32869d0a147d,unnumbered,,completed,sold,1,2026-06-08 16:11:09.574961+00,2026-06-08 16:11:26.341085+00,2026-06-08 16:11:26.445657+00,0.104572,16.870696,
15bcb54e-6329-49e8-8151-4339328e2d5e,unnumbered,,completed,sold,1,2026-06-08 16:11:09.565225+00,2026-06-08 16:11:26.340502+00,2026-06-08 16:11:26.452259+00,0.111757,16.887034,
35359f41-7f7d-4a13-84a8-6d674b8eb912,unnumbered,,completed,sold,1,2026-06-08 16:11:09.582829+00,2026-06-08 16:11:26.35041+00,2026-06-08 16:11:26.458792+00,0.108382,16.875963,
078f25dd-8e3b-4250-bc62-65ed9bc5cf0a,unnumbered,,completed,sold,1,2026-06-08 16:11:09.589995+00,2026-06-08 16:11:26.35494+00,2026-06-08 16:11:26.464463+00,0.109523,16.874468,
c2f2f06b-ee1d-4ca2-8c8b-f06e2974fa18,unnumbered,,completed,sold,1,2026-06-08 16:11:09.598388+00,2026-06-08 16:11:26.47401+00,2026-06-08 16:11:26.578745+00,0.104735,16.980357,
8e557c89-48d9-4f83-9219-2af29390999b,unnumbered,,completed,sold,1,2026-06-08 16:11:09.606396+00,2026-06-08 16:11:26.484125+00,2026-06-08 16:11:26.5897+00,0.105575,16.983304,
4607f848-3e34-4930-af00-73c97489786a,unnumbered,,completed,sold,1,2026-06-08 16:11:09.614941+00,2026-06-08 16:11:26.489112+00,2026-06-08 16:11:26.595726+00,0.106614,16.980785,
2d02a225-6121-4b32-94ee-2e1531b3b099,unnumbered,,completed,sold,1,2026-06-08 16:11:09.623306+00,2026-06-08 16:11:26.490469+00,2026-06-08 16:11:26.602733+00,0.112264,16.979427,
9feabb4e-9027-4e40-9db0-b79ecf2d9ff8,unnumbered,,completed,sold,1,2026-06-08 16:11:09.63217+00,2026-06-08 16:11:26.606891+00,2026-06-08 16:11:26.711377+00,0.104486,17.079207,
8cf555e2-9f23-49ed-832c-308ed5e0a8fb,unnumbered,,completed,sold,1,2026-06-08 16:11:09.648447+00,2026-06-08 16:11:26.620082+00,2026-06-08 16:11:26.724989+00,0.104907,17.076542,
c9f1d04d-f34e-46af-93c7-bda342b2b9ab,unnumbered,,completed,sold,1,2026-06-08 16:11:09.640155+00,2026-06-08 16:11:26.620428+00,2026-06-08 16:11:26.732392+00,0.111964,17.092237,
d448f958-f46b-4416-a29d-72c16fa8f7f3,unnumbered,,completed,sold,1,2026-06-08 16:11:09.656857+00,2026-06-08 16:11:26.625369+00,2026-06-08 16:11:26.739137+00,0.113768,17.082280,
d4dce049-6dd0-4a2e-a735-9d465f20b521,unnumbered,,completed,sold,1,2026-06-08 16:11:09.665345+00,2026-06-08 16:11:26.738758+00,2026-06-08 16:11:26.843206+00,0.104448,17.177861,
a734e09e-f986-45f3-ab55-91a3e13983f9,unnumbered,,completed,sold,1,2026-06-08 16:11:09.673458+00,2026-06-08 16:11:26.75214+00,2026-06-08 16:11:26.856717+00,0.104577,17.183259,
867bb240-1378-465d-92dc-7a0c4769d56a,unnumbered,,completed,sold,1,2026-06-08 16:11:09.681799+00,2026-06-08 16:11:26.758928+00,2026-06-08 16:11:26.867238+00,0.108310,17.185439,
58e2c9d8-b496-4eea-8553-f18dbcf45da8,unnumbered,,completed,sold,1,2026-06-08 16:11:09.690151+00,2026-06-08 16:11:26.762157+00,2026-06-08 16:11:26.872653+00,0.110496,17.182502,
d890138e-8b63-45c1-b2eb-2315305b5660,unnumbered,,completed,sold,1,2026-06-08 16:11:09.69851+00,2026-06-08 16:11:26.867029+00,2026-06-08 16:11:26.971447+00,0.104418,17.272937,
43b9e213-d4d6-4c22-89f4-aca2a3513d8a,unnumbered,,completed,sold,1,2026-06-08 16:11:09.710002+00,2026-06-08 16:11:26.883399+00,2026-06-08 16:11:26.988427+00,0.105028,17.278425,
d3c4c824-7bbd-47fa-8bbd-baddc26261db,unnumbered,,completed,sold,1,2026-06-08 16:11:09.717991+00,2026-06-08 16:11:26.895254+00,2026-06-08 16:11:27.000588+00,0.105334,17.282597,
494aabd0-3d6f-4fe9-a43a-65b31ef4fdc1,unnumbered,,completed,sold,1,2026-06-08 16:11:09.727781+00,2026-06-08 16:11:26.895802+00,2026-06-08 16:11:27.006131+00,0.110329,17.278350,
08f95372-3673-47e6-9179-595d58c7d53b,unnumbered,,completed,sold,1,2026-06-08 16:11:09.733126+00,2026-06-08 16:11:26.994212+00,2026-06-08 16:11:27.098934+00,0.104722,17.365808,
096a486c-45e3-4643-942c-07f9c9583b91,unnumbered,,completed,sold,1,2026-06-08 16:11:09.739998+00,2026-06-08 16:11:27.015112+00,2026-06-08 16:11:27.120245+00,0.105133,17.380247,
c236d111-8d17-4ca1-8918-1a445786296e,unnumbered,,completed,sold,1,2026-06-08 16:11:09.74827+00,2026-06-08 16:11:27.030351+00,2026-06-08 16:11:27.135608+00,0.105257,17.387338,
6d87682e-bc83-4228-9149-7206e6e7b4a4,unnumbered,,completed,sold,1,2026-06-08 16:11:09.756817+00,2026-06-08 16:11:27.030495+00,2026-06-08 16:11:27.141258+00,0.110763,17.384441,
deab5c44-3f3c-4c28-9eba-cbd394badebc,unnumbered,,completed,sold,1,2026-06-08 16:11:09.765193+00,2026-06-08 16:11:27.121705+00,2026-06-08 16:11:27.226118+00,0.104413,17.460925,
1e6ca304-75b5-4c56-b2fa-4b628286d650,unnumbered,,completed,sold,1,2026-06-08 16:11:09.773466+00,2026-06-08 16:11:27.14633+00,2026-06-08 16:11:27.250775+00,0.104445,17.477309,
909b668f-ee7d-40a1-a1b4-96ae2da7afdb,unnumbered,,completed,sold,1,2026-06-08 16:11:09.790059+00,2026-06-08 16:11:27.163006+00,2026-06-08 16:11:27.268264+00,0.105258,17.478205,
2ca32942-f0fa-4af8-964e-5d8e0ea56033,unnumbered,,completed,sold,1,2026-06-08 16:11:09.781626+00,2026-06-08 16:11:27.163404+00,2026-06-08 16:11:27.27412+00,0.110716,17.492494,
2dc9de63-859b-4b49-8e3a-22a19835c25a,unnumbered,,completed,sold,1,2026-06-08 16:11:09.798381+00,2026-06-08 16:11:27.247084+00,2026-06-08 16:11:27.351603+00,0.104519,17.553222,
de89d039-010b-4d54-8980-566dea681174,unnumbered,,completed,sold,1,2026-06-08 16:11:09.806865+00,2026-06-08 16:11:27.27704+00,2026-06-08 16:11:27.381571+00,0.104531,17.574706,
4a113537-dff5-40a0-b59d-5aa73a90c516,unnumbered,,completed,sold,1,2026-06-08 16:11:09.814952+00,2026-06-08 16:11:27.290691+00,2026-06-08 16:11:27.395082+00,0.104391,17.580130,
cd517e3d-9973-4759-a611-65269364870f,unnumbered,,completed,sold,1,2026-06-08 16:11:09.823425+00,2026-06-08 16:11:27.299491+00,2026-06-08 16:11:27.405483+00,0.105992,17.582058,
2f218b01-4e5e-474d-b17e-e338c7b25721,unnumbered,,completed,sold,1,2026-06-08 16:11:09.831891+00,2026-06-08 16:11:27.373131+00,2026-06-08 16:11:27.477592+00,0.104461,17.645701,
b6ce3298-b9ab-468d-845f-276900f9ff1b,unnumbered,,completed,sold,1,2026-06-08 16:11:09.840411+00,2026-06-08 16:11:27.406294+00,2026-06-08 16:11:27.51115+00,0.104856,17.670739,
b3f660f6-cc64-4afa-8cb8-b8a884ea017b,unnumbered,,completed,sold,1,2026-06-08 16:11:09.849187+00,2026-06-08 16:11:27.419217+00,2026-06-08 16:11:27.523635+00,0.104418,17.674448,
52743f80-1509-44c3-a5e0-a61d33d601ec,unnumbered,,completed,sold,1,2026-06-08 16:11:09.856765+00,2026-06-08 16:11:27.4298+00,2026-06-08 16:11:27.535859+00,0.106059,17.679094,
c8c126da-62b0-43c8-90a0-2333102fccbe,unnumbered,,completed,sold,1,2026-06-08 16:11:09.865054+00,2026-06-08 16:11:27.500567+00,2026-06-08 16:11:27.605094+00,0.104527,17.740040,
d57e3c2b-c124-4235-aa1a-413a98dde400,unnumbered,,completed,sold,1,2026-06-08 16:11:09.873188+00,2026-06-08 16:11:27.537116+00,2026-06-08 16:11:27.642097+00,0.104981,17.768909,
2d2c247d-146a-4bad-9a73-1df312b55992,unnumbered,,completed,sold,1,2026-06-08 16:11:09.881611+00,2026-06-08 16:11:27.548362+00,2026-06-08 16:11:27.652792+00,0.104430,17.771181,
70ae8847-1ae7-4c43-9208-14ed663868e5,unnumbered,,completed,sold,1,2026-06-08 16:11:09.889828+00,2026-06-08 16:11:27.56156+00,2026-06-08 16:11:27.667354+00,0.105794,17.777526,
49570a8b-d366-4226-b213-804e04c7f06a,unnumbered,,completed,sold,1,2026-06-08 16:11:09.89835+00,2026-06-08 16:11:27.627115+00,2026-06-08 16:11:27.731692+00,0.104577,17.833342,
d808ba74-9a73-4582-a19f-220e2d5c00cc,unnumbered,,completed,sold,1,2026-06-08 16:11:09.906641+00,2026-06-08 16:11:27.666477+00,2026-06-08 16:11:27.771294+00,0.104817,17.864653,
7fc17ed9-d377-4cb1-a6f4-20ac11206b60,unnumbered,,completed,sold,1,2026-06-08 16:11:09.915001+00,2026-06-08 16:11:27.676996+00,2026-06-08 16:11:27.782023+00,0.105027,17.867022,
2639a85c-a17b-42d3-8765-f5c3e3fae7a7,unnumbered,,completed,sold,1,2026-06-08 16:11:09.923395+00,2026-06-08 16:11:27.69329+00,2026-06-08 16:11:27.799468+00,0.106178,17.876073,
7a0eed32-fcfc-486f-a93c-99b96572325d,unnumbered,,completed,sold,1,2026-06-08 16:11:09.931939+00,2026-06-08 16:11:27.752845+00,2026-06-08 16:11:27.857345+00,0.104500,17.925406,
0e003a76-d1ed-43d2-b164-4e84996afac8,unnumbered,,completed,sold,1,2026-06-08 16:11:09.940024+00,2026-06-08 16:11:27.795151+00,2026-06-08 16:11:27.900318+00,0.105167,17.960294,
35c5b825-14e3-4768-9f61-4ff089e26341,unnumbered,,completed,sold,1,2026-06-08 16:11:09.948375+00,2026-06-08 16:11:27.805496+00,2026-06-08 16:11:27.91047+00,0.104974,17.962095,
84d5f863-fff5-4449-ad57-3ad027f34fc3,unnumbered,,completed,sold,1,2026-06-08 16:11:09.957016+00,2026-06-08 16:11:27.825262+00,2026-06-08 16:11:27.931124+00,0.105862,17.974108,
92426b4b-406b-4c4a-929e-012154094063,unnumbered,,completed,sold,1,2026-06-08 16:11:09.965191+00,2026-06-08 16:11:27.87923+00,2026-06-08 16:11:27.983661+00,0.104431,18.018470,
4ba5cc80-3a02-484e-8100-6cf765014eac,unnumbered,,completed,sold,1,2026-06-08 16:11:09.974244+00,2026-06-08 16:11:27.923363+00,2026-06-08 16:11:28.028228+00,0.104865,18.053984,
ebfe3a4b-5e63-48ed-9f26-0043a6f052df,unnumbered,,completed,sold,1,2026-06-08 16:11:09.982092+00,2026-06-08 16:11:27.942211+00,2026-06-08 16:11:28.047889+00,0.105678,18.065797,
625ae560-ec6b-4a9d-95d9-5bcc8d6f8a66,unnumbered,,completed,sold,1,2026-06-08 16:11:09.990076+00,2026-06-08 16:11:27.955781+00,2026-06-08 16:11:28.060866+00,0.105085,18.070790,
b358835e-212d-48d7-911e-66c052094417,unnumbered,,completed,sold,1,2026-06-08 16:11:09.998728+00,2026-06-08 16:11:28.006372+00,2026-06-08 16:11:28.111178+00,0.104806,18.112450,
9d04f1bf-44c4-4b05-abbd-5a7a32b21bf6,unnumbered,,completed,sold,1,2026-06-08 16:11:10.006908+00,2026-06-08 16:11:28.052215+00,2026-06-08 16:11:28.156872+00,0.104657,18.149964,
dee97097-4a4b-4efe-8ae9-e49a9eeb9fee,unnumbered,,completed,sold,1,2026-06-08 16:11:10.015084+00,2026-06-08 16:11:28.071054+00,2026-06-08 16:11:28.175917+00,0.104863,18.160833,
e3143eac-c60f-4509-9e44-cd30e3f1eef8,unnumbered,,completed,sold,1,2026-06-08 16:11:10.023371+00,2026-06-08 16:11:28.087315+00,2026-06-08 16:11:28.193238+00,0.105923,18.169867,
93aaff91-8274-40aa-ba2c-f752e5d3862d,unnumbered,,completed,sold,1,2026-06-08 16:11:10.031664+00,2026-06-08 16:11:28.132919+00,2026-06-08 16:11:28.237636+00,0.104717,18.205972,
f41ce281-9a5f-4499-89ee-45ee03bf4877,unnumbered,,completed,sold,1,2026-06-08 16:11:10.039985+00,2026-06-08 16:11:28.182085+00,2026-06-08 16:11:28.286931+00,0.104846,18.246946,
3cead87f-d465-4490-b5a7-502a0e02c34d,unnumbered,,completed,sold,1,2026-06-08 16:11:10.048301+00,2026-06-08 16:11:28.198904+00,2026-06-08 16:11:28.303475+00,0.104571,18.255174,
1712a25a-82bd-4531-911f-ad71947732ad,unnumbered,,completed,sold,1,2026-06-08 16:11:10.056578+00,2026-06-08 16:11:28.219617+00,2026-06-08 16:11:28.325447+00,0.105830,18.268869,
7072669c-e611-4bb5-a34f-0e3d01aa5cf1,unnumbered,,completed,sold,1,2026-06-08 16:11:10.065029+00,2026-06-08 16:11:28.259566+00,2026-06-08 16:11:28.364215+00,0.104649,18.299186,
0d30b80a-d9ea-40e1-a8ba-b67947b0dc6a,unnumbered,,completed,sold,1,2026-06-08 16:11:10.07326+00,2026-06-08 16:11:28.313397+00,2026-06-08 16:11:28.418289+00,0.104892,18.345029,
1437df59-31e3-4142-a08c-ac26824c8452,unnumbered,,completed,sold,1,2026-06-08 16:11:10.081771+00,2026-06-08 16:11:28.328291+00,2026-06-08 16:11:28.432521+00,0.104230,18.350750,
dfe6051d-3286-408b-a84b-2234d4401721,unnumbered,,completed,sold,1,2026-06-08 16:11:10.090015+00,2026-06-08 16:11:28.351798+00,2026-06-08 16:11:28.457468+00,0.105670,18.367453,
302bfc72-fd03-4984-8a70-67b3e317e783,unnumbered,,completed,sold,1,2026-06-08 16:11:10.098232+00,2026-06-08 16:11:28.385999+00,2026-06-08 16:11:28.491065+00,0.105066,18.392833,
e039b0c7-23b7-4115-9fea-e651b3f5714e,unnumbered,,completed,sold,1,2026-06-08 16:11:10.106554+00,2026-06-08 16:11:28.44232+00,2026-06-08 16:11:28.547097+00,0.104777,18.440543,
ab5ff9bc-2ba1-4d9b-a01e-39d918910730,unnumbered,,completed,sold,1,2026-06-08 16:11:10.1149+00,2026-06-08 16:11:28.454404+00,2026-06-08 16:11:28.558841+00,0.104437,18.443941,
89bc2329-bcae-4486-806d-a55601cd27d3,unnumbered,,completed,sold,1,2026-06-08 16:11:10.124609+00,2026-06-08 16:11:28.483258+00,2026-06-08 16:11:28.588598+00,0.105340,18.463989,
f5bcff3f-b5ca-4e3b-9a0e-b7743adf063a,unnumbered,,completed,sold,1,2026-06-08 16:11:10.131567+00,2026-06-08 16:11:28.512348+00,2026-06-08 16:11:28.617341+00,0.104993,18.485774,
a7715f03-dee8-4917-bb8d-c5b04a102693,unnumbered,,completed,sold,1,2026-06-08 16:11:10.140009+00,2026-06-08 16:11:28.571923+00,2026-06-08 16:11:28.67706+00,0.105137,18.537051,
6b5aafd2-dbf6-490e-91a2-19fb528099e9,unnumbered,,completed,sold,1,2026-06-08 16:11:10.148253+00,2026-06-08 16:11:28.582076+00,2026-06-08 16:11:28.68647+00,0.104394,18.538217,
cda19bb6-11f1-43e6-bf57-68a3c2f41a95,unnumbered,,completed,sold,1,2026-06-08 16:11:10.156773+00,2026-06-08 16:11:28.614418+00,2026-06-08 16:11:28.720172+00,0.105754,18.563399,
e5923289-cfec-4cb5-a08e-faa078d51a46,unnumbered,,completed,sold,1,2026-06-08 16:11:10.165015+00,2026-06-08 16:11:28.639595+00,2026-06-08 16:11:28.744358+00,0.104763,18.579343,
38f54135-65ef-4e71-8ac1-b2b6bc8a5274,unnumbered,,completed,sold,1,2026-06-08 16:11:10.173509+00,2026-06-08 16:11:28.700386+00,2026-06-08 16:11:28.805252+00,0.104866,18.631743,
daa283cf-a29c-42f7-a63b-8333e67c8bcc,unnumbered,,completed,sold,1,2026-06-08 16:11:10.181765+00,2026-06-08 16:11:28.707429+00,2026-06-08 16:11:28.812509+00,0.105080,18.630744,
a02912e1-d0cd-47d1-b514-14e8f04a6fcb,unnumbered,,completed,sold,1,2026-06-08 16:11:10.190041+00,2026-06-08 16:11:28.745425+00,2026-06-08 16:11:28.850616+00,0.105191,18.660575,
5f4eec72-e3bf-4d6d-a0b2-78395c54ea42,unnumbered,,completed,sold,1,2026-06-08 16:11:10.198495+00,2026-06-08 16:11:28.767142+00,2026-06-08 16:11:28.872205+00,0.105063,18.673710,
26f4f13d-b3b1-45c8-b6de-39a3e2838f45,unnumbered,,completed,sold,1,2026-06-08 16:11:10.206869+00,2026-06-08 16:11:28.828658+00,2026-06-08 16:11:28.933452+00,0.104794,18.726583,
9bcaff25-16d1-45d7-aa40-69ae7e03dee5,unnumbered,,completed,sold,1,2026-06-08 16:11:10.215047+00,2026-06-08 16:11:28.834925+00,2026-06-08 16:11:28.940059+00,0.105134,18.725012,
13c90223-d402-4fc1-9826-91455a957fbf,unnumbered,,completed,sold,1,2026-06-08 16:11:10.223455+00,2026-06-08 16:11:28.876334+00,2026-06-08 16:11:28.981977+00,0.105643,18.758522,
37e73653-de86-4d0d-bd4a-b21beff76458,unnumbered,,completed,sold,1,2026-06-08 16:11:10.231905+00,2026-06-08 16:11:28.894399+00,2026-06-08 16:11:28.99904+00,0.104641,18.767135,
e6ab2214-89ec-4721-901e-3149cecfa479,unnumbered,,completed,sold,1,2026-06-08 16:11:10.241244+00,2026-06-08 16:11:28.956565+00,2026-06-08 16:11:29.061398+00,0.104833,18.820154,
0f87c6a4-4c8a-40a2-b720-51a95d039d15,unnumbered,,completed,sold,1,2026-06-08 16:11:10.248367+00,2026-06-08 16:11:28.961159+00,2026-06-08 16:11:29.066969+00,0.105810,18.818602,
b44894e4-2fcf-47af-a5ed-fcaca9b57ad4,unnumbered,,completed,sold,1,2026-06-08 16:11:10.256773+00,2026-06-08 16:11:29.008269+00,2026-06-08 16:11:29.113496+00,0.105227,18.856723,
f602182d-c3d5-4be9-80f5-2a9822613a8a,unnumbered,,completed,sold,1,2026-06-08 16:11:10.265049+00,2026-06-08 16:11:29.0221+00,2026-06-08 16:11:29.126104+00,0.104004,18.861055,
fec6e49a-c79b-4da7-955d-856d0fa46b3c,unnumbered,,completed,sold,1,2026-06-08 16:11:10.273226+00,2026-06-08 16:11:29.085227+00,2026-06-08 16:11:29.18982+00,0.104593,18.916594,
98d936e6-6eb5-4a9e-99db-421051e0a9d9,unnumbered,,completed,sold,1,2026-06-08 16:11:10.281797+00,2026-06-08 16:11:29.088896+00,2026-06-08 16:11:29.196057+00,0.107161,18.914260,
fcff6383-01ec-422f-905e-ada381f643bf,unnumbered,,completed,sold,1,2026-06-08 16:11:10.290034+00,2026-06-08 16:11:29.138346+00,2026-06-08 16:11:29.243743+00,0.105397,18.953709,
a22813b7-a36b-4356-b49b-4804e148040d,unnumbered,,completed,sold,1,2026-06-08 16:11:10.298288+00,2026-06-08 16:11:29.147522+00,2026-06-08 16:11:29.252439+00,0.104917,18.954151,
585769b6-acb7-4e4d-a3de-026340730fc5,unnumbered,,completed,sold,1,2026-06-08 16:11:10.306924+00,2026-06-08 16:11:29.212785+00,2026-06-08 16:11:29.317438+00,0.104653,19.010514,
2429c907-9333-4c5d-9251-0638e192e867,unnumbered,,completed,sold,1,2026-06-08 16:11:10.315283+00,2026-06-08 16:11:29.217252+00,2026-06-08 16:11:29.322824+00,0.105572,19.007541,
d32277ce-2fe0-4087-92a5-dc60c0684173,unnumbered,,completed,sold,1,2026-06-08 16:11:10.323738+00,2026-06-08 16:11:29.269107+00,2026-06-08 16:11:29.374715+00,0.105608,19.050977,
95e4fb42-6e9c-4ae3-8818-ead310b8b4fd,unnumbered,,completed,sold,1,2026-06-08 16:11:10.331887+00,2026-06-08 16:11:29.273594+00,2026-06-08 16:11:29.381333+00,0.107739,19.049446,
b85ceb63-fa13-41cc-9aac-8169f93d3713,unnumbered,,completed,sold,1,2026-06-08 16:11:10.340192+00,2026-06-08 16:11:29.341589+00,2026-06-08 16:11:29.4463+00,0.104711,19.106108,
d32092a8-66fc-436b-a363-f29286b21cdb,unnumbered,,completed,sold,1,2026-06-08 16:11:10.355426+00,2026-06-08 16:11:29.345134+00,2026-06-08 16:11:29.451618+00,0.106484,19.096192,
32cabb35-039d-435e-a507-0b4e43f59bd8,unnumbered,,completed,sold,1,2026-06-08 16:11:10.361018+00,2026-06-08 16:11:29.401286+00,2026-06-08 16:11:29.506478+00,0.105192,19.145460,
aa9d822c-d536-4332-b0d2-1b131643b5ca,unnumbered,,completed,sold,1,2026-06-08 16:11:10.36566+00,2026-06-08 16:11:29.404679+00,2026-06-08 16:11:29.51194+00,0.107261,19.146280,
10267caf-1084-4d3a-9a5b-9969f65df641,unnumbered,,completed,sold,1,2026-06-08 16:11:10.373384+00,2026-06-08 16:11:29.47031+00,2026-06-08 16:11:29.575112+00,0.104802,19.201728,
cd97e1d8-3e09-4fa0-9c45-b9f6c306033a,unnumbered,,completed,sold,1,2026-06-08 16:11:10.382044+00,2026-06-08 16:11:29.473371+00,2026-06-08 16:11:29.58066+00,0.107289,19.198616,
3220b754-687d-4095-9e49-e008ce45bbb4,unnumbered,,completed,sold,1,2026-06-08 16:11:10.391488+00,2026-06-08 16:11:29.531547+00,2026-06-08 16:11:29.636941+00,0.105394,19.245453,
036afafd-af68-43aa-9828-968e5c61e1ab,unnumbered,,completed,sold,1,2026-06-08 16:11:10.398396+00,2026-06-08 16:11:29.540624+00,2026-06-08 16:11:29.645654+00,0.105030,19.247258,
61339de9-7d91-44cb-98dc-8987da00eca2,unnumbered,,completed,sold,1,2026-06-08 16:11:10.406867+00,2026-06-08 16:11:29.599249+00,2026-06-08 16:11:29.703946+00,0.104697,19.297079,
5e65c63f-2f9b-41cc-af2a-fb159fb56a2c,unnumbered,,completed,sold,1,2026-06-08 16:11:10.415252+00,2026-06-08 16:11:29.60303+00,2026-06-08 16:11:29.709549+00,0.106519,19.294297,
8d9d9da3-2e37-4f4f-8a1d-65e27dc9011f,unnumbered,,completed,sold,1,2026-06-08 16:11:10.423362+00,2026-06-08 16:11:29.663545+00,2026-06-08 16:11:29.769205+00,0.105660,19.345843,
8bf5e340-c79f-4a2f-86d6-962c48a1250e,unnumbered,,completed,sold,1,2026-06-08 16:11:10.431799+00,2026-06-08 16:11:29.668059+00,2026-06-08 16:11:29.77508+00,0.107021,19.343281,
b968e2c4-78c6-4092-b6fe-b12ec338de04,unnumbered,,completed,sold,1,2026-06-08 16:11:10.439937+00,2026-06-08 16:11:29.72866+00,2026-06-08 16:11:29.833309+00,0.104649,19.393372,
337ce0f8-4f08-4a48-b346-c96bb70ba729,unnumbered,,completed,sold,1,2026-06-08 16:11:10.448441+00,2026-06-08 16:11:29.731856+00,2026-06-08 16:11:29.838855+00,0.106999,19.390414,
0769157a-a0e0-4362-8947-71e5580d6bdf,unnumbered,,completed,sold,1,2026-06-08 16:11:10.456782+00,2026-06-08 16:11:29.795941+00,2026-06-08 16:11:29.901998+00,0.106057,19.445216,
3ec197af-e8c1-448c-9764-e01059d647e4,unnumbered,,completed,sold,1,2026-06-08 16:11:10.465173+00,2026-06-08 16:11:29.798538+00,2026-06-08 16:11:29.907865+00,0.109327,19.442692,
086c3932-a885-4213-a97c-f7efb4b80637,unnumbered,,completed,sold,1,2026-06-08 16:11:10.473434+00,2026-06-08 16:11:29.8569+00,2026-06-08 16:11:29.961566+00,0.104666,19.488132,
1454290b-e91c-41d7-a951-4812cc83a9f7,unnumbered,,completed,sold,1,2026-06-08 16:11:10.481678+00,2026-06-08 16:11:29.860444+00,2026-06-08 16:11:29.966941+00,0.106497,19.485263,
9471b703-9d33-4e25-a730-0b26e6be0d2f,unnumbered,,completed,sold,1,2026-06-08 16:11:10.490086+00,2026-06-08 16:11:29.928689+00,2026-06-08 16:11:30.035105+00,0.106416,19.545019,
276de610-a2cc-4c7a-9299-3b29fce87001,unnumbered,,completed,sold,1,2026-06-08 16:11:10.498297+00,2026-06-08 16:11:29.931204+00,2026-06-08 16:11:30.042511+00,0.111307,19.544214,
52b6863d-ce7b-41bf-8bda-6f5528ae46b4,unnumbered,,completed,sold,1,2026-06-08 16:11:10.506621+00,2026-06-08 16:11:29.984505+00,2026-06-08 16:11:30.089488+00,0.104983,19.582867,
1ebdd8a4-b886-40b7-bf01-23537c6f162f,unnumbered,,completed,sold,1,2026-06-08 16:11:10.515416+00,2026-06-08 16:11:29.990308+00,2026-06-08 16:11:30.095249+00,0.104941,19.579833,
b86feb5f-78a6-4bde-bbef-ecb7ba361c87,unnumbered,,completed,sold,1,2026-06-08 16:11:10.524121+00,2026-06-08 16:11:30.062596+00,2026-06-08 16:11:30.168018+00,0.105422,19.643897,
bf7cdbec-0612-4ad8-8705-d8d62ea562ff,unnumbered,,completed,sold,1,2026-06-08 16:11:10.531787+00,2026-06-08 16:11:30.06774+00,2026-06-08 16:11:30.173478+00,0.105738,19.641691,
f1047329-30bf-45ad-bf1a-8c9c1c63b2d9,unnumbered,,completed,sold,1,2026-06-08 16:11:10.548228+00,2026-06-08 16:11:30.117962+00,2026-06-08 16:11:30.222244+00,0.104282,19.674016,
ab230542-f160-400d-8b14-9f9777622849,unnumbered,,completed,sold,1,2026-06-08 16:11:10.539865+00,2026-06-08 16:11:30.122376+00,2026-06-08 16:11:30.227621+00,0.105245,19.687756,
19723b87-609a-4487-8c7e-1d8f6c1a4e23,unnumbered,,completed,sold,1,2026-06-08 16:11:10.556797+00,2026-06-08 16:11:30.194916+00,2026-06-08 16:11:30.300617+00,0.105701,19.743820,
de73580d-82ae-4d76-ae04-c10cd78377bb,unnumbered,,completed,sold,1,2026-06-08 16:11:10.564941+00,2026-06-08 16:11:30.196473+00,2026-06-08 16:11:30.306133+00,0.109660,19.741192,
aa63add9-ad28-4955-9ca1-b5c6104480c6,unnumbered,,completed,sold,1,2026-06-08 16:11:10.573362+00,2026-06-08 16:11:30.2445+00,2026-06-08 16:11:30.349318+00,0.104818,19.775956,
dfd738be-faa4-46b9-a14f-3c8007edbcc2,unnumbered,,completed,sold,1,2026-06-08 16:11:10.581644+00,2026-06-08 16:11:30.251327+00,2026-06-08 16:11:30.356794+00,0.105467,19.775150,
ceb6b575-21ab-4edb-9ce8-70cb3ee4be9d,unnumbered,,completed,sold,1,2026-06-08 16:11:10.590104+00,2026-06-08 16:11:30.327637+00,2026-06-08 16:11:30.433112+00,0.105475,19.843008,
942af62a-6d07-4712-9e6e-169b9285a191,unnumbered,,completed,sold,1,2026-06-08 16:11:10.598372+00,2026-06-08 16:11:30.328957+00,2026-06-08 16:11:30.438727+00,0.109770,19.840355,
5eb732f8-62a6-4fce-ab71-42d114cf4558,unnumbered,,completed,sold,1,2026-06-08 16:11:10.606983+00,2026-06-08 16:11:30.371579+00,2026-06-08 16:11:30.475774+00,0.104195,19.868791,
62a0e40b-0b09-42ad-acae-9105917c1f1c,unnumbered,,completed,sold,1,2026-06-08 16:11:10.615045+00,2026-06-08 16:11:30.378834+00,2026-06-08 16:11:30.484003+00,0.105169,19.868958,
03b9ffc1-3445-4df3-a7cb-cc85e3f245f3,unnumbered,,completed,sold,1,2026-06-08 16:11:10.623386+00,2026-06-08 16:11:30.459092+00,2026-06-08 16:11:30.564592+00,0.105500,19.941206,
7e40e830-59ca-49b0-9a3d-78cfba2a4d40,unnumbered,,completed,sold,1,2026-06-08 16:11:10.632439+00,2026-06-08 16:11:30.460842+00,2026-06-08 16:11:30.570407+00,0.109565,19.937968,
23fce512-a65d-4532-8a86-58143fa3aef2,unnumbered,,completed,sold,1,2026-06-08 16:11:10.639876+00,2026-06-08 16:11:30.497511+00,2026-06-08 16:11:30.601808+00,0.104297,19.961932,
a774c213-8dc0-4eb7-a105-559af6280fa3,unnumbered,,completed,sold,1,2026-06-08 16:11:10.648245+00,2026-06-08 16:11:30.50629+00,2026-06-08 16:11:30.611357+00,0.105067,19.963112,
294c6b77-ab6f-40e3-bc85-25d5dc6905b9,unnumbered,,completed,sold,1,2026-06-08 16:11:10.656584+00,2026-06-08 16:11:30.590892+00,2026-06-08 16:11:30.696385+00,0.105493,20.039801,
c8ca9283-fa8a-4328-a35d-648097b2658d,unnumbered,,completed,sold,1,2026-06-08 16:11:10.664928+00,2026-06-08 16:11:30.592351+00,2026-06-08 16:11:30.702173+00,0.109822,20.037245,
ddf2a698-5bd9-4427-ab11-815c001cb850,unnumbered,,completed,sold,1,2026-06-08 16:11:10.673271+00,2026-06-08 16:11:30.624901+00,2026-06-08 16:11:30.729296+00,0.104395,20.056025,
d4bbc227-6a7e-4d9c-91c8-18d856be77d7,unnumbered,,completed,sold,1,2026-06-08 16:11:10.681618+00,2026-06-08 16:11:30.634424+00,2026-06-08 16:11:30.739473+00,0.105049,20.057855,
7546c137-75eb-4189-8043-ed9220577ff7,unnumbered,,completed,sold,1,2026-06-08 16:11:10.68994+00,2026-06-08 16:11:30.722858+00,2026-06-08 16:11:30.82837+00,0.105512,20.138430,
8763e8ba-6108-4b78-99b9-b55c6e13ed98,unnumbered,,completed,sold,1,2026-06-08 16:11:10.698301+00,2026-06-08 16:11:30.724773+00,2026-06-08 16:11:30.833693+00,0.108920,20.135392,
9c04917d-2233-47ce-ba93-d2b20e47d5d2,unnumbered,,completed,sold,1,2026-06-08 16:11:10.706731+00,2026-06-08 16:11:30.752587+00,2026-06-08 16:11:30.857303+00,0.104716,20.150572,
8e16d016-543c-46b1-879e-2f1698667ed1,unnumbered,,completed,sold,1,2026-06-08 16:11:10.715066+00,2026-06-08 16:11:30.764528+00,2026-06-08 16:11:30.869371+00,0.104843,20.154305,
5f95030b-6d48-4289-bbd7-5549c796d202,unnumbered,,completed,sold,1,2026-06-08 16:11:10.723375+00,2026-06-08 16:11:30.85483+00,2026-06-08 16:11:30.960471+00,0.105641,20.237096,
963df630-72a7-4406-bea6-2cc5d4b9660a,unnumbered,,completed,sold,1,2026-06-08 16:11:10.731853+00,2026-06-08 16:11:30.856837+00,2026-06-08 16:11:30.966172+00,0.109335,20.234319,
50fa3069-43e6-44ea-a92d-58c580510255,unnumbered,,completed,sold,1,2026-06-08 16:11:10.739878+00,2026-06-08 16:11:30.880088+00,2026-06-08 16:11:30.986022+00,0.105934,20.246144,
a7f1297f-7214-432b-92cf-5abc35fd0452,unnumbered,,completed,sold,1,2026-06-08 16:11:10.74833+00,2026-06-08 16:11:30.892508+00,2026-06-08 16:11:30.996753+00,0.104245,20.248423,
2056e75b-8728-4fc8-9153-de0b2402c965,unnumbered,,completed,sold,1,2026-06-08 16:11:10.757332+00,2026-06-08 16:11:30.986859+00,2026-06-08 16:11:31.092406+00,0.105547,20.335074,
8e1c429f-2c33-498b-96a2-daffd9758ad5,unnumbered,,completed,sold,1,2026-06-08 16:11:10.764968+00,2026-06-08 16:11:30.990183+00,2026-06-08 16:11:31.098812+00,0.108629,20.333844,
83dad215-0b1b-49f2-805a-b22bcc32d569,unnumbered,,completed,sold,1,2026-06-08 16:11:10.77329+00,2026-06-08 16:11:31.008757+00,2026-06-08 16:11:31.113962+00,0.105205,20.340672,
75e3a997-7951-4eb4-8fc2-343a191e298d,unnumbered,,completed,sold,1,2026-06-08 16:11:10.784888+00,2026-06-08 16:11:31.020705+00,2026-06-08 16:11:31.125612+00,0.104907,20.340724,
1ab303be-743c-4f65-adf7-27152fca1d5a,unnumbered,,completed,sold,1,2026-06-08 16:11:10.799285+00,2026-06-08 16:11:31.12361+00,2026-06-08 16:11:31.228122+00,0.104512,20.428837,
c884d130-a0cc-46fe-a4ea-9123f69a5724,unnumbered,,completed,sold,1,2026-06-08 16:11:10.789984+00,2026-06-08 16:11:31.123296+00,2026-06-08 16:11:31.234509+00,0.111213,20.444525,
03fdf24b-000e-4d8c-a924-b00c2db3e6d7,unnumbered,,completed,sold,1,2026-06-08 16:11:10.806627+00,2026-06-08 16:11:31.138973+00,2026-06-08 16:11:31.245006+00,0.106033,20.438379,
c6bb376d-3543-40e9-94d1-34614e42702d,unnumbered,,completed,sold,1,2026-06-08 16:11:10.815003+00,2026-06-08 16:11:31.148525+00,2026-06-08 16:11:31.254869+00,0.106344,20.439866,
a07bc773-8083-42a3-8df4-6f37e4dcc315,unnumbered,,completed,sold,1,2026-06-08 16:11:10.823363+00,2026-06-08 16:11:31.252658+00,2026-06-08 16:11:31.357374+00,0.104716,20.534011,
919fbb26-de1b-4866-b4e6-4e1ab526856f,unnumbered,,completed,sold,1,2026-06-08 16:11:10.831634+00,2026-06-08 16:11:31.263476+00,2026-06-08 16:11:31.368925+00,0.105449,20.537291,
97350863-14b2-4ef5-b4f8-ab46d060eff0,unnumbered,,completed,sold,1,2026-06-08 16:11:10.84003+00,2026-06-08 16:11:31.269284+00,2026-06-08 16:11:31.374706+00,0.105422,20.534676,
63821940-776b-495a-afed-8768b5a485ea,unnumbered,,completed,sold,1,2026-06-08 16:11:10.848437+00,2026-06-08 16:11:31.278931+00,2026-06-08 16:11:31.384283+00,0.105352,20.535846,
ec2e7919-3628-4720-98ea-c16ce57d0e47,unnumbered,,completed,sold,1,2026-06-08 16:11:10.856754+00,2026-06-08 16:11:31.383245+00,2026-06-08 16:11:31.487686+00,0.104441,20.630932,
7b2521fe-3c2b-42be-b29d-07bb1073ae00,unnumbered,,completed,sold,1,2026-06-08 16:11:10.873323+00,2026-06-08 16:11:31.400071+00,2026-06-08 16:11:31.505268+00,0.105197,20.631945,
127074ba-c92e-4cd0-b186-154c2c297d70,unnumbered,,completed,sold,1,2026-06-08 16:11:10.86519+00,2026-06-08 16:11:31.402111+00,2026-06-08 16:11:31.511409+00,0.109298,20.646219,
70cf3123-46e6-431e-8759-d09fd36c637c,unnumbered,,completed,sold,1,2026-06-08 16:11:10.881786+00,2026-06-08 16:11:31.408134+00,2026-06-08 16:11:31.517032+00,0.108898,20.635246,
6b9afbb9-d019-4fd2-b311-d32069d98dfb,unnumbered,,completed,sold,1,2026-06-08 16:11:10.890062+00,2026-06-08 16:11:31.513707+00,2026-06-08 16:11:31.618403+00,0.104696,20.728341,
1cd4221d-cc29-414c-a7e4-bce39512b727,unnumbered,,completed,sold,1,2026-06-08 16:11:10.898308+00,2026-06-08 16:11:31.533234+00,2026-06-08 16:11:31.638037+00,0.104803,20.739729,
bfd7c6c3-865c-4d37-95f0-d251c40d4c83,unnumbered,,completed,sold,1,2026-06-08 16:11:10.906522+00,2026-06-08 16:11:31.537555+00,2026-06-08 16:11:31.645795+00,0.108240,20.739273,
7396489b-a34e-4821-acd8-65ae25529732,unnumbered,,completed,sold,1,2026-06-08 16:11:10.917028+00,2026-06-08 16:11:31.540434+00,2026-06-08 16:11:31.651733+00,0.111299,20.734705,
91bde6f8-8a0c-441b-8da4-80497955060f,unnumbered,,completed,sold,1,2026-06-08 16:11:10.92328+00,2026-06-08 16:11:31.640006+00,2026-06-08 16:11:31.744394+00,0.104388,20.821114,
15a5e413-c13f-4043-a00a-77dc41a93fb1,unnumbered,,completed,sold,1,2026-06-08 16:11:10.932748+00,2026-06-08 16:11:31.662959+00,2026-06-08 16:11:31.767933+00,0.104974,20.835185,
e97cabd4-61dc-4bfd-ba55-68e22f95a5eb,unnumbered,,completed,sold,1,2026-06-08 16:11:10.939864+00,2026-06-08 16:11:31.671998+00,2026-06-08 16:11:31.777986+00,0.105988,20.838122,
ff569569-0d92-49bc-ae32-d0506fc44151,unnumbered,,completed,sold,1,2026-06-08 16:11:10.948367+00,2026-06-08 16:11:31.675497+00,2026-06-08 16:11:31.783632+00,0.108135,20.835265,
4dc5860e-29a8-4c55-b40f-d11a10593bc0,unnumbered,,completed,sold,1,2026-06-08 16:11:10.956728+00,2026-06-08 16:11:31.766662+00,2026-06-08 16:11:31.871366+00,0.104704,20.914638,
e3eab09c-44bb-40b5-8a58-5751177b945d,unnumbered,,completed,sold,1,2026-06-08 16:11:10.965275+00,2026-06-08 16:11:31.793481+00,2026-06-08 16:11:31.897448+00,0.103967,20.932173,
e52df5d5-59d0-4ec7-a64c-b27e5f2dbfa2,unnumbered,,completed,sold,1,2026-06-08 16:11:10.973489+00,2026-06-08 16:11:31.80642+00,2026-06-08 16:11:31.911666+00,0.105246,20.938177,
2b34ec12-63df-4ba4-8e45-e4ff903b15af,unnumbered,,completed,sold,1,2026-06-08 16:11:10.982077+00,2026-06-08 16:11:31.807829+00,2026-06-08 16:11:31.917376+00,0.109547,20.935299,
80b318b1-e2bd-4d99-bef1-0a9ccaf65fa8,unnumbered,,completed,sold,1,2026-06-08 16:11:10.990128+00,2026-06-08 16:11:31.892884+00,2026-06-08 16:11:31.997431+00,0.104547,21.007303,
e91b9ca6-c455-4e7a-81f7-8cdd55fbfc74,unnumbered,,completed,sold,1,2026-06-08 16:11:10.998852+00,2026-06-08 16:11:31.922566+00,2026-06-08 16:11:32.027071+00,0.104505,21.028219,
dad78df4-470b-44f4-935e-6a8edf2f41c1,unnumbered,,completed,sold,1,2026-06-08 16:11:11.007069+00,2026-06-08 16:11:31.939294+00,2026-06-08 16:11:32.045458+00,0.106164,21.038389,
46964f3d-75c9-4721-ba06-b9880c280471,unnumbered,,completed,sold,1,2026-06-08 16:11:11.015221+00,2026-06-08 16:11:31.940682+00,2026-06-08 16:11:32.051582+00,0.110900,21.036361,
a4b22b0c-60ad-4bd3-ad8a-09edd759a825,unnumbered,,completed,sold,1,2026-06-08 16:11:11.02345+00,2026-06-08 16:11:32.019075+00,2026-06-08 16:11:32.123569+00,0.104494,21.100119,
729bf377-dd94-4d65-bf39-75a78b5f7245,unnumbered,,completed,sold,1,2026-06-08 16:11:11.031855+00,2026-06-08 16:11:32.051264+00,2026-06-08 16:11:32.156986+00,0.105722,21.125131,
b1753835-d8ad-403a-b72f-0c5ca3ae4191,unnumbered,,completed,sold,1,2026-06-08 16:11:11.039892+00,2026-06-08 16:11:32.072035+00,2026-06-08 16:11:32.177998+00,0.105963,21.138106,
3648fdb7-6591-4f50-ac9f-860d931f69f5,unnumbered,,completed,sold,1,2026-06-08 16:11:11.048899+00,2026-06-08 16:11:32.075781+00,2026-06-08 16:11:32.183672+00,0.107891,21.134773,
0f37ce1d-5565-47d4-9709-e5164f2ac837,unnumbered,,completed,sold,1,2026-06-08 16:11:11.056811+00,2026-06-08 16:11:32.145755+00,2026-06-08 16:11:32.250242+00,0.104487,21.193431,
d1836871-3996-4c92-baf9-23f871162a78,unnumbered,,completed,sold,1,2026-06-08 16:11:11.066225+00,2026-06-08 16:11:32.17942+00,2026-06-08 16:11:32.283905+00,0.104485,21.217680,
ba30b564-8bed-4c52-abd8-dad1fd510089,unnumbered,,completed,sold,1,2026-06-08 16:11:11.073392+00,2026-06-08 16:11:32.204488+00,2026-06-08 16:11:32.309959+00,0.105471,21.236567,
122b5fc7-b222-4c6b-a671-892019f3ccca,unnumbered,,completed,sold,1,2026-06-08 16:11:11.081641+00,2026-06-08 16:11:32.206222+00,2026-06-08 16:11:32.316141+00,0.109919,21.234500,
55d4fb65-ddd6-4d43-8086-a1ce708142a4,unnumbered,,completed,sold,1,2026-06-08 16:11:11.090054+00,2026-06-08 16:11:32.270434+00,2026-06-08 16:11:32.374573+00,0.104139,21.284519,
e96cfa4d-8a14-4b1b-89e5-89f43274d8f5,unnumbered,,completed,sold,1,2026-06-08 16:11:11.098185+00,2026-06-08 16:11:32.305195+00,2026-06-08 16:11:32.409777+00,0.104582,21.311592,
32806e99-db5e-4f19-bd76-a6e809a82535,unnumbered,,completed,sold,1,2026-06-08 16:11:11.106954+00,2026-06-08 16:11:32.335844+00,2026-06-08 16:11:32.441826+00,0.105982,21.334872,
693a1155-633d-4dae-b5bc-8863664807aa,unnumbered,,completed,sold,1,2026-06-08 16:11:11.115018+00,2026-06-08 16:11:32.338564+00,2026-06-08 16:11:32.447899+00,0.109335,21.332881,
de40d4db-4ff4-4688-9471-3f605ff79e9d,unnumbered,,completed,sold,1,2026-06-08 16:11:11.123387+00,2026-06-08 16:11:32.395597+00,2026-06-08 16:11:32.500109+00,0.104512,21.376722,
523b41de-11c6-4075-919f-1bee74978fdc,unnumbered,,completed,sold,1,2026-06-08 16:11:11.131864+00,2026-06-08 16:11:32.4314+00,2026-06-08 16:11:32.535875+00,0.104475,21.404011,
7e0e4925-59de-48e8-b51d-d28f5f8632d4,unnumbered,,completed,sold,1,2026-06-08 16:11:11.139984+00,2026-06-08 16:11:32.468113+00,2026-06-08 16:11:32.57376+00,0.105647,21.433776,
fc9290a6-6db5-4124-892a-c4ff5d56ebb0,unnumbered,,completed,sold,1,2026-06-08 16:11:11.148365+00,2026-06-08 16:11:32.471045+00,2026-06-08 16:11:32.57961+00,0.108565,21.431245,
86d5b9bd-1e52-49ef-bfa2-6643edb1ec8e,unnumbered,,completed,sold,1,2026-06-08 16:11:11.156645+00,2026-06-08 16:11:32.521107+00,2026-06-08 16:11:32.626013+00,0.104906,21.469368,
faeda329-3683-4d09-b4f5-9d65f3907e89,unnumbered,,completed,sold,1,2026-06-08 16:11:11.165052+00,2026-06-08 16:11:32.557385+00,2026-06-08 16:11:32.661659+00,0.104274,21.496607,
c2a28034-64c2-4c69-9581-437460f625a3,unnumbered,,completed,sold,1,2026-06-08 16:11:11.173282+00,2026-06-08 16:11:32.599716+00,2026-06-08 16:11:32.705315+00,0.105599,21.532033,
e703d577-ccf6-441c-af25-293998537358,unnumbered,,completed,sold,1,2026-06-08 16:11:11.181601+00,2026-06-08 16:11:32.602564+00,2026-06-08 16:11:32.710785+00,0.108221,21.529184,
08845450-96fc-4f75-8920-6fac3c732a6b,unnumbered,,completed,sold,1,2026-06-08 16:11:11.190082+00,2026-06-08 16:11:32.64708+00,2026-06-08 16:11:32.751594+00,0.104514,21.561512,
12d20a81-225a-4bd0-9b22-fe8bf318e22a,unnumbered,,completed,sold,1,2026-06-08 16:11:11.198328+00,2026-06-08 16:11:32.68294+00,2026-06-08 16:11:32.78756+00,0.104620,21.589232,
3431a2e9-d73e-416e-baf1-2258418ed15f,unnumbered,,completed,sold,1,2026-06-08 16:11:11.20655+00,2026-06-08 16:11:32.731233+00,2026-06-08 16:11:32.836747+00,0.105514,21.630197,
2b5b9872-8387-43fb-a787-3499df7b83e0,unnumbered,,completed,sold,1,2026-06-08 16:11:11.214947+00,2026-06-08 16:11:32.734331+00,2026-06-08 16:11:32.842325+00,0.107994,21.627378,
f91ffd2f-20a0-4b30-a930-80fcf4cadadf,unnumbered,,completed,sold,1,2026-06-08 16:11:11.223215+00,2026-06-08 16:11:32.773519+00,2026-06-08 16:11:32.878026+00,0.104507,21.654811,
252092a3-f4bc-47fa-a222-afdd00beb9df,unnumbered,,completed,sold,1,2026-06-08 16:11:11.23152+00,2026-06-08 16:11:32.809181+00,2026-06-08 16:11:32.913349+00,0.104168,21.681829,
f21b865d-5923-4fe8-80dd-6d890fc00253,unnumbered,,completed,sold,1,2026-06-08 16:11:11.239857+00,2026-06-08 16:11:32.862332+00,2026-06-08 16:11:32.967912+00,0.105580,21.728055,
00d4ed5d-7043-4890-99e4-d1e56082b1a4,unnumbered,,completed,sold,1,2026-06-08 16:11:11.248344+00,2026-06-08 16:11:32.86539+00,2026-06-08 16:11:32.973358+00,0.107968,21.725014,
f6c096a0-32d1-42eb-9486-e1ca9f587dad,unnumbered,,completed,sold,1,2026-06-08 16:11:11.256782+00,2026-06-08 16:11:32.899177+00,2026-06-08 16:11:33.004553+00,0.105376,21.747771,
1d64ea1b-d23a-4a6a-82b7-6fbd4da154f7,unnumbered,,completed,sold,1,2026-06-08 16:11:11.265211+00,2026-06-08 16:11:32.934654+00,2026-06-08 16:11:33.039082+00,0.104428,21.773871,
7da3c456-4e69-40bf-b3a5-fc1eda1b5a6d,unnumbered,,completed,sold,1,2026-06-08 16:11:11.27345+00,2026-06-08 16:11:32.994052+00,2026-06-08 16:11:33.09973+00,0.105678,21.826280,
8a001820-b562-44a7-96d2-6d059a42ec02,unnumbered,,completed,sold,1,2026-06-08 16:11:11.281718+00,2026-06-08 16:11:32.995782+00,2026-06-08 16:11:33.105369+00,0.109587,21.823651,
21a12aff-fea7-4122-a3ae-c0aa6c9d1c74,unnumbered,,completed,sold,1,2026-06-08 16:11:11.289972+00,2026-06-08 16:11:33.025789+00,2026-06-08 16:11:33.130598+00,0.104809,21.840626,
996e857c-1aa7-4133-9418-d1288f245e0e,unnumbered,,completed,sold,1,2026-06-08 16:11:11.298262+00,2026-06-08 16:11:33.060015+00,2026-06-08 16:11:33.16415+00,0.104135,21.865888,
f0ea3771-4046-43c0-842c-af16878ffaed,unnumbered,,completed,sold,1,2026-06-08 16:11:11.306817+00,2026-06-08 16:11:33.12551+00,2026-06-08 16:11:33.230755+00,0.105245,21.923938,
e0b4a773-f45f-462a-a10e-2986565b76c3,unnumbered,,completed,sold,1,2026-06-08 16:11:11.315024+00,2026-06-08 16:11:33.128806+00,2026-06-08 16:11:33.236046+00,0.107240,21.921022,
0be2277b-8a62-4123-8966-f19f5376b499,unnumbered,,completed,sold,1,2026-06-08 16:11:11.325238+00,2026-06-08 16:11:33.151607+00,2026-06-08 16:11:33.256225+00,0.104618,21.930987,
8527e00c-0d54-4c22-930c-d996ff35affa,unnumbered,,completed,sold,1,2026-06-08 16:11:11.331817+00,2026-06-08 16:11:33.185135+00,2026-06-08 16:11:33.289779+00,0.104644,21.957962,
ccac3d9a-6e4b-4174-aecc-bcbab0896859,unnumbered,,completed,sold,1,2026-06-08 16:11:11.339823+00,2026-06-08 16:11:33.257011+00,2026-06-08 16:11:33.362586+00,0.105575,22.022763,
ef59abcf-5294-4a5a-a013-ea756c74115a,unnumbered,,completed,sold,1,2026-06-08 16:11:11.348286+00,2026-06-08 16:11:33.262242+00,2026-06-08 16:11:33.367961+00,0.105719,22.019675,
0ccceb69-3128-40c6-9a0b-30cf6a35a055,unnumbered,,completed,sold,1,2026-06-08 16:11:11.356707+00,2026-06-08 16:11:33.278317+00,2026-06-08 16:11:33.383361+00,0.105044,22.026654,
800b3315-c752-46a5-92cc-6b1b5b95a615,unnumbered,,completed,sold,1,2026-06-08 16:11:11.365004+00,2026-06-08 16:11:33.310328+00,2026-06-08 16:11:33.414387+00,0.104059,22.049383,
0024e82c-e779-4e60-87d0-a0efdf379112,unnumbered,,completed,sold,1,2026-06-08 16:11:11.373394+00,2026-06-08 16:11:33.390292+00,2026-06-08 16:11:33.495818+00,0.105526,22.122424,
131608a7-501e-4222-9292-764a5f9ae0c4,unnumbered,,completed,sold,1,2026-06-08 16:11:11.381813+00,2026-06-08 16:11:33.393948+00,2026-06-08 16:11:33.501469+00,0.107521,22.119656,
561ac173-b813-4f05-ab66-d513d7ee1550,unnumbered,,completed,sold,1,2026-06-08 16:11:11.390095+00,2026-06-08 16:11:33.405644+00,2026-06-08 16:11:33.510426+00,0.104782,22.120331,
d79aebc3-b66f-4f04-a2f3-843fb4147a5d,unnumbered,,completed,sold,1,2026-06-08 16:11:11.398417+00,2026-06-08 16:11:33.434753+00,2026-06-08 16:11:33.538964+00,0.104211,22.140547,
cb885c3a-755e-4785-975a-2023ce581def,unnumbered,,completed,sold,1,2026-06-08 16:11:11.406933+00,2026-06-08 16:11:33.522443+00,2026-06-08 16:11:33.628122+00,0.105679,22.221189,
15da9fac-bff3-4a4a-9109-c785a84e0d08,unnumbered,,completed,sold,1,2026-06-08 16:11:11.415264+00,2026-06-08 16:11:33.525761+00,2026-06-08 16:11:33.634785+00,0.109024,22.219521,
ab1fc990-3640-4d8f-82ac-bc7f5e251e01,unnumbered,,completed,sold,1,2026-06-08 16:11:11.423489+00,2026-06-08 16:11:33.532903+00,2026-06-08 16:11:33.640561+00,0.107658,22.217072,
adfd6e2e-5f50-4d32-bdf6-113c83a9dcf4,unnumbered,,completed,sold,1,2026-06-08 16:11:11.431984+00,2026-06-08 16:11:33.560439+00,2026-06-08 16:11:33.664984+00,0.104545,22.233000,
31b5de49-17a2-494b-b0a1-01755994eb09,unnumbered,,completed,sold,1,2026-06-08 16:11:11.450452+00,2026-06-08 16:11:33.659699+00,2026-06-08 16:11:33.764504+00,0.104805,22.314052,
2f698f1a-2e7c-4be6-922f-ccb140a4b31f,unnumbered,,completed,sold,1,2026-06-08 16:11:11.441036+00,2026-06-08 16:11:33.659085+00,2026-06-08 16:11:33.77037+00,0.111285,22.329334,
c84e24a7-c668-4734-9259-01596a433b25,unnumbered,,completed,sold,1,2026-06-08 16:11:11.460432+00,2026-06-08 16:11:33.66504+00,2026-06-08 16:11:33.775833+00,0.110793,22.315401,
75dfd007-fdd8-44c4-9085-a49dc483e697,unnumbered,,completed,sold,1,2026-06-08 16:11:11.466179+00,2026-06-08 16:11:33.686404+00,2026-06-08 16:11:33.791319+00,0.104915,22.325140,
c7da45e7-2a3e-4cfd-9b29-28393c92d202,unnumbered,,completed,sold,1,2026-06-08 16:11:11.473388+00,2026-06-08 16:11:33.788669+00,2026-06-08 16:11:33.893242+00,0.104573,22.419854,
866c9cc4-919a-4f72-8f8a-b73a5ccdf9cb,unnumbered,,completed,sold,1,2026-06-08 16:11:11.482213+00,2026-06-08 16:11:33.799511+00,2026-06-08 16:11:33.90494+00,0.105429,22.422727,
4b8b7ce8-d19b-4ce0-9ce5-6aff2ce1f74d,unnumbered,,completed,sold,1,2026-06-08 16:11:11.490195+00,2026-06-08 16:11:33.803653+00,2026-06-08 16:11:33.910512+00,0.106859,22.420317,
1f4fba93-e8e5-4b3e-a150-bec9d5b688fe,unnumbered,,completed,sold,1,2026-06-08 16:11:11.498331+00,2026-06-08 16:11:33.813709+00,2026-06-08 16:11:33.918905+00,0.105196,22.420574,
aa7b47ad-aacf-48b3-adb0-11128628de25,unnumbered,,completed,sold,1,2026-06-08 16:11:11.506803+00,2026-06-08 16:11:33.922479+00,2026-06-08 16:11:34.027349+00,0.104870,22.520546,
4b425fde-84e4-4ef6-9b46-11a6944a6acf,unnumbered,,completed,sold,1,2026-06-08 16:11:11.523513+00,2026-06-08 16:11:33.933986+00,2026-06-08 16:11:34.038724+00,0.104738,22.515211,
0d28682c-e765-4a4b-90d3-eda64b38b9b4,unnumbered,,completed,sold,1,2026-06-08 16:11:11.515276+00,2026-06-08 16:11:33.933969+00,2026-06-08 16:11:34.044529+00,0.110560,22.529253,
fe10d8b3-6fc4-475b-be5e-199d24a8ae66,unnumbered,,completed,sold,1,2026-06-08 16:11:11.531821+00,2026-06-08 16:11:33.941121+00,2026-06-08 16:11:34.050072+00,0.108951,22.518251,
2f3b92ea-a2ab-426c-b7ac-684d19b97b69,unnumbered,,completed,sold,1,2026-06-08 16:11:11.539946+00,2026-06-08 16:11:34.06053+00,2026-06-08 16:11:34.165225+00,0.104695,22.625279,
cb850d15-f3dc-4ed7-aa19-c432fba6d098,unnumbered,,completed,sold,1,2026-06-08 16:11:11.548316+00,2026-06-08 16:11:34.061777+00,2026-06-08 16:11:34.170737+00,0.108960,22.622421,
c01d06ec-4183-4975-890b-9510d28368a1,unnumbered,,completed,sold,1,2026-06-08 16:11:11.556742+00,2026-06-08 16:11:34.072481+00,2026-06-08 16:11:34.178645+00,0.106164,22.621903,
e80ae9d0-019a-4a8a-80af-4a9cbd86a987,unnumbered,,completed,sold,1,2026-06-08 16:11:11.56513+00,2026-06-08 16:11:34.074107+00,2026-06-08 16:11:34.18504+00,0.110933,22.619910,
f383291d-aa01-41d5-a5a6-79e2a0d27efc,unnumbered,,completed,sold,1,2026-06-08 16:11:11.574511+00,2026-06-08 16:11:34.191962+00,2026-06-08 16:11:34.296621+00,0.104659,22.722110,
0efe82c1-f92c-4338-a226-b9ca3516ac60,unnumbered,,completed,sold,1,2026-06-08 16:11:11.581621+00,2026-06-08 16:11:34.196805+00,2026-06-08 16:11:34.302049+00,0.105244,22.720428,
df59830a-6af6-4237-ae36-cc176326fd8a,unnumbered,,completed,sold,1,2026-06-08 16:11:11.589996+00,2026-06-08 16:11:34.205744+00,2026-06-08 16:11:34.312219+00,0.106475,22.722223,
d2873944-d8d0-47cb-ae90-e98b3e7f76ab,unnumbered,,completed,sold,1,2026-06-08 16:11:11.598156+00,2026-06-08 16:11:34.209385+00,2026-06-08 16:11:34.318787+00,0.109402,22.720631,
5fb8a6d7-8c6f-484e-ae47-96de9324bde5,unnumbered,,completed,sold,1,2026-06-08 16:11:11.606565+00,2026-06-08 16:11:34.321632+00,2026-06-08 16:11:34.426981+00,0.105349,22.820416,
60629451-8dbb-41b5-9ac4-72fb0955827e,unnumbered,,completed,sold,1,2026-06-08 16:11:11.614901+00,2026-06-08 16:11:34.328244+00,2026-06-08 16:11:34.433308+00,0.105064,22.818407,
2606489b-dbe0-4c27-8b5b-7278aad0a071,unnumbered,,completed,sold,1,2026-06-08 16:11:11.623369+00,2026-06-08 16:11:34.342632+00,2026-06-08 16:11:34.44834+00,0.105708,22.824971,
2f9224a4-4e9c-44ea-a1d4-59f74f3786af,unnumbered,,completed,sold,1,2026-06-08 16:11:11.632399+00,2026-06-08 16:11:34.343565+00,2026-06-08 16:11:34.453908+00,0.110343,22.821509,
00d871e1-c530-4841-9371-0231bb5bf69d,unnumbered,,completed,sold,1,2026-06-08 16:11:11.639857+00,2026-06-08 16:11:34.455815+00,2026-06-08 16:11:34.560615+00,0.104800,22.920758,
ae01516c-2542-42be-8115-5b8855017cd6,unnumbered,,completed,sold,1,2026-06-08 16:11:11.648281+00,2026-06-08 16:11:34.459934+00,2026-06-08 16:11:34.566146+00,0.106212,22.917865,
0fbe1803-bce0-4839-a797-2b504495e5f6,unnumbered,,completed,sold,1,2026-06-08 16:11:11.665246+00,2026-06-08 16:11:34.476259+00,2026-06-08 16:11:34.582114+00,0.105855,22.916868,
c0b3a9c0-7b7a-44e0-8d9a-71b4360674c7,unnumbered,,completed,sold,1,2026-06-08 16:11:11.65683+00,2026-06-08 16:11:34.478006+00,2026-06-08 16:11:34.58822+00,0.110214,22.931390,
0926aef6-4561-4bb5-8c90-080d46fcbe37,unnumbered,,completed,sold,1,2026-06-08 16:11:11.673464+00,2026-06-08 16:11:34.584573+00,2026-06-08 16:11:34.689248+00,0.104675,23.015784,
1f6540ac-e67e-4413-8725-e82b4e143f7e,unnumbered,,completed,sold,1,2026-06-08 16:11:11.682093+00,2026-06-08 16:11:34.592333+00,2026-06-08 16:11:34.697548+00,0.105215,23.015455,
4ca12916-5d16-4887-8f38-13f2f3af54d1,unnumbered,,completed,sold,1,2026-06-08 16:11:11.690159+00,2026-06-08 16:11:34.605507+00,2026-06-08 16:11:34.71011+00,0.104603,23.019951,
386e4caa-739f-4f8b-bda1-c8c3026dd1e4,unnumbered,,completed,sold,1,2026-06-08 16:11:11.698298+00,2026-06-08 16:11:34.613002+00,2026-06-08 16:11:34.718694+00,0.105692,23.020396,
6ae2a3e2-7fe6-4382-8482-e54209ed261d,unnumbered,,completed,sold,1,2026-06-08 16:11:11.706549+00,2026-06-08 16:11:34.712267+00,2026-06-08 16:11:34.816869+00,0.104602,23.110320,
c0ab5024-2e41-4861-9255-eca949b85116,unnumbered,,completed,sold,1,2026-06-08 16:11:11.715201+00,2026-06-08 16:11:34.72237+00,2026-06-08 16:11:34.827374+00,0.105004,23.112173,
0e5c44a8-dda6-442d-b49c-af790886b8b1,unnumbered,,completed,sold,1,2026-06-08 16:11:11.723401+00,2026-06-08 16:11:34.733301+00,2026-06-08 16:11:34.838259+00,0.104958,23.114858,
36b9185b-84e4-492f-844b-d1526e7608fb,unnumbered,,completed,sold,1,2026-06-08 16:11:11.731769+00,2026-06-08 16:11:34.743345+00,2026-06-08 16:11:34.849004+00,0.105659,23.117235,
e2ed4931-7895-49da-89f8-3ad920ddd60f,unnumbered,,completed,sold,1,2026-06-08 16:11:11.740923+00,2026-06-08 16:11:34.841686+00,2026-06-08 16:11:34.946245+00,0.104559,23.205322,
4c75f9c0-4ce5-49f6-b396-0311e88bd793,unnumbered,,completed,sold,1,2026-06-08 16:11:11.748366+00,2026-06-08 16:11:34.850982+00,2026-06-08 16:11:34.955278+00,0.104296,23.206912,
85846bd1-0af5-472f-a83d-39c99967e91c,unnumbered,,completed,sold,1,2026-06-08 16:11:11.756774+00,2026-06-08 16:11:34.862304+00,2026-06-08 16:11:34.966653+00,0.104349,23.209879,
f5c0031d-fd47-4444-a01b-deb016f5cff7,unnumbered,,completed,sold,1,2026-06-08 16:11:11.765061+00,2026-06-08 16:11:34.873954+00,2026-06-08 16:11:34.979794+00,0.105840,23.214733,
b2035196-f0a5-42ce-9751-533e5a407857,unnumbered,,completed,sold,1,2026-06-08 16:11:11.773357+00,2026-06-08 16:11:34.969136+00,2026-06-08 16:11:35.073777+00,0.104641,23.300420,
d62599d7-130f-4548-8da2-b88e92c97209,unnumbered,,completed,sold,1,2026-06-08 16:11:11.781729+00,2026-06-08 16:11:34.978732+00,2026-06-08 16:11:35.083096+00,0.104364,23.301367,
36020aaf-b96c-4974-9157-014fb7d99606,unnumbered,,completed,sold,1,2026-06-08 16:11:11.790017+00,2026-06-08 16:11:34.989444+00,2026-06-08 16:11:35.09415+00,0.104706,23.304133,
b93cae6a-cdf8-4142-bfad-006b78f331a7,unnumbered,,completed,sold,1,2026-06-08 16:11:11.798307+00,2026-06-08 16:11:35.0051+00,2026-06-08 16:11:35.110291+00,0.105191,23.311984,
1a37f284-7d06-4bbb-a379-1c8d820a1cd3,unnumbered,,completed,sold,1,2026-06-08 16:11:11.806736+00,2026-06-08 16:11:35.103393+00,2026-06-08 16:11:35.20802+00,0.104627,23.401284,
8c65d72f-c2cc-46c1-a824-9d33ba4835e4,unnumbered,,completed,sold,1,2026-06-08 16:11:11.815059+00,2026-06-08 16:11:35.106629+00,2026-06-08 16:11:35.213222+00,0.106593,23.398163,
eb6ef302-6891-47ea-82fd-2ea61571df51,unnumbered,,completed,sold,1,2026-06-08 16:11:11.823337+00,2026-06-08 16:11:35.117229+00,2026-06-08 16:11:35.222044+00,0.104815,23.398707,
b4b030c6-b982-478a-9cbc-1a7ac02a635a,unnumbered,,completed,sold,1,2026-06-08 16:11:11.833132+00,2026-06-08 16:11:35.135391+00,2026-06-08 16:11:35.241127+00,0.105736,23.407995,
f2579ef6-19cf-4a76-84b1-e021a5d125a0,unnumbered,,completed,sold,1,2026-06-08 16:11:11.839972+00,2026-06-08 16:11:35.231503+00,2026-06-08 16:11:35.335986+00,0.104483,23.496014,
680a5baa-95c9-42e2-83f8-a6b0a5c1c7e0,unnumbered,,completed,sold,1,2026-06-08 16:11:11.848235+00,2026-06-08 16:11:35.237018+00,2026-06-08 16:11:35.342659+00,0.105641,23.494424,
2649358e-f868-4760-9fd7-e074fd9ae9f7,unnumbered,,completed,sold,1,2026-06-08 16:11:11.856573+00,2026-06-08 16:11:35.246242+00,2026-06-08 16:11:35.351144+00,0.104902,23.494571,
0e875ef8-4122-4ef7-8488-0cb099ea4804,unnumbered,,completed,sold,1,2026-06-08 16:11:11.865184+00,2026-06-08 16:11:35.265421+00,2026-06-08 16:11:35.371687+00,0.106266,23.506503,
c78aac8a-1b4c-46c8-aeb7-60737bdcb6bd,unnumbered,,completed,sold,1,2026-06-08 16:11:11.873255+00,2026-06-08 16:11:35.361179+00,2026-06-08 16:11:35.465811+00,0.104632,23.592556,
7c91a25c-f4eb-460a-9228-aab70cf4a668,unnumbered,,completed,sold,1,2026-06-08 16:11:11.881745+00,2026-06-08 16:11:35.366074+00,2026-06-08 16:11:35.471354+00,0.105280,23.589609,
113834d2-7364-404e-9439-ea158cd095b5,unnumbered,,completed,sold,1,2026-06-08 16:11:11.890029+00,2026-06-08 16:11:35.374851+00,2026-06-08 16:11:35.47966+00,0.104809,23.589631,
07046355-3af0-4be3-9910-32bdbf735111,unnumbered,,completed,sold,1,2026-06-08 16:11:11.898315+00,2026-06-08 16:11:35.397292+00,2026-06-08 16:11:35.503171+00,0.105879,23.604856,
c891fe24-d387-4d54-9661-cc687d1ccfe9,unnumbered,,completed,sold,1,2026-06-08 16:11:11.906835+00,2026-06-08 16:11:35.490183+00,2026-06-08 16:11:35.594863+00,0.104680,23.688028,
27184b4f-c41b-4fe9-92c8-c3e7ca23d6e1,unnumbered,,completed,sold,1,2026-06-08 16:11:11.914968+00,2026-06-08 16:11:35.493723+00,2026-06-08 16:11:35.600487+00,0.106764,23.685519,
5302c67d-7a11-440e-b3fb-4ea029de98b7,unnumbered,,completed,sold,1,2026-06-08 16:11:11.923372+00,2026-06-08 16:11:35.503585+00,2026-06-08 16:11:35.608625+00,0.105040,23.685253,
d1c31668-cdd8-4f4e-b731-19cd02a2b609,unnumbered,,completed,sold,1,2026-06-08 16:11:11.931703+00,2026-06-08 16:11:35.527923+00,2026-06-08 16:11:35.63347+00,0.105547,23.701767,
060c4113-5f65-4618-b997-ae586176414e,unnumbered,,completed,sold,1,2026-06-08 16:11:11.940048+00,2026-06-08 16:11:35.619987+00,2026-06-08 16:11:35.724939+00,0.104952,23.784891,
f2149ca3-9dc6-4f32-a4be-e15d369028f2,unnumbered,,completed,sold,1,2026-06-08 16:11:11.948412+00,2026-06-08 16:11:35.623201+00,2026-06-08 16:11:35.730918+00,0.107717,23.782506,
bf1e5057-8d7b-421c-a96b-94796a246ca5,unnumbered,,completed,sold,1,2026-06-08 16:11:11.956748+00,2026-06-08 16:11:35.63127+00,2026-06-08 16:11:35.737099+00,0.105829,23.780351,
6bf6ed32-990a-48a7-93ec-d1e36d6a422d,unnumbered,,completed,sold,1,2026-06-08 16:11:11.966489+00,2026-06-08 16:11:35.657502+00,2026-06-08 16:11:35.762698+00,0.105196,23.796209,
1b26ca3b-0ccc-4c22-b515-b2218716be11,unnumbered,,completed,sold,1,2026-06-08 16:11:11.973411+00,2026-06-08 16:11:35.75125+00,2026-06-08 16:11:35.856434+00,0.105184,23.883023,
98774c2b-7dc2-474f-8034-f578ac97d74f,unnumbered,,completed,sold,1,2026-06-08 16:11:11.982226+00,2026-06-08 16:11:35.754551+00,2026-06-08 16:11:35.862295+00,0.107744,23.880069,
b932f2d8-aef2-4460-8138-aaa634d92401,unnumbered,,completed,sold,1,2026-06-08 16:11:11.989976+00,2026-06-08 16:11:35.75946+00,2026-06-08 16:11:35.867823+00,0.108363,23.877847,
0f794de6-39a8-4e58-bf4a-60d60bafbc0c,unnumbered,,completed,sold,1,2026-06-08 16:11:11.999209+00,2026-06-08 16:11:35.786753+00,2026-06-08 16:11:35.89206+00,0.105307,23.892851,
cab42304-9def-4a8c-8183-c026f1003266,unnumbered,,completed,sold,1,2026-06-08 16:11:12.006853+00,2026-06-08 16:11:35.882515+00,2026-06-08 16:11:35.987278+00,0.104763,23.980425,
567e5083-bb5f-4271-98e0-0cd8702b9855,unnumbered,,completed,sold,1,2026-06-08 16:11:12.015017+00,2026-06-08 16:11:35.88604+00,2026-06-08 16:11:35.993141+00,0.107101,23.978124,
e9089315-3ef5-40e7-ba6c-21ce7657b364,unnumbered,,completed,sold,1,2026-06-08 16:11:12.023347+00,2026-06-08 16:11:35.8904+00,2026-06-08 16:11:35.998582+00,0.108182,23.975235,
acaffa3b-bdea-4c2b-9da6-972fe65edddc,unnumbered,,completed,sold,1,2026-06-08 16:11:12.031742+00,2026-06-08 16:11:35.917173+00,2026-06-08 16:11:36.022649+00,0.105476,23.990907,
4d06b119-9a69-4d8b-8afd-fd5c86a6e43f,unnumbered,,completed,sold,1,2026-06-08 16:11:12.048487+00,2026-06-08 16:11:36.019082+00,2026-06-08 16:11:36.123561+00,0.104479,24.075074,
29fc6012-f0fa-4a0a-8252-eacf7094af6d,unnumbered,,completed,sold,1,2026-06-08 16:11:12.040192+00,2026-06-08 16:11:36.019923+00,2026-06-08 16:11:36.129198+00,0.109275,24.089006,
7b6252b6-f6e7-4dbb-a77d-4aab9df0c6a9,unnumbered,,completed,sold,1,2026-06-08 16:11:12.056797+00,2026-06-08 16:11:36.022978+00,2026-06-08 16:11:36.134639+00,0.111661,24.077842,
6e47aa7c-3b1e-41a3-ba42-d9996d3123c0,unnumbered,,completed,sold,1,2026-06-08 16:11:12.065096+00,2026-06-08 16:11:36.049667+00,2026-06-08 16:11:36.155364+00,0.105697,24.090268,
0eb049b3-24ff-49ea-8cec-b21a15297671,unnumbered,,completed,sold,1,2026-06-08 16:11:12.073349+00,2026-06-08 16:11:36.146835+00,2026-06-08 16:11:36.251153+00,0.104318,24.177804,
b0d4ed68-c49e-4c4a-9576-b06085f0ab99,unnumbered,,completed,sold,1,2026-06-08 16:11:12.081827+00,2026-06-08 16:11:36.152369+00,2026-06-08 16:11:36.257668+00,0.105299,24.175841,
70594981-bb31-4c33-85bf-4f2f65d1d542,unnumbered,,completed,sold,1,2026-06-08 16:11:12.090205+00,2026-06-08 16:11:36.158205+00,2026-06-08 16:11:36.263511+00,0.105306,24.173306,
aa07f5ac-dc19-4d5b-8d50-82b1eeb55e05,unnumbered,,completed,sold,1,2026-06-08 16:11:12.100474+00,2026-06-08 16:11:36.180047+00,2026-06-08 16:11:36.285826+00,0.105779,24.185352,
0f2bc30f-3163-414c-9a82-b1f8d12a03df,unnumbered,,completed,sold,1,2026-06-08 16:11:12.110864+00,2026-06-08 16:11:36.274541+00,2026-06-08 16:11:36.379513+00,0.104972,24.268649,
c8e57434-52ba-4a42-b7a9-d7180d6e4637,unnumbered,,completed,sold,1,2026-06-08 16:11:12.115497+00,2026-06-08 16:11:36.286079+00,2026-06-08 16:11:36.39103+00,0.104951,24.275533,
d0d1eed9-8c6e-4e2b-96f8-198a99dff567,unnumbered,,completed,sold,1,2026-06-08 16:11:12.123337+00,2026-06-08 16:11:36.286665+00,2026-06-08 16:11:36.398162+00,0.111497,24.274825,
e914b303-e1b4-4a60-b58e-35d60c9205eb,unnumbered,,completed,sold,1,2026-06-08 16:11:12.131632+00,2026-06-08 16:11:36.310361+00,2026-06-08 16:11:36.415968+00,0.105607,24.284336,
cc5494a3-ab84-465d-8406-15e417b32324,unnumbered,,completed,sold,1,2026-06-08 16:11:12.139981+00,2026-06-08 16:11:36.403518+00,2026-06-08 16:11:36.507986+00,0.104468,24.368005,
7e06de42-1193-4c8b-b8f0-bd0d7cd1cc31,unnumbered,,completed,sold,1,2026-06-08 16:11:12.148343+00,2026-06-08 16:11:36.416905+00,2026-06-08 16:11:36.521416+00,0.104511,24.373073,
a2e4622b-1139-4676-bd65-c58b64bf57e2,unnumbered,,completed,sold,1,2026-06-08 16:11:12.156774+00,2026-06-08 16:11:36.42121+00,2026-06-08 16:11:36.5272+00,0.105990,24.370426,
d6dcc8e3-b841-4a36-ae75-9130c29da9bf,unnumbered,,completed,sold,1,2026-06-08 16:11:12.165026+00,2026-06-08 16:11:36.441216+00,2026-06-08 16:11:36.547045+00,0.105829,24.382019,
ac19ace0-0f40-42d1-b681-61451347c2bd,unnumbered,,completed,sold,1,2026-06-08 16:11:12.173617+00,2026-06-08 16:11:36.534523+00,2026-06-08 16:11:36.639427+00,0.104904,24.465810,
cea5a466-f1ba-483f-9a38-29d9f95a484d,unnumbered,,completed,sold,1,2026-06-08 16:11:12.181809+00,2026-06-08 16:11:36.547715+00,2026-06-08 16:11:36.652535+00,0.104820,24.470726,
4f75fc14-c1d5-4a6f-9c59-4624cd9ee719,unnumbered,,completed,sold,1,2026-06-08 16:11:12.190024+00,2026-06-08 16:11:36.55152+00,2026-06-08 16:11:36.659387+00,0.107867,24.469363,
701aa4b9-80cb-4a0f-a5be-995e01aad92c,unnumbered,,completed,sold,1,2026-06-08 16:11:12.198551+00,2026-06-08 16:11:36.571642+00,2026-06-08 16:11:36.678361+00,0.106719,24.479810,
4702e1e5-e8ed-4bc1-80bf-be4458f310fa,unnumbered,,completed,sold,1,2026-06-08 16:11:12.20684+00,2026-06-08 16:11:36.663366+00,2026-06-08 16:11:36.767932+00,0.104566,24.561092,
f39d419f-a3e1-49c2-8712-120742bf8a3d,unnumbered,,completed,sold,1,2026-06-08 16:11:12.215008+00,2026-06-08 16:11:36.679416+00,2026-06-08 16:11:36.785012+00,0.105596,24.570004,
94ca63bb-7664-45a5-8f55-1bbd3d719b3d,unnumbered,,completed,sold,1,2026-06-08 16:11:12.223318+00,2026-06-08 16:11:36.684004+00,2026-06-08 16:11:36.790992+00,0.106988,24.567674,
cf171a78-62f9-4be5-bb88-c59478e4dc49,unnumbered,,completed,sold,1,2026-06-08 16:11:12.235006+00,2026-06-08 16:11:36.703952+00,2026-06-08 16:11:36.810216+00,0.106264,24.575210,
185ed6aa-b201-4d8e-b5f4-61457242186c,unnumbered,,completed,sold,1,2026-06-08 16:11:12.241573+00,2026-06-08 16:11:36.793741+00,2026-06-08 16:11:36.899026+00,0.105285,24.657453,
b655b894-6651-43b7-b0ce-c21a27cd97ae,unnumbered,,completed,sold,1,2026-06-08 16:11:12.256606+00,2026-06-08 16:11:36.816902+00,2026-06-08 16:11:36.922032+00,0.105130,24.665426,
3f2b1731-2a24-40ed-9cea-606d38291217,unnumbered,,completed,sold,1,2026-06-08 16:11:12.248258+00,2026-06-08 16:11:36.815836+00,2026-06-08 16:11:36.927339+00,0.111503,24.679081,
53167ebc-b208-4d3b-ae32-074d59df3d9d,unnumbered,,completed,sold,1,2026-06-08 16:11:12.265243+00,2026-06-08 16:11:36.836064+00,2026-06-08 16:11:36.941767+00,0.105703,24.676524,
2293949c-891d-4211-b948-12e884afde2e,unnumbered,,completed,sold,1,2026-06-08 16:11:12.273691+00,2026-06-08 16:11:36.921177+00,2026-06-08 16:11:37.025752+00,0.104575,24.752061,
f5fb5f36-49df-46f5-96be-906d02c41218,unnumbered,,completed,sold,1,2026-06-08 16:11:12.281747+00,2026-06-08 16:11:36.943708+00,2026-06-08 16:11:37.048638+00,0.104930,24.766891,
4c6acbd9-fd3e-4974-9c8f-407e1b549664,unnumbered,,completed,sold,1,2026-06-08 16:11:12.290021+00,2026-06-08 16:11:36.952247+00,2026-06-08 16:11:37.057623+00,0.105376,24.767602,
bd14ef1d-b5bc-4f41-8d5b-180af58c0e59,unnumbered,,completed,sold,1,2026-06-08 16:11:12.298316+00,2026-06-08 16:11:36.967581+00,2026-06-08 16:11:37.073033+00,0.105452,24.774717,
67163da9-4b86-4b3d-b2b3-57bb0ee20542,unnumbered,,completed,sold,1,2026-06-08 16:11:12.306758+00,2026-06-08 16:11:37.048458+00,2026-06-08 16:11:37.152648+00,0.104190,24.845890,
3c80e066-b156-4585-b448-acd3f66170d6,unnumbered,,completed,sold,1,2026-06-08 16:11:12.315066+00,2026-06-08 16:11:37.07073+00,2026-06-08 16:11:37.175439+00,0.104709,24.860373,
3a68c0ed-970a-436e-b51c-cb0d0aeac906,unnumbered,,completed,sold,1,2026-06-08 16:11:12.323338+00,2026-06-08 16:11:37.082399+00,2026-06-08 16:11:37.186694+00,0.104295,24.863356,
1084a952-bd91-4461-bb04-8a6b7a9c8fa5,unnumbered,,completed,sold,1,2026-06-08 16:11:12.331825+00,2026-06-08 16:11:37.098792+00,2026-06-08 16:11:37.204347+00,0.105555,24.872522,
60c5b85f-c8de-45fe-9565-52a459393c05,unnumbered,,completed,sold,1,2026-06-08 16:11:12.340221+00,2026-06-08 16:11:37.173759+00,2026-06-08 16:11:37.278092+00,0.104333,24.937871,
592003d9-02e2-4015-987c-cc903b43a800,unnumbered,,completed,sold,1,2026-06-08 16:11:12.348485+00,2026-06-08 16:11:37.197958+00,2026-06-08 16:11:37.302104+00,0.104146,24.953619,
8cc8c258-536e-4759-b038-c9a8830cc2ba,unnumbered,,completed,sold,1,2026-06-08 16:11:12.356726+00,2026-06-08 16:11:37.210928+00,2026-06-08 16:11:37.315531+00,0.104603,24.958805,
502b1726-6338-414a-a69c-ff56bb5398b7,unnumbered,,completed,sold,1,2026-06-08 16:11:12.365015+00,2026-06-08 16:11:37.229084+00,2026-06-08 16:11:37.334423+00,0.105339,24.969408,
142567af-a69f-4f1a-a5bc-ccc7877012e7,unnumbered,,completed,sold,1,2026-06-08 16:11:12.374147+00,2026-06-08 16:11:37.299545+00,2026-06-08 16:11:37.403792+00,0.104247,25.029645,
e5e591d2-c33e-4692-a300-95b61292fae0,unnumbered,,completed,sold,1,2026-06-08 16:11:12.381623+00,2026-06-08 16:11:37.324492+00,2026-06-08 16:11:37.428442+00,0.103950,25.046819,
5d374a06-a45d-45cd-8db9-bbd61cd0a134,unnumbered,,completed,sold,1,2026-06-08 16:11:12.38999+00,2026-06-08 16:11:37.33995+00,2026-06-08 16:11:37.445065+00,0.105115,25.055075,
42101a82-a96f-44b8-903d-69ff826bd106,unnumbered,,completed,sold,1,2026-06-08 16:11:12.398296+00,2026-06-08 16:11:37.359518+00,2026-06-08 16:11:37.465396+00,0.105878,25.067100,
288acd43-e477-4524-9923-df1ef6d7c50c,unnumbered,,completed,sold,1,2026-06-08 16:11:12.406571+00,2026-06-08 16:11:37.424394+00,2026-06-08 16:11:37.528913+00,0.104519,25.122342,
fecab225-d648-42a1-bc5d-5dacca099e91,unnumbered,,completed,sold,1,2026-06-08 16:11:12.414891+00,2026-06-08 16:11:37.450204+00,2026-06-08 16:11:37.554289+00,0.104085,25.139398,
dce423f1-bd6c-4037-bf9e-cdbca3b68c45,unnumbered,,completed,sold,1,2026-06-08 16:11:12.423348+00,2026-06-08 16:11:37.468249+00,2026-06-08 16:11:37.573796+00,0.105547,25.150448,
9120ac48-0e58-464d-87a8-b94345424ff2,unnumbered,,completed,sold,1,2026-06-08 16:11:12.431883+00,2026-06-08 16:11:37.489958+00,2026-06-08 16:11:37.595773+00,0.105815,25.163890,
5ccf22da-5b40-41c3-a41c-61050cbbbbd7,unnumbered,,completed,sold,1,2026-06-08 16:11:12.440061+00,2026-06-08 16:11:37.550053+00,2026-06-08 16:11:37.654284+00,0.104231,25.214223,
f3acb639-774f-4cbc-8cc1-c41708d11b14,unnumbered,,completed,sold,1,2026-06-08 16:11:12.448385+00,2026-06-08 16:11:37.576381+00,2026-06-08 16:11:37.680717+00,0.104336,25.232332,
a2c5a569-644c-4b41-8887-123a10ad74dc,unnumbered,,completed,sold,1,2026-06-08 16:11:12.456751+00,2026-06-08 16:11:37.601156+00,2026-06-08 16:11:37.705563+00,0.104407,25.248812,
3b835508-45f8-49a3-8e2c-adecc096500e,unnumbered,,completed,sold,1,2026-06-08 16:11:12.465214+00,2026-06-08 16:11:37.620927+00,2026-06-08 16:11:37.726515+00,0.105588,25.261301,
06829dab-2ac1-457c-b8e1-eb57b7f2a665,unnumbered,,completed,sold,1,2026-06-08 16:11:12.473409+00,2026-06-08 16:11:37.675275+00,2026-06-08 16:11:37.779828+00,0.104553,25.306419,
55d20d07-160f-4d43-9d11-1f5a3fa629c9,unnumbered,,completed,sold,1,2026-06-08 16:11:12.481628+00,2026-06-08 16:11:37.702486+00,2026-06-08 16:11:37.806762+00,0.104276,25.325134,
c99dba3e-fc22-4e6b-b233-9a9c493ff7b4,unnumbered,,completed,sold,1,2026-06-08 16:11:12.49086+00,2026-06-08 16:11:37.728255+00,2026-06-08 16:11:37.832756+00,0.104501,25.341896,
ba1a72f1-b130-4f20-82a7-384c2ec3299b,unnumbered,,completed,sold,1,2026-06-08 16:11:12.500113+00,2026-06-08 16:11:37.751129+00,2026-06-08 16:11:37.856457+00,0.105328,25.356344,
5aa9f089-3eed-4e2d-9bca-adc7e6210f3c,unnumbered,,completed,sold,1,2026-06-08 16:11:12.506594+00,2026-06-08 16:11:37.801994+00,2026-06-08 16:11:37.906537+00,0.104543,25.399943,
96f7877d-69d8-4ace-8fb9-dc388c786ecc,unnumbered,,completed,sold,1,2026-06-08 16:11:12.514903+00,2026-06-08 16:11:37.828028+00,2026-06-08 16:11:37.932001+00,0.103973,25.417098,
3081b8d4-d7e7-446f-b2b9-226f4646106d,unnumbered,,completed,sold,1,2026-06-08 16:11:12.523355+00,2026-06-08 16:11:37.855041+00,2026-06-08 16:11:37.95958+00,0.104539,25.436225,
df80fdbc-ce69-4308-a258-1144efabdef2,unnumbered,,completed,sold,1,2026-06-08 16:11:12.531715+00,2026-06-08 16:11:37.881922+00,2026-06-08 16:11:37.986988+00,0.105066,25.455273,
a7205691-7a5e-4b64-b27a-e26848c735b8,unnumbered,,completed,sold,1,2026-06-08 16:11:12.539916+00,2026-06-08 16:11:37.92754+00,2026-06-08 16:11:38.031878+00,0.104338,25.491962,
a406b5c6-3d50-44a1-86fb-ff55a8dbbff3,unnumbered,,completed,sold,1,2026-06-08 16:11:12.548378+00,2026-06-08 16:11:37.952777+00,2026-06-08 16:11:38.057286+00,0.104509,25.508908,
6f2204e4-2c96-4db5-8f7b-5dde23365532,unnumbered,,completed,sold,1,2026-06-08 16:11:12.556675+00,2026-06-08 16:11:37.981066+00,2026-06-08 16:11:38.085666+00,0.104600,25.528991,
a2373099-26ec-4806-ae51-be802dd714f2,unnumbered,,completed,sold,1,2026-06-08 16:11:12.56525+00,2026-06-08 16:11:38.011784+00,2026-06-08 16:11:38.116698+00,0.104914,25.551448,
92d251e5-2ce3-44ad-a072-e5651cf75caf,unnumbered,,completed,sold,1,2026-06-08 16:11:12.573423+00,2026-06-08 16:11:38.056554+00,2026-06-08 16:11:38.161497+00,0.104943,25.588074,
b0009bc7-a300-494b-bf66-6d8947962c39,unnumbered,,completed,sold,1,2026-06-08 16:11:12.581809+00,2026-06-08 16:11:38.079024+00,2026-06-08 16:11:38.183872+00,0.104848,25.602063,
3d313f13-4183-463a-8c11-8d7014d43585,unnumbered,,completed,sold,1,2026-06-08 16:11:12.590138+00,2026-06-08 16:11:38.111824+00,2026-06-08 16:11:38.216233+00,0.104409,25.626095,
fb090993-d169-43da-a0b4-1c511f31e3d4,unnumbered,,completed,sold,1,2026-06-08 16:11:12.598429+00,2026-06-08 16:11:38.141724+00,2026-06-08 16:11:38.246902+00,0.105178,25.648473,
bfd732a4-9b22-4138-81f8-751da0f3cc57,unnumbered,,completed,sold,1,2026-06-08 16:11:12.606912+00,2026-06-08 16:11:38.186246+00,2026-06-08 16:11:38.29122+00,0.104974,25.684308,
d3f493e6-31ea-4a35-b244-7fdeb17c90c9,unnumbered,,completed,sold,1,2026-06-08 16:11:12.614956+00,2026-06-08 16:11:38.20565+00,2026-06-08 16:11:38.310461+00,0.104811,25.695505,
7f9973ff-59e2-43d1-b04e-0723897c7c35,unnumbered,,completed,sold,1,2026-06-08 16:11:12.623284+00,2026-06-08 16:11:38.238045+00,2026-06-08 16:11:38.343877+00,0.105832,25.720593,
510a253d-f372-407a-a72e-a3727b7a2a7f,unnumbered,,completed,sold,1,2026-06-08 16:11:12.631813+00,2026-06-08 16:11:38.271869+00,2026-06-08 16:11:38.377734+00,0.105865,25.745921,
e975631b-dfdb-4c16-a64a-00eb8be4ff84,unnumbered,,completed,sold,1,2026-06-08 16:11:12.639821+00,2026-06-08 16:11:38.313692+00,2026-06-08 16:11:38.418287+00,0.104595,25.778466,
2022e100-b2a2-4143-80b7-d60eaf0fd2ae,unnumbered,,completed,sold,1,2026-06-08 16:11:12.648197+00,2026-06-08 16:11:38.331668+00,2026-06-08 16:11:38.436798+00,0.105130,25.788601,
b1b17e9f-2f48-482f-b6ba-c8a44f866a5d,unnumbered,,completed,sold,1,2026-06-08 16:11:12.656511+00,2026-06-08 16:11:38.376745+00,2026-06-08 16:11:38.481578+00,0.104833,25.825067,
3251a87d-c786-4ab5-98aa-a74f18cc1a4d,unnumbered,,completed,sold,1,2026-06-08 16:11:12.665144+00,2026-06-08 16:11:38.402542+00,2026-06-08 16:11:38.507715+00,0.105173,25.842571,
827465ef-d242-4c8e-b6d8-9e5da0cd4190,unnumbered,,completed,sold,1,2026-06-08 16:11:12.673454+00,2026-06-08 16:11:38.440146+00,2026-06-08 16:11:38.544629+00,0.104483,25.871175,
7822424c-7934-4231-a108-c914becd9b8e,unnumbered,,completed,sold,1,2026-06-08 16:11:12.681569+00,2026-06-08 16:11:38.458274+00,2026-06-08 16:11:38.563395+00,0.105121,25.881826,
1a50f2af-6ecc-4339-a1e7-d5ad4ec47f8f,unnumbered,,completed,sold,1,2026-06-08 16:11:12.690044+00,2026-06-08 16:11:38.503787+00,2026-06-08 16:11:38.608636+00,0.104849,25.918592,
1cabac04-aa50-4cc5-8d9d-746beb382414,unnumbered,,completed,sold,1,2026-06-08 16:11:12.698338+00,2026-06-08 16:11:38.532565+00,2026-06-08 16:11:38.637731+00,0.105166,25.939393,
9c66603a-2e4b-4f50-9003-4049e36f9c03,unnumbered,,completed,sold,1,2026-06-08 16:11:12.706792+00,2026-06-08 16:11:38.567048+00,2026-06-08 16:11:38.671603+00,0.104555,25.964811,
d84c1f12-a202-421d-82dc-5a302d622187,unnumbered,,completed,sold,1,2026-06-08 16:11:12.715364+00,2026-06-08 16:11:38.58483+00,2026-06-08 16:11:38.690166+00,0.105336,25.974802,
1da65c8d-f219-422e-b245-6b3956701bae,unnumbered,,completed,sold,1,2026-06-08 16:11:12.723302+00,2026-06-08 16:11:38.631717+00,2026-06-08 16:11:38.736719+00,0.105002,26.013417,
7df3ad9a-451c-43fd-84a2-f488fb0e9df8,unnumbered,,completed,sold,1,2026-06-08 16:11:12.731814+00,2026-06-08 16:11:38.663356+00,2026-06-08 16:11:38.768607+00,0.105251,26.036793,
35d2592f-7e20-46c6-93a0-11c70482bd99,unnumbered,,completed,sold,1,2026-06-08 16:11:12.740047+00,2026-06-08 16:11:38.693625+00,2026-06-08 16:11:38.798199+00,0.104574,26.058152,
7fa9561e-0beb-4cbb-9d9f-a8a433ff811b,unnumbered,,completed,sold,1,2026-06-08 16:11:12.749183+00,2026-06-08 16:11:38.7126+00,2026-06-08 16:11:38.817821+00,0.105221,26.068638,
ab1a2cb9-181d-4186-b1c0-666696ba0cab,unnumbered,,completed,sold,1,2026-06-08 16:11:12.75716+00,2026-06-08 16:11:38.760127+00,2026-06-08 16:11:38.864931+00,0.104804,26.107771,
bd6e3d5a-513a-425f-ae21-a8aa9d95a629,unnumbered,,completed,sold,1,2026-06-08 16:11:12.76492+00,2026-06-08 16:11:38.793408+00,2026-06-08 16:11:38.899566+00,0.106158,26.134646,
aab923d9-8770-4000-8857-7d4cff72e8a1,unnumbered,,completed,sold,1,2026-06-08 16:11:12.77329+00,2026-06-08 16:11:38.820674+00,2026-06-08 16:11:38.925274+00,0.104600,26.151984,
4c3f04ef-340e-48a5-8c4d-715c8e93f664,unnumbered,,completed,sold,1,2026-06-08 16:11:12.781596+00,2026-06-08 16:11:38.839491+00,2026-06-08 16:11:38.94448+00,0.104989,26.162884,
b338b953-fc1c-46cc-84b1-03f982b09478,unnumbered,,completed,sold,1,2026-06-08 16:11:12.789766+00,2026-06-08 16:11:38.887118+00,2026-06-08 16:11:38.991918+00,0.104800,26.202152,
8704c117-102e-42e9-84a7-742d1998723d,unnumbered,,completed,sold,1,2026-06-08 16:11:12.798172+00,2026-06-08 16:11:38.924434+00,2026-06-08 16:11:39.029727+00,0.105293,26.231555,
2705c42b-d6b2-4107-aedb-6e4c5973ab40,unnumbered,,completed,sold,1,2026-06-08 16:11:12.806586+00,2026-06-08 16:11:38.947858+00,2026-06-08 16:11:39.052697+00,0.104839,26.246111,
e38fb948-d3c4-4bb6-92e7-af902dac0dd3,unnumbered,,completed,sold,1,2026-06-08 16:11:12.814807+00,2026-06-08 16:11:38.965538+00,2026-06-08 16:11:39.070326+00,0.104788,26.255519,
27f0cf8b-2418-4714-b8c7-a9403add1f5f,unnumbered,,completed,sold,1,2026-06-08 16:11:12.823335+00,2026-06-08 16:11:39.015023+00,2026-06-08 16:11:39.119815+00,0.104792,26.296480,
ee29245c-33ff-43be-be05-dd256e49f51e,unnumbered,,completed,sold,1,2026-06-08 16:11:12.831739+00,2026-06-08 16:11:39.055576+00,2026-06-08 16:11:39.160672+00,0.105096,26.328933,
a83db491-193a-451b-bc9b-50b86328e96c,unnumbered,,completed,sold,1,2026-06-08 16:11:12.839958+00,2026-06-08 16:11:39.074452+00,2026-06-08 16:11:39.179392+00,0.104940,26.339434,
634e08ce-d680-4747-a003-b3c0efd3c4f0,unnumbered,,completed,sold,1,2026-06-08 16:11:12.848389+00,2026-06-08 16:11:39.0917+00,2026-06-08 16:11:39.196433+00,0.104733,26.348044,
2a8b1a78-2a0b-468b-8e68-aca8dabcf84d,unnumbered,,completed,sold,1,2026-06-08 16:11:12.856713+00,2026-06-08 16:11:39.141542+00,2026-06-08 16:11:39.246305+00,0.104763,26.389592,
18b3c473-3670-4cdd-b36f-a26bfe010bbb,unnumbered,,completed,sold,1,2026-06-08 16:11:12.865081+00,2026-06-08 16:11:39.186075+00,2026-06-08 16:11:39.291586+00,0.105511,26.426505,
fa4ae74d-4fe2-49fd-8987-71b17e3dfc7f,unnumbered,,completed,sold,1,2026-06-08 16:11:12.873329+00,2026-06-08 16:11:39.203119+00,2026-06-08 16:11:39.3077+00,0.104581,26.434371,
0f6e0201-684c-4f5e-b631-26f64303e42c,unnumbered,,completed,sold,1,2026-06-08 16:11:12.882546+00,2026-06-08 16:11:39.218293+00,2026-06-08 16:11:39.322181+00,0.103888,26.439635,
153305c6-9be9-4639-9a17-4404f8edfe3a,unnumbered,,completed,sold,1,2026-06-08 16:11:12.889829+00,2026-06-08 16:11:39.268596+00,2026-06-08 16:11:39.373611+00,0.105015,26.483782,
65dcff18-7ee6-4ccf-9e26-d58c21d41560,unnumbered,,completed,sold,1,2026-06-08 16:11:12.898297+00,2026-06-08 16:11:39.317194+00,2026-06-08 16:11:39.42242+00,0.105226,26.524123,
60e78af8-a871-41de-911c-b6534913002c,unnumbered,,completed,sold,1,2026-06-08 16:11:12.906522+00,2026-06-08 16:11:39.331687+00,2026-06-08 16:11:39.435859+00,0.104172,26.529337,
fb983241-478f-4fbf-a1be-dbe58a4f04a1,unnumbered,,completed,sold,1,2026-06-08 16:11:12.915345+00,2026-06-08 16:11:39.34327+00,2026-06-08 16:11:39.447984+00,0.104714,26.532639,
e54e1beb-4f9b-4ec6-9ef0-a3050c4384e0,unnumbered,,completed,sold,1,2026-06-08 16:11:12.923299+00,2026-06-08 16:11:39.402451+00,2026-06-08 16:11:39.50734+00,0.104889,26.584041,
99f4bfcb-cc1d-4ba2-9c0b-b2f02c489003,unnumbered,,completed,sold,1,2026-06-08 16:11:12.931898+00,2026-06-08 16:11:39.448556+00,2026-06-08 16:11:39.553974+00,0.105418,26.622076,
5bea9b23-65c5-4a1e-9a84-0d34b89fd771,unnumbered,,completed,sold,1,2026-06-08 16:11:12.939969+00,2026-06-08 16:11:39.458733+00,2026-06-08 16:11:39.563716+00,0.104983,26.623747,
5e0b2129-f3b0-4261-9008-bef7d7293264,unnumbered,,completed,sold,1,2026-06-08 16:11:12.948152+00,2026-06-08 16:11:39.469658+00,2026-06-08 16:11:39.574385+00,0.104727,26.626233,
87de44bc-633f-4f0c-b09f-fa4e0ea6ce17,unnumbered,,completed,sold,1,2026-06-08 16:11:12.956692+00,2026-06-08 16:11:39.529645+00,2026-06-08 16:11:39.634425+00,0.104780,26.677733,
54c9c713-20f3-4ee4-b0fb-b4142eb11f02,unnumbered,,completed,sold,1,2026-06-08 16:11:12.965126+00,2026-06-08 16:11:39.581765+00,2026-06-08 16:11:39.687258+00,0.105493,26.722132,
86423a2b-c967-43f6-ad4b-dd47f4eed55f,unnumbered,,completed,sold,1,2026-06-08 16:11:12.973334+00,2026-06-08 16:11:39.587465+00,2026-06-08 16:11:39.692635+00,0.105170,26.719301,
1aa7a632-5723-4e7c-8c15-72035e6b67ff,unnumbered,,completed,sold,1,2026-06-08 16:11:12.981583+00,2026-06-08 16:11:39.598415+00,2026-06-08 16:11:39.702748+00,0.104333,26.721165,
8de14f66-2b71-48df-9d23-a73d2f63d985,unnumbered,,completed,sold,1,2026-06-08 16:11:12.990022+00,2026-06-08 16:11:39.656565+00,2026-06-08 16:11:39.761509+00,0.104944,26.771487,
cddb5ec9-303a-4e49-9190-aa401cd2d4ef,unnumbered,,completed,sold,1,2026-06-08 16:11:12.998239+00,2026-06-08 16:11:39.713093+00,2026-06-08 16:11:39.818552+00,0.105459,26.820313,
bb126a69-2100-44a7-8e58-57f49baf6ad3,unnumbered,,completed,sold,1,2026-06-08 16:11:13.0066+00,2026-06-08 16:11:39.71682+00,2026-06-08 16:11:39.824154+00,0.107334,26.817554,
7eba8eba-a976-4dd0-826c-bf3d919a9aaf,unnumbered,,completed,sold,1,2026-06-08 16:11:13.01501+00,2026-06-08 16:11:39.725515+00,2026-06-08 16:11:39.831176+00,0.105661,26.816166,
47c5e0bc-e3fc-4d1a-bae9-55e617ff96d5,unnumbered,,completed,sold,1,2026-06-08 16:11:13.025235+00,2026-06-08 16:11:39.78349+00,2026-06-08 16:11:39.888254+00,0.104764,26.863019,
6d6790d9-adc7-4fd1-a012-d27798488cec,unnumbered,,completed,sold,1,2026-06-08 16:11:13.031746+00,2026-06-08 16:11:39.844952+00,2026-06-08 16:11:39.950588+00,0.105636,26.918842,
ccfbc859-4f25-48af-8562-c51aa8b50efd,unnumbered,,completed,sold,1,2026-06-08 16:11:13.040012+00,2026-06-08 16:11:39.847473+00,2026-06-08 16:11:39.95602+00,0.108547,26.916008,
845b1ff4-8090-48f8-b454-f9e5096c46e5,unnumbered,,completed,sold,1,2026-06-08 16:11:13.048434+00,2026-06-08 16:11:39.853265+00,2026-06-08 16:11:39.961979+00,0.108714,26.913545,
8df4d012-4aef-4f1d-a303-6ecede203c89,unnumbered,,completed,sold,1,2026-06-08 16:11:13.05672+00,2026-06-08 16:11:39.911303+00,2026-06-08 16:11:40.017083+00,0.105780,26.960363,
dbc9bf25-7df3-41e5-b6d3-2dfd10233676,unnumbered,,completed,sold,1,2026-06-08 16:11:13.073169+00,2026-06-08 16:11:39.979645+00,2026-06-08 16:11:40.08424+00,0.104595,27.011071,
f66b12d1-7fe2-43e6-aa2a-a6bbee550332,unnumbered,,completed,sold,1,2026-06-08 16:11:13.065125+00,2026-06-08 16:11:39.980318+00,2026-06-08 16:11:40.090212+00,0.109894,27.025087,
41a7d687-071b-48b0-b98a-fbcca9f341d5,unnumbered,,completed,sold,1,2026-06-08 16:11:13.081511+00,2026-06-08 16:11:39.983624+00,2026-06-08 16:11:40.095997+00,0.112373,27.014486,
c7517f35-453c-4f01-b46c-b7ae7be7e36e,unnumbered,,completed,sold,1,2026-06-08 16:11:13.089963+00,2026-06-08 16:11:40.044+00,2026-06-08 16:11:40.148714+00,0.104714,27.058751,
1bce8aae-2649-428e-8e49-f3a341295d26,unnumbered,,completed,sold,1,2026-06-08 16:11:13.098468+00,2026-06-08 16:11:40.107934+00,2026-06-08 16:11:40.212335+00,0.104401,27.113867,
2cfc48e9-5b0c-4a52-ba39-3ee2199830fe,unnumbered,,completed,sold,1,2026-06-08 16:11:13.10687+00,2026-06-08 16:11:40.11741+00,2026-06-08 16:11:40.223359+00,0.105949,27.116489,
18266078-652a-4f00-a476-df72c2a329a2,unnumbered,,completed,sold,1,2026-06-08 16:11:13.115089+00,2026-06-08 16:11:40.119566+00,2026-06-08 16:11:40.228932+00,0.109366,27.113843,
8ee00a19-31f7-44af-bbb5-62cdfdd1c6a5,unnumbered,,completed,sold,1,2026-06-08 16:11:13.123407+00,2026-06-08 16:11:40.170548+00,2026-06-08 16:11:40.27556+00,0.105012,27.152153,
180f864f-3ea2-4728-83dd-54776fceff8e,unnumbered,,completed,sold,1,2026-06-08 16:11:13.131804+00,2026-06-08 16:11:40.238453+00,2026-06-08 16:11:40.343142+00,0.104689,27.211338,
3b5c64d6-c717-470e-bcc7-96e5874a2f69,unnumbered,,completed,sold,1,2026-06-08 16:11:13.148218+00,2026-06-08 16:11:40.251524+00,2026-06-08 16:11:40.356312+00,0.104788,27.208094,
91169f73-c6f4-40e7-ac35-ad49ec206323,unnumbered,,completed,sold,1,2026-06-08 16:11:13.13989+00,2026-06-08 16:11:40.251468+00,2026-06-08 16:11:40.36311+00,0.111642,27.223220,
cd67888a-3974-410c-be50-447c9414c770,unnumbered,,completed,sold,1,2026-06-08 16:11:13.156699+00,2026-06-08 16:11:40.298314+00,2026-06-08 16:11:40.403287+00,0.104973,27.246588,
4babc6d8-44a1-4790-9136-687dc7b5f434,unnumbered,,completed,sold,1,2026-06-08 16:11:13.164961+00,2026-06-08 16:11:40.368078+00,2026-06-08 16:11:40.472825+00,0.104747,27.307864,
9ee8f1e2-b586-42ba-8e6d-0af4e949b058,unnumbered,,completed,sold,1,2026-06-08 16:11:13.173301+00,2026-06-08 16:11:40.379709+00,2026-06-08 16:11:40.48403+00,0.104321,27.310729,
27ac10bb-5cf8-4b95-a8c2-bf1832aef3df,unnumbered,,completed,sold,1,2026-06-08 16:11:13.181603+00,2026-06-08 16:11:40.389498+00,2026-06-08 16:11:40.496243+00,0.106745,27.314640,
5fa2d951-bb4e-46ea-a89c-35db6a253830,unnumbered,,completed,sold,1,2026-06-08 16:11:13.190019+00,2026-06-08 16:11:40.427354+00,2026-06-08 16:11:40.532045+00,0.104691,27.342026,
3c4e658f-28e9-4fc6-984f-d99a3dfd3786,unnumbered,,completed,sold,1,2026-06-08 16:11:13.198278+00,2026-06-08 16:11:40.495713+00,2026-06-08 16:11:40.600094+00,0.104381,27.401816,
7e3b0c8f-0111-4f31-9b04-5684dcb40961,unnumbered,,completed,sold,1,2026-06-08 16:11:13.206582+00,2026-06-08 16:11:40.507336+00,2026-06-08 16:11:40.61155+00,0.104214,27.404968,
3857c796-d2bb-4ee5-86dc-170a7aeef0f3,unnumbered,,completed,sold,1,2026-06-08 16:11:13.214939+00,2026-06-08 16:11:40.521598+00,2026-06-08 16:11:40.626419+00,0.104821,27.411480,
434a0054-89c4-4ac1-9ebd-8f3788661d8f,unnumbered,,completed,sold,1,2026-06-08 16:11:13.223304+00,2026-06-08 16:11:40.556095+00,2026-06-08 16:11:40.661058+00,0.104963,27.437754,
b2997e89-46a5-4990-9f0a-c87638d544e2,unnumbered,,completed,sold,1,2026-06-08 16:11:13.231736+00,2026-06-08 16:11:40.622594+00,2026-06-08 16:11:40.727703+00,0.105109,27.495967,
c1d55c00-d3d5-4ca3-b891-5f1588c6420d,unnumbered,,completed,sold,1,2026-06-08 16:11:13.240056+00,2026-06-08 16:11:40.634845+00,2026-06-08 16:11:40.740044+00,0.105199,27.499988,
03e44276-1ae1-4202-9637-5e9c81a52a6f,unnumbered,,completed,sold,1,2026-06-08 16:11:13.248413+00,2026-06-08 16:11:40.652514+00,2026-06-08 16:11:40.75913+00,0.106616,27.510717,
2d68bb97-0b29-4946-8734-9ef73271ec52,unnumbered,,completed,sold,1,2026-06-08 16:11:13.256821+00,2026-06-08 16:11:40.683297+00,2026-06-08 16:11:40.787998+00,0.104701,27.531177,
094f96a8-0de9-4259-bb06-7d19f5403fd8,unnumbered,,completed,sold,1,2026-06-08 16:11:13.265029+00,2026-06-08 16:11:40.751626+00,2026-06-08 16:11:40.856131+00,0.104505,27.591102,
cc5ffbfd-c02f-4397-b9f7-caaf5b652781,unnumbered,,completed,sold,1,2026-06-08 16:11:13.273444+00,2026-06-08 16:11:40.763705+00,2026-06-08 16:11:40.867842+00,0.104137,27.594398,
ab38403b-79dc-455f-b57a-e942bfd40fda,unnumbered,,completed,sold,1,2026-06-08 16:11:13.281603+00,2026-06-08 16:11:40.784429+00,2026-06-08 16:11:40.890124+00,0.105695,27.608521,
ceefa550-1d12-437b-9648-80916ac869e6,unnumbered,,completed,sold,1,2026-06-08 16:11:13.290016+00,2026-06-08 16:11:40.811326+00,2026-06-08 16:11:40.916085+00,0.104759,27.626069,
2c723012-ce25-49a4-a027-343465de3f2b,unnumbered,,completed,sold,1,2026-06-08 16:11:13.298366+00,2026-06-08 16:11:40.879271+00,2026-06-08 16:11:40.983659+00,0.104388,27.685293,
e70c94d5-ae25-437d-9549-345a30c75366,unnumbered,,completed,sold,1,2026-06-08 16:11:13.306473+00,2026-06-08 16:11:40.889476+00,2026-06-08 16:11:40.993454+00,0.103978,27.686981,
b72cd5bc-5ced-45af-81ff-ee3cf09febb5,unnumbered,,completed,sold,1,2026-06-08 16:11:13.315051+00,2026-06-08 16:11:40.915573+00,2026-06-08 16:11:41.020524+00,0.104951,27.705473,
f24781ff-9b5b-46df-bbc4-b2ada2cb9a98,unnumbered,,completed,sold,1,2026-06-08 16:11:13.323402+00,2026-06-08 16:11:40.942055+00,2026-06-08 16:11:41.047232+00,0.105177,27.723830,
2649fe30-1fc9-4108-9ac8-7ebbd6e72e8e,unnumbered,,completed,sold,1,2026-06-08 16:11:13.33181+00,2026-06-08 16:11:41.00549+00,2026-06-08 16:11:41.109542+00,0.104052,27.777732,
af68be12-7762-4804-b1c0-c737364f72b1,unnumbered,,completed,sold,1,2026-06-08 16:11:13.339965+00,2026-06-08 16:11:41.015336+00,2026-06-08 16:11:41.119879+00,0.104543,27.779914,
c5712b06-849f-441b-9c13-e21adcf0d2f3,unnumbered,,completed,sold,1,2026-06-08 16:11:13.348411+00,2026-06-08 16:11:41.045377+00,2026-06-08 16:11:41.15029+00,0.104913,27.801879,
9d132345-af10-4427-891f-5d93109c8e08,unnumbered,,completed,sold,1,2026-06-08 16:11:13.356948+00,2026-06-08 16:11:41.069387+00,2026-06-08 16:11:41.174456+00,0.105069,27.817508,
e3caea2c-e373-46a8-bc48-b97eee7b7348,unnumbered,,completed,sold,1,2026-06-08 16:11:13.365087+00,2026-06-08 16:11:41.132184+00,2026-06-08 16:11:41.236533+00,0.104349,27.871446,
8715e75b-5dcb-4337-9637-5c1682bde780,unnumbered,,completed,sold,1,2026-06-08 16:11:13.373346+00,2026-06-08 16:11:41.142023+00,2026-06-08 16:11:41.246491+00,0.104468,27.873145,
4e375d20-01d1-40b5-92ef-c1b42ffe5a14,unnumbered,,completed,sold,1,2026-06-08 16:11:13.381704+00,2026-06-08 16:11:41.176231+00,2026-06-08 16:11:41.281995+00,0.105764,27.900291,
8a3e7be5-6f30-4e44-8296-aedc30e6eab0,unnumbered,,completed,sold,1,2026-06-08 16:11:13.390148+00,2026-06-08 16:11:41.199888+00,2026-06-08 16:11:41.305413+00,0.105525,27.915265,
9cc84443-21b5-458b-8807-f0234862772e,unnumbered,,completed,sold,1,2026-06-08 16:11:13.39847+00,2026-06-08 16:11:41.25896+00,2026-06-08 16:11:41.363384+00,0.104424,27.964914,
310f7bb1-6c10-4eb2-8d0a-caa02989ca9b,unnumbered,,completed,sold,1,2026-06-08 16:11:13.407215+00,2026-06-08 16:11:41.268303+00,2026-06-08 16:11:41.372976+00,0.104673,27.965761,
106fcf23-9fab-40be-b006-5631049a5496,unnumbered,,completed,sold,1,2026-06-08 16:11:13.414933+00,2026-06-08 16:11:41.307916+00,2026-06-08 16:11:41.413219+00,0.105303,27.998286,
b72027d1-4b8e-41fe-a3f7-767bbfa6fa04,unnumbered,,completed,sold,1,2026-06-08 16:11:13.4233+00,2026-06-08 16:11:41.328963+00,2026-06-08 16:11:41.433962+00,0.104999,28.010662,
d873dd67-365c-4b06-a9f7-b933168a67de,unnumbered,,completed,sold,1,2026-06-08 16:11:13.431751+00,2026-06-08 16:11:41.386095+00,2026-06-08 16:11:41.490823+00,0.104728,28.059072,
ac909950-390d-4b1a-98e7-90ec148cef02,unnumbered,,completed,sold,1,2026-06-08 16:11:13.439971+00,2026-06-08 16:11:41.395522+00,2026-06-08 16:11:41.50067+00,0.105148,28.060699,
83042588-6c2d-4408-a2d3-b053206ce604,unnumbered,,completed,sold,1,2026-06-08 16:11:13.448479+00,2026-06-08 16:11:41.439595+00,2026-06-08 16:11:41.545277+00,0.105682,28.096798,
6c52b2b8-382f-4720-b18d-39ccf29ad4b0,unnumbered,,completed,sold,1,2026-06-08 16:11:13.456972+00,2026-06-08 16:11:41.456904+00,2026-06-08 16:11:41.561587+00,0.104683,28.104615,
c128e730-26a6-494c-89ae-53b4af9bd51b,unnumbered,,completed,sold,1,2026-06-08 16:11:13.465198+00,2026-06-08 16:11:41.512887+00,2026-06-08 16:11:41.617506+00,0.104619,28.152308,
09e1f314-64e9-41e5-8416-70973bf694df,unnumbered,,completed,sold,1,2026-06-08 16:11:13.473502+00,2026-06-08 16:11:41.522893+00,2026-06-08 16:11:41.627364+00,0.104471,28.153862,
7343a575-226d-435a-99f9-e4d93562a0fd,unnumbered,,completed,sold,1,2026-06-08 16:11:13.481732+00,2026-06-08 16:11:41.571692+00,2026-06-08 16:11:41.677258+00,0.105566,28.195526,
c43924a6-8239-434f-95bc-cfff97fbf693,unnumbered,,completed,sold,1,2026-06-08 16:11:13.490104+00,2026-06-08 16:11:41.584599+00,2026-06-08 16:11:41.689349+00,0.104750,28.199245,
56757df4-cf8d-429f-95c4-e9c88b2f1f36,unnumbered,,completed,sold,1,2026-06-08 16:11:13.498491+00,2026-06-08 16:11:41.640376+00,2026-06-08 16:11:41.744832+00,0.104456,28.246341,
afc4f264-02ea-433c-bd7c-701d9c282f38,unnumbered,,completed,sold,1,2026-06-08 16:11:13.507073+00,2026-06-08 16:11:41.649026+00,2026-06-08 16:11:41.753958+00,0.104932,28.246885,
74f6de13-e8ca-46b5-9379-c647a279ebf3,unnumbered,,completed,sold,1,2026-06-08 16:11:13.515343+00,2026-06-08 16:11:41.703482+00,2026-06-08 16:11:41.808869+00,0.105387,28.293526,
e4f222cc-f97c-4e51-b898-bc4a00f804cd,unnumbered,,completed,sold,1,2026-06-08 16:11:13.523836+00,2026-06-08 16:11:41.71307+00,2026-06-08 16:11:41.818363+00,0.105293,28.294527,
0464ec7e-021e-487c-8f4e-03302cc3e280,unnumbered,,completed,sold,1,2026-06-08 16:11:13.53204+00,2026-06-08 16:11:41.766894+00,2026-06-08 16:11:41.871251+00,0.104357,28.339211,
d2982a22-5a26-4f24-8672-891851a65230,unnumbered,,completed,sold,1,2026-06-08 16:11:13.540502+00,2026-06-08 16:11:41.776334+00,2026-06-08 16:11:41.881031+00,0.104697,28.340529,
20d95fa4-ecd5-4ff4-a134-f292e5e80945,unnumbered,,completed,sold,1,2026-06-08 16:11:13.550593+00,2026-06-08 16:11:41.834453+00,2026-06-08 16:11:41.940073+00,0.105620,28.389480,
c2ef1076-78d9-49f0-8161-e79dbc1732b9,unnumbered,,completed,sold,1,2026-06-08 16:11:13.556584+00,2026-06-08 16:11:41.840567+00,2026-06-08 16:11:41.945367+00,0.104800,28.388783,
6e01d1e2-a7c7-4b64-b388-25cfb1a8b2e8,unnumbered,,completed,sold,1,2026-06-08 16:11:13.56516+00,2026-06-08 16:11:41.893721+00,2026-06-08 16:11:41.998031+00,0.104310,28.432871,
1b73eade-962f-4f1c-aebc-6c2a93357572,unnumbered,,completed,sold,1,2026-06-08 16:11:13.573239+00,2026-06-08 16:11:41.90257+00,2026-06-08 16:11:42.00753+00,0.104960,28.434291,
c8a8511a-4d1a-4c67-98d9-2de21428eb17,unnumbered,,completed,sold,1,2026-06-08 16:11:13.581945+00,2026-06-08 16:11:41.965785+00,2026-06-08 16:11:42.071973+00,0.106188,28.490028,
45d2018c-db80-4c76-b3b2-79cffc15202c,unnumbered,,completed,sold,1,2026-06-08 16:11:13.590078+00,2026-06-08 16:11:41.968516+00,2026-06-08 16:11:42.078005+00,0.109489,28.487927,
1f239066-63e0-473c-825f-61fc271d48d8,unnumbered,,completed,sold,1,2026-06-08 16:11:13.59831+00,2026-06-08 16:11:42.023894+00,2026-06-08 16:11:42.12909+00,0.105196,28.530780,
aa146ad5-537f-436c-824b-03dc72dbeca0,unnumbered,,completed,sold,1,2026-06-08 16:11:13.60659+00,2026-06-08 16:11:42.029201+00,2026-06-08 16:11:42.134711+00,0.105510,28.528121,
3f9d4316-1c5b-42dd-beac-a14e4b2d30e1,unnumbered,,completed,sold,1,2026-06-08 16:11:13.61499+00,2026-06-08 16:11:42.097986+00,2026-06-08 16:11:42.203361+00,0.105375,28.588371,
0e3216bd-9d8e-4909-b789-972b2776115a,unnumbered,,completed,sold,1,2026-06-08 16:11:13.623487+00,2026-06-08 16:11:42.107948+00,2026-06-08 16:11:42.213894+00,0.105946,28.590407,
2f5562a7-2cb9-457f-be44-0f3ccdad764c,unnumbered,,completed,sold,1,2026-06-08 16:11:13.632202+00,2026-06-08 16:11:42.151482+00,2026-06-08 16:11:42.255728+00,0.104246,28.623526,
0fcc875d-b3b5-420c-a219-5c137e626445,unnumbered,,completed,sold,1,2026-06-08 16:11:13.640006+00,2026-06-08 16:11:42.158483+00,2026-06-08 16:11:42.263801+00,0.105318,28.623795,
552a9ba3-e208-4d02-8e99-6d816adceab7,unnumbered,,completed,sold,1,2026-06-08 16:11:13.648359+00,2026-06-08 16:11:42.229534+00,2026-06-08 16:11:42.335171+00,0.105637,28.686812,
c10a4540-cb22-48cd-92cd-5e077641bd15,unnumbered,,completed,sold,1,2026-06-08 16:11:13.656684+00,2026-06-08 16:11:42.23767+00,2026-06-08 16:11:42.343837+00,0.106167,28.687153,
c725748c-1d96-46c6-9047-700a8f99e535,unnumbered,,completed,sold,1,2026-06-08 16:11:13.665122+00,2026-06-08 16:11:42.277994+00,2026-06-08 16:11:42.382388+00,0.104394,28.717266,
18d82712-2972-4751-9a04-99552dbec6cd,unnumbered,,completed,sold,1,2026-06-08 16:11:13.673559+00,2026-06-08 16:11:42.285145+00,2026-06-08 16:11:42.39018+00,0.105035,28.716621,
5e3a72b0-aa94-40b6-9202-3a79ca184844,unnumbered,,completed,sold,1,2026-06-08 16:11:13.683102+00,2026-06-08 16:11:42.361156+00,2026-06-08 16:11:42.466331+00,0.105175,28.783229,
8424a3c7-d2a8-462f-b0af-f42497b4b180,unnumbered,,completed,sold,1,2026-06-08 16:11:13.690975+00,2026-06-08 16:11:42.366872+00,2026-06-08 16:11:42.471857+00,0.104985,28.780882,
6dc22cbf-c2d3-4a74-a7cf-48351a40a371,unnumbered,,completed,sold,1,2026-06-08 16:11:13.698443+00,2026-06-08 16:11:42.40412+00,2026-06-08 16:11:42.508609+00,0.104489,28.810166,
84299da5-7f8c-462c-bc83-73087d2c91f6,unnumbered,,completed,sold,1,2026-06-08 16:11:13.706784+00,2026-06-08 16:11:42.411037+00,2026-06-08 16:11:42.516394+00,0.105357,28.809610,
5c90c495-e6e8-4fda-ade7-dfb4bf01a12e,unnumbered,,completed,sold,1,2026-06-08 16:11:13.715259+00,2026-06-08 16:11:42.492145+00,2026-06-08 16:11:42.597788+00,0.105643,28.882529,
2d00d577-9216-4ac7-8277-aa586f2d1da1,unnumbered,,completed,sold,1,2026-06-08 16:11:13.723444+00,2026-06-08 16:11:42.494272+00,2026-06-08 16:11:42.60359+00,0.109318,28.880146,
125a34d9-b2d5-44d5-90a5-06664f57bc1a,unnumbered,,completed,sold,1,2026-06-08 16:11:13.731869+00,2026-06-08 16:11:42.530425+00,2026-06-08 16:11:42.634701+00,0.104276,28.902832,
d2906ba0-4383-483f-9d87-d5d246f0d1b1,unnumbered,,completed,sold,1,2026-06-08 16:11:13.739873+00,2026-06-08 16:11:42.537468+00,2026-06-08 16:11:42.643432+00,0.105964,28.903559,
006ee54d-c63b-401f-9ff2-b6d721bcaadd,unnumbered,,completed,sold,1,2026-06-08 16:11:13.74837+00,2026-06-08 16:11:42.62404+00,2026-06-08 16:11:42.729628+00,0.105588,28.981258,
287f25ad-39df-4482-85a5-d8254ec931fd,unnumbered,,completed,sold,1,2026-06-08 16:11:13.756876+00,2026-06-08 16:11:42.627035+00,2026-06-08 16:11:42.735326+00,0.108291,28.978450,
64b66bba-d9b3-4146-951b-4e4743c60a42,unnumbered,,completed,sold,1,2026-06-08 16:11:13.765177+00,2026-06-08 16:11:42.657514+00,2026-06-08 16:11:42.761626+00,0.104112,28.996449,
8a1b6cbf-fc08-4df2-8437-0dde0eac1e8a,unnumbered,,completed,sold,1,2026-06-08 16:11:13.773607+00,2026-06-08 16:11:42.664736+00,2026-06-08 16:11:42.769991+00,0.105255,28.996384,
42de17b6-251d-4903-93cd-cb6b9725f1c7,unnumbered,,completed,sold,1,2026-06-08 16:11:13.782002+00,2026-06-08 16:11:42.755565+00,2026-06-08 16:11:42.860999+00,0.105434,29.078997,
174e8c83-3993-4f62-afde-e57e8755c25e,unnumbered,,completed,sold,1,2026-06-08 16:11:13.790158+00,2026-06-08 16:11:42.759339+00,2026-06-08 16:11:42.866894+00,0.107555,29.076736,
4a120bbf-7336-434e-a2b0-c7340383e575,unnumbered,,completed,sold,1,2026-06-08 16:11:13.798356+00,2026-06-08 16:11:42.784351+00,2026-06-08 16:11:42.889251+00,0.104900,29.090895,
e2ffd95f-aa73-4136-8b94-77615467594c,unnumbered,,completed,sold,1,2026-06-08 16:11:13.806762+00,2026-06-08 16:11:42.791143+00,2026-06-08 16:11:42.89606+00,0.104917,29.089298,
b718ce2c-2df8-4d9f-a504-9cbc2d781d1c,unnumbered,,completed,sold,1,2026-06-08 16:11:13.816036+00,2026-06-08 16:11:42.888783+00,2026-06-08 16:11:42.993906+00,0.105123,29.177870,
e6c25eec-4d80-4f27-8aa5-3bf65d525841,unnumbered,,completed,sold,1,2026-06-08 16:11:13.823378+00,2026-06-08 16:11:42.895804+00,2026-06-08 16:11:43.001622+00,0.105818,29.178244,
782fe484-cef5-44cb-b6ab-ebb0e218cada,unnumbered,,completed,sold,1,2026-06-08 16:11:13.832024+00,2026-06-08 16:11:42.91421+00,2026-06-08 16:11:43.019247+00,0.105037,29.187223,
0f08bccf-9d77-41a5-9390-4bc5a9d34b06,unnumbered,,completed,sold,1,2026-06-08 16:11:13.840047+00,2026-06-08 16:11:42.918178+00,2026-06-08 16:11:43.024448+00,0.106270,29.184401,
04f98aa7-f399-42a8-9814-e1fc80fdf87d,unnumbered,,completed,sold,1,2026-06-08 16:11:13.848278+00,2026-06-08 16:11:43.024757+00,2026-06-08 16:11:43.13022+00,0.105463,29.281942,
6cc8e13f-0b98-4af3-b34b-b7d32bb80a6e,unnumbered,,completed,sold,1,2026-06-08 16:11:13.856832+00,2026-06-08 16:11:43.030633+00,2026-06-08 16:11:43.135646+00,0.105013,29.278814,
fdea6722-6830-4d2a-8cca-20de37a06aef,unnumbered,,completed,sold,1,2026-06-08 16:11:13.86506+00,2026-06-08 16:11:43.044518+00,2026-06-08 16:11:43.149744+00,0.105226,29.284684,
431d6003-7472-4ca6-a172-4334a42ac86a,unnumbered,,completed,sold,1,2026-06-08 16:11:13.873135+00,2026-06-08 16:11:43.047245+00,2026-06-08 16:11:43.154954+00,0.107709,29.281819,
d380ff8e-4b4f-41bc-80e1-df2e53862c15,unnumbered,,completed,sold,1,2026-06-08 16:11:13.881595+00,2026-06-08 16:11:43.15849+00,2026-06-08 16:11:43.264+00,0.105510,29.382405,
