request_id,mode,seat_id,status,result,attempts,enqueued_at,worker_started_at,completed_at,processing_seconds,end_to_end_seconds,error
4e3f661f-4cd2-4996-a666-4cbef3fe1a7f,numbered,88911,completed,sold,1,2026-06-08 16:13:40.550869+00,2026-06-08 16:13:40.581449+00,2026-06-08 16:13:40.687138+00,0.105689,0.136269,
e8ac2b19-32a3-4855-90fe-b0a0d3982f9a,numbered,3418,completed,sold,1,2026-06-08 16:13:40.557821+00,2026-06-08 16:13:40.585447+00,2026-06-08 16:13:40.691284+00,0.105837,0.133463,
3de8a72a-5ee3-4110-b152-07cb89998aea,numbered,3348,completed,sold,1,2026-06-08 16:13:40.565356+00,2026-06-08 16:13:40.588773+00,2026-06-08 16:13:40.695209+00,0.106436,0.129853,
979964da-ea35-4ad4-ab9c-96623040354b,numbered,4918,completed,sold,1,2026-06-08 16:13:40.573769+00,2026-06-08 16:13:40.598511+00,2026-06-08 16:13:40.704031+00,0.105520,0.130262,
04c2daaf-bb91-4dab-b298-cdac60faf1d2,numbered,2571,completed,sold,1,2026-06-08 16:13:40.591218+00,2026-06-08 16:13:40.718757+00,2026-06-08 16:13:40.824265+00,0.105508,0.233047,
e9960de8-3460-43bf-aad8-92c8d2339827,numbered,3369,completed,sold,1,2026-06-08 16:13:40.582049+00,2026-06-08 16:13:40.718269+00,2026-06-08 16:13:40.825119+00,0.106850,0.243070,
ed8e00dd-055e-494d-b551-2fba4c4cb158,numbered,2088,completed,sold,1,2026-06-08 16:13:40.599432+00,2026-06-08 16:13:40.721617+00,2026-06-08 16:13:40.827697+00,0.106080,0.228265,
ab1c66ea-47ec-4967-8696-1ab451456d22,numbered,1507,completed,sold,1,2026-06-08 16:13:40.606885+00,2026-06-08 16:13:40.729369+00,2026-06-08 16:13:40.83738+00,0.108011,0.230495,
091b0cd2-96cc-45f8-91c1-d5c6653ef11e,numbered,3540,completed,sold,1,2026-06-08 16:13:40.615367+00,2026-06-08 16:13:40.8531+00,2026-06-08 16:13:40.958645+00,0.105545,0.343278,
c452cdb9-07df-464f-9b74-9f1143de1a5c,numbered,2233,completed,sold,1,2026-06-08 16:13:40.623657+00,2026-06-08 16:13:40.855669+00,2026-06-08 16:13:40.961517+00,0.105848,0.337860,
f8785480-38b0-464d-88af-b6f01856c0f6,numbered,4216,completed,sold,1,2026-06-08 16:13:40.632007+00,2026-06-08 16:13:40.856295+00,2026-06-08 16:13:40.962288+00,0.105993,0.330281,
5e368740-919b-451e-a8c5-48bcedd2f734,numbered,443,completed,sold,1,2026-06-08 16:13:40.640148+00,2026-06-08 16:13:40.862394+00,2026-06-08 16:13:40.970721+00,0.108327,0.330573,
36711e21-0744-4c2e-b8f3-01bf07b3e05b,numbered,79891,completed,sold,1,2026-06-08 16:13:40.648551+00,2026-06-08 16:13:40.991788+00,2026-06-08 16:13:41.097295+00,0.105507,0.448744,
8e8723a0-70e4-407e-b61d-49ab6831cf30,numbered,2304,completed,sold,1,2026-06-08 16:13:40.665184+00,2026-06-08 16:13:40.992392+00,2026-06-08 16:13:41.099752+00,0.107360,0.434568,
eac4d807-660f-4d41-bf4e-42c0fe6af15c,numbered,98079,completed,sold,1,2026-06-08 16:13:40.65727+00,2026-06-08 16:13:40.994161+00,2026-06-08 16:13:41.100986+00,0.106825,0.443716,
61e1870c-fa5e-4a13-84af-3ff106e0cdcd,numbered,17388,completed,sold,1,2026-06-08 16:13:40.673478+00,2026-06-08 16:13:40.996697+00,2026-06-08 16:13:41.102118+00,0.105421,0.428640,
a070d517-4a67-44b6-8798-3bd20b2b3360,numbered,4203,completed,sold,1,2026-06-08 16:13:40.690207+00,2026-06-08 16:13:41.127409+00,2026-06-08 16:13:41.232219+00,0.104810,0.542012,
3c8564d1-7cb7-43b0-baa2-582f6e3e28f1,numbered,74689,completed,sold,1,2026-06-08 16:13:40.682152+00,2026-06-08 16:13:41.129824+00,2026-06-08 16:13:41.235159+00,0.105335,0.553007,
c11674f8-b948-4d5b-a825-a6699bc3d8a5,numbered,1688,completed,sold,1,2026-06-08 16:13:40.707019+00,2026-06-08 16:13:41.133534+00,2026-06-08 16:13:41.23914+00,0.105606,0.532121,
243df16a-aa74-402a-9326-1beb4f4087ab,numbered,95189,completed,sold,1,2026-06-08 16:13:40.698978+00,2026-06-08 16:13:41.138465+00,2026-06-08 16:13:41.245238+00,0.106773,0.546260,
d43daf5b-911d-44fc-9f54-d2890cdf43ff,numbered,3899,completed,sold,1,2026-06-08 16:13:40.715124+00,2026-06-08 16:13:41.266118+00,2026-06-08 16:13:41.371397+00,0.105279,0.656273,
d6b93033-b4a8-4a5c-9b57-163f98cca029,numbered,4577,completed,sold,1,2026-06-08 16:13:40.723541+00,2026-06-08 16:13:41.265551+00,2026-06-08 16:13:41.371406+00,0.105855,0.647865,
25399787-d0c6-4de7-b686-d9ac6f0a8dfc,numbered,3242,completed,sold,1,2026-06-08 16:13:40.731897+00,2026-06-08 16:13:41.27128+00,2026-06-08 16:13:41.376329+00,0.105049,0.644432,
beae5f29-178f-4d7a-8076-b0490b6ef754,numbered,47471,completed,sold,1,2026-06-08 16:13:40.741043+00,2026-06-08 16:13:41.271896+00,2026-06-08 16:13:41.381334+00,0.109438,0.640291,
b7642741-635e-4cff-b500-7108f99fced6,numbered,2422,completed,sold,1,2026-06-08 16:13:40.748538+00,2026-06-08 16:13:41.402866+00,2026-06-08 16:13:41.507776+00,0.104910,0.759238,
8e250dfe-d3b0-411c-8a15-4c33c240219f,numbered,133,completed,sold,1,2026-06-08 16:13:40.765111+00,2026-06-08 16:13:41.405219+00,2026-06-08 16:13:41.510647+00,0.105428,0.745536,
3950252c-ed6c-4ff8-b463-ae66beaa30a7,numbered,4533,completed,sold,1,2026-06-08 16:13:40.757449+00,2026-06-08 16:13:41.406318+00,2026-06-08 16:13:41.511682+00,0.105364,0.754233,
f354e979-b88d-470f-8056-c0786474c8c3,numbered,3644,completed,sold,1,2026-06-08 16:13:40.775223+00,2026-06-08 16:13:41.41315+00,2026-06-08 16:13:41.523394+00,0.110244,0.748171,
30fca50e-7614-493d-8cf8-9f2ea25e3cc1,numbered,1615,completed,sold,1,2026-06-08 16:13:40.791154+00,2026-06-08 16:13:41.539995+00,2026-06-08 16:13:41.645027+00,0.105032,0.853873,
34b27284-d777-4229-a6f6-7106e9bf6816,numbered,2165,completed,sold,1,2026-06-08 16:13:40.784467+00,2026-06-08 16:13:41.540611+00,2026-06-08 16:13:41.646781+00,0.106170,0.862314,
ada02fda-4fd6-4d2e-bf70-24875fcc5c0b,numbered,1561,completed,sold,1,2026-06-08 16:13:40.798596+00,2026-06-08 16:13:41.542387+00,2026-06-08 16:13:41.647936+00,0.105549,0.849340,
e534d126-b059-490f-bc78-6dcb15090d10,numbered,1575,completed,sold,1,2026-06-08 16:13:40.807021+00,2026-06-08 16:13:41.551376+00,2026-06-08 16:13:41.658045+00,0.106669,0.851024,
13e4ed1b-60b5-4e0b-bd38-5c31e4ecbf26,numbered,1598,completed,sold,1,2026-06-08 16:13:40.815195+00,2026-06-08 16:13:41.67481+00,2026-06-08 16:13:41.780131+00,0.105321,0.964936,
ff76b52a-e378-4a1c-9789-628df478d51e,numbered,65610,completed,sold,1,2026-06-08 16:13:40.824908+00,2026-06-08 16:13:41.674938+00,2026-06-08 16:13:41.780131+00,0.105193,0.955223,
2c386914-399e-42ef-8415-88699c3474e4,numbered,1973,completed,sold,1,2026-06-08 16:13:40.838582+00,2026-06-08 16:13:41.681389+00,2026-06-08 16:13:41.788735+00,0.107346,0.950153,
7e440871-e084-4dd2-ac3c-9d84a1c06f22,numbered,358,completed,sold,1,2026-06-08 16:13:40.843553+00,2026-06-08 16:13:41.688374+00,2026-06-08 16:13:41.79469+00,0.106316,0.951137,
093af551-54c0-4c30-b273-c0ecc17391a9,numbered,391,completed,sold,1,2026-06-08 16:13:40.848189+00,2026-06-08 16:13:41.809344+00,2026-06-08 16:13:41.913766+00,0.104422,1.065577,
2a96bc4a-2e9c-4069-8d81-d31ba898cc7e,numbered,98576,completed,sold,1,2026-06-08 16:13:40.86499+00,2026-06-08 16:13:41.815729+00,2026-06-08 16:13:41.921827+00,0.106098,1.056837,
6f85628c-dcd4-443e-b04a-814c6fcabf91,numbered,3777,completed,sold,1,2026-06-08 16:13:40.856625+00,2026-06-08 16:13:41.815034+00,2026-06-08 16:13:41.924545+00,0.109511,1.067920,
ecfd9b6d-7bc9-4dd6-8a96-161f64bc8ad6,numbered,4983,completed,sold,1,2026-06-08 16:13:40.873619+00,2026-06-08 16:13:41.824431+00,2026-06-08 16:13:41.930426+00,0.105995,1.056807,
0363b009-9a81-4c43-b371-2af84e60fffe,numbered,2032,completed,sold,1,2026-06-08 16:13:40.882015+00,2026-06-08 16:13:41.941971+00,2026-06-08 16:13:42.046357+00,0.104386,1.164342,
de26e1d8-b140-4608-97af-35d4cbc70988,numbered,24240,completed,sold,1,2026-06-08 16:13:40.890045+00,2026-06-08 16:13:41.949199+00,2026-06-08 16:13:42.055287+00,0.106088,1.165242,
c6513703-4190-4e14-99ce-89411a7dfd18,numbered,2812,completed,sold,1,2026-06-08 16:13:40.898464+00,2026-06-08 16:13:41.954428+00,2026-06-08 16:13:42.060731+00,0.106303,1.162267,
20d5dca2-49a8-4227-ab90-4606997afabb,numbered,3410,completed,sold,1,2026-06-08 16:13:40.907009+00,2026-06-08 16:13:41.957716+00,2026-06-08 16:13:42.064413+00,0.106697,1.157404,
af270663-43a5-4409-ba4f-0209c44e6255,numbered,731,completed,sold,1,2026-06-08 16:13:40.91525+00,2026-06-08 16:13:42.075868+00,2026-06-08 16:13:42.180297+00,0.104429,1.265047,
d1e6bedd-35d4-4c50-9e6e-81b7c4e58fc3,numbered,80157,completed,sold,1,2026-06-08 16:13:40.932132+00,2026-06-08 16:13:42.090175+00,2026-06-08 16:13:42.195435+00,0.105260,1.263303,
8ce7d173-e36d-44ce-a56b-001ffc972c9a,numbered,4006,completed,sold,1,2026-06-08 16:13:40.923672+00,2026-06-08 16:13:42.089656+00,2026-06-08 16:13:42.196176+00,0.106520,1.272504,
a3beadcb-68fe-4e78-86cd-e3579bbf36e7,numbered,1941,completed,sold,1,2026-06-08 16:13:40.940335+00,2026-06-08 16:13:42.094038+00,2026-06-08 16:13:42.20308+00,0.109042,1.262745,
ae6754dc-b3ac-476b-965d-1e98514080aa,numbered,86103,completed,sold,1,2026-06-08 16:13:40.948553+00,2026-06-08 16:13:42.210547+00,2026-06-08 16:13:42.315437+00,0.104890,1.366884,
60da36c9-197c-4a9b-b0a0-a0bcbf421cdb,numbered,1464,completed,sold,1,2026-06-08 16:13:40.957421+00,2026-06-08 16:13:42.224953+00,2026-06-08 16:13:42.329171+00,0.104218,1.371750,
63b38e47-fb7c-45e8-9c88-d909f065b140,numbered,82116,completed,sold,1,2026-06-08 16:13:40.971396+00,2026-06-08 16:13:42.230015+00,2026-06-08 16:13:42.335704+00,0.105689,1.364308,
e49b31b7-f89c-4131-b6d6-bd577f90b00c,numbered,4767,completed,sold,1,2026-06-08 16:13:40.977328+00,2026-06-08 16:13:42.231096+00,2026-06-08 16:13:42.337638+00,0.106542,1.360310,
ee4dc37f-7e0d-441d-84c3-f0bde62519f2,numbered,4007,completed,sold,1,2026-06-08 16:13:40.982962+00,2026-06-08 16:13:42.346406+00,2026-06-08 16:13:42.45136+00,0.104954,1.468398,
7e4c482a-9333-48e1-8307-5f53c554cb03,numbered,4466,completed,sold,1,2026-06-08 16:13:40.989979+00,2026-06-08 16:13:42.357108+00,2026-06-08 16:13:42.461733+00,0.104625,1.471754,
42a35f69-7bf6-462a-bcbc-2c343ff46bc8,numbered,3244,completed,sold,1,2026-06-08 16:13:40.9984+00,2026-06-08 16:13:42.363021+00,2026-06-08 16:13:42.468331+00,0.105310,1.469931,
ea834d0a-6c3c-41de-a1b9-f6df136d1a33,numbered,1194,completed,sold,1,2026-06-08 16:13:41.007041+00,2026-06-08 16:13:42.36581+00,2026-06-08 16:13:42.474434+00,0.108624,1.467393,
43b81415-61b1-4ccf-9d91-ac9b37fa6b5d,numbered,4386,completed,sold,1,2026-06-08 16:13:41.014977+00,2026-06-08 16:13:42.483796+00,2026-06-08 16:13:42.588899+00,0.105103,1.573922,
82dbe078-61bc-45e6-b1dd-a271e172e871,numbered,1008,completed,sold,1,2026-06-08 16:13:41.023505+00,2026-06-08 16:13:42.491299+00,2026-06-08 16:13:42.597503+00,0.106204,1.573998,
eda6fb68-78f6-49a3-a211-c3106c7cb8cf,numbered,1067,completed,sold,1,2026-06-08 16:13:41.031792+00,2026-06-08 16:13:42.495455+00,2026-06-08 16:13:42.600503+00,0.105048,1.568711,
d7946f36-0641-400b-ad1e-bba51c81ae71,numbered,1587,completed,sold,1,2026-06-08 16:13:41.040287+00,2026-06-08 16:13:42.504659+00,2026-06-08 16:13:42.611019+00,0.106360,1.570732,
42dc47c1-cefa-42c8-8748-80e855134e46,numbered,4221,completed,sold,1,2026-06-08 16:13:41.048589+00,2026-06-08 16:13:42.618386+00,2026-06-08 16:13:42.722985+00,0.104599,1.674396,
b62c2245-0426-4405-b5d6-68b7603a795e,numbered,1564,completed,sold,1,2026-06-08 16:13:41.056862+00,2026-06-08 16:13:42.63086+00,2026-06-08 16:13:42.735872+00,0.105012,1.679010,
f64eddfd-5b22-42a0-9fec-5f1dabb550fa,numbered,2788,completed,sold,1,2026-06-08 16:13:41.065126+00,2026-06-08 16:13:42.631547+00,2026-06-08 16:13:42.736633+00,0.105086,1.671507,
cc5290ca-cafc-4a48-88ff-68efad720e1e,numbered,4226,completed,sold,1,2026-06-08 16:13:41.073414+00,2026-06-08 16:13:42.638432+00,2026-06-08 16:13:42.747787+00,0.109355,1.674373,
dfefed05-d33e-4d16-8a8f-9c2f20f28e59,numbered,4661,completed,sold,1,2026-06-08 16:13:41.081814+00,2026-06-08 16:13:42.74915+00,2026-06-08 16:13:42.853604+00,0.104454,1.771790,
872c61cc-25e8-4b98-a93f-e47cf0676b22,numbered,71746,completed,sold,1,2026-06-08 16:13:41.090075+00,2026-06-08 16:13:42.765446+00,2026-06-08 16:13:42.870281+00,0.104835,1.780206,
d4aa0bef-87db-4400-8fce-9227ef52c0af,numbered,4798,completed,sold,1,2026-06-08 16:13:41.100666+00,2026-06-08 16:13:42.76751+00,2026-06-08 16:13:42.872898+00,0.105388,1.772232,
2a3048d3-3ba4-4ed9-890e-f42927df376b,numbered,97108,completed,sold,1,2026-06-08 16:13:41.111928+00,2026-06-08 16:13:42.775696+00,2026-06-08 16:13:42.882695+00,0.106999,1.770767,
65e003f6-fd7f-4f70-98b3-5ac4fe5d6370,numbered,81538,completed,sold,1,2026-06-08 16:13:41.116835+00,2026-06-08 16:13:42.8833+00,2026-06-08 16:13:42.987937+00,0.104637,1.871102,
ac606b39-5f7e-4731-b2d2-b8ba38735e59,numbered,372,completed,sold,1,2026-06-08 16:13:41.125016+00,2026-06-08 16:13:42.899545+00,2026-06-08 16:13:43.004462+00,0.104917,1.879446,
1386a3ac-6d96-46da-9cbb-dfe4ccbdad9b,numbered,3407,completed,sold,1,2026-06-08 16:13:41.131912+00,2026-06-08 16:13:42.901258+00,2026-06-08 16:13:43.008529+00,0.107271,1.876617,
61cc3741-9645-4710-ba68-1e5409e3f1ca,numbered,4378,completed,sold,1,2026-06-08 16:13:41.140174+00,2026-06-08 16:13:42.909378+00,2026-06-08 16:13:43.017389+00,0.108011,1.877215,
cd5eb68e-7976-4396-8b2e-953068a0d3ca,numbered,555,completed,sold,1,2026-06-08 16:13:41.148387+00,2026-06-08 16:13:43.016968+00,2026-06-08 16:13:43.121382+00,0.104414,1.972995,
e8b9abfc-c63c-45ee-af2f-c8652672eec6,numbered,33330,completed,sold,1,2026-06-08 16:13:41.156711+00,2026-06-08 16:13:43.033198+00,2026-06-08 16:13:43.138059+00,0.104861,1.981348,
1bdf749a-dda8-4d15-8119-1aa20081312e,numbered,3279,completed,sold,1,2026-06-08 16:13:41.165022+00,2026-06-08 16:13:43.03519+00,2026-06-08 16:13:43.140442+00,0.105252,1.975420,
80e1685b-1cde-4d56-8b1a-dd978faa153e,numbered,97921,completed,sold,1,2026-06-08 16:13:41.173442+00,2026-06-08 16:13:43.042933+00,2026-06-08 16:13:43.150048+00,0.107115,1.976606,
412cb119-8ee2-41f0-b447-7b85d7c08ac0,numbered,415,completed,sold,1,2026-06-08 16:13:41.181771+00,2026-06-08 16:13:43.151113+00,2026-06-08 16:13:43.255541+00,0.104428,2.073770,
4ec61550-be8a-41df-9d53-3a13e83b9d6d,numbered,4709,completed,sold,1,2026-06-08 16:13:41.190114+00,2026-06-08 16:13:43.168044+00,2026-06-08 16:13:43.273395+00,0.105351,2.083281,
a02cb4ee-f008-4cbf-aca5-789ca271ce87,numbered,1057,completed,sold,1,2026-06-08 16:13:41.198606+00,2026-06-08 16:13:43.169027+00,2026-06-08 16:13:43.276365+00,0.107338,2.077759,
dc8a54a7-9e72-41d8-a28d-1150b870c5d8,numbered,2623,completed,sold,1,2026-06-08 16:13:41.206765+00,2026-06-08 16:13:43.175119+00,2026-06-08 16:13:43.281047+00,0.105928,2.074282,
6ddf022f-4bd3-4300-9049-adb013b80ac1,numbered,301,completed,sold,1,2026-06-08 16:13:41.215129+00,2026-06-08 16:13:43.283654+00,2026-06-08 16:13:43.387962+00,0.104308,2.172833,
fc1bbb18-e7d0-4032-a934-91a21fa3a536,numbered,2681,completed,sold,1,2026-06-08 16:13:41.223591+00,2026-06-08 16:13:43.307915+00,2026-06-08 16:13:43.414268+00,0.106353,2.190677,
3c23a337-b987-43cf-ba25-991858eb7a23,numbered,2450,completed,sold,1,2026-06-08 16:13:41.231867+00,2026-06-08 16:13:43.308629+00,2026-06-08 16:13:43.414847+00,0.106218,2.182980,
a979f194-a44e-43f2-ab84-863b4703223c,numbered,80693,completed,sold,1,2026-06-08 16:13:41.240219+00,2026-06-08 16:13:43.308553+00,2026-06-08 16:13:43.415509+00,0.106956,2.175290,
4476a6be-127b-407f-b548-04f6feffe01c,numbered,3910,completed,sold,1,2026-06-08 16:13:41.248593+00,2026-06-08 16:13:43.409563+00,2026-06-08 16:13:43.514139+00,0.104576,2.265546,
9054e7ea-bf56-454e-8ead-89d3122524ee,numbered,4786,completed,sold,1,2026-06-08 16:13:41.256664+00,2026-06-08 16:13:43.438583+00,2026-06-08 16:13:43.542799+00,0.104216,2.286135,
3527fe51-1ab5-466c-bd2c-44e42b9c300a,numbered,3269,completed,sold,1,2026-06-08 16:13:41.265047+00,2026-06-08 16:13:43.447086+00,2026-06-08 16:13:43.552576+00,0.105490,2.287529,
2c10500b-f7a2-48fd-9dc2-71921e47ee3d,numbered,1728,completed,sold,1,2026-06-08 16:13:41.273243+00,2026-06-08 16:13:43.447487+00,2026-06-08 16:13:43.553391+00,0.105904,2.280148,
9ff59254-ead2-4ffc-aed8-d893fe288699,numbered,4681,completed,sold,1,2026-06-08 16:13:41.281967+00,2026-06-08 16:13:43.537571+00,2026-06-08 16:13:43.642231+00,0.104660,2.360264,
bfb053e8-1736-4d11-811a-1061916435c9,numbered,2638,completed,sold,1,2026-06-08 16:13:41.290079+00,2026-06-08 16:13:43.567507+00,2026-06-08 16:13:43.671798+00,0.104291,2.381719,
8936f89c-7e6a-4a36-98fe-4d210f3b265b,numbered,1782,completed,sold,1,2026-06-08 16:13:41.298607+00,2026-06-08 16:13:43.580184+00,2026-06-08 16:13:43.685376+00,0.105192,2.386769,
86928d48-72dc-48b7-b342-6f545d54d5d0,numbered,1419,completed,sold,1,2026-06-08 16:13:41.306918+00,2026-06-08 16:13:43.580819+00,2026-06-08 16:13:43.686228+00,0.105409,2.379310,
6a962ee4-ccc4-4869-a817-7b22c54e1fc9,numbered,3575,completed,sold,1,2026-06-08 16:13:41.315188+00,2026-06-08 16:13:43.664015+00,2026-06-08 16:13:43.76863+00,0.104615,2.453442,
2acf0bc0-1a4b-4b75-8d3d-a97f5d7510eb,numbered,2471,completed,sold,1,2026-06-08 16:13:41.323536+00,2026-06-08 16:13:43.698977+00,2026-06-08 16:13:43.803601+00,0.104624,2.480065,
6680817f-bcb4-4722-a9f5-9b8bbcf762e1,numbered,2129,completed,sold,1,2026-06-08 16:13:41.331792+00,2026-06-08 16:13:43.713828+00,2026-06-08 16:13:43.819255+00,0.105427,2.487463,
cdaa0807-5c7a-49b6-8bcc-5422f053f412,numbered,3376,completed,sold,1,2026-06-08 16:13:41.340169+00,2026-06-08 16:13:43.715697+00,2026-06-08 16:13:43.821919+00,0.106222,2.481750,
ebf47f4b-a338-49fa-a14d-b068fd028736,numbered,4894,completed,sold,1,2026-06-08 16:13:41.348421+00,2026-06-08 16:13:43.789818+00,2026-06-08 16:13:43.894133+00,0.104315,2.545712,
406576b7-5191-4f0d-a8bb-00be6c58f3cb,numbered,3396,completed,sold,1,2026-06-08 16:13:41.356685+00,2026-06-08 16:13:43.831879+00,2026-06-08 16:13:43.936312+00,0.104433,2.579627,
45b1159b-a69f-41ef-bdf8-4a95bdede70a,numbered,2180,completed,sold,1,2026-06-08 16:13:41.365124+00,2026-06-08 16:13:43.846537+00,2026-06-08 16:13:43.953341+00,0.106804,2.588217,
14ac0917-f4e4-408a-9252-f11c1721f23b,numbered,69324,completed,sold,1,2026-06-08 16:13:41.374035+00,2026-06-08 16:13:43.848956+00,2026-06-08 16:13:43.954739+00,0.105783,2.580704,
8531546f-811e-4974-a9b0-f562f3164884,numbered,40677,completed,sold,1,2026-06-08 16:13:41.384+00,2026-06-08 16:13:43.915316+00,2026-06-08 16:13:44.019853+00,0.104537,2.635853,
ebc7b954-4d03-433c-bb7a-88d7d8fcd212,numbered,186,completed,sold,1,2026-06-08 16:13:41.39011+00,2026-06-08 16:13:43.960936+00,2026-06-08 16:13:44.065477+00,0.104541,2.675367,
9c133ebb-ac87-4fca-b1d6-ececff808240,numbered,19702,completed,sold,1,2026-06-08 16:13:41.398533+00,2026-06-08 16:13:43.980482+00,2026-06-08 16:13:44.085911+00,0.105429,2.687378,
36a0df52-4509-4e69-ba80-4b05a7af5777,numbered,4105,completed,sold,1,2026-06-08 16:13:41.406762+00,2026-06-08 16:13:43.982644+00,2026-06-08 16:13:44.090019+00,0.107375,2.683257,
9e8c65ab-3592-4ca0-a327-3eee63c0bc13,numbered,569,completed,sold,1,2026-06-08 16:13:41.414934+00,2026-06-08 16:13:44.041676+00,2026-06-08 16:13:44.146182+00,0.104506,2.731248,
4fe576cd-e4bd-4e30-8a49-109744443cff,numbered,3762,completed,sold,1,2026-06-08 16:13:41.423494+00,2026-06-08 16:13:44.091993+00,2026-06-08 16:13:44.196709+00,0.104716,2.773215,
a06e5c1a-036f-4244-8954-d22107a0f364,numbered,25990,completed,sold,1,2026-06-08 16:13:41.431735+00,2026-06-08 16:13:44.113723+00,2026-06-08 16:13:44.21931+00,0.105587,2.787575,
b4fda6f2-ad65-4428-8910-1b073a441ee4,numbered,1848,completed,sold,1,2026-06-08 16:13:41.440218+00,2026-06-08 16:13:44.115951+00,2026-06-08 16:13:44.222143+00,0.106192,2.781925,
8b949ae7-478b-42f1-920e-a6b1d910f20a,numbered,2117,completed,sold,1,2026-06-08 16:13:41.448545+00,2026-06-08 16:13:44.167126+00,2026-06-08 16:13:44.271625+00,0.104499,2.823080,
a7e7ba2b-3ad4-4e1f-9f96-90342cbd37e3,numbered,58970,completed,sold,1,2026-06-08 16:13:41.456812+00,2026-06-08 16:13:44.220109+00,2026-06-08 16:13:44.324975+00,0.104866,2.868163,
0c9b4517-79bb-4bc8-9dde-bdb998764c3b,numbered,4312,completed,sold,1,2026-06-08 16:13:41.465092+00,2026-06-08 16:13:44.242431+00,2026-06-08 16:13:44.347475+00,0.105044,2.882383,
9a6a3e24-0a6b-40b2-805b-26f1a8e82c6a,numbered,970,completed,sold,1,2026-06-08 16:13:41.473411+00,2026-06-08 16:13:44.247993+00,2026-06-08 16:13:44.353691+00,0.105698,2.880280,
da2e7f17-a3e2-437b-8c87-7a7d4669939c,numbered,1779,completed,sold,1,2026-06-08 16:13:41.481784+00,2026-06-08 16:13:44.292966+00,2026-06-08 16:13:44.398122+00,0.105156,2.916338,
3c7a480c-4033-4a99-9f53-a1f7cad74444,numbered,910,completed,sold,1,2026-06-08 16:13:41.490415+00,2026-06-08 16:13:44.346269+00,2026-06-08 16:13:44.450798+00,0.104529,2.960383,
2690ff9d-0079-4d70-a2d2-91d1610696f4,numbered,4911,completed,sold,1,2026-06-08 16:13:41.49856+00,2026-06-08 16:13:44.371561+00,2026-06-08 16:13:44.476095+00,0.104534,2.977535,
aba5b0b6-f7fa-4e30-8bfd-5d874127394b,numbered,1774,completed,sold,1,2026-06-08 16:13:41.507119+00,2026-06-08 16:13:44.380224+00,2026-06-08 16:13:44.486134+00,0.105910,2.979015,
7651c40b-523b-4bba-abfa-7adb89792065,numbered,946,completed,sold,1,2026-06-08 16:13:41.520899+00,2026-06-08 16:13:44.420999+00,2026-06-08 16:13:44.52565+00,0.104651,3.004751,
46bbd620-9bbe-4913-9396-d6906b7b163e,numbered,3272,completed,sold,1,2026-06-08 16:13:41.525788+00,2026-06-08 16:13:44.472134+00,2026-06-08 16:13:44.576935+00,0.104801,3.051147,
72fc6b82-792b-4c61-b236-4c1772dd2da0,numbered,1421,completed,sold,1,2026-06-08 16:13:41.531785+00,2026-06-08 16:13:44.499661+00,2026-06-08 16:13:44.604269+00,0.104608,3.072484,
1802916e-ccb9-4706-aa2a-9bd303f635b7,numbered,3016,completed,sold,1,2026-06-08 16:13:41.540185+00,2026-06-08 16:13:44.514015+00,2026-06-08 16:13:44.619763+00,0.105748,3.079578,
61fabbad-2d87-4831-9ddd-185f48dd3616,numbered,4481,completed,sold,1,2026-06-08 16:13:41.548387+00,2026-06-08 16:13:44.547507+00,2026-06-08 16:13:44.651849+00,0.104342,3.103462,
d0337fc0-2323-404f-bc03-f06fa26a6176,numbered,4512,completed,sold,1,2026-06-08 16:13:41.556772+00,2026-06-08 16:13:44.598614+00,2026-06-08 16:13:44.702901+00,0.104287,3.146129,
39cf97ef-e083-4b36-99ef-10419d7c93a2,numbered,557,completed,sold,1,2026-06-08 16:13:41.564971+00,2026-06-08 16:13:44.631447+00,2026-06-08 16:13:44.73621+00,0.104763,3.171239,
7dfc6735-744e-416c-b5bc-27516e9e53d7,numbered,16853,completed,sold,1,2026-06-08 16:13:41.573323+00,2026-06-08 16:13:44.647029+00,2026-06-08 16:13:44.753116+00,0.106087,3.179793,
fc5108fa-557d-4c57-9a54-bde8675c652d,numbered,4735,completed,sold,1,2026-06-08 16:13:41.581714+00,2026-06-08 16:13:44.673461+00,2026-06-08 16:13:44.778647+00,0.105186,3.196933,
5020b969-731a-4eff-9441-1aedf2a8d7c6,numbered,2200,completed,sold,1,2026-06-08 16:13:41.590096+00,2026-06-08 16:13:44.724045+00,2026-06-08 16:13:44.828546+00,0.104501,3.238450,
e0529d79-2712-4566-b323-568e6ad78247,numbered,1390,completed,sold,1,2026-06-08 16:13:41.598557+00,2026-06-08 16:13:44.760752+00,2026-06-08 16:13:44.865687+00,0.104935,3.267130,
cdefe3b1-36e3-4cac-aaf7-03b8b764dbce,numbered,10647,completed,sold,1,2026-06-08 16:13:41.606889+00,2026-06-08 16:13:44.782226+00,2026-06-08 16:13:44.888479+00,0.106253,3.281590,
5bb5cb39-12cc-45e8-8414-20529c6feb68,numbered,24954,completed,sold,1,2026-06-08 16:13:41.61512+00,2026-06-08 16:13:44.800497+00,2026-06-08 16:13:44.905709+00,0.105212,3.290589,
a81d4ad4-a8e4-4bd6-bb50-6e03a87307d9,numbered,2427,completed,sold,1,2026-06-08 16:13:41.623545+00,2026-06-08 16:13:44.850332+00,2026-06-08 16:13:44.954992+00,0.104660,3.331447,
992f0d84-7600-415c-b8a1-9efde9be90b8,numbered,4048,completed,sold,1,2026-06-08 16:13:41.631869+00,2026-06-08 16:13:44.889715+00,2026-06-08 16:13:44.994546+00,0.104831,3.362677,
7b30cdcb-ce25-4f68-8fda-ad3d7478e357,numbered,255,completed,sold,1,2026-06-08 16:13:41.64024+00,2026-06-08 16:13:44.915828+00,2026-06-08 16:13:45.021975+00,0.106147,3.381735,
e393d031-7243-402b-a3d2-091673258e35,numbered,4634,completed,sold,1,2026-06-08 16:13:41.64836+00,2026-06-08 16:13:44.929787+00,2026-06-08 16:13:45.035093+00,0.105306,3.386733,
dce656f6-8299-47e6-be71-b166d1835a09,numbered,4928,completed,sold,1,2026-06-08 16:13:41.656738+00,2026-06-08 16:13:44.976427+00,2026-06-08 16:13:45.08113+00,0.104703,3.424392,
b450e8f4-0962-4879-b091-6f6a45032adf,numbered,3063,completed,sold,1,2026-06-08 16:13:41.666407+00,2026-06-08 16:13:45.025077+00,2026-06-08 16:13:45.130379+00,0.105302,3.463972,
ca72a798-9a3a-4113-8691-0c8e29468b1e,numbered,1237,completed,sold,1,2026-06-08 16:13:41.673331+00,2026-06-08 16:13:45.048599+00,2026-06-08 16:13:45.154335+00,0.105736,3.481004,
c9b0d4e6-8d26-4b4c-b1cd-38a69dc1c8e4,numbered,2644,completed,sold,1,2026-06-08 16:13:41.68165+00,2026-06-08 16:13:45.068092+00,2026-06-08 16:13:45.17449+00,0.106398,3.492840,
1fc56c3a-6a87-488a-b7ae-be6ff489eee1,numbered,19787,completed,sold,1,2026-06-08 16:13:41.690036+00,2026-06-08 16:13:45.104848+00,2026-06-08 16:13:45.209594+00,0.104746,3.519558,
2b88580f-7133-436c-aa98-2d2defdc6d2d,numbered,57165,completed,sold,1,2026-06-08 16:13:41.698562+00,2026-06-08 16:13:45.156517+00,2026-06-08 16:13:45.261449+00,0.104932,3.562887,
3533fd97-caf7-448d-8ea7-e10eb76a8ad9,numbered,614,completed,sold,1,2026-06-08 16:13:41.706873+00,2026-06-08 16:13:45.181326+00,2026-06-08 16:13:45.286936+00,0.105610,3.580063,
5d7a11e7-dfbb-41f0-aac4-2e4ac30ad9f5,numbered,3704,completed,sold,1,2026-06-08 16:13:41.715146+00,2026-06-08 16:13:45.198764+00,2026-06-08 16:13:45.303702+00,0.104938,3.588556,
65304cf2-990c-468c-8d17-5146c4434e86,numbered,16691,completed,sold,1,2026-06-08 16:13:41.723468+00,2026-06-08 16:13:45.230828+00,2026-06-08 16:13:45.335309+00,0.104481,3.611841,
8b7056eb-6dfe-46b3-9ef7-76b514850dd5,numbered,1735,completed,sold,1,2026-06-08 16:13:41.731989+00,2026-06-08 16:13:45.283543+00,2026-06-08 16:13:45.388233+00,0.104690,3.656244,
4dbff5fe-f743-4c6e-8df6-e316345e3870,numbered,4493,completed,sold,1,2026-06-08 16:13:41.74041+00,2026-06-08 16:13:45.314299+00,2026-06-08 16:13:45.419656+00,0.105357,3.679246,
40fa5fdf-0ed3-4746-a12e-fc895300e5f0,numbered,1588,completed,sold,1,2026-06-08 16:13:41.748672+00,2026-06-08 16:13:45.327487+00,2026-06-08 16:13:45.437988+00,0.110501,3.689316,
1bd91b6a-b032-4ef9-a38f-8aab56df8dc9,numbered,1406,completed,sold,1,2026-06-08 16:13:41.757826+00,2026-06-08 16:13:45.356775+00,2026-06-08 16:13:45.461627+00,0.104852,3.703801,
c7246b63-80d7-4fa8-84b8-682297775e6f,numbered,2585,completed,sold,1,2026-06-08 16:13:41.765173+00,2026-06-08 16:13:45.412765+00,2026-06-08 16:13:45.517514+00,0.104749,3.752341,
58bd4ec5-fddf-4186-a2b6-cf0340b0e211,numbered,1058,completed,sold,1,2026-06-08 16:13:41.773655+00,2026-06-08 16:13:45.448225+00,2026-06-08 16:13:45.553547+00,0.105322,3.779892,
5cc0167f-faff-4341-b524-a5a8cb29cd39,numbered,2607,completed,sold,1,2026-06-08 16:13:41.781697+00,2026-06-08 16:13:45.459737+00,2026-06-08 16:13:45.564677+00,0.104940,3.782980,
94803504-ce75-40c6-a4b6-ff5332a8293f,numbered,4546,completed,sold,1,2026-06-08 16:13:41.790119+00,2026-06-08 16:13:45.482759+00,2026-06-08 16:13:45.587311+00,0.104552,3.797192,
c33bd066-a6a1-476b-86cd-4a1a38698e2b,numbered,875,completed,sold,1,2026-06-08 16:13:41.800828+00,2026-06-08 16:13:45.539809+00,2026-06-08 16:13:45.644624+00,0.104815,3.843796,
1376e88b-5921-4ab7-a287-a0f4a23b0d75,numbered,754,completed,sold,1,2026-06-08 16:13:41.808849+00,2026-06-08 16:13:45.580541+00,2026-06-08 16:13:45.686127+00,0.105586,3.877278,
0f2e8186-b5b5-4565-8374-690056b0796e,numbered,3190,completed,sold,1,2026-06-08 16:13:41.815153+00,2026-06-08 16:13:45.588207+00,2026-06-08 16:13:45.693673+00,0.105466,3.878520,
fec05d02-997d-429e-b0b0-f8a9f1bfdaf5,numbered,1247,completed,sold,1,2026-06-08 16:13:41.823504+00,2026-06-08 16:13:45.609256+00,2026-06-08 16:13:45.71436+00,0.105104,3.890856,
a350ce9e-d7ea-4bc1-81a1-cf3f72f4532c,numbered,3319,completed,sold,1,2026-06-08 16:13:41.831977+00,2026-06-08 16:13:45.666578+00,2026-06-08 16:13:45.771388+00,0.104810,3.939411,
db0ba438-85a8-4b73-a264-590acb60a2f9,numbered,3940,completed,sold,1,2026-06-08 16:13:41.840302+00,2026-06-08 16:13:45.715395+00,2026-06-08 16:13:45.820936+00,0.105541,3.980634,
d41ccf38-0483-4756-8e38-adf5fb9b97fb,numbered,3097,completed,sold,1,2026-06-08 16:13:41.84859+00,2026-06-08 16:13:45.722547+00,2026-06-08 16:13:45.827694+00,0.105147,3.979104,
4ee83bc2-6a72-45a8-8a57-d2d6e0d69768,numbered,1401,completed,sold,1,2026-06-08 16:13:41.85684+00,2026-06-08 16:13:45.738104+00,2026-06-08 16:13:45.843141+00,0.105037,3.986301,
7b2c9769-f9a8-440c-a815-97b5d9602274,numbered,2505,completed,sold,1,2026-06-08 16:13:41.865205+00,2026-06-08 16:13:45.793208+00,2026-06-08 16:13:45.898022+00,0.104814,4.032817,
a81806f2-5123-4255-92f8-21001a537223,numbered,2525,completed,sold,1,2026-06-08 16:13:41.873523+00,2026-06-08 16:13:45.850344+00,2026-06-08 16:13:45.955941+00,0.105597,4.082418,
442cc680-f2ef-45d8-bf7e-057a7dd1b723,numbered,1768,completed,sold,1,2026-06-08 16:13:41.881946+00,2026-06-08 16:13:45.85496+00,2026-06-08 16:13:45.959718+00,0.104758,4.077772,
ae21766d-fd07-4a21-b97c-0c98eeada38f,numbered,1060,completed,sold,1,2026-06-08 16:13:41.890216+00,2026-06-08 16:13:45.865976+00,2026-06-08 16:13:45.971074+00,0.105098,4.080858,
e53df7ce-8d23-4b51-a0ae-b2fc6156dff3,numbered,20,completed,sold,1,2026-06-08 16:13:41.898588+00,2026-06-08 16:13:45.921475+00,2026-06-08 16:13:46.026739+00,0.105264,4.128151,
de6b8cff-3f72-4307-8386-669bc8887783,numbered,4723,completed,sold,1,2026-06-08 16:13:41.906953+00,2026-06-08 16:13:45.984166+00,2026-06-08 16:13:46.089583+00,0.105417,4.182630,
8202f35a-3202-43b9-bac4-57da6e526f67,numbered,19782,completed,sold,1,2026-06-08 16:13:41.915169+00,2026-06-08 16:13:45.988134+00,2026-06-08 16:13:46.093245+00,0.105111,4.178076,
b40e5ca3-7216-457a-9e62-a7558223dbee,numbered,4161,completed,sold,1,2026-06-08 16:13:41.923485+00,2026-06-08 16:13:45.997049+00,2026-06-08 16:13:46.103094+00,0.106045,4.179609,
08b72211-84ea-478e-a751-c83196bd18a7,numbered,3531,completed,sold,1,2026-06-08 16:13:41.93197+00,2026-06-08 16:13:46.048774+00,2026-06-08 16:13:46.153479+00,0.104705,4.221509,
9cafab0d-22e3-40c4-ae5b-3dbf0dea39ee,numbered,3946,completed,sold,1,2026-06-08 16:13:41.948401+00,2026-06-08 16:13:46.119411+00,2026-06-08 16:13:46.224774+00,0.105363,4.276373,
9a6d2e4b-0d88-4e11-92e1-506154f149cd,numbered,3067,completed,sold,1,2026-06-08 16:13:41.942235+00,2026-06-08 16:13:46.118766+00,2026-06-08 16:13:46.225227+00,0.106461,4.282992,
876191ac-b808-44d4-bf54-9bec3a0fca37,numbered,2165,completed,seat_unavailable,1,2026-06-08 16:13:41.956744+00,2026-06-08 16:13:46.129574+00,2026-06-08 16:13:46.232775+00,0.103201,4.276031,
513a79ec-b883-479d-ba56-65e8dd7beef3,numbered,579,completed,sold,1,2026-06-08 16:13:41.965131+00,2026-06-08 16:13:46.175552+00,2026-06-08 16:13:46.279819+00,0.104267,4.314688,
11a2b7de-1673-4f49-aa23-0c82e08d9ed8,numbered,590,completed,sold,1,2026-06-08 16:13:41.990129+00,2026-06-08 16:13:46.255532+00,2026-06-08 16:13:46.3613+00,0.105768,4.371171,
6564de08-778d-4f5c-aa8d-371cb9d1fac2,numbered,2726,completed,sold,1,2026-06-08 16:13:41.981742+00,2026-06-08 16:13:46.257216+00,2026-06-08 16:13:46.362959+00,0.105743,4.381217,
e6f7afa1-09cc-4c6a-a4a0-5bdcb76e7073,numbered,4636,completed,sold,1,2026-06-08 16:13:41.973428+00,2026-06-08 16:13:46.256189+00,2026-06-08 16:13:46.363401+00,0.107212,4.389973,
e3f2470f-e3ee-4a53-bd37-1bcdde427456,numbered,1691,completed,sold,1,2026-06-08 16:13:41.998527+00,2026-06-08 16:13:46.304955+00,2026-06-08 16:13:46.40975+00,0.104795,4.411223,
6cf88cd5-e4a8-4558-b635-07d9e06f8550,numbered,1327,completed,sold,1,2026-06-08 16:13:42.007084+00,2026-06-08 16:13:46.390393+00,2026-06-08 16:13:46.495616+00,0.105223,4.488532,
9e280374-015c-4fa8-8e63-ca1ebabd95ef,numbered,2823,completed,sold,1,2026-06-08 16:13:42.023545+00,2026-06-08 16:13:46.392886+00,2026-06-08 16:13:46.498208+00,0.105322,4.474663,
3951f062-7800-4369-9aa0-de9abb142bd5,numbered,1342,completed,sold,1,2026-06-08 16:13:42.015597+00,2026-06-08 16:13:46.392963+00,2026-06-08 16:13:46.499665+00,0.106702,4.484068,
99678d2c-0c06-46e9-9194-99ab3edcd6eb,numbered,316,completed,sold,1,2026-06-08 16:13:42.032006+00,2026-06-08 16:13:46.43251+00,2026-06-08 16:13:46.537129+00,0.104619,4.505123,
13b613b3-5028-40e6-9b0e-89072df65917,numbered,1418,completed,sold,1,2026-06-08 16:13:42.040266+00,2026-06-08 16:13:46.522519+00,2026-06-08 16:13:46.627926+00,0.105407,4.587660,
46fa5e99-ae9d-4d66-a747-3dd660a73575,numbered,1866,completed,sold,1,2026-06-08 16:13:42.048387+00,2026-06-08 16:13:46.523521+00,2026-06-08 16:13:46.629048+00,0.105527,4.580661,
48275d75-569e-4f13-bca9-7b725277ed34,numbered,1124,completed,sold,1,2026-06-08 16:13:42.056853+00,2026-06-08 16:13:46.530899+00,2026-06-08 16:13:46.637531+00,0.106632,4.580678,
fd1d8749-4704-4c64-8982-1adf15d6b13b,numbered,2569,completed,sold,1,2026-06-08 16:13:42.065285+00,2026-06-08 16:13:46.559025+00,2026-06-08 16:13:46.664263+00,0.105238,4.598978,
b063d5b8-00e5-4a4f-963e-6a417de63d08,numbered,33090,completed,sold,1,2026-06-08 16:13:42.074506+00,2026-06-08 16:13:46.656968+00,2026-06-08 16:13:46.761967+00,0.104999,4.687461,
3dc89f9c-e4bb-4208-b577-aeb00cf6260c,numbered,3841,completed,sold,1,2026-06-08 16:13:42.081917+00,2026-06-08 16:13:46.658344+00,2026-06-08 16:13:46.763335+00,0.104991,4.681418,
bdac4893-4529-44a1-b588-fc4c818c8926,numbered,4965,completed,sold,1,2026-06-08 16:13:42.090188+00,2026-06-08 16:13:46.666796+00,2026-06-08 16:13:46.773154+00,0.106358,4.682966,
317e11f6-4a6a-40ee-bb9e-222d535470e3,numbered,3518,completed,sold,1,2026-06-08 16:13:42.098511+00,2026-06-08 16:13:46.688257+00,2026-06-08 16:13:46.793731+00,0.105474,4.695220,
64b9696e-1831-4409-8cad-28d656f6a337,numbered,1431,completed,sold,1,2026-06-08 16:13:42.107003+00,2026-06-08 16:13:46.793923+00,2026-06-08 16:13:46.899375+00,0.105452,4.792372,
a8e68e0c-05f5-4865-82b1-a554f3698242,numbered,59615,completed,sold,1,2026-06-08 16:13:42.115223+00,2026-06-08 16:13:46.794643+00,2026-06-08 16:13:46.899809+00,0.105166,4.784586,
d331371f-a562-4aa0-a622-be97e77aa881,numbered,1903,completed,sold,1,2026-06-08 16:13:42.123697+00,2026-06-08 16:13:46.801637+00,2026-06-08 16:13:46.908896+00,0.107259,4.785199,
654445ae-1a3a-4695-a856-79f1823bea5e,numbered,683,completed,sold,1,2026-06-08 16:13:42.131877+00,2026-06-08 16:13:46.817398+00,2026-06-08 16:13:46.926363+00,0.108965,4.794486,
b013bd26-a34e-44f8-a2e6-809d8f5dd414,numbered,778,completed,sold,1,2026-06-08 16:13:42.148668+00,2026-06-08 16:13:46.927338+00,2026-06-08 16:13:47.032294+00,0.104956,4.883626,
8d30e377-433c-4989-abd6-3bdf34142774,numbered,4265,completed,sold,1,2026-06-08 16:13:42.140288+00,2026-06-08 16:13:46.928903+00,2026-06-08 16:13:47.034206+00,0.105303,4.893918,
09cfe66c-1a7b-40e5-9c82-0faa9aaaf5c8,numbered,769,completed,sold,1,2026-06-08 16:13:42.156916+00,2026-06-08 16:13:46.936095+00,2026-06-08 16:13:47.043622+00,0.107527,4.886706,
92f6a51f-68b0-4e28-8c67-56193f4b0ad5,numbered,3370,completed,sold,1,2026-06-08 16:13:42.165178+00,2026-06-08 16:13:46.949969+00,2026-06-08 16:13:47.056168+00,0.106199,4.890990,
24f98a6a-ccbb-44d3-a8a8-0fb779ac369d,numbered,2267,completed,sold,1,2026-06-08 16:13:42.18171+00,2026-06-08 16:13:47.060504+00,2026-06-08 16:13:47.165168+00,0.104664,4.983458,
eec20f39-2c69-440d-bfa4-bf2bc4ece06b,numbered,32009,completed,sold,1,2026-06-08 16:13:42.173672+00,2026-06-08 16:13:47.064591+00,2026-06-08 16:13:47.170428+00,0.105837,4.996756,
92cc0eec-9b5b-4765-9ba4-524cffb64c81,numbered,673,completed,sold,1,2026-06-08 16:13:42.190349+00,2026-06-08 16:13:47.072751+00,2026-06-08 16:13:47.179155+00,0.106404,4.988806,
65a330e4-2208-4e35-9299-b72643e9da9a,numbered,21793,completed,sold,1,2026-06-08 16:13:42.198593+00,2026-06-08 16:13:47.080484+00,2026-06-08 16:13:47.186783+00,0.106299,4.988190,
39af2010-e354-4424-8fa6-fa8ca8beb86d,numbered,2043,completed,sold,1,2026-06-08 16:13:42.206874+00,2026-06-08 16:13:47.194578+00,2026-06-08 16:13:47.299465+00,0.104887,5.092591,
40e3d0a3-b940-44b2-981a-921e7baea12d,numbered,3368,completed,sold,1,2026-06-08 16:13:42.215064+00,2026-06-08 16:13:47.196785+00,2026-06-08 16:13:47.301917+00,0.105132,5.086853,
5571ec67-76ce-40b0-8643-f9d238458043,numbered,597,completed,sold,1,2026-06-08 16:13:42.223539+00,2026-06-08 16:13:47.205641+00,2026-06-08 16:13:47.311644+00,0.106003,5.088105,
80ac8716-d77b-452b-8d03-c87f2b09a16b,numbered,3675,completed,sold,1,2026-06-08 16:13:42.231861+00,2026-06-08 16:13:47.213147+00,2026-06-08 16:13:47.319906+00,0.106759,5.088045,
e69348a3-be7e-4a71-b29b-17de980f05f7,numbered,88583,completed,sold,1,2026-06-08 16:13:42.248749+00,2026-06-08 16:13:47.330493+00,2026-06-08 16:13:47.435718+00,0.105225,5.186969,
d582e5ac-4f5f-47e4-8e49-e57b738c42e4,numbered,91500,completed,sold,1,2026-06-08 16:13:42.240216+00,2026-06-08 16:13:47.330301+00,2026-06-08 16:13:47.435867+00,0.105566,5.195651,
fecfabb5-b4fc-4637-a0ff-65800787409c,numbered,1661,completed,sold,1,2026-06-08 16:13:42.256959+00,2026-06-08 16:13:47.341909+00,2026-06-08 16:13:47.448302+00,0.106393,5.191343,
f257220f-68f3-462a-8850-dfc38b198cc2,numbered,4360,completed,sold,1,2026-06-08 16:13:42.265238+00,2026-06-08 16:13:47.346355+00,2026-06-08 16:13:47.4512+00,0.104845,5.185962,
7fb1f8b1-2e67-49ca-aee1-87718e06767c,numbered,1352,completed,sold,1,2026-06-08 16:13:42.273927+00,2026-06-08 16:13:47.466158+00,2026-06-08 16:13:47.571448+00,0.105290,5.297521,
d1c5be3d-b724-4631-b0d0-0db92d1dd333,numbered,1063,completed,sold,1,2026-06-08 16:13:42.282037+00,2026-06-08 16:13:47.46687+00,2026-06-08 16:13:47.571859+00,0.104989,5.289822,
6c88a43f-743d-49ad-bdc9-ea1f1c1609b7,numbered,3899,completed,seat_unavailable,1,2026-06-08 16:13:42.298816+00,2026-06-08 16:13:47.480748+00,2026-06-08 16:13:47.583742+00,0.102994,5.284926,
d6e9f517-91d1-4359-b23d-109d6ec71825,numbered,2363,completed,sold,1,2026-06-08 16:13:42.290243+00,2026-06-08 16:13:47.481545+00,2026-06-08 16:13:47.587243+00,0.105698,5.297000,
98e8f4d6-e8b4-4fb7-978f-2e40c86611c8,numbered,2520,completed,sold,1,2026-06-08 16:13:42.306998+00,2026-06-08 16:13:47.60149+00,2026-06-08 16:13:47.706469+00,0.104979,5.399471,
a64bf5cf-4469-4d91-979b-c90381503dfd,numbered,4211,completed,sold,1,2026-06-08 16:13:42.315175+00,2026-06-08 16:13:47.601256+00,2026-06-08 16:13:47.706469+00,0.105213,5.391294,
29f6b7ff-ba75-4d24-8961-17bb7e61623d,numbered,3067,completed,seat_unavailable,1,2026-06-08 16:13:42.331896+00,2026-06-08 16:13:47.616039+00,2026-06-08 16:13:47.719515+00,0.103476,5.387619,
f84e6e61-e094-4128-b8e3-15b8dc794714,numbered,1363,completed,sold,1,2026-06-08 16:13:42.323521+00,2026-06-08 16:13:47.613752+00,2026-06-08 16:13:47.719515+00,0.105763,5.395994,
d04f5f6f-3dd6-474e-9c9b-4074644f2e5a,numbered,1798,completed,sold,1,2026-06-08 16:13:42.348482+00,2026-06-08 16:13:47.738703+00,2026-06-08 16:13:47.844032+00,0.105329,5.495550,
cad15d91-e524-450b-8e9f-3a12b3f387f2,numbered,2783,completed,sold,1,2026-06-08 16:13:42.340212+00,2026-06-08 16:13:47.739429+00,2026-06-08 16:13:47.844386+00,0.104957,5.504174,
e52a9082-18b6-46a3-9e8e-b5b39418592b,numbered,17484,completed,sold,1,2026-06-08 16:13:42.365177+00,2026-06-08 16:13:47.749605+00,2026-06-08 16:13:47.856639+00,0.107034,5.491462,
dbc9c3a0-2a0a-4c5e-aa63-519715e01295,numbered,16863,completed,sold,1,2026-06-08 16:13:42.356809+00,2026-06-08 16:13:47.747386+00,2026-06-08 16:13:47.857421+00,0.110035,5.500612,
b36e9f48-f964-412e-a9a2-140d138dda88,numbered,3316,completed,sold,1,2026-06-08 16:13:42.373534+00,2026-06-08 16:13:47.873553+00,2026-06-08 16:13:47.97873+00,0.105177,5.605196,
779a08f2-4b82-4133-93c0-f1b4fe347d23,numbered,4807,completed,sold,1,2026-06-08 16:13:42.38193+00,2026-06-08 16:13:47.875354+00,2026-06-08 16:13:47.98032+00,0.104966,5.598390,
d7c592e5-7049-4cc2-9a93-b553758bb526,numbered,92609,completed,sold,1,2026-06-08 16:13:42.398674+00,2026-06-08 16:13:47.884486+00,2026-06-08 16:13:47.990395+00,0.105909,5.591721,
ff10a448-2534-4e00-8109-8db39f9c7e05,numbered,4853,completed,sold,1,2026-06-08 16:13:42.390353+00,2026-06-08 16:13:47.888391+00,2026-06-08 16:13:47.994236+00,0.105845,5.603883,
cf0f2399-efd9-437b-ac88-c5e7dbd66c4e,numbered,2940,completed,sold,1,2026-06-08 16:13:42.407024+00,2026-06-08 16:13:48.007285+00,2026-06-08 16:13:48.111842+00,0.104557,5.704818,
535a16d7-3239-4f0c-8128-dfbc2a08e586,numbered,4513,completed,sold,1,2026-06-08 16:13:42.415146+00,2026-06-08 16:13:48.013644+00,2026-06-08 16:13:48.118971+00,0.105327,5.703825,
7c2fe0e7-4b6f-4336-b7c8-118d68443f96,numbered,1882,completed,sold,1,2026-06-08 16:13:42.423562+00,2026-06-08 16:13:48.022411+00,2026-06-08 16:13:48.127854+00,0.105443,5.704292,
8be3c022-b59a-4b9a-83e7-f2841ca6cf71,numbered,23623,completed,sold,1,2026-06-08 16:13:42.43187+00,2026-06-08 16:13:48.024478+00,2026-06-08 16:13:48.132471+00,0.107993,5.700601,
3656c5b7-46db-4159-8d6c-233013ec99e0,numbered,43013,completed,sold,1,2026-06-08 16:13:42.44044+00,2026-06-08 16:13:48.140973+00,2026-06-08 16:13:48.245512+00,0.104539,5.805072,
3eac8791-9f06-4d8f-b928-f755989ab853,numbered,552,completed,sold,1,2026-06-08 16:13:42.448672+00,2026-06-08 16:13:48.1485+00,2026-06-08 16:13:48.253687+00,0.105187,5.805015,
ff73cb29-34f6-4f44-848a-b42ebe37e0c3,numbered,2642,completed,sold,1,2026-06-08 16:13:42.457387+00,2026-06-08 16:13:48.150784+00,2026-06-08 16:13:48.256005+00,0.105221,5.798618,
3bd8c1d1-c0a0-4820-a60c-8d413e7a2c46,numbered,2284,completed,sold,1,2026-06-08 16:13:42.465053+00,2026-06-08 16:13:48.163629+00,2026-06-08 16:13:48.269398+00,0.105769,5.804345,
610f34c1-5a84-48c6-a77f-486772ee1472,numbered,1323,completed,sold,1,2026-06-08 16:13:42.473549+00,2026-06-08 16:13:48.272048+00,2026-06-08 16:13:48.376855+00,0.104807,5.903306,
555c0093-5c7f-46d0-ae36-45545b870cb0,numbered,762,completed,sold,1,2026-06-08 16:13:42.483882+00,2026-06-08 16:13:48.281696+00,2026-06-08 16:13:48.386523+00,0.104827,5.902641,
f9e7f7cb-4910-4386-80b4-9d7771e350fd,numbered,270,completed,sold,1,2026-06-08 16:13:42.490154+00,2026-06-08 16:13:48.284911+00,2026-06-08 16:13:48.389924+00,0.105013,5.899770,
85c652cc-dc2f-4627-b88e-7c251b829887,numbered,4783,completed,sold,1,2026-06-08 16:13:42.498596+00,2026-06-08 16:13:48.297356+00,2026-06-08 16:13:48.403472+00,0.106116,5.904876,
cfd76cbe-838d-4687-964d-eb8805e53256,numbered,41076,completed,sold,1,2026-06-08 16:13:42.506939+00,2026-06-08 16:13:48.402475+00,2026-06-08 16:13:48.507325+00,0.104850,6.000386,
3ef63024-e482-4d90-8d38-1427ec6aea50,numbered,2702,completed,sold,1,2026-06-08 16:13:42.515335+00,2026-06-08 16:13:48.415905+00,2026-06-08 16:13:48.520755+00,0.104850,6.005420,
8a9e75ef-bc29-43c9-837a-a45b0624c99f,numbered,1427,completed,sold,1,2026-06-08 16:13:42.52365+00,2026-06-08 16:13:48.417771+00,2026-06-08 16:13:48.523207+00,0.105436,5.999557,
07e966bd-3030-43d4-bf38-a956966d1511,numbered,27633,completed,sold,1,2026-06-08 16:13:42.531955+00,2026-06-08 16:13:48.429958+00,2026-06-08 16:13:48.536066+00,0.106108,6.004111,
fbdc3906-1c1a-4fec-80ea-94dab0347a32,numbered,3102,completed,sold,1,2026-06-08 16:13:42.540287+00,2026-06-08 16:13:48.535662+00,2026-06-08 16:13:48.64038+00,0.104718,6.100093,
18a44d10-a2a0-4c31-bcea-f1c1d5a6ec65,numbered,2491,completed,sold,1,2026-06-08 16:13:42.548823+00,2026-06-08 16:13:48.551823+00,2026-06-08 16:13:48.657911+00,0.106088,6.109088,
4eb8e59f-f751-4f26-8ef2-52d33592ff3a,numbered,4387,completed,sold,1,2026-06-08 16:13:42.557099+00,2026-06-08 16:13:48.552312+00,2026-06-08 16:13:48.65911+00,0.106798,6.102011,
4080668b-e91d-4095-8ca8-6290e8be564c,numbered,1675,completed,sold,1,2026-06-08 16:13:42.565312+00,2026-06-08 16:13:48.563809+00,2026-06-08 16:13:48.669777+00,0.105968,6.104465,
1f663638-9d12-4dfe-aa6c-525182cf723b,numbered,8511,completed,sold,1,2026-06-08 16:13:42.573889+00,2026-06-08 16:13:48.66482+00,2026-06-08 16:13:48.769386+00,0.104566,6.195497,
91605f73-f668-494b-8ded-75c055286a20,numbered,4320,completed,sold,1,2026-06-08 16:13:42.582545+00,2026-06-08 16:13:48.690105+00,2026-06-08 16:13:48.795571+00,0.105466,6.213026,
7ef963fa-977c-4afe-909a-fbc90f4d06f7,numbered,77840,completed,sold,1,2026-06-08 16:13:42.590225+00,2026-06-08 16:13:48.690085+00,2026-06-08 16:13:48.795656+00,0.105571,6.205431,
a9cc621a-e432-4e55-9b74-0febc3670b0d,numbered,1891,completed,sold,1,2026-06-08 16:13:42.598884+00,2026-06-08 16:13:48.697394+00,2026-06-08 16:13:48.803735+00,0.106341,6.204851,
2e99908b-0739-4f22-be81-16ddb9065da4,numbered,2629,completed,sold,1,2026-06-08 16:13:42.607147+00,2026-06-08 16:13:48.792866+00,2026-06-08 16:13:48.899411+00,0.106545,6.292264,
7cd2613e-0ad9-4a16-980f-ac16d3e06462,numbered,3228,completed,sold,1,2026-06-08 16:13:42.6151+00,2026-06-08 16:13:48.823967+00,2026-06-08 16:13:48.92881+00,0.104843,6.313710,
81605934-9d95-49be-abd2-56c272ef6fb2,numbered,375,completed,sold,1,2026-06-08 16:13:42.62376+00,2026-06-08 16:13:48.826397+00,2026-06-08 16:13:48.931398+00,0.105001,6.307638,
986c7126-4315-477e-9140-e4e10511082c,numbered,62212,completed,sold,1,2026-06-08 16:13:42.631921+00,2026-06-08 16:13:48.830519+00,2026-06-08 16:13:48.938947+00,0.108428,6.307026,
b592e156-b0a0-4e5e-8029-e6b003754bf9,numbered,4942,completed,sold,1,2026-06-08 16:13:42.640344+00,2026-06-08 16:13:48.921244+00,2026-06-08 16:13:49.025683+00,0.104439,6.385339,
38d298fc-e526-4f55-8ae5-c57f5f43a2ae,numbered,48558,completed,sold,1,2026-06-08 16:13:42.648644+00,2026-06-08 16:13:48.955073+00,2026-06-08 16:13:49.060162+00,0.105089,6.411518,
b36421b3-39f4-4eb2-a9b9-54cd19bdbdb7,numbered,1772,completed,sold,1,2026-06-08 16:13:42.657056+00,2026-06-08 16:13:48.956694+00,2026-06-08 16:13:49.062213+00,0.105519,6.405157,
7e01027a-b5b2-4e3d-a5d9-1f4fe4696bc2,numbered,81268,completed,sold,1,2026-06-08 16:13:42.66536+00,2026-06-08 16:13:48.96431+00,2026-06-08 16:13:49.072725+00,0.108415,6.407365,
19fb32c2-464b-4641-b10a-8005f7a9bf07,numbered,843,completed,sold,1,2026-06-08 16:13:42.673672+00,2026-06-08 16:13:49.04831+00,2026-06-08 16:13:49.152927+00,0.104617,6.479255,
f034115b-505f-4286-bdfb-570fcc8eeaa6,numbered,1025,completed,sold,1,2026-06-08 16:13:42.682048+00,2026-06-08 16:13:49.084714+00,2026-06-08 16:13:49.189198+00,0.104484,6.507150,
48d83688-d166-4071-a730-402752f2dd47,numbered,3419,completed,sold,1,2026-06-08 16:13:42.69035+00,2026-06-08 16:13:49.089306+00,2026-06-08 16:13:49.195212+00,0.105906,6.504862,
56c0f865-9b65-4926-9f53-866627675d0c,numbered,3038,completed,sold,1,2026-06-08 16:13:42.698816+00,2026-06-08 16:13:49.099987+00,2026-06-08 16:13:49.206128+00,0.106141,6.507312,
0ed394e1-1cac-4c6b-9d05-4d968d593b9d,numbered,710,completed,sold,1,2026-06-08 16:13:42.707102+00,2026-06-08 16:13:49.175203+00,2026-06-08 16:13:49.279641+00,0.104438,6.572539,
c34b3724-2fc2-4f0e-b35e-c299d41547d5,numbered,3501,completed,sold,1,2026-06-08 16:13:42.715386+00,2026-06-08 16:13:49.216063+00,2026-06-08 16:13:49.320503+00,0.104440,6.605117,
f638503d-85c3-46ff-be20-97ae39094822,numbered,3396,completed,seat_unavailable,1,2026-06-08 16:13:42.723517+00,2026-06-08 16:13:49.221261+00,2026-06-08 16:13:49.324258+00,0.102997,6.600741,
a51ebcd8-b75d-4bd1-b986-42b79c1e91c6,numbered,4982,completed,sold,1,2026-06-08 16:13:42.731831+00,2026-06-08 16:13:49.233969+00,2026-06-08 16:13:49.340845+00,0.106876,6.609014,
fd3ef891-3431-4a9b-be3c-f9bf8fb2dc5a,numbered,3952,completed,sold,1,2026-06-08 16:13:42.74035+00,2026-06-08 16:13:49.301413+00,2026-06-08 16:13:49.405691+00,0.104278,6.665341,
a474d2ef-9d69-43a1-af69-aabd2f0f524f,numbered,4812,completed,sold,1,2026-06-08 16:13:42.748542+00,2026-06-08 16:13:49.343795+00,2026-06-08 16:13:49.448178+00,0.104383,6.699636,
b09babf6-f754-4e1c-bfa1-5439ec9d0f15,numbered,4672,completed,sold,1,2026-06-08 16:13:42.7572+00,2026-06-08 16:13:49.348561+00,2026-06-08 16:13:49.453537+00,0.104976,6.696337,
51d75dc7-d2e2-421e-96d6-a858c69f71ef,numbered,4843,completed,sold,1,2026-06-08 16:13:42.765226+00,2026-06-08 16:13:49.366438+00,2026-06-08 16:13:49.472581+00,0.106143,6.707355,
7da67120-4e6f-4ba9-889d-3596b9307bc8,numbered,1088,completed,sold,1,2026-06-08 16:13:42.773579+00,2026-06-08 16:13:49.430293+00,2026-06-08 16:13:49.535196+00,0.104903,6.761617,
04ff1897-2458-4679-8ff1-56d84159dd57,numbered,84456,completed,sold,1,2026-06-08 16:13:42.782008+00,2026-06-08 16:13:49.473491+00,2026-06-08 16:13:49.577939+00,0.104448,6.795931,
6e95f8d7-888b-4485-8227-f3c67679d3c1,numbered,4761,completed,sold,1,2026-06-08 16:13:42.790359+00,2026-06-08 16:13:49.481461+00,2026-06-08 16:13:49.587101+00,0.105640,6.796742,
aef3a37e-ac9e-4f14-ba98-06264b9d122c,numbered,225,completed,sold,1,2026-06-08 16:13:42.798612+00,2026-06-08 16:13:49.498523+00,2026-06-08 16:13:49.604585+00,0.106062,6.805973,
bfe76157-9ebb-4238-abba-e8859cf223c6,numbered,2451,completed,sold,1,2026-06-08 16:13:42.807056+00,2026-06-08 16:13:49.555884+00,2026-06-08 16:13:49.660815+00,0.104931,6.853759,
802510d6-2593-4043-81c1-94c7f40e9724,numbered,622,completed,sold,1,2026-06-08 16:13:42.815605+00,2026-06-08 16:13:49.600296+00,2026-06-08 16:13:49.704714+00,0.104418,6.889109,
6d79d674-4c4e-49ad-9e05-95b7b256f24b,numbered,656,completed,sold,1,2026-06-08 16:13:42.823642+00,2026-06-08 16:13:49.610474+00,2026-06-08 16:13:49.715204+00,0.104730,6.891562,
aab11675-6d73-408f-90e2-c969657a33e4,numbered,3676,completed,sold,1,2026-06-08 16:13:42.831946+00,2026-06-08 16:13:49.630353+00,2026-06-08 16:13:49.736161+00,0.105808,6.904215,
1fb71fbd-1fbd-40c0-a8d8-7190f31533ab,numbered,202,completed,sold,1,2026-06-08 16:13:42.840192+00,2026-06-08 16:13:49.682544+00,2026-06-08 16:13:49.787148+00,0.104604,6.946956,
4150183f-a083-4347-8791-95b4381bdfef,numbered,76191,completed,sold,1,2026-06-08 16:13:42.848488+00,2026-06-08 16:13:49.729419+00,2026-06-08 16:13:49.834076+00,0.104657,6.985588,
57f12d2c-6c73-422b-b66b-393b54fe5932,numbered,2647,completed,sold,1,2026-06-08 16:13:42.856854+00,2026-06-08 16:13:49.738669+00,2026-06-08 16:13:49.84387+00,0.105201,6.987016,
6ea6c53b-e40b-4376-b071-332a9cf8971d,numbered,1488,completed,sold,1,2026-06-08 16:13:42.865121+00,2026-06-08 16:13:49.76465+00,2026-06-08 16:13:49.87031+00,0.105660,7.005189,
bc20dc36-b238-40c3-b672-4e9da3456acc,numbered,1522,completed,sold,1,2026-06-08 16:13:42.873508+00,2026-06-08 16:13:49.808454+00,2026-06-08 16:13:49.912749+00,0.104295,7.039241,
ca99321f-d195-494c-886b-24d3af383d30,numbered,2646,completed,sold,1,2026-06-08 16:13:42.881876+00,2026-06-08 16:13:49.857484+00,2026-06-08 16:13:49.962282+00,0.104798,7.080406,
26d02c74-ee8c-43fd-8953-abd0d8a91fc7,numbered,98574,completed,sold,1,2026-06-08 16:13:42.890931+00,2026-06-08 16:13:49.8666+00,2026-06-08 16:13:49.971925+00,0.105325,7.080994,
0aae241f-05e2-4ece-9180-f326946eb071,numbered,54963,completed,sold,1,2026-06-08 16:13:42.898868+00,2026-06-08 16:13:49.897344+00,2026-06-08 16:13:50.002952+00,0.105608,7.104084,
85c23a4e-2e82-4dc5-b606-3e050c04124f,numbered,4250,completed,sold,1,2026-06-08 16:13:42.907003+00,2026-06-08 16:13:49.935866+00,2026-06-08 16:13:50.040864+00,0.104998,7.133861,
a4eacf37-22fa-407b-83f6-11961182b3d8,numbered,2429,completed,sold,1,2026-06-08 16:13:42.915447+00,2026-06-08 16:13:49.98786+00,2026-06-08 16:13:50.092594+00,0.104734,7.177147,
a59ad3eb-9d3e-4719-9c70-a93f88a2dfb9,numbered,50980,completed,sold,1,2026-06-08 16:13:42.92371+00,2026-06-08 16:13:49.998227+00,2026-06-08 16:13:50.103957+00,0.105730,7.180247,
5dee97bf-a35b-46da-8306-752e43ef5aba,numbered,2141,completed,sold,1,2026-06-08 16:13:42.93198+00,2026-06-08 16:13:50.030586+00,2026-06-08 16:13:50.135927+00,0.105341,7.203947,
d438d81a-5d28-4861-836b-5d0176b2a845,numbered,4597,completed,sold,1,2026-06-08 16:13:42.940379+00,2026-06-08 16:13:50.063031+00,2026-06-08 16:13:50.167398+00,0.104367,7.227019,
3ab3b3cf-4a27-435d-90eb-dd8866a31504,numbered,3446,completed,sold,1,2026-06-08 16:13:42.948679+00,2026-06-08 16:13:50.115132+00,2026-06-08 16:13:50.219796+00,0.104664,7.271117,
7a0c1c9d-e0d0-4d86-b0bc-c6da7bdc3232,numbered,1426,completed,sold,1,2026-06-08 16:13:42.956946+00,2026-06-08 16:13:50.12521+00,2026-06-08 16:13:50.22975+00,0.104540,7.272804,
7287f153-122f-4ec0-a85e-ffe4943f3d6a,numbered,1274,completed,sold,1,2026-06-08 16:13:42.965445+00,2026-06-08 16:13:50.160076+00,2026-06-08 16:13:50.26569+00,0.105614,7.300245,
525dbafd-3760-4b29-96d5-a0a170c90740,numbered,11,completed,sold,1,2026-06-08 16:13:42.973704+00,2026-06-08 16:13:50.188163+00,2026-06-08 16:13:50.293218+00,0.105055,7.319514,
a42fb453-b3a3-476c-b42f-9ae1ad2a081f,numbered,2519,completed,sold,1,2026-06-08 16:13:42.982032+00,2026-06-08 16:13:50.242148+00,2026-06-08 16:13:50.346525+00,0.104377,7.364493,
cba15529-18d0-4d11-bc9d-cbde0215b5f0,numbered,2248,completed,sold,1,2026-06-08 16:13:42.990163+00,2026-06-08 16:13:50.254908+00,2026-06-08 16:13:50.359857+00,0.104949,7.369694,
5878cb70-e1ad-4c96-9195-0369707d5202,numbered,452,completed,sold,1,2026-06-08 16:13:42.998532+00,2026-06-08 16:13:50.290968+00,2026-06-08 16:13:50.396332+00,0.105364,7.397800,
63b555f8-caba-4399-ac13-76d1e6d4bd8c,numbered,408,completed,sold,1,2026-06-08 16:13:43.008772+00,2026-06-08 16:13:50.315453+00,2026-06-08 16:13:50.420578+00,0.105125,7.411806,
82ae8d8b-a146-41b2-944d-3b9a0f725bee,numbered,1602,completed,sold,1,2026-06-08 16:13:43.018445+00,2026-06-08 16:13:50.371854+00,2026-06-08 16:13:50.476462+00,0.104608,7.458017,
52c1ab08-bf32-4356-b785-81f49b8219ab,numbered,3583,completed,sold,1,2026-06-08 16:13:43.023417+00,2026-06-08 16:13:50.381788+00,2026-06-08 16:13:50.486285+00,0.104497,7.462868,
5fdefc22-e0e6-43af-947e-69900414674a,numbered,89982,completed,sold,1,2026-06-08 16:13:43.031738+00,2026-06-08 16:13:50.422368+00,2026-06-08 16:13:50.528033+00,0.105665,7.496295,
83c1b7c4-0459-4bc7-ac6c-f7f15af6abc6,numbered,78070,completed,sold,1,2026-06-08 16:13:43.040209+00,2026-06-08 16:13:50.441956+00,2026-06-08 16:13:50.547152+00,0.105196,7.506943,
9006ea9b-19b2-4d77-8b2b-0812824ce275,numbered,3386,completed,sold,1,2026-06-08 16:13:43.048482+00,2026-06-08 16:13:50.498563+00,2026-06-08 16:13:50.603071+00,0.104508,7.554589,
02eeb2d5-1d46-4d34-9bfa-e36012f940ca,numbered,1402,completed,sold,1,2026-06-08 16:13:43.056997+00,2026-06-08 16:13:50.508386+00,2026-06-08 16:13:50.612991+00,0.104605,7.555994,
810ce457-b8b7-4d63-bff5-c65de0748819,numbered,80219,completed,sold,1,2026-06-08 16:13:43.065201+00,2026-06-08 16:13:50.55687+00,2026-06-08 16:13:50.6623+00,0.105430,7.597099,
06454f0c-e103-4fa5-b409-eb971a6ed0f3,numbered,4347,completed,sold,1,2026-06-08 16:13:43.073677+00,2026-06-08 16:13:50.568744+00,2026-06-08 16:13:50.673695+00,0.104951,7.600018,
85db3167-4c96-41a4-b144-a9415c5ec9bb,numbered,3995,completed,sold,1,2026-06-08 16:13:43.081901+00,2026-06-08 16:13:50.624864+00,2026-06-08 16:13:50.729749+00,0.104885,7.647848,
1bf55034-5b63-4fb6-8d09-f596fa3a5cab,numbered,1182,completed,sold,1,2026-06-08 16:13:43.090184+00,2026-06-08 16:13:50.635183+00,2026-06-08 16:13:50.739823+00,0.104640,7.649639,
e908f893-f2b0-4690-85fe-f8973e8770ba,numbered,111,completed,sold,1,2026-06-08 16:13:43.098814+00,2026-06-08 16:13:50.687937+00,2026-06-08 16:13:50.793471+00,0.105534,7.694657,
a6292793-de81-45a5-bd4e-52577d0cb79f,numbered,77518,completed,sold,1,2026-06-08 16:13:43.106977+00,2026-06-08 16:13:50.695166+00,2026-06-08 16:13:50.800066+00,0.104900,7.693089,
89e284fd-ba31-4e0a-aa66-89e094cc4573,numbered,3573,completed,sold,1,2026-06-08 16:13:43.115337+00,2026-06-08 16:13:50.751799+00,2026-06-08 16:13:50.856567+00,0.104768,7.741230,
4a450aa0-c4b4-4ef0-90c1-53a48b6484e6,numbered,1889,completed,sold,1,2026-06-08 16:13:43.12348+00,2026-06-08 16:13:50.761736+00,2026-06-08 16:13:50.866871+00,0.105135,7.743391,
df679848-96e8-4789-bf3b-2778237be6cd,numbered,135,completed,sold,1,2026-06-08 16:13:43.131836+00,2026-06-08 16:13:50.818541+00,2026-06-08 16:13:50.9241+00,0.105559,7.792264,
15c27c39-5ef9-42ba-99b4-e4d688bb39a6,numbered,48525,completed,sold,1,2026-06-08 16:13:43.140536+00,2026-06-08 16:13:50.82277+00,2026-06-08 16:13:50.927491+00,0.104721,7.786955,
e078c359-52c0-4b51-a735-ae122c3e6cc1,numbered,1793,completed,sold,1,2026-06-08 16:13:43.148485+00,2026-06-08 16:13:50.879+00,2026-06-08 16:13:50.983699+00,0.104699,7.835214,
1226b9db-8c02-4e20-8fda-8988dd6483b7,numbered,4006,completed,seat_unavailable,1,2026-06-08 16:13:43.156784+00,2026-06-08 16:13:50.889949+00,2026-06-08 16:13:50.992553+00,0.102604,7.835769,
288ffadb-fed3-43d7-a42c-79f0a67d24ab,numbered,2237,completed,sold,1,2026-06-08 16:13:43.173492+00,2026-06-08 16:13:50.950584+00,2026-06-08 16:13:51.05589+00,0.105306,7.882398,
a2a7c48a-1c39-42c0-ba3f-6c2b7f917323,numbered,2985,completed,sold,1,2026-06-08 16:13:43.165119+00,2026-06-08 16:13:50.951097+00,2026-06-08 16:13:51.056877+00,0.105780,7.891758,
9ca898f0-c655-46ad-8908-680d67e0d519,numbered,3532,completed,sold,1,2026-06-08 16:13:43.182042+00,2026-06-08 16:13:51.007526+00,2026-06-08 16:13:51.11209+00,0.104564,7.930048,
81965ba4-172a-4a8c-8c4a-1cc2715fc370,numbered,57445,completed,sold,1,2026-06-08 16:13:43.19047+00,2026-06-08 16:13:51.015522+00,2026-06-08 16:13:51.122191+00,0.106669,7.931721,
1a5a1109-5682-41b5-b5f8-7d64125394c3,numbered,4786,completed,seat_unavailable,1,2026-06-08 16:13:43.206924+00,2026-06-08 16:13:51.082288+00,2026-06-08 16:13:51.185793+00,0.103505,7.978869,
6b93a799-4159-4be9-8494-e1a4a39e569b,numbered,1087,completed,sold,1,2026-06-08 16:13:43.198991+00,2026-06-08 16:13:51.080772+00,2026-06-08 16:13:51.185793+00,0.105021,7.986802,
65b1cbbd-a20c-4dd0-bb08-8ccaac95d519,numbered,68811,completed,sold,1,2026-06-08 16:13:43.215334+00,2026-06-08 16:13:51.135237+00,2026-06-08 16:13:51.239666+00,0.104429,8.024332,
dc9cb244-9c18-4ee4-b851-93862e852cc1,numbered,4092,completed,sold,1,2026-06-08 16:13:43.223594+00,2026-06-08 16:13:51.148434+00,2026-06-08 16:13:51.253373+00,0.104939,8.029779,
26355c9d-8ce1-41f7-871a-f744e9057741,numbered,4788,completed,sold,1,2026-06-08 16:13:43.231951+00,2026-06-08 16:13:51.209485+00,2026-06-08 16:13:51.314027+00,0.104542,8.082076,
fdf9d4a5-657d-4ac2-93c8-bde5d6fd4aab,numbered,3399,completed,sold,1,2026-06-08 16:13:43.240215+00,2026-06-08 16:13:51.211728+00,2026-06-08 16:13:51.317274+00,0.105546,8.077059,
57e37075-8aae-4ca9-bb48-b849c8189387,numbered,2611,completed,sold,1,2026-06-08 16:13:43.248671+00,2026-06-08 16:13:51.261131+00,2026-06-08 16:13:51.365761+00,0.104630,8.117090,
f9df34b3-a1bd-489a-b5f6-e7d3dba4ecee,numbered,4419,completed,sold,1,2026-06-08 16:13:43.256842+00,2026-06-08 16:13:51.276075+00,2026-06-08 16:13:51.381182+00,0.105107,8.124340,
89561f2d-57e2-41a9-bd62-2055a6635184,numbered,4595,completed,sold,1,2026-06-08 16:13:43.265146+00,2026-06-08 16:13:51.335493+00,2026-06-08 16:13:51.440165+00,0.104672,8.175019,
258d38cd-7bd4-41db-8766-8e2d62b4ef6a,numbered,14232,completed,sold,1,2026-06-08 16:13:43.274443+00,2026-06-08 16:13:51.341553+00,2026-06-08 16:13:51.447741+00,0.106188,8.173298,
a0e60885-1250-47ca-a8a9-6c3ceb854cd8,numbered,24230,completed,sold,1,2026-06-08 16:13:43.282051+00,2026-06-08 16:13:51.387532+00,2026-06-08 16:13:51.492034+00,0.104502,8.209983,
dc058606-6af4-41a2-af29-cfbaeb82f208,numbered,681,completed,sold,1,2026-06-08 16:13:43.290327+00,2026-06-08 16:13:51.40427+00,2026-06-08 16:13:51.510217+00,0.105947,8.219890,
579cd69f-744e-4cbd-9153-8933dc36c7c3,numbered,4157,completed,sold,1,2026-06-08 16:13:43.298856+00,2026-06-08 16:13:51.462542+00,2026-06-08 16:13:51.567197+00,0.104655,8.268341,
e88301ad-34db-42eb-bf25-4bdeddce1f68,numbered,4375,completed,sold,1,2026-06-08 16:13:43.306833+00,2026-06-08 16:13:51.472448+00,2026-06-08 16:13:51.577717+00,0.105269,8.270884,
6a7b79b1-becb-4267-a344-412643d47cbb,numbered,4120,completed,sold,1,2026-06-08 16:13:43.315261+00,2026-06-08 16:13:51.514173+00,2026-06-08 16:13:51.618808+00,0.104635,8.303547,
0d5037c4-eb22-43d5-b4b2-3213b3868c73,numbered,96144,completed,sold,1,2026-06-08 16:13:43.323951+00,2026-06-08 16:13:51.532869+00,2026-06-08 16:13:51.638161+00,0.105292,8.314210,
7bc3cc69-8caf-48de-ab01-1b7fd8024bb1,numbered,2282,completed,sold,1,2026-06-08 16:13:43.332052+00,2026-06-08 16:13:51.589081+00,2026-06-08 16:13:51.693517+00,0.104436,8.361465,
f903b8d3-8646-41f4-98ef-94106413c5c3,numbered,1960,completed,sold,1,2026-06-08 16:13:43.340362+00,2026-06-08 16:13:51.603264+00,2026-06-08 16:13:51.708668+00,0.105404,8.368306,
a77a29b2-7bfc-486e-94e0-9881433c8e85,numbered,41777,completed,sold,1,2026-06-08 16:13:43.34861+00,2026-06-08 16:13:51.640075+00,2026-06-08 16:13:51.744284+00,0.104209,8.395674,
fdd199e3-2b64-4180-b28b-b6850dfb1758,numbered,3206,completed,sold,1,2026-06-08 16:13:43.356961+00,2026-06-08 16:13:51.659526+00,2026-06-08 16:13:51.765142+00,0.105616,8.408181,
fb96d71a-7f0c-41b3-980f-c5c719b1c751,numbered,39940,completed,sold,1,2026-06-08 16:13:43.365298+00,2026-06-08 16:13:51.715714+00,2026-06-08 16:13:51.820283+00,0.104569,8.454985,
827064d2-c67d-412c-9f2a-9ef472cebe59,numbered,67858,completed,sold,1,2026-06-08 16:13:43.373711+00,2026-06-08 16:13:51.732889+00,2026-06-08 16:13:51.83932+00,0.106431,8.465609,
feadcc43-4eb7-44dd-a44f-73e8b6270ff6,numbered,1261,completed,sold,1,2026-06-08 16:13:43.382032+00,2026-06-08 16:13:51.766328+00,2026-06-08 16:13:51.87061+00,0.104282,8.488578,
d0f0f929-915d-4209-b5d9-f441d5ab81d4,numbered,4778,completed,sold,1,2026-06-08 16:13:43.390439+00,2026-06-08 16:13:51.786422+00,2026-06-08 16:13:51.891604+00,0.105182,8.501165,
725bfe6d-3b16-4094-9c5c-50a01ae6af84,numbered,60244,completed,sold,1,2026-06-08 16:13:43.39878+00,2026-06-08 16:13:51.842247+00,2026-06-08 16:13:51.946847+00,0.104600,8.548067,
b9f6b5f5-3664-4c11-ab9e-cc4bebe1146c,numbered,647,completed,sold,1,2026-06-08 16:13:43.406963+00,2026-06-08 16:13:51.8636+00,2026-06-08 16:13:51.969383+00,0.105783,8.562420,
cdcda395-5be3-4f1a-8d1f-98546839317f,numbered,79161,completed,sold,1,2026-06-08 16:13:43.415357+00,2026-06-08 16:13:51.892115+00,2026-06-08 16:13:51.996628+00,0.104513,8.581271,
4a38e7e6-81b7-4f70-8db7-703c5ba23ba9,numbered,4231,completed,sold,1,2026-06-08 16:13:43.423696+00,2026-06-08 16:13:51.91297+00,2026-06-08 16:13:52.018314+00,0.105344,8.594618,
af7829e8-c921-4219-b6e8-599d65746254,numbered,3654,completed,sold,1,2026-06-08 16:13:43.432075+00,2026-06-08 16:13:51.967576+00,2026-06-08 16:13:52.072202+00,0.104626,8.640127,
4b925546-ae66-4a46-a714-ae658b7f7e78,numbered,2623,completed,seat_unavailable,1,2026-06-08 16:13:43.440322+00,2026-06-08 16:13:51.993482+00,2026-06-08 16:13:52.096674+00,0.103192,8.656352,
710b9c0c-7da9-40ef-88f9-5aab08b13b39,numbered,2363,completed,seat_unavailable,1,2026-06-08 16:13:43.448575+00,2026-06-08 16:13:52.019476+00,2026-06-08 16:13:52.122128+00,0.102652,8.673553,
4fd771de-df12-4eb0-b24f-77e03187d28a,numbered,782,completed,sold,1,2026-06-08 16:13:43.457099+00,2026-06-08 16:13:52.040438+00,2026-06-08 16:13:52.145292+00,0.104854,8.688193,
b9c4f61c-799b-493b-a2e2-f6ffeed50c30,numbered,4911,completed,seat_unavailable,1,2026-06-08 16:13:43.46526+00,2026-06-08 16:13:52.093408+00,2026-06-08 16:13:52.196207+00,0.102799,8.730947,
abfe4f7e-469f-48b3-8ba4-4d1d906a77bf,numbered,4278,completed,sold,1,2026-06-08 16:13:43.473676+00,2026-06-08 16:13:52.121506+00,2026-06-08 16:13:52.22667+00,0.105164,8.752994,
4226a76e-6363-48cb-93f6-1a0ca8eac383,numbered,269,completed,sold,1,2026-06-08 16:13:43.48193+00,2026-06-08 16:13:52.143582+00,2026-06-08 16:13:52.248229+00,0.104647,8.766299,
9b4ba8e9-ba36-4011-b931-9919ccb08675,numbered,2787,completed,sold,1,2026-06-08 16:13:43.490236+00,2026-06-08 16:13:52.166991+00,2026-06-08 16:13:52.271634+00,0.104643,8.781398,
71a881c4-5f17-4275-bccc-cc6e5b3618db,numbered,2152,completed,sold,1,2026-06-08 16:13:43.498759+00,2026-06-08 16:13:52.217073+00,2026-06-08 16:13:52.321578+00,0.104505,8.822819,
1e25c3db-1161-4b14-840b-84a91a6f79bb,numbered,364,completed,sold,1,2026-06-08 16:13:43.507079+00,2026-06-08 16:13:52.251689+00,2026-06-08 16:13:52.357341+00,0.105652,8.850262,
ec8ad384-b476-4cea-8562-8ef3e6ca2af6,numbered,14848,completed,sold,1,2026-06-08 16:13:43.515353+00,2026-06-08 16:13:52.269024+00,2026-06-08 16:13:52.373427+00,0.104403,8.858074,
2d1a7938-7536-4963-93da-be4dec914e48,numbered,2597,completed,sold,1,2026-06-08 16:13:43.52375+00,2026-06-08 16:13:52.292737+00,2026-06-08 16:13:52.397635+00,0.104898,8.873885,
0488aadf-0794-48ce-bb1a-2a9f8a13418b,numbered,779,completed,sold,1,2026-06-08 16:13:43.531913+00,2026-06-08 16:13:52.342956+00,2026-06-08 16:13:52.447426+00,0.104470,8.915513,
f1c58f64-f1a0-4867-8a9f-05e708500dc8,numbered,202,completed,seat_unavailable,1,2026-06-08 16:13:43.54022+00,2026-06-08 16:13:52.383734+00,2026-06-08 16:13:52.48721+00,0.103476,8.946990,
6f7f7278-54bc-4bdb-ab52-1d56a6b5be27,numbered,4248,completed,sold,1,2026-06-08 16:13:43.548628+00,2026-06-08 16:13:52.395835+00,2026-06-08 16:13:52.500262+00,0.104427,8.951634,
6e1434b0-be23-48b5-b394-bbc9a8f0f544,numbered,1228,completed,sold,1,2026-06-08 16:13:43.556769+00,2026-06-08 16:13:52.419631+00,2026-06-08 16:13:52.524333+00,0.104702,8.967564,
69630a80-0313-4cb8-81a9-5d6a1561b308,numbered,3179,completed,sold,1,2026-06-08 16:13:43.565252+00,2026-06-08 16:13:52.468966+00,2026-06-08 16:13:52.573477+00,0.104511,9.008225,
8bde970b-a990-42bd-8561-d020de945048,numbered,2499,completed,sold,1,2026-06-08 16:13:43.573551+00,2026-06-08 16:13:52.512826+00,2026-06-08 16:13:52.618424+00,0.105598,9.044873,
cac911ce-27a4-4cbe-bfad-22cce84aa730,numbered,1344,completed,sold,1,2026-06-08 16:13:43.581914+00,2026-06-08 16:13:52.521325+00,2026-06-08 16:13:52.626689+00,0.105364,9.044775,
0dcef82c-e809-4269-a7b7-be977fbc45de,numbered,2197,completed,sold,1,2026-06-08 16:13:43.590189+00,2026-06-08 16:13:52.54648+00,2026-06-08 16:13:52.651162+00,0.104682,9.060973,
23cdcebd-9f87-466e-9dcd-91faa53df893,numbered,859,completed,sold,1,2026-06-08 16:13:43.598889+00,2026-06-08 16:13:52.594592+00,2026-06-08 16:13:52.699183+00,0.104591,9.100294,
a86fed78-6693-4cac-847e-969828f22306,numbered,4271,completed,sold,1,2026-06-08 16:13:43.60697+00,2026-06-08 16:13:52.643764+00,2026-06-08 16:13:52.74967+00,0.105906,9.142700,
e7d44b2e-c245-4fc3-a6e4-e00c1d072a54,numbered,2744,completed,sold,1,2026-06-08 16:13:43.615422+00,2026-06-08 16:13:52.648245+00,2026-06-08 16:13:52.752903+00,0.104658,9.137481,
52a78061-b307-406d-a1d3-196a4abfc813,numbered,3924,completed,sold,1,2026-06-08 16:13:43.62359+00,2026-06-08 16:13:52.673049+00,2026-06-08 16:13:52.778073+00,0.105024,9.154483,
7d904625-358a-4644-990f-cfc229b1c75f,numbered,2748,completed,sold,1,2026-06-08 16:13:43.631942+00,2026-06-08 16:13:52.720424+00,2026-06-08 16:13:52.825185+00,0.104761,9.193243,
39e850ea-3d16-4f6c-a4bd-e4dfd1ee908f,numbered,14383,completed,sold,1,2026-06-08 16:13:43.648722+00,2026-06-08 16:13:52.775561+00,2026-06-08 16:13:52.880376+00,0.104815,9.231654,
c968b168-3548-4b52-b19c-85e720fc236a,numbered,748,completed,sold,1,2026-06-08 16:13:43.641653+00,2026-06-08 16:13:52.776582+00,2026-06-08 16:13:52.882337+00,0.105755,9.240684,
557028af-8953-4e96-8680-636163df0849,numbered,1321,completed,sold,1,2026-06-08 16:13:43.656969+00,2026-06-08 16:13:52.801351+00,2026-06-08 16:13:52.906733+00,0.105382,9.249764,
af8042c4-9bff-4c1d-8862-d10c8f02d16a,numbered,79048,completed,sold,1,2026-06-08 16:13:43.665152+00,2026-06-08 16:13:52.846468+00,2026-06-08 16:13:52.951364+00,0.104896,9.286212,
5a451b16-c983-42f6-b0be-73a8baf1e709,numbered,476,completed,sold,1,2026-06-08 16:13:43.673541+00,2026-06-08 16:13:52.904418+00,2026-06-08 16:13:53.009172+00,0.104754,9.335631,
603e8c28-7185-485d-8587-35682db8d546,numbered,2430,completed,sold,1,2026-06-08 16:13:43.681788+00,2026-06-08 16:13:52.909114+00,2026-06-08 16:13:53.015628+00,0.106514,9.333840,
a22b29f0-06d4-4a76-9f6d-fbc1cdbeda0b,numbered,2119,completed,sold,1,2026-06-08 16:13:43.69028+00,2026-06-08 16:13:52.928754+00,2026-06-08 16:13:53.03329+00,0.104536,9.343010,
e30d2ca0-9ab1-402f-8a15-05d6d01de3d4,numbered,3506,completed,sold,1,2026-06-08 16:13:43.698837+00,2026-06-08 16:13:52.977617+00,2026-06-08 16:13:53.082421+00,0.104804,9.383584,
a2ce47a5-92cb-4a13-a693-5f5f69477873,numbered,42823,completed,sold,1,2026-06-08 16:13:43.707065+00,2026-06-08 16:13:53.031046+00,2026-06-08 16:13:53.135651+00,0.104605,9.428586,
84fef699-2baf-4ef4-ab7a-5534a4beb602,numbered,90,completed,sold,1,2026-06-08 16:13:43.715321+00,2026-06-08 16:13:53.048249+00,2026-06-08 16:13:53.154529+00,0.106280,9.439208,
7c568f91-c35d-49e2-96ce-d54e8bb9d0b0,numbered,46227,completed,sold,1,2026-06-08 16:13:43.72354+00,2026-06-08 16:13:53.055109+00,2026-06-08 16:13:53.160333+00,0.105224,9.436793,
50edb63f-56c5-4b04-afef-5709024a933d,numbered,54988,completed,sold,1,2026-06-08 16:13:43.73196+00,2026-06-08 16:13:53.111226+00,2026-06-08 16:13:53.215937+00,0.104711,9.483977,
b8392b73-9e12-4953-8f23-3d516b4422eb,numbered,2366,completed,sold,1,2026-06-08 16:13:43.740324+00,2026-06-08 16:13:53.157613+00,2026-06-08 16:13:53.26231+00,0.104697,9.521986,
a3dfaa54-6e12-421f-9ddd-867ac2b327f9,numbered,1450,completed,sold,1,2026-06-08 16:13:43.748771+00,2026-06-08 16:13:53.180206+00,2026-06-08 16:13:53.286404+00,0.106198,9.537633,
b475c990-5b79-40fc-bd41-7b60bbcd76e6,numbered,2779,completed,sold,1,2026-06-08 16:13:43.7572+00,2026-06-08 16:13:53.182863+00,2026-06-08 16:13:53.287946+00,0.105083,9.530746,
f0451a81-94d8-4c88-9709-f8f672d387ec,numbered,4852,completed,sold,1,2026-06-08 16:13:43.765343+00,2026-06-08 16:13:53.236927+00,2026-06-08 16:13:53.341407+00,0.104480,9.576064,
3f17c391-60ea-4535-8680-11705bc04d9f,numbered,4545,completed,sold,1,2026-06-08 16:13:43.773761+00,2026-06-08 16:13:53.283732+00,2026-06-08 16:13:53.388281+00,0.104549,9.614520,
4330a4a8-ff24-4c1d-9871-09311cb756c3,numbered,4348,completed,sold,1,2026-06-08 16:13:43.790378+00,2026-06-08 16:13:53.311503+00,2026-06-08 16:13:53.416572+00,0.105069,9.626194,
f661abef-e731-4980-a02f-1424df53c84f,numbered,2253,completed,sold,1,2026-06-08 16:13:43.782136+00,2026-06-08 16:13:53.313092+00,2026-06-08 16:13:53.419133+00,0.106041,9.636997,
e4ded2a8-c259-4bea-b2dd-49ab89e995af,numbered,3274,completed,sold,1,2026-06-08 16:13:43.799025+00,2026-06-08 16:13:53.362406+00,2026-06-08 16:13:53.46702+00,0.104614,9.667995,
4e3afb8b-93a0-40fc-bc9d-ef135ed86b5f,numbered,4483,completed,sold,1,2026-06-08 16:13:43.806999+00,2026-06-08 16:13:53.40914+00,2026-06-08 16:13:53.513725+00,0.104585,9.706726,
7ea49c15-b928-4bb9-8127-a76492ed894b,numbered,2247,completed,sold,1,2026-06-08 16:13:43.815422+00,2026-06-08 16:13:53.439608+00,2026-06-08 16:13:53.544273+00,0.104665,9.728851,
241d329f-9155-45a9-ae07-1682b9f74b7d,numbered,1437,completed,sold,1,2026-06-08 16:13:43.823588+00,2026-06-08 16:13:53.444134+00,2026-06-08 16:13:53.550553+00,0.106419,9.726965,
7f2531e1-819e-4205-9380-88025e6cad3a,numbered,2614,completed,sold,1,2026-06-08 16:13:43.831941+00,2026-06-08 16:13:53.488711+00,2026-06-08 16:13:53.593398+00,0.104687,9.761457,
7dd2222a-d8d7-4eed-a7dc-f4f029a01e72,numbered,3877,completed,sold,1,2026-06-08 16:13:43.840291+00,2026-06-08 16:13:53.534524+00,2026-06-08 16:13:53.639186+00,0.104662,9.798895,
ba123aab-a626-453a-a88f-42799f47b15e,numbered,76704,completed,sold,1,2026-06-08 16:13:43.848527+00,2026-06-08 16:13:53.566382+00,2026-06-08 16:13:53.671431+00,0.105049,9.822904,
16a822cd-dbb1-4533-81e3-c8933a0b7cd3,numbered,4093,completed,sold,1,2026-06-08 16:13:43.857006+00,2026-06-08 16:13:53.574897+00,2026-06-08 16:13:53.681112+00,0.106215,9.824106,
dd2427da-ce82-42be-97a3-f9aa90f45742,numbered,1521,completed,sold,1,2026-06-08 16:13:43.86538+00,2026-06-08 16:13:53.614132+00,2026-06-08 16:13:53.718787+00,0.104655,9.853407,
cb01d464-23ab-4ff5-b0d9-0d0550a3d460,numbered,4872,completed,sold,1,2026-06-08 16:13:43.873659+00,2026-06-08 16:13:53.659971+00,2026-06-08 16:13:53.76451+00,0.104539,9.890851,
0e746dd6-434d-4d00-9922-779183ad8028,numbered,584,completed,sold,1,2026-06-08 16:13:43.882079+00,2026-06-08 16:13:53.694336+00,2026-06-08 16:13:53.799049+00,0.104713,9.916970,
c6a7e4ce-55db-48b6-ab3c-dee90d6d2ddb,numbered,50980,completed,seat_unavailable,1,2026-06-08 16:13:43.890372+00,2026-06-08 16:13:53.705511+00,2026-06-08 16:13:53.808531+00,0.103020,9.918159,
99b6e554-fa12-494d-98ae-330ee8bd203a,numbered,3618,completed,sold,1,2026-06-08 16:13:43.898911+00,2026-06-08 16:13:53.740138+00,2026-06-08 16:13:53.844791+00,0.104653,9.945880,
26441d50-0100-4507-828b-aa234df7e6a6,numbered,2838,completed,sold,1,2026-06-08 16:13:43.906909+00,2026-06-08 16:13:53.785029+00,2026-06-08 16:13:53.88971+00,0.104681,9.982801,
07989c31-3cb3-413d-a6a5-395208b812fd,numbered,90565,completed,sold,1,2026-06-08 16:13:43.915324+00,2026-06-08 16:13:53.822386+00,2026-06-08 16:13:53.927356+00,0.104970,10.012032,
6dd438dc-d27b-46bf-b87a-368bdc3a7d28,numbered,4971,completed,sold,1,2026-06-08 16:13:43.923808+00,2026-06-08 16:13:53.833092+00,2026-06-08 16:13:53.938323+00,0.105231,10.014515,
adb4a3ad-af74-461d-aacc-92ef7113ab4e,numbered,3937,completed,sold,1,2026-06-08 16:13:43.932108+00,2026-06-08 16:13:53.865534+00,2026-06-08 16:13:53.969683+00,0.104149,10.037575,
0735c7ad-3043-4bab-b4a7-3d4fe4d3dd32,numbered,1509,completed,sold,1,2026-06-08 16:13:43.940319+00,2026-06-08 16:13:53.910326+00,2026-06-08 16:13:54.014839+00,0.104513,10.074520,
d86a0425-894e-4ed9-a92c-175d5cf7ef90,numbered,3792,completed,sold,1,2026-06-08 16:13:43.94876+00,2026-06-08 16:13:53.949997+00,2026-06-08 16:13:54.054955+00,0.104958,10.106195,
60a2618c-fe13-401a-8692-8624014ae820,numbered,98342,completed,sold,1,2026-06-08 16:13:43.956939+00,2026-06-08 16:13:53.962963+00,2026-06-08 16:13:54.068039+00,0.105076,10.111100,
a430f2e7-33e3-4990-938e-17b507edcd23,numbered,886,completed,sold,1,2026-06-08 16:13:43.96536+00,2026-06-08 16:13:53.991092+00,2026-06-08 16:13:54.095318+00,0.104226,10.129958,
1ee650fe-c082-427c-9f62-2fe286906191,numbered,90262,completed,sold,1,2026-06-08 16:13:43.973641+00,2026-06-08 16:13:54.035953+00,2026-06-08 16:13:54.140726+00,0.104773,10.167085,
2cccbbd8-3c83-4716-8822-f2b355982860,numbered,17768,completed,sold,1,2026-06-08 16:13:43.982048+00,2026-06-08 16:13:54.078937+00,2026-06-08 16:13:54.183755+00,0.104818,10.201707,
050efb5b-ab89-40bc-8000-762c4b2e6840,numbered,3723,completed,sold,1,2026-06-08 16:13:43.990426+00,2026-06-08 16:13:54.093331+00,2026-06-08 16:13:54.199+00,0.105669,10.208574,
77dbfbbd-d636-482f-a1c6-d1a338c933b3,numbered,663,completed,sold,1,2026-06-08 16:13:43.999033+00,2026-06-08 16:13:54.116866+00,2026-06-08 16:13:54.221582+00,0.104716,10.222549,
eb5838b3-a3f0-45cb-8acf-a00b633ea0f9,numbered,4458,completed,sold,1,2026-06-08 16:13:44.00722+00,2026-06-08 16:13:54.161344+00,2026-06-08 16:13:54.265956+00,0.104612,10.258736,
880e6ff7-599b-40e6-8738-87c08a4ee400,numbered,3963,completed,sold,1,2026-06-08 16:13:44.015504+00,2026-06-08 16:13:54.206204+00,2026-06-08 16:13:54.310988+00,0.104784,10.295484,
74dcaacf-fc81-4130-83be-95936c5073da,numbered,1071,completed,sold,1,2026-06-08 16:13:44.023731+00,2026-06-08 16:13:54.224083+00,2026-06-08 16:13:54.330322+00,0.106239,10.306591,
959c8f0b-d97e-4a2f-b2af-ccc33366a84b,numbered,1536,completed,sold,1,2026-06-08 16:13:44.032093+00,2026-06-08 16:13:54.242666+00,2026-06-08 16:13:54.348003+00,0.105337,10.315910,
b16cfe73-9b46-4c8f-96b8-7946e28e4883,numbered,2287,completed,sold,1,2026-06-08 16:13:44.040379+00,2026-06-08 16:13:54.286686+00,2026-06-08 16:13:54.391494+00,0.104808,10.351115,
fb0c3a89-bb47-489a-8e48-d2f69afac364,numbered,3714,completed,sold,1,2026-06-08 16:13:44.04865+00,2026-06-08 16:13:54.333151+00,2026-06-08 16:13:54.43808+00,0.104929,10.389430,
dd96dde2-319a-4ca4-a24b-629e9ed45c14,numbered,942,completed,sold,1,2026-06-08 16:13:44.056956+00,2026-06-08 16:13:54.357166+00,2026-06-08 16:13:54.46247+00,0.105304,10.405514,
c53a863a-2a17-490e-861b-c30e56dfa252,numbered,66976,completed,sold,1,2026-06-08 16:13:44.065226+00,2026-06-08 16:13:54.370633+00,2026-06-08 16:13:54.474955+00,0.104322,10.409729,
c37e25ce-016a-4e4d-94a9-f5fe7cc73544,numbered,31267,completed,sold,1,2026-06-08 16:13:44.073612+00,2026-06-08 16:13:54.411645+00,2026-06-08 16:13:54.516115+00,0.104470,10.442503,
1d2c1a0a-91c5-4ab5-b843-d37b09be8f48,numbered,595,completed,sold,1,2026-06-08 16:13:44.082113+00,2026-06-08 16:13:54.459761+00,2026-06-08 16:13:54.564406+00,0.104645,10.482293,
0ffe5954-3223-4ba5-9f1b-c0c938dcec35,numbered,4991,completed,sold,1,2026-06-08 16:13:44.09021+00,2026-06-08 16:13:54.487523+00,2026-06-08 16:13:54.592686+00,0.105163,10.502476,
1f5ca569-8c20-4c70-a7c4-7bfc39015563,numbered,1490,completed,sold,1,2026-06-08 16:13:44.098767+00,2026-06-08 16:13:54.496849+00,2026-06-08 16:13:54.601827+00,0.104978,10.503060,
6ea874fb-d5c7-43a9-bf01-de5c7fba469e,numbered,2691,completed,sold,1,2026-06-08 16:13:44.107036+00,2026-06-08 16:13:54.536828+00,2026-06-08 16:13:54.641489+00,0.104661,10.534453,
f6e03f76-da77-43e8-ba0d-8eb18ea27bcf,numbered,68776,completed,sold,1,2026-06-08 16:13:44.115287+00,2026-06-08 16:13:54.58617+00,2026-06-08 16:13:54.691302+00,0.105132,10.576015,
15f5f1e6-9611-4daa-93bb-581ee9c3e141,numbered,489,completed,sold,1,2026-06-08 16:13:44.123769+00,2026-06-08 16:13:54.617268+00,2026-06-08 16:13:54.722922+00,0.105654,10.599153,
eb8c482a-8b86-484e-b7e9-747b716ea010,numbered,160,completed,sold,1,2026-06-08 16:13:44.132031+00,2026-06-08 16:13:54.622455+00,2026-06-08 16:13:54.727314+00,0.104859,10.595283,
2c97d848-3b2c-4cd5-be1d-40842a0567b1,numbered,4619,completed,sold,1,2026-06-08 16:13:44.140396+00,2026-06-08 16:13:54.662303+00,2026-06-08 16:13:54.766821+00,0.104518,10.626425,
8014fa31-2a90-49dd-81df-fc9cd4741e61,numbered,4475,completed,sold,1,2026-06-08 16:13:44.148592+00,2026-06-08 16:13:54.712913+00,2026-06-08 16:13:54.81813+00,0.105217,10.669538,
6577f3a4-2117-4c18-b56a-8ba396085bde,numbered,59315,completed,sold,1,2026-06-08 16:13:44.157037+00,2026-06-08 16:13:54.748152+00,2026-06-08 16:13:54.854059+00,0.105907,10.697022,
76b1b815-ecc2-4634-8d27-b88ab5a11edf,numbered,2142,completed,sold,1,2026-06-08 16:13:44.165372+00,2026-06-08 16:13:54.750731+00,2026-06-08 16:13:54.855729+00,0.104998,10.690357,
21d1de1a-2ee0-4f5e-b456-1a8db6b65caf,numbered,552,completed,seat_unavailable,1,2026-06-08 16:13:44.173658+00,2026-06-08 16:13:54.786996+00,2026-06-08 16:13:54.889667+00,0.102671,10.716009,
c1109dbc-8f1e-4d1f-8b4d-1a0ed422ce04,numbered,633,completed,sold,1,2026-06-08 16:13:44.182093+00,2026-06-08 16:13:54.84012+00,2026-06-08 16:13:54.944933+00,0.104813,10.762840,
42b1b992-e98f-49a9-82ad-15f0dda91b55,numbered,4746,completed,sold,1,2026-06-08 16:13:44.198675+00,2026-06-08 16:13:54.877544+00,2026-06-08 16:13:54.982087+00,0.104543,10.783412,
2de60b59-3307-4087-9196-9b1039d3e533,numbered,61595,completed,sold,1,2026-06-08 16:13:44.190434+00,2026-06-08 16:13:54.881033+00,2026-06-08 16:13:54.987052+00,0.106019,10.796618,
c168f68d-55ff-4deb-a915-e87792ded6a2,numbered,2153,completed,sold,1,2026-06-08 16:13:44.206953+00,2026-06-08 16:13:54.910296+00,2026-06-08 16:13:55.014802+00,0.104506,10.807849,
20911d25-25ab-47cc-a92f-45e112de3aa7,numbered,2164,completed,sold,1,2026-06-08 16:13:44.216102+00,2026-06-08 16:13:54.966977+00,2026-06-08 16:13:55.071889+00,0.104912,10.855787,
eaf15f16-e1bf-4274-b906-d3a1ae5c82b3,numbered,28217,completed,sold,1,2026-06-08 16:13:44.223619+00,2026-06-08 16:13:55.00333+00,2026-06-08 16:13:55.107907+00,0.104577,10.884288,
474e36a9-7a15-4330-93fa-3da4044bee0c,numbered,922,completed,sold,1,2026-06-08 16:13:44.231921+00,2026-06-08 16:13:55.011755+00,2026-06-08 16:13:55.117374+00,0.105619,10.885453,
6dbd698b-f116-4358-88d0-2969a89ccbd8,numbered,1819,completed,sold,1,2026-06-08 16:13:44.24033+00,2026-06-08 16:13:55.035376+00,2026-06-08 16:13:55.140819+00,0.105443,10.900489,
ba793371-ac2f-4e34-929c-9e6d5acf90bf,numbered,981,completed,sold,1,2026-06-08 16:13:44.248839+00,2026-06-08 16:13:55.093677+00,2026-06-08 16:13:55.198827+00,0.105150,10.949988,
ddb68799-e010-4c89-b4de-e016534b3676,numbered,4409,completed,sold,1,2026-06-08 16:13:44.257208+00,2026-06-08 16:13:55.13016+00,2026-06-08 16:13:55.234587+00,0.104427,10.977379,
b8a69ae3-b9cf-42ae-97a4-8a8b46c11a53,numbered,4814,completed,sold,1,2026-06-08 16:13:44.265471+00,2026-06-08 16:13:55.142545+00,2026-06-08 16:13:55.247909+00,0.105364,10.982438,
aa4c2c08-cf8c-42ed-b750-d6c77d2c20af,numbered,4712,completed,sold,1,2026-06-08 16:13:44.273715+00,2026-06-08 16:13:55.161084+00,2026-06-08 16:13:55.265931+00,0.104847,10.992216,
a0245954-205b-4d4e-a2e0-ff2adc38c2e8,numbered,1350,completed,sold,1,2026-06-08 16:13:44.282065+00,2026-06-08 16:13:55.222976+00,2026-06-08 16:13:55.32769+00,0.104714,11.045625,
bb7f8ca1-de3a-49c3-9762-312626ca9fe9,numbered,3079,completed,sold,1,2026-06-08 16:13:44.290512+00,2026-06-08 16:13:55.257325+00,2026-06-08 16:13:55.361987+00,0.104662,11.071475,
fe692f0f-2da1-4056-9058-a75df0e71d29,numbered,287,completed,sold,1,2026-06-08 16:13:44.298961+00,2026-06-08 16:13:55.274738+00,2026-06-08 16:13:55.380779+00,0.106041,11.081818,
41930a39-adc9-42cd-adff-87140f67a7fa,numbered,2581,completed,sold,1,2026-06-08 16:13:44.307235+00,2026-06-08 16:13:55.287201+00,2026-06-08 16:13:55.39157+00,0.104369,11.084335,
882f093a-44a8-4149-ad8b-44d8c88d7759,numbered,1531,completed,sold,1,2026-06-08 16:13:44.315688+00,2026-06-08 16:13:55.349716+00,2026-06-08 16:13:55.454606+00,0.104890,11.138918,
48f54321-360a-4d7e-9e46-4cfce042649d,numbered,1637,completed,sold,1,2026-06-08 16:13:44.323787+00,2026-06-08 16:13:55.384187+00,2026-06-08 16:13:55.489151+00,0.104964,11.165364,
41612785-e2d0-440b-a27a-81434e27cbdd,numbered,4739,completed,sold,1,2026-06-08 16:13:44.332072+00,2026-06-08 16:13:55.405596+00,2026-06-08 16:13:55.511356+00,0.105760,11.179284,
445308fe-6ab1-4e8a-be8e-6517c4c036a8,numbered,3659,completed,sold,1,2026-06-08 16:13:44.340373+00,2026-06-08 16:13:55.412825+00,2026-06-08 16:13:55.518142+00,0.105317,11.177769,
2b30c9cc-fd1f-4dac-b461-bb47df3e2fe6,numbered,4662,completed,sold,1,2026-06-08 16:13:44.348724+00,2026-06-08 16:13:55.477205+00,2026-06-08 16:13:55.58213+00,0.104925,11.233406,
7afa9c9f-6925-4bee-8bf5-fd189c163d6b,numbered,4889,completed,sold,1,2026-06-08 16:13:44.357043+00,2026-06-08 16:13:55.511159+00,2026-06-08 16:13:55.616099+00,0.104940,11.259056,
91802322-b3b2-438f-8fd5-c91acddab008,numbered,3920,completed,sold,1,2026-06-08 16:13:44.365353+00,2026-06-08 16:13:55.538023+00,2026-06-08 16:13:55.643847+00,0.105824,11.278494,
806d119a-27ba-49ef-a2f2-d4febc53230a,numbered,2376,completed,sold,1,2026-06-08 16:13:44.373613+00,2026-06-08 16:13:55.539358+00,2026-06-08 16:13:55.643963+00,0.104605,11.270350,
7c614f7b-3eba-436f-9b52-33203bc40f4f,numbered,2037,completed,sold,1,2026-06-08 16:13:44.381971+00,2026-06-08 16:13:55.605192+00,2026-06-08 16:13:55.70974+00,0.104548,11.327769,
b98eab60-c179-4928-b9cf-5dbfe9495257,numbered,1398,completed,sold,1,2026-06-08 16:13:44.390514+00,2026-06-08 16:13:55.637296+00,2026-06-08 16:13:55.741909+00,0.104613,11.351395,
d9b96ec1-0df8-41b9-99af-bae3e02c7f02,numbered,91626,completed,sold,1,2026-06-08 16:13:44.39912+00,2026-06-08 16:13:55.666806+00,2026-06-08 16:13:55.771114+00,0.104308,11.371994,
79a59a05-312d-43bd-b611-f42b4215567c,numbered,2949,completed,sold,1,2026-06-08 16:13:44.407076+00,2026-06-08 16:13:55.669512+00,2026-06-08 16:13:55.775422+00,0.105910,11.368346,
8d08324c-012c-4b47-9b4f-820237aed654,numbered,24701,completed,sold,1,2026-06-08 16:13:44.415306+00,2026-06-08 16:13:55.731157+00,2026-06-08 16:13:55.835792+00,0.104635,11.420486,
612e5bf6-6a4f-4620-afa3-7a78d1d9b483,numbered,4651,completed,sold,1,2026-06-08 16:13:44.423593+00,2026-06-08 16:13:55.764246+00,2026-06-08 16:13:55.871246+00,0.107000,11.447653,
66f18581-b99c-4242-8d58-9a67178b0ed7,numbered,737,completed,sold,1,2026-06-08 16:13:44.432206+00,2026-06-08 16:13:55.792642+00,2026-06-08 16:13:55.896928+00,0.104286,11.464722,
5ca77aad-6dfe-4ddb-89a1-a62a8546cd47,numbered,96643,completed,sold,1,2026-06-08 16:13:44.440407+00,2026-06-08 16:13:55.799862+00,2026-06-08 16:13:55.905753+00,0.105891,11.465346,
698a3640-b500-401c-b1dd-37550cab768b,numbered,3162,completed,sold,1,2026-06-08 16:13:44.448844+00,2026-06-08 16:13:55.857113+00,2026-06-08 16:13:55.962007+00,0.104894,11.513163,
44244ac8-d762-4c73-8f03-97b26616ff1a,numbered,32271,completed,sold,1,2026-06-08 16:13:44.457267+00,2026-06-08 16:13:55.892497+00,2026-06-08 16:13:55.997163+00,0.104666,11.539896,
4b5a851b-0e4f-46fc-bf51-accb844d30e0,numbered,4638,completed,sold,1,2026-06-08 16:13:44.465455+00,2026-06-08 16:13:55.919467+00,2026-06-08 16:13:56.023741+00,0.104274,11.558286,
9725ba2e-38df-4995-a096-5893751e3950,numbered,1668,completed,sold,1,2026-06-08 16:13:44.473709+00,2026-06-08 16:13:55.930108+00,2026-06-08 16:13:56.035403+00,0.105295,11.561694,
e11cc926-9453-4eaf-b140-f21e8d04e613,numbered,3989,completed,sold,1,2026-06-08 16:13:44.482394+00,2026-06-08 16:13:55.983369+00,2026-06-08 16:13:56.08796+00,0.104591,11.605566,
124aade3-bbd6-4c73-94b6-e4a75c33f3aa,numbered,534,completed,sold,1,2026-06-08 16:13:44.490522+00,2026-06-08 16:13:56.020212+00,2026-06-08 16:13:56.12525+00,0.105038,11.634728,
4016460b-e684-4565-9af5-adcd69188df1,numbered,961,completed,sold,1,2026-06-08 16:13:44.499003+00,2026-06-08 16:13:56.045129+00,2026-06-08 16:13:56.149603+00,0.104474,11.650600,
0b12f2e7-8c90-4696-aa87-903f6782cd88,numbered,151,completed,sold,1,2026-06-08 16:13:44.50717+00,2026-06-08 16:13:56.060991+00,2026-06-08 16:13:56.167108+00,0.106117,11.659938,
5657e3d0-3681-40db-a5db-93e212c9e421,numbered,88337,completed,sold,1,2026-06-08 16:13:44.515419+00,2026-06-08 16:13:56.110168+00,2026-06-08 16:13:56.21476+00,0.104592,11.699341,
78ed2faa-ccc3-4466-a281-16fcb4717669,numbered,3281,completed,sold,1,2026-06-08 16:13:44.523967+00,2026-06-08 16:13:56.146762+00,2026-06-08 16:13:56.251782+00,0.105020,11.727815,
58ae5afd-8657-44de-b78e-bbaf85c28158,numbered,4477,completed,sold,1,2026-06-08 16:13:44.532124+00,2026-06-08 16:13:56.17037+00,2026-06-08 16:13:56.274867+00,0.104497,11.742743,
0e71d93c-e603-4a7b-b33e-26af25f55885,numbered,43307,completed,sold,1,2026-06-08 16:13:44.540373+00,2026-06-08 16:13:56.19103+00,2026-06-08 16:13:56.296872+00,0.105842,11.756499,
415f2cfe-43ec-4252-943a-6a14d49464a4,numbered,97630,completed,sold,1,2026-06-08 16:13:44.548671+00,2026-06-08 16:13:56.23644+00,2026-06-08 16:13:56.341238+00,0.104798,11.792567,
fd847d0e-0140-417a-8ebe-68623c913cf5,numbered,3048,completed,sold,1,2026-06-08 16:13:44.556911+00,2026-06-08 16:13:56.272542+00,2026-06-08 16:13:56.37709+00,0.104548,11.820179,
2388e257-2471-4a12-8927-317d76f2b0aa,numbered,4631,completed,sold,1,2026-06-08 16:13:44.565415+00,2026-06-08 16:13:56.295811+00,2026-06-08 16:13:56.400422+00,0.104611,11.835007,
b3172ddf-df66-4546-a201-c1edb76262db,numbered,3123,completed,sold,1,2026-06-08 16:13:44.573923+00,2026-06-08 16:13:56.321355+00,2026-06-08 16:13:56.427424+00,0.106069,11.853501,
f67afe95-66ee-4ff8-963e-02330f75ef40,numbered,2626,completed,sold,1,2026-06-08 16:13:44.582234+00,2026-06-08 16:13:56.362531+00,2026-06-08 16:13:56.46726+00,0.104729,11.885026,
91817db1-0848-4018-9f71-347d3119cbbc,numbered,1841,completed,sold,1,2026-06-08 16:13:44.590605+00,2026-06-08 16:13:56.39837+00,2026-06-08 16:13:56.502959+00,0.104589,11.912354,
c56b650b-1223-45df-b807-1f0cdac03f46,numbered,2331,completed,sold,1,2026-06-08 16:13:44.598767+00,2026-06-08 16:13:56.427691+00,2026-06-08 16:13:56.531847+00,0.104156,11.933080,
16c841bc-1cba-4808-88c2-bb87ec588d62,numbered,4266,completed,sold,1,2026-06-08 16:13:44.607165+00,2026-06-08 16:13:56.451333+00,2026-06-08 16:13:56.556442+00,0.105109,11.949277,
4a5cdc87-c83a-48f9-b796-e7ad386cf5b4,numbered,2033,completed,sold,1,2026-06-08 16:13:44.615465+00,2026-06-08 16:13:56.489546+00,2026-06-08 16:13:56.594318+00,0.104772,11.978853,
f7fdf927-6c32-4556-bf1f-ca409b5ba8f9,numbered,3386,completed,seat_unavailable,1,2026-06-08 16:13:44.624214+00,2026-06-08 16:13:56.524148+00,2026-06-08 16:13:56.627061+00,0.102913,12.002847,
2a2e8fae-bfc9-4b5c-bfc4-aaf1cafc7908,numbered,67157,completed,sold,1,2026-06-08 16:13:44.631986+00,2026-06-08 16:13:56.552662+00,2026-06-08 16:13:56.657211+00,0.104549,12.025225,
452e8b26-819e-4c89-8112-737cc94378f5,numbered,1945,completed,sold,1,2026-06-08 16:13:44.640417+00,2026-06-08 16:13:56.580954+00,2026-06-08 16:13:56.686404+00,0.105450,12.045987,
ed9beb2d-de2d-4585-86da-f933fc60c213,numbered,3674,completed,sold,1,2026-06-08 16:13:44.648639+00,2026-06-08 16:13:56.616216+00,2026-06-08 16:13:56.721114+00,0.104898,12.072475,
2d82d45b-837a-4cba-b60a-477531c9a055,numbered,4907,completed,sold,1,2026-06-08 16:13:44.656995+00,2026-06-08 16:13:56.648535+00,2026-06-08 16:13:56.753249+00,0.104714,12.096254,
0a17bcf1-6917-4267-a383-35cbf3f947c4,numbered,97228,completed,sold,1,2026-06-08 16:13:44.665267+00,2026-06-08 16:13:56.678322+00,2026-06-08 16:13:56.783309+00,0.104987,12.118042,
43d3aac0-599b-4aef-ae78-a4814bfbff58,numbered,1656,completed,sold,1,2026-06-08 16:13:44.673611+00,2026-06-08 16:13:56.711827+00,2026-06-08 16:13:56.817577+00,0.105750,12.143966,
d5120a74-53f7-45e2-a691-e3081ed1801b,numbered,1988,completed,sold,1,2026-06-08 16:13:44.682013+00,2026-06-08 16:13:56.742854+00,2026-06-08 16:13:56.84747+00,0.104616,12.165457,
5b07e34e-7d87-4550-934c-4d74cf95fb5a,numbered,1824,completed,sold,1,2026-06-08 16:13:44.690347+00,2026-06-08 16:13:56.782852+00,2026-06-08 16:13:56.887477+00,0.104625,12.197130,
a8390a56-b586-40de-acda-d524e4f74ef5,numbered,3478,completed,sold,1,2026-06-08 16:13:44.698984+00,2026-06-08 16:13:56.803798+00,2026-06-08 16:13:56.908652+00,0.104854,12.209668,
d3b8f099-04ce-4ef2-9eb7-d48eb2b9451d,numbered,2265,completed,sold,1,2026-06-08 16:13:44.707486+00,2026-06-08 16:13:56.842883+00,2026-06-08 16:13:56.948481+00,0.105598,12.240995,
d0c000f4-f12d-486a-8dbe-67e7b0e2c58c,numbered,406,completed,sold,1,2026-06-08 16:13:44.715456+00,2026-06-08 16:13:56.869399+00,2026-06-08 16:13:56.974523+00,0.105124,12.259067,
3693a687-a427-4817-bade-a83b88ab0ed8,numbered,1200,completed,sold,1,2026-06-08 16:13:44.723858+00,2026-06-08 16:13:56.908936+00,2026-06-08 16:13:57.013492+00,0.104556,12.289634,
3f6f9e23-4496-44fd-ad30-72478ab271e8,numbered,4351,completed,sold,1,2026-06-08 16:13:44.732063+00,2026-06-08 16:13:56.930188+00,2026-06-08 16:13:57.035252+00,0.105064,12.303189,
49eab53c-f875-4f65-b70e-97a28255e084,numbered,3904,completed,sold,1,2026-06-08 16:13:44.740437+00,2026-06-08 16:13:56.974193+00,2026-06-08 16:13:57.079923+00,0.105730,12.339486,
78e896f3-481c-4b58-84d5-df56e22f7096,numbered,4868,completed,sold,1,2026-06-08 16:13:44.748903+00,2026-06-08 16:13:56.996053+00,2026-06-08 16:13:57.102107+00,0.106054,12.353204,
15026b26-ac94-4905-a09f-732751e71254,numbered,2220,completed,sold,1,2026-06-08 16:13:44.757214+00,2026-06-08 16:13:57.035789+00,2026-06-08 16:13:57.140794+00,0.105005,12.383580,
84f1d7dc-369f-44fd-a9fc-2b14133cdae4,numbered,379,completed,sold,1,2026-06-08 16:13:44.765465+00,2026-06-08 16:13:57.056493+00,2026-06-08 16:13:57.16204+00,0.105547,12.396575,
69ab78b4-e7ac-48be-9714-6c2b22cb6142,numbered,4805,completed,sold,1,2026-06-08 16:13:44.773777+00,2026-06-08 16:13:57.106354+00,2026-06-08 16:13:57.212005+00,0.105651,12.438228,
537f3f72-91bd-4c94-8ec6-c8fb6f067d0d,numbered,2328,completed,sold,1,2026-06-08 16:13:44.782218+00,2026-06-08 16:13:57.124103+00,2026-06-08 16:13:57.229288+00,0.105185,12.447070,
d1f25cc5-9bca-4202-b108-7b3927c6a7be,numbered,2925,completed,sold,1,2026-06-08 16:13:44.790527+00,2026-06-08 16:13:57.162683+00,2026-06-08 16:13:57.267321+00,0.104638,12.476794,
ffccb08f-1168-4790-ba23-c0ccdcf5e951,numbered,34,completed,sold,1,2026-06-08 16:13:44.798788+00,2026-06-08 16:13:57.183098+00,2026-06-08 16:13:57.288229+00,0.105131,12.489441,
193e44bd-0443-4bf6-b56e-68d170614590,numbered,29731,completed,sold,1,2026-06-08 16:13:44.806937+00,2026-06-08 16:13:57.237729+00,2026-06-08 16:13:57.343276+00,0.105547,12.536339,
7c6460b9-70e2-4617-b86a-143d8293cd4a,numbered,2049,completed,sold,1,2026-06-08 16:13:44.815454+00,2026-06-08 16:13:57.251712+00,2026-06-08 16:13:57.356331+00,0.104619,12.540877,
572a0d6b-e04b-4eb5-b42c-0c0171ef00b2,numbered,23056,completed,sold,1,2026-06-08 16:13:44.823859+00,2026-06-08 16:13:57.289116+00,2026-06-08 16:13:57.393637+00,0.104521,12.569778,
6a971ad3-f2c1-4671-92c9-41f81a7e4464,numbered,4313,completed,sold,1,2026-06-08 16:13:44.832036+00,2026-06-08 16:13:57.309196+00,2026-06-08 16:13:57.414414+00,0.105218,12.582378,
048972e2-46a0-4258-b33d-592c01d06e22,numbered,3371,completed,sold,1,2026-06-08 16:13:44.840399+00,2026-06-08 16:13:57.368191+00,2026-06-08 16:13:57.473515+00,0.105324,12.633116,
aa59b40a-7e0a-4d5a-a986-63757305b53d,numbered,2553,completed,sold,1,2026-06-08 16:13:44.848814+00,2026-06-08 16:13:57.378395+00,2026-06-08 16:13:57.483442+00,0.105047,12.634628,
cca87c68-294f-4092-a6b5-42dd3952deff,numbered,2926,completed,sold,1,2026-06-08 16:13:44.85715+00,2026-06-08 16:13:57.415649+00,2026-06-08 16:13:57.520229+00,0.104580,12.663079,
b1481f3b-6755-416d-9700-88e78440f6bd,numbered,3863,completed,sold,1,2026-06-08 16:13:44.865407+00,2026-06-08 16:13:57.435193+00,2026-06-08 16:13:57.540234+00,0.105041,12.674827,
0ce2a840-97bd-400d-804f-b75904068d77,numbered,57339,completed,sold,1,2026-06-08 16:13:44.874001+00,2026-06-08 16:13:57.498293+00,2026-06-08 16:13:57.603733+00,0.105440,12.729732,
20bd5805-7089-41e4-9971-0533af1359dd,numbered,1585,completed,sold,1,2026-06-08 16:13:44.88209+00,2026-06-08 16:13:57.505501+00,2026-06-08 16:13:57.611646+00,0.106145,12.729556,
a0d6fef2-0e8c-4107-9106-9133a58db15a,numbered,201,completed,sold,1,2026-06-08 16:13:44.890807+00,2026-06-08 16:13:57.543301+00,2026-06-08 16:13:57.648069+00,0.104768,12.757262,
76f569a6-504a-43b5-85f0-97a85da654f0,numbered,3445,completed,sold,1,2026-06-08 16:13:44.898873+00,2026-06-08 16:13:57.561192+00,2026-06-08 16:13:57.666169+00,0.104977,12.767296,
55334e25-d6b8-404d-9744-c710a12bd178,numbered,1717,completed,sold,1,2026-06-08 16:13:44.907128+00,2026-06-08 16:13:57.629271+00,2026-06-08 16:13:57.734667+00,0.105396,12.827539,
5ac452a1-a28a-46a0-a35f-41aec2dee880,numbered,73437,completed,sold,1,2026-06-08 16:13:44.915354+00,2026-06-08 16:13:57.633786+00,2026-06-08 16:13:57.738568+00,0.104782,12.823214,
8c213d72-f373-4ec3-bd10-c703db49c3e7,numbered,3890,completed,sold,1,2026-06-08 16:13:44.923891+00,2026-06-08 16:13:57.670445+00,2026-06-08 16:13:57.775069+00,0.104624,12.851178,
0e7142c2-1ab3-43f3-8c83-79b8a807403c,numbered,68829,completed,sold,1,2026-06-08 16:13:44.931999+00,2026-06-08 16:13:57.686941+00,2026-06-08 16:13:57.791856+00,0.104915,12.859857,
e900c183-a432-4da1-bb4a-70fb29a09ae7,numbered,3061,completed,sold,1,2026-06-08 16:13:44.940439+00,2026-06-08 16:13:57.760509+00,2026-06-08 16:13:57.866454+00,0.105945,12.926015,
40209510-0ee6-4faa-aef6-15063136a1ba,numbered,4445,completed,sold,1,2026-06-08 16:13:44.948895+00,2026-06-08 16:13:57.761724+00,2026-06-08 16:13:57.866779+00,0.105055,12.917884,
a13f25e5-7209-46ef-80a4-ebddd7e6b403,numbered,1589,completed,sold,1,2026-06-08 16:13:44.957193+00,2026-06-08 16:13:57.796166+00,2026-06-08 16:13:57.900922+00,0.104756,12.943729,
c95fc553-4d77-421b-8de6-aab15592c326,numbered,4975,completed,sold,1,2026-06-08 16:13:44.965335+00,2026-06-08 16:13:57.812542+00,2026-06-08 16:13:57.917653+00,0.105111,12.952318,
3a697e40-3c5e-492a-965b-0c11e5065151,numbered,2107,completed,sold,1,2026-06-08 16:13:44.982089+00,2026-06-08 16:13:57.892109+00,2026-06-08 16:13:57.99719+00,0.105081,13.015101,
7556842a-ea18-41d3-9485-30fcfbf97c2a,numbered,3766,completed,sold,1,2026-06-08 16:13:44.973661+00,2026-06-08 16:13:57.893255+00,2026-06-08 16:13:57.998903+00,0.105648,13.025242,
0b91025b-aa4d-4843-bbaf-4b0cf7fd3438,numbered,1590,completed,sold,1,2026-06-08 16:13:44.990556+00,2026-06-08 16:13:57.922654+00,2026-06-08 16:13:58.027059+00,0.104405,13.036503,
eccc2edd-e66d-4fe8-9cf8-7a8bfb4e9dca,numbered,31102,completed,sold,1,2026-06-08 16:13:44.998869+00,2026-06-08 16:13:57.939266+00,2026-06-08 16:13:58.044078+00,0.104812,13.045209,
6da0e6b7-b9a9-4cc9-ae80-36b54873d3dc,numbered,2395,completed,sold,1,2026-06-08 16:13:45.00725+00,2026-06-08 16:13:58.0216+00,2026-06-08 16:13:58.126862+00,0.105262,13.119612,
063a2982-c537-4077-b2d3-3be729f98cc8,numbered,4065,completed,sold,1,2026-06-08 16:13:45.015935+00,2026-06-08 16:13:58.023826+00,2026-06-08 16:13:58.129548+00,0.105722,13.113613,
5def7b58-d1ce-4c87-b6e5-21a931c30097,numbered,1429,completed,sold,1,2026-06-08 16:13:45.023876+00,2026-06-08 16:13:58.049021+00,2026-06-08 16:13:58.153497+00,0.104476,13.129621,
d73ee766-d887-4da1-a83a-abcbfe47a639,numbered,1490,completed,seat_unavailable,1,2026-06-08 16:13:45.032088+00,2026-06-08 16:13:58.065187+00,2026-06-08 16:13:58.168106+00,0.102919,13.136018,
375a2d54-d69d-4156-b231-77dac0448d09,numbered,2216,completed,sold,1,2026-06-08 16:13:45.040469+00,2026-06-08 16:13:58.149341+00,2026-06-08 16:13:58.254166+00,0.104825,13.213697,
89d8e445-56f4-4bfd-93a0-da7655ed3ab9,numbered,66132,completed,sold,1,2026-06-08 16:13:45.048792+00,2026-06-08 16:13:58.154734+00,2026-06-08 16:13:58.260453+00,0.105719,13.211661,
3021e80a-1969-4dc4-97a8-9a23f9d278bd,numbered,4437,completed,sold,1,2026-06-08 16:13:45.057157+00,2026-06-08 16:13:58.176503+00,2026-06-08 16:13:58.281467+00,0.104964,13.224310,
a9aed21a-6011-47da-99cb-b2b083e48291,numbered,3334,completed,sold,1,2026-06-08 16:13:45.065323+00,2026-06-08 16:13:58.190424+00,2026-06-08 16:13:58.294575+00,0.104151,13.229252,
8d1668f7-a530-485d-bfe2-98756d4b0e4f,numbered,3139,completed,sold,1,2026-06-08 16:13:45.073815+00,2026-06-08 16:13:58.276187+00,2026-06-08 16:13:58.381102+00,0.104915,13.307287,
c90bc0c3-2c13-43cc-973c-237e1a59351c,numbered,8721,completed,sold,1,2026-06-08 16:13:45.082064+00,2026-06-08 16:13:58.285067+00,2026-06-08 16:13:58.39062+00,0.105553,13.308556,
46602092-b44c-415b-9031-8ea28934a727,numbered,1724,completed,sold,1,2026-06-08 16:13:45.090389+00,2026-06-08 16:13:58.303831+00,2026-06-08 16:13:58.408773+00,0.104942,13.318384,
b72f260a-b928-4741-93b2-47c8bc9c840f,numbered,4582,completed,sold,1,2026-06-08 16:13:45.098992+00,2026-06-08 16:13:58.315909+00,2026-06-08 16:13:58.420021+00,0.104112,13.321029,
974ed41d-97aa-4ac9-8476-0becceaeecc8,numbered,69452,completed,sold,1,2026-06-08 16:13:45.107005+00,2026-06-08 16:13:58.403716+00,2026-06-08 16:13:58.508671+00,0.104955,13.401666,
72b3ad63-8b03-4991-99e4-938aa27cf28d,numbered,4941,completed,sold,1,2026-06-08 16:13:45.115483+00,2026-06-08 16:13:58.416336+00,2026-06-08 16:13:58.521665+00,0.105329,13.406182,
dbdf8d40-27fc-40f7-aecc-ae0b129bcbb9,numbered,94318,completed,sold,1,2026-06-08 16:13:45.123947+00,2026-06-08 16:13:58.430916+00,2026-06-08 16:13:58.535022+00,0.104106,13.411075,
4316b757-b8b1-4e4a-b9ca-281a2778e272,numbered,2063,completed,sold,1,2026-06-08 16:13:45.131956+00,2026-06-08 16:13:58.441819+00,2026-06-08 16:13:58.547087+00,0.105268,13.415131,
3a70aebd-0a35-4d81-a76a-05e28383ee2a,numbered,971,completed,sold,1,2026-06-08 16:13:45.140447+00,2026-06-08 16:13:58.531363+00,2026-06-08 16:13:58.635952+00,0.104589,13.495505,
00bf92c0-38d8-4154-a27f-6ad51e6b2556,numbered,49362,completed,sold,1,2026-06-08 16:13:45.148838+00,2026-06-08 16:13:58.548609+00,2026-06-08 16:13:58.654549+00,0.105940,13.505711,
2d1b66d3-a46c-4101-9486-b2168c198558,numbered,74739,completed,sold,1,2026-06-08 16:13:45.157004+00,2026-06-08 16:13:58.559089+00,2026-06-08 16:13:58.664032+00,0.104943,13.507028,
523bde4d-aaa0-4ecd-99c2-cad343effb12,numbered,4356,completed,sold,1,2026-06-08 16:13:45.165285+00,2026-06-08 16:13:58.570154+00,2026-06-08 16:13:58.674994+00,0.104840,13.509709,
b25d78c1-598d-4b21-a348-dc1c5ab60a69,numbered,95237,completed,sold,1,2026-06-08 16:13:45.173897+00,2026-06-08 16:13:58.658119+00,2026-06-08 16:13:58.762735+00,0.104616,13.588838,
f0709d76-5f4f-45c4-9a10-799324b6ecdb,numbered,83787,completed,sold,1,2026-06-08 16:13:45.182589+00,2026-06-08 16:13:58.680272+00,2026-06-08 16:13:58.786081+00,0.105809,13.603492,
9c933b01-694e-4a3f-96c0-abd9a8ec417a,numbered,3293,completed,sold,1,2026-06-08 16:13:45.190546+00,2026-06-08 16:13:58.687193+00,2026-06-08 16:13:58.792516+00,0.105323,13.601970,
1b043683-b4f7-41aa-9796-9f8337b0da63,numbered,2618,completed,sold,1,2026-06-08 16:13:45.198947+00,2026-06-08 16:13:58.698043+00,2026-06-08 16:13:58.802356+00,0.104313,13.603409,
cc2d1eae-cb18-411a-acfa-19fa92429b25,numbered,431,completed,sold,1,2026-06-08 16:13:45.207127+00,2026-06-08 16:13:58.783901+00,2026-06-08 16:13:58.888808+00,0.104907,13.681681,
ef22bf01-c2c5-4a75-a23c-ab7267778ac6,numbered,62606,completed,sold,1,2026-06-08 16:13:45.21549+00,2026-06-08 16:13:58.812744+00,2026-06-08 16:13:58.918124+00,0.105380,13.702634,
7acb6d34-ca90-49ed-b869-900c9e85454d,numbered,967,completed,sold,1,2026-06-08 16:13:45.224126+00,2026-06-08 16:13:58.816033+00,2026-06-08 16:13:58.920743+00,0.104710,13.696617,
82ef7a6f-f8b0-4578-9b81-9bc6e3d4079e,numbered,3962,completed,sold,1,2026-06-08 16:13:45.232101+00,2026-06-08 16:13:58.826219+00,2026-06-08 16:13:58.930931+00,0.104712,13.698830,
439f656c-68d8-45f8-88cb-e85f243aeca1,numbered,692,completed,sold,1,2026-06-08 16:13:45.240564+00,2026-06-08 16:13:58.910907+00,2026-06-08 16:13:59.01584+00,0.104933,13.775276,
5bee02a0-ce41-46c0-aa4e-87865479cb3d,numbered,4167,completed,sold,1,2026-06-08 16:13:45.25712+00,2026-06-08 16:13:58.944478+00,2026-06-08 16:13:59.049383+00,0.104905,13.792263,
da6818c6-8b6f-436d-8989-a93a9e6d75e4,numbered,863,completed,sold,1,2026-06-08 16:13:45.248925+00,2026-06-08 16:13:58.945396+00,2026-06-08 16:13:59.051088+00,0.105692,13.802163,
e1c2485d-01a5-4f9a-b78b-9482342e6564,numbered,132,completed,sold,1,2026-06-08 16:13:45.265505+00,2026-06-08 16:13:58.954336+00,2026-06-08 16:13:59.059836+00,0.105500,13.794331,
a9ac2fba-3c7f-4310-8b26-7b71046430b4,numbered,4239,completed,sold,1,2026-06-08 16:13:45.273809+00,2026-06-08 16:13:59.037539+00,2026-06-08 16:13:59.142198+00,0.104659,13.868389,
95c6173a-9906-4616-a012-4383325b7891,numbered,41298,completed,sold,1,2026-06-08 16:13:45.281999+00,2026-06-08 16:13:59.075824+00,2026-06-08 16:13:59.180699+00,0.104875,13.898700,
b075dea8-3b15-455d-829a-2d15a409901d,numbered,36,completed,sold,1,2026-06-08 16:13:45.298962+00,2026-06-08 16:13:59.081278+00,2026-06-08 16:13:59.186671+00,0.105393,13.887709,
b9b5285c-ec35-479b-86d9-b9f610a19c18,numbered,499,completed,sold,1,2026-06-08 16:13:45.290528+00,2026-06-08 16:13:59.078584+00,2026-06-08 16:13:59.187199+00,0.108615,13.896671,
ce8f279b-cc58-42cb-971c-4ff595062fc0,numbered,28890,completed,sold,1,2026-06-08 16:13:45.3072+00,2026-06-08 16:13:59.163777+00,2026-06-08 16:13:59.268448+00,0.104671,13.961248,
74c7eb8b-f77f-4e60-bf46-cb997cff7e65,numbered,637,completed,sold,1,2026-06-08 16:13:45.315512+00,2026-06-08 16:13:59.203817+00,2026-06-08 16:13:59.308247+00,0.104430,13.992735,
49dc9d00-8c7c-458f-ad9e-1b8426f89497,numbered,3680,completed,sold,1,2026-06-08 16:13:45.324039+00,2026-06-08 16:13:59.20946+00,2026-06-08 16:13:59.314281+00,0.104821,13.990242,
9d08a60b-c17e-428b-a809-35293468371f,numbered,4977,completed,sold,1,2026-06-08 16:13:45.33215+00,2026-06-08 16:13:59.213144+00,2026-06-08 16:13:59.31932+00,0.106176,13.987170,
7dec3be3-0d8c-4ce8-8a22-ae66fdea2b1e,numbered,333,completed,sold,1,2026-06-08 16:13:45.341026+00,2026-06-08 16:13:59.289995+00,2026-06-08 16:13:59.394983+00,0.104988,14.053957,
8ee7d83a-3d6a-420a-bd9c-1500f9bb0cc2,numbered,2054,completed,sold,1,2026-06-08 16:13:45.348812+00,2026-06-08 16:13:59.333803+00,2026-06-08 16:13:59.43867+00,0.104867,14.089858,
94da6386-b19c-42a1-b927-451e3ed1658e,numbered,3258,completed,sold,1,2026-06-08 16:13:45.356994+00,2026-06-08 16:13:59.336807+00,2026-06-08 16:13:59.441591+00,0.104784,14.084597,
68526cbd-10e2-453b-b3c0-0e315cb086c3,numbered,4824,completed,sold,1,2026-06-08 16:13:45.365518+00,2026-06-08 16:13:59.343523+00,2026-06-08 16:13:59.44961+00,0.106087,14.084092,
2469ef9f-a1f6-490f-b721-77b8d42e466a,numbered,1623,completed,sold,1,2026-06-08 16:13:45.373758+00,2026-06-08 16:13:59.417125+00,2026-06-08 16:13:59.522166+00,0.105041,14.148408,
bb857f01-a934-493d-953e-8b4b104c97d7,numbered,3604,completed,sold,1,2026-06-08 16:13:45.382117+00,2026-06-08 16:13:59.463743+00,2026-06-08 16:13:59.568908+00,0.105165,14.186791,
a738d1b7-faf6-4ab2-9498-cdccad5dfeb0,numbered,250,completed,sold,1,2026-06-08 16:13:45.390416+00,2026-06-08 16:13:59.464947+00,2026-06-08 16:13:59.569988+00,0.105041,14.179572,
f12cadaa-33e7-443e-bfc0-8c6cc4713d76,numbered,3562,completed,sold,1,2026-06-08 16:13:45.398778+00,2026-06-08 16:13:59.474963+00,2026-06-08 16:13:59.581443+00,0.106480,14.182665,
3b16e073-0b7a-45d2-a245-ed0623d44f23,numbered,4938,completed,sold,1,2026-06-08 16:13:45.407066+00,2026-06-08 16:13:59.543657+00,2026-06-08 16:13:59.648227+00,0.104570,14.241161,
f3f4104f-ebf9-4154-962f-2555b93712d9,numbered,15476,completed,sold,1,2026-06-08 16:13:45.415399+00,2026-06-08 16:13:59.594796+00,2026-06-08 16:13:59.700083+00,0.105287,14.284684,
85b012bc-6f2f-4ca8-9f2d-c129c41b324b,numbered,64934,completed,sold,1,2026-06-08 16:13:45.423865+00,2026-06-08 16:13:59.596235+00,2026-06-08 16:13:59.701018+00,0.104783,14.277153,
3cb75d01-23e1-41f7-99d5-992fb8db5ed2,numbered,69205,completed,sold,1,2026-06-08 16:13:45.432154+00,2026-06-08 16:13:59.607826+00,2026-06-08 16:13:59.713049+00,0.105223,14.280895,
16751f8f-dcde-46a7-9c0c-43f6e277b0b8,numbered,96081,completed,sold,1,2026-06-08 16:13:45.440496+00,2026-06-08 16:13:59.669964+00,2026-06-08 16:13:59.774557+00,0.104593,14.334061,
6cbaf473-05ca-47d4-bd66-026bf83fe334,numbered,1582,completed,sold,1,2026-06-08 16:13:45.457076+00,2026-06-08 16:13:59.72631+00,2026-06-08 16:13:59.831286+00,0.104976,14.374210,
584ed9e1-df84-41de-b041-c2bd972b3e4e,numbered,1935,completed,sold,1,2026-06-08 16:13:45.448785+00,2026-06-08 16:13:59.7278+00,2026-06-08 16:13:59.832785+00,0.104985,14.384000,
933b0331-2b47-41f9-83fa-8ab01b2711ac,numbered,3784,completed,sold,1,2026-06-08 16:13:45.46536+00,2026-06-08 16:13:59.739314+00,2026-06-08 16:13:59.844532+00,0.105218,14.379172,
fa26e300-dfba-4723-8364-a3a48c258300,numbered,967,completed,seat_unavailable,1,2026-06-08 16:13:45.473758+00,2026-06-08 16:13:59.796625+00,2026-06-08 16:13:59.899695+00,0.103070,14.425937,
41f06416-b043-4520-86cc-2b4b866bfd12,numbered,85,completed,sold,1,2026-06-08 16:13:45.490473+00,2026-06-08 16:13:59.857568+00,2026-06-08 16:13:59.962698+00,0.105130,14.472225,
232d8f9c-545a-431b-9751-87ff2fbfaae9,numbered,1854,completed,sold,1,2026-06-08 16:13:45.482077+00,2026-06-08 16:13:59.858194+00,2026-06-08 16:13:59.962954+00,0.104760,14.480877,
9eea0448-595d-4cd0-b629-a50d0e8a76a8,numbered,512,completed,sold,1,2026-06-08 16:13:45.498872+00,2026-06-08 16:13:59.871462+00,2026-06-08 16:13:59.976662+00,0.105200,14.477790,
3f7b03e2-dc31-4f97-8e5f-d6c323f445bf,numbered,73830,completed,sold,1,2026-06-08 16:13:45.507184+00,2026-06-08 16:13:59.921995+00,2026-06-08 16:14:00.032682+00,0.110687,14.525498,
9c6ea264-9861-446e-8864-689c891d28d3,numbered,1107,completed,sold,1,2026-06-08 16:13:45.515595+00,2026-06-08 16:13:59.988957+00,2026-06-08 16:14:00.103917+00,0.114960,14.588322,
bf7ce3df-7c54-4203-ac73-830f03eba528,numbered,54989,completed,sold,1,2026-06-08 16:13:45.523794+00,2026-06-08 16:13:59.988851+00,2026-06-08 16:14:00.105322+00,0.116471,14.581528,
0ae1102d-c9a2-4857-805a-d3df11bf252a,numbered,104,completed,sold,1,2026-06-08 16:13:45.532359+00,2026-06-08 16:14:00.032966+00,2026-06-08 16:14:00.143118+00,0.110152,14.610759,
4981bd32-a710-48d1-8a32-aba4d42a7984,numbered,4303,completed,sold,1,2026-06-08 16:13:45.540368+00,2026-06-08 16:14:00.134864+00,2026-06-08 16:14:00.241278+00,0.106414,14.700910,
0b28494c-2cf7-433a-a1b3-0d2e0452f202,numbered,2071,completed,sold,1,2026-06-08 16:13:45.548883+00,2026-06-08 16:14:00.139847+00,2026-06-08 16:14:00.245528+00,0.105681,14.696645,
bfea0d5a-0f38-4d84-b13b-93af2756f034,numbered,917,completed,sold,1,2026-06-08 16:13:45.556952+00,2026-06-08 16:14:00.142334+00,2026-06-08 16:14:00.248083+00,0.105749,14.691131,
839b1331-2fc4-4872-87b9-c26e2ec72a8d,numbered,3968,completed,sold,1,2026-06-08 16:13:45.565556+00,2026-06-08 16:14:00.173887+00,2026-06-08 16:14:00.279785+00,0.105898,14.714229,
352c3b45-5593-44ab-9791-4a85fbc70519,numbered,677,completed,sold,1,2026-06-08 16:13:45.582035+00,2026-06-08 16:14:00.270401+00,2026-06-08 16:14:00.375252+00,0.104851,14.793217,
e21a691c-26ce-463c-87e5-777fe1933d9c,numbered,3520,completed,sold,1,2026-06-08 16:13:45.573813+00,2026-06-08 16:14:00.275219+00,2026-06-08 16:14:00.380606+00,0.105387,14.806793,
6ff0575c-8a61-4c4d-9f0a-e2e29e938d97,numbered,3125,completed,sold,1,2026-06-08 16:13:45.590531+00,2026-06-08 16:14:00.273653+00,2026-06-08 16:14:00.381149+00,0.107496,14.790618,
0972c52a-1003-439c-bb5f-c083f34bb407,numbered,21068,completed,sold,1,2026-06-08 16:13:45.599089+00,2026-06-08 16:14:00.305362+00,2026-06-08 16:14:00.410713+00,0.105351,14.811624,
e858d88f-05ab-4808-bd0e-cd9356a14d41,numbered,3291,completed,sold,1,2026-06-08 16:13:45.607171+00,2026-06-08 16:14:00.40011+00,2026-06-08 16:14:00.504907+00,0.104797,14.897736,
56a2f872-ccec-43ee-832d-8910134587d9,numbered,3414,completed,sold,1,2026-06-08 16:13:45.623926+00,2026-06-08 16:14:00.406762+00,2026-06-08 16:14:00.513645+00,0.106883,14.889719,
4e648e64-89e2-4661-9e54-33386c602385,numbered,55505,completed,sold,1,2026-06-08 16:13:45.615537+00,2026-06-08 16:14:00.407477+00,2026-06-08 16:14:00.514599+00,0.107122,14.899062,
685f29ef-867c-4461-aa8a-901dcc085df1,numbered,3260,completed,sold,1,2026-06-08 16:13:45.632355+00,2026-06-08 16:14:00.435494+00,2026-06-08 16:14:00.54145+00,0.105956,14.909095,
a5569ad7-15c2-4744-b52c-9467ca073489,numbered,24150,completed,sold,1,2026-06-08 16:13:45.640549+00,2026-06-08 16:14:00.529108+00,2026-06-08 16:14:00.633812+00,0.104704,14.993263,
f8d35e01-b675-4842-817b-db84c17d940c,numbered,4445,completed,seat_unavailable,1,2026-06-08 16:13:45.657165+00,2026-06-08 16:14:00.539653+00,2026-06-08 16:14:00.642977+00,0.103324,14.985812,
d37c3ec5-c13f-43a8-838b-71f7a41818cc,numbered,4072,completed,sold,1,2026-06-08 16:13:45.648798+00,2026-06-08 16:14:00.537515+00,2026-06-08 16:14:00.644501+00,0.106986,14.995703,
a9349f87-fe63-4c91-9647-6657f26971cc,numbered,4024,completed,sold,1,2026-06-08 16:13:45.665427+00,2026-06-08 16:14:00.568121+00,2026-06-08 16:14:00.673289+00,0.105168,15.007862,
6a629537-e2f6-49da-b2e7-5e8880276c89,numbered,3959,completed,sold,1,2026-06-08 16:13:45.673914+00,2026-06-08 16:14:00.658547+00,2026-06-08 16:14:00.763369+00,0.104822,15.089455,
3fa04b5c-e54c-40f2-a50f-de68ce3199e7,numbered,71675,completed,sold,1,2026-06-08 16:13:45.692917+00,2026-06-08 16:14:00.668582+00,2026-06-08 16:14:00.774132+00,0.105550,15.081215,
472d6da6-ee0f-4257-9a67-b0fde4ab4866,numbered,4823,completed,sold,1,2026-06-08 16:13:45.682217+00,2026-06-08 16:14:00.668856+00,2026-06-08 16:14:00.774132+00,0.105276,15.091915,
451fe91f-e14b-4d75-91c4-4bdfe769bdea,numbered,3268,completed,sold,1,2026-06-08 16:13:45.699296+00,2026-06-08 16:14:00.69778+00,2026-06-08 16:14:00.8035+00,0.105720,15.104204,
55ad85aa-3d77-4cc3-a1a7-eee15c893e55,numbered,387,completed,sold,1,2026-06-08 16:13:45.707073+00,2026-06-08 16:14:00.7887+00,2026-06-08 16:14:00.893237+00,0.104537,15.186164,
48819739-6c43-4cfd-84e7-2fe78931202a,numbered,2715,completed,sold,1,2026-06-08 16:13:45.715383+00,2026-06-08 16:14:00.800102+00,2026-06-08 16:14:00.905716+00,0.105614,15.190333,
906a70bd-06ed-43cc-9ed1-e6ca0461dc51,numbered,71970,completed,sold,1,2026-06-08 16:13:45.723788+00,2026-06-08 16:14:00.800721+00,2026-06-08 16:14:00.905843+00,0.105122,15.182055,
9d5570f4-9a1c-4ffb-82c6-dc9d4daf645c,numbered,4676,completed,sold,1,2026-06-08 16:13:45.732183+00,2026-06-08 16:14:00.827525+00,2026-06-08 16:14:00.933691+00,0.106166,15.201508,
0256441a-5f44-42fd-b10b-9da19d06a968,numbered,4085,completed,sold,1,2026-06-08 16:13:45.740375+00,2026-06-08 16:14:00.919477+00,2026-06-08 16:14:01.02434+00,0.104863,15.283965,
5fe8cff0-a416-45fc-8153-1a63a8fdc81f,numbered,82861,completed,sold,1,2026-06-08 16:13:45.748922+00,2026-06-08 16:14:00.93304+00,2026-06-08 16:14:01.038148+00,0.105108,15.289226,
d21e1af8-dfe3-4638-bd72-a039cd29b76d,numbered,459,completed,sold,1,2026-06-08 16:13:45.759681+00,2026-06-08 16:14:00.933566+00,2026-06-08 16:14:01.038912+00,0.105346,15.279231,
c46f951d-2b9b-46d9-b905-3054791bd843,numbered,1198,completed,sold,1,2026-06-08 16:13:45.76536+00,2026-06-08 16:14:00.9583+00,2026-06-08 16:14:01.064969+00,0.106669,15.299609,
ea758a16-9e7a-44c3-a222-26473e19fd62,numbered,621,completed,sold,1,2026-06-08 16:13:45.773808+00,2026-06-08 16:14:01.053196+00,2026-06-08 16:14:01.16065+00,0.107454,15.386842,
b8bc64d6-d336-47b7-b759-6054f5b7b594,numbered,18756,completed,sold,1,2026-06-08 16:13:45.782216+00,2026-06-08 16:14:01.066368+00,2026-06-08 16:14:01.17434+00,0.107972,15.392124,
64e00a50-23cb-458e-8839-77a1c33d40e0,numbered,34492,completed,sold,1,2026-06-08 16:13:45.790524+00,2026-06-08 16:14:01.07165+00,2026-06-08 16:14:01.180839+00,0.109189,15.390315,
f6da9ab2-712a-4aa5-8a5a-c455603a286f,numbered,4055,completed,sold,1,2026-06-08 16:13:45.799034+00,2026-06-08 16:14:01.101292+00,2026-06-08 16:14:01.211345+00,0.110053,15.412311,
971cefd0-6b6f-4819-b530-3d31fc1beab7,numbered,1850,completed,sold,1,2026-06-08 16:13:45.807158+00,2026-06-08 16:14:01.201779+00,2026-06-08 16:14:01.315392+00,0.113613,15.508234,
56e15a4a-4d36-4f47-889b-1153501b7831,numbered,96921,completed,sold,1,2026-06-08 16:13:45.824742+00,2026-06-08 16:14:01.218468+00,2026-06-08 16:14:01.325596+00,0.107128,15.500854,
5d19cd2b-dca8-4ac2-8053-cd60ae21e5ee,numbered,11391,completed,sold,1,2026-06-08 16:13:45.815573+00,2026-06-08 16:14:01.270553+00,2026-06-08 16:14:01.38035+00,0.109797,15.564777,
16352a74-1f3e-41dd-95dc-73e075bd2288,numbered,2599,completed,sold,1,2026-06-08 16:13:45.832267+00,2026-06-08 16:14:01.282341+00,2026-06-08 16:14:01.395475+00,0.113134,15.563208,
74ef395b-3e17-47eb-8741-9daa50678f29,numbered,2370,completed,sold,1,2026-06-08 16:13:45.840578+00,2026-06-08 16:14:01.367848+00,2026-06-08 16:14:01.484617+00,0.116769,15.644039,
8548784e-08a9-48f5-8081-e2fd81cb7aa8,numbered,4370,completed,sold,1,2026-06-08 16:13:45.848754+00,2026-06-08 16:14:01.377018+00,2026-06-08 16:14:01.48963+00,0.112612,15.640876,
0a4dfe5b-a969-4b37-b912-368e0df7ad27,numbered,501,completed,sold,1,2026-06-08 16:13:45.865381+00,2026-06-08 16:14:01.463555+00,2026-06-08 16:14:01.58198+00,0.118425,15.716599,
a1188870-3e0e-4267-a19b-ba7ca1c816f4,numbered,2308,completed,sold,1,2026-06-08 16:13:45.857074+00,2026-06-08 16:14:01.473977+00,2026-06-08 16:14:01.586679+00,0.112702,15.729605,
d7fa78e3-8bc2-410f-84c1-31becebd3449,numbered,4663,completed,sold,1,2026-06-08 16:13:45.882149+00,2026-06-08 16:14:01.546451+00,2026-06-08 16:14:01.657833+00,0.111382,15.775684,
0fa1d721-28b6-417d-9455-8e0007dba14e,numbered,2433,completed,sold,1,2026-06-08 16:13:45.873823+00,2026-06-08 16:14:01.549517+00,2026-06-08 16:14:01.65999+00,0.110473,15.786167,
8497eb0e-372c-4498-a903-3e3d144d5426,numbered,180,completed,sold,1,2026-06-08 16:13:45.899331+00,2026-06-08 16:14:01.67264+00,2026-06-08 16:14:01.784178+00,0.111538,15.884847,
3051fc8d-e32e-42db-a0ba-cf08090d9df2,numbered,2966,completed,sold,1,2026-06-08 16:13:45.890556+00,2026-06-08 16:14:01.694952+00,2026-06-08 16:14:01.822783+00,0.127831,15.932227,
c2d582c3-0e7b-4ea5-ac18-489e46f19b98,numbered,1289,completed,sold,1,2026-06-08 16:13:45.90709+00,2026-06-08 16:14:01.732108+00,2026-06-08 16:14:01.853093+00,0.120985,15.946003,
7cd66bed-b673-4600-9a71-5f32f961d2b7,numbered,4419,completed,seat_unavailable,1,2026-06-08 16:13:45.915483+00,2026-06-08 16:14:01.755357+00,2026-06-08 16:14:01.866167+00,0.110810,15.950684,
19f476d4-6cfb-404e-96eb-204834e166cc,numbered,96985,completed,sold,1,2026-06-08 16:13:45.92376+00,2026-06-08 16:14:01.858507+00,2026-06-08 16:14:01.968085+00,0.109578,16.044325,
b531ca13-3c2b-482a-a0d9-5746b15d45bb,numbered,2832,completed,sold,1,2026-06-08 16:13:45.940483+00,2026-06-08 16:14:01.921808+00,2026-06-08 16:14:02.033683+00,0.111875,16.093200,
8411e23b-b59b-46a4-99c5-d7db4b7531db,numbered,3102,completed,seat_unavailable,1,2026-06-08 16:13:45.948888+00,2026-06-08 16:14:01.930051+00,2026-06-08 16:14:02.033751+00,0.103700,16.084863,
8edf308e-4ff6-48b5-ae00-5e847297d655,numbered,3241,completed,sold,1,2026-06-08 16:13:45.932255+00,2026-06-08 16:14:01.928417+00,2026-06-08 16:14:02.04008+00,0.111663,16.107825,
da6591aa-45dd-4e7e-abe6-adc3cc680dbc,numbered,3729,completed,sold,1,2026-06-08 16:13:45.957472+00,2026-06-08 16:14:02.02196+00,2026-06-08 16:14:02.137138+00,0.115178,16.179666,
4bda1541-5123-43fc-aa89-b31cdc7a9ba6,numbered,408,completed,seat_unavailable,1,2026-06-08 16:13:45.965672+00,2026-06-08 16:14:02.082273+00,2026-06-08 16:14:02.187945+00,0.105672,16.222273,
40ae4e06-c848-4819-9662-7fa50d189a8d,numbered,631,completed,sold,1,2026-06-08 16:13:45.982144+00,2026-06-08 16:14:02.115598+00,2026-06-08 16:14:02.244845+00,0.129247,16.262701,
598ac5da-7a79-45d2-9e86-28bacb5bf061,numbered,4083,completed,sold,1,2026-06-08 16:13:45.990554+00,2026-06-08 16:14:02.194775+00,2026-06-08 16:14:02.304705+00,0.109930,16.314151,
d80bc2db-4efe-42c3-901e-97a9f1fc2cbd,numbered,3935,completed,sold,1,2026-06-08 16:13:45.973707+00,2026-06-08 16:14:02.209882+00,2026-06-08 16:14:02.324268+00,0.114386,16.350561,
3fb3ddc5-98d5-4fe8-a60b-ca4fe054fbfd,numbered,1482,completed,sold,1,2026-06-08 16:13:45.999024+00,2026-06-08 16:14:02.283596+00,2026-06-08 16:14:02.402125+00,0.118529,16.403101,
5c2499a6-253c-47d2-bf70-3b31a7b99e1e,numbered,26075,completed,sold,1,2026-06-08 16:13:46.00754+00,2026-06-08 16:14:02.344621+00,2026-06-08 16:14:02.462847+00,0.118226,16.455307,
c80ceb56-f3b3-4153-bb3e-5a24d4efe854,numbered,4063,completed,sold,1,2026-06-08 16:13:46.015646+00,2026-06-08 16:14:02.378438+00,2026-06-08 16:14:02.486352+00,0.107914,16.470706,
dbc38942-3032-48a1-bc9c-6444412a533c,numbered,450,completed,sold,1,2026-06-08 16:13:46.024008+00,2026-06-08 16:14:02.378438+00,2026-06-08 16:14:02.486589+00,0.108151,16.462581,
253c9295-65d5-4b33-a0bc-048d22005072,numbered,4020,completed,sold,1,2026-06-08 16:13:46.032783+00,2026-06-08 16:14:02.45711+00,2026-06-08 16:14:02.56427+00,0.107160,16.531487,
81cfad55-3ecd-4721-9c6c-535798086d55,numbered,4655,completed,sold,1,2026-06-08 16:13:46.040565+00,2026-06-08 16:14:02.514389+00,2026-06-08 16:14:02.62454+00,0.110151,16.583975,
b608d630-7c17-40ce-a4f6-92c8ca6ba90f,numbered,22417,completed,sold,1,2026-06-08 16:13:46.048868+00,2026-06-08 16:14:02.53556+00,2026-06-08 16:14:02.642693+00,0.107133,16.593825,
cfa7e15c-9ee7-4615-8d48-bc495fafb494,numbered,94597,completed,sold,1,2026-06-08 16:13:46.057192+00,2026-06-08 16:14:02.570476+00,2026-06-08 16:14:02.678139+00,0.107663,16.620947,
55e5d244-ccec-44a4-ab04-7fe4e5d667ab,numbered,265,completed,sold,1,2026-06-08 16:13:46.065543+00,2026-06-08 16:14:02.617123+00,2026-06-08 16:14:02.727005+00,0.109882,16.661462,
09edb127-b77b-4538-88f2-a45253b5f21f,numbered,2838,completed,seat_unavailable,1,2026-06-08 16:13:46.074048+00,2026-06-08 16:14:02.665777+00,2026-06-08 16:14:02.770427+00,0.104650,16.696379,
bd4fce54-80ec-4fe6-9642-2bd451030ba6,numbered,943,completed,sold,1,2026-06-08 16:13:46.082337+00,2026-06-08 16:14:02.696958+00,2026-06-08 16:14:02.803007+00,0.106049,16.720670,
1a1965de-4daa-42c9-aca5-2dd82d43d4aa,numbered,36256,completed,sold,1,2026-06-08 16:13:46.0913+00,2026-06-08 16:14:02.723036+00,2026-06-08 16:14:02.829002+00,0.105966,16.737702,
653789b0-1c8c-476d-b92d-873b13c5f06b,numbered,21426,completed,sold,1,2026-06-08 16:13:46.100326+00,2026-06-08 16:14:02.783231+00,2026-06-08 16:14:02.890534+00,0.107303,16.790208,
1451d934-7d65-4525-aa1d-d324e18aae4e,numbered,3731,completed,sold,1,2026-06-08 16:13:46.107205+00,2026-06-08 16:14:02.813298+00,2026-06-08 16:14:02.919517+00,0.106219,16.812312,
8d1b8970-da29-4567-bbcc-63dc84df7c7f,numbered,79506,completed,sold,1,2026-06-08 16:13:46.115498+00,2026-06-08 16:14:02.828527+00,2026-06-08 16:14:02.934128+00,0.105601,16.818630,
e835d493-e120-4ee2-a4b6-6d23ce140463,numbered,84806,completed,sold,1,2026-06-08 16:13:46.123945+00,2026-06-08 16:14:02.863901+00,2026-06-08 16:14:02.97037+00,0.106469,16.846425,
f7bb2a90-998b-4f9e-b4f4-0927cf0f2b03,numbered,2913,completed,sold,1,2026-06-08 16:13:46.140573+00,2026-06-08 16:14:02.946938+00,2026-06-08 16:14:03.053181+00,0.106243,16.912608,
19032261-f050-4bc2-8238-f009bd2dac73,numbered,43319,completed,sold,1,2026-06-08 16:13:46.148881+00,2026-06-08 16:14:02.957076+00,2026-06-08 16:14:03.062897+00,0.105821,16.914016,
70b8e501-5f9e-4c58-a278-e45ca8fea23a,numbered,17361,completed,sold,1,2026-06-08 16:13:46.132209+00,2026-06-08 16:14:02.979785+00,2026-06-08 16:14:03.085451+00,0.105666,16.953242,
35ebe3e2-2d3f-4a68-b193-b8e28cb3b650,numbered,796,completed,sold,1,2026-06-08 16:13:46.15718+00,2026-06-08 16:14:02.995862+00,2026-06-08 16:14:03.10066+00,0.104798,16.943480,
065e4b39-343e-437b-a62e-03a36e502e95,numbered,15018,completed,sold,1,2026-06-08 16:13:46.174006+00,2026-06-08 16:14:03.086569+00,2026-06-08 16:14:03.192167+00,0.105598,17.018161,
4931a173-b74b-4cda-bd1b-f2dd474f0969,numbered,3350,completed,sold,1,2026-06-08 16:13:46.165447+00,2026-06-08 16:14:03.089431+00,2026-06-08 16:14:03.195957+00,0.106526,17.030510,
55f0306c-baab-48ea-ba82-fdb62db94585,numbered,4671,completed,sold,1,2026-06-08 16:13:46.190633+00,2026-06-08 16:14:03.123012+00,2026-06-08 16:14:03.227566+00,0.104554,17.036933,
daa19943-22c5-4ef1-9620-45f26e8f06b4,numbered,66978,completed,sold,1,2026-06-08 16:13:46.18232+00,2026-06-08 16:14:03.136782+00,2026-06-08 16:14:03.244115+00,0.107333,17.061795,
9585a6fc-2a02-4e23-9398-3c9b3315c0cb,numbered,1784,completed,sold,1,2026-06-08 16:13:46.199362+00,2026-06-08 16:14:03.21533+00,2026-06-08 16:14:03.320142+00,0.104812,17.120780,
b0a3a91a-7add-4e36-8ea2-7e8036973ce2,numbered,2004,completed,sold,1,2026-06-08 16:13:46.207458+00,2026-06-08 16:14:03.221538+00,2026-06-08 16:14:03.327984+00,0.106446,17.120526,
c07b81eb-2bf6-4b52-9fd2-9fb2fa691fec,numbered,68582,completed,sold,1,2026-06-08 16:13:46.215533+00,2026-06-08 16:14:03.249946+00,2026-06-08 16:14:03.355184+00,0.105238,17.139651,
53418a56-afdf-40db-aedc-9b01e0b4aaf7,numbered,20391,completed,sold,1,2026-06-08 16:13:46.223816+00,2026-06-08 16:14:03.317623+00,2026-06-08 16:14:03.435473+00,0.117850,17.211657,
30cf55ea-6deb-47cb-ad55-f6a6bfef1f95,numbered,65,completed,sold,1,2026-06-08 16:13:46.232273+00,2026-06-08 16:14:03.343594+00,2026-06-08 16:14:03.448608+00,0.105014,17.216335,
211bf751-a4e9-48b7-974a-07ea4e437fae,numbered,3471,completed,sold,1,2026-06-08 16:13:46.240505+00,2026-06-08 16:14:03.354951+00,2026-06-08 16:14:03.460588+00,0.105637,17.220083,
a3b52d74-3a4b-4cbc-a68f-529e96350c73,numbered,82340,completed,sold,1,2026-06-08 16:13:46.248849+00,2026-06-08 16:14:03.376338+00,2026-06-08 16:14:03.482191+00,0.105853,17.233342,
4ed32bd1-e0c7-472c-af87-bce90079655c,numbered,1980,completed,sold,1,2026-06-08 16:13:46.265698+00,2026-06-08 16:14:03.470873+00,2026-06-08 16:14:03.575851+00,0.104978,17.310153,
2192db23-f16b-4a9c-83ff-fa96e77ba4cf,numbered,3768,completed,sold,1,2026-06-08 16:13:46.274002+00,2026-06-08 16:14:03.490457+00,2026-06-08 16:14:03.596313+00,0.105856,17.322311,
a682283d-bc27-422a-9998-557c1e94ffa8,numbered,47636,completed,sold,1,2026-06-08 16:13:46.257181+00,2026-06-08 16:14:03.487139+00,2026-06-08 16:14:03.597976+00,0.110837,17.340795,
b34b27b7-a2f1-4b58-bffe-114af9f45529,numbered,475,completed,sold,1,2026-06-08 16:13:46.282516+00,2026-06-08 16:14:03.506225+00,2026-06-08 16:14:03.611295+00,0.105070,17.328779,
a5162fbc-265b-49d4-b439-0a612a9c7e7a,numbered,4769,completed,sold,1,2026-06-08 16:13:46.290593+00,2026-06-08 16:14:03.598971+00,2026-06-08 16:14:03.703834+00,0.104863,17.413241,
bdac37a4-08e5-4d7a-83b8-e72b8283cd3c,numbered,39550,completed,sold,1,2026-06-08 16:13:46.299024+00,2026-06-08 16:14:03.623097+00,2026-06-08 16:14:03.728264+00,0.105167,17.429240,
59e468c4-a12b-40f5-accd-b353591c887f,numbered,1067,completed,seat_unavailable,1,2026-06-08 16:13:46.307318+00,2026-06-08 16:14:03.63251+00,2026-06-08 16:14:03.736145+00,0.103635,17.428827,
1e47be23-93e6-46ad-bab4-079bf9360226,numbered,3661,completed,sold,1,2026-06-08 16:13:46.315629+00,2026-06-08 16:14:03.633989+00,2026-06-08 16:14:03.738768+00,0.104779,17.423139,
5c636b36-ad51-476b-9124-e0da34ff22dd,numbered,99955,completed,sold,1,2026-06-08 16:13:46.323995+00,2026-06-08 16:14:03.725548+00,2026-06-08 16:14:03.830132+00,0.104584,17.506137,
27c12d59-fc7c-4513-b42c-fbc6a4aa248d,numbered,1486,completed,sold,1,2026-06-08 16:13:46.332381+00,2026-06-08 16:14:03.754969+00,2026-06-08 16:14:03.860547+00,0.105578,17.528166,
1e8f1d05-bad2-4467-9625-4cbe5c5ae5a0,numbered,3709,completed,sold,1,2026-06-08 16:13:46.340703+00,2026-06-08 16:14:03.764909+00,2026-06-08 16:14:03.870875+00,0.105966,17.530172,
7acdded5-506e-4ae7-bf96-38ef70f272d2,numbered,2495,completed,sold,1,2026-06-08 16:13:46.34898+00,2026-06-08 16:14:03.764099+00,2026-06-08 16:14:03.871471+00,0.107372,17.522491,
aededd77-da33-4dda-89e0-30529cc1ab17,numbered,630,completed,sold,1,2026-06-08 16:13:46.357212+00,2026-06-08 16:14:03.851421+00,2026-06-08 16:14:03.955974+00,0.104553,17.598762,
6ff3551f-3a95-4961-84cc-9ea538fb6b21,numbered,3134,completed,sold,1,2026-06-08 16:13:46.365486+00,2026-06-08 16:14:03.890443+00,2026-06-08 16:14:03.996158+00,0.105715,17.630672,
acc19025-383f-4fd9-b8dd-8f792187bbaf,numbered,3484,completed,sold,1,2026-06-08 16:13:46.373749+00,2026-06-08 16:14:03.897726+00,2026-06-08 16:14:04.003624+00,0.105898,17.629875,
228f1254-9995-4d45-a909-529f64f229ca,numbered,4776,completed,sold,1,2026-06-08 16:13:46.382195+00,2026-06-08 16:14:03.897648+00,2026-06-08 16:14:04.004112+00,0.106464,17.621917,
b990864b-1ca9-4503-811e-19e003ab6a49,numbered,994,completed,sold,1,2026-06-08 16:13:46.390549+00,2026-06-08 16:14:03.976799+00,2026-06-08 16:14:04.08167+00,0.104871,17.691121,
75186024-27af-4025-9102-9c7c86a9fdf9,numbered,3869,completed,sold,1,2026-06-08 16:13:46.399046+00,2026-06-08 16:14:04.022632+00,2026-06-08 16:14:04.128356+00,0.105724,17.729310,
f897e359-5917-4a3b-84d7-8ca203b57455,numbered,3440,completed,sold,1,2026-06-08 16:13:46.415967+00,2026-06-08 16:14:04.028024+00,2026-06-08 16:14:04.133081+00,0.105057,17.717114,
198d51ac-317e-4ff8-8daf-554ce723c0ed,numbered,47097,completed,sold,1,2026-06-08 16:13:46.407343+00,2026-06-08 16:14:04.03027+00,2026-06-08 16:14:04.138686+00,0.108416,17.731343,
11fee2fd-8368-469b-9f65-12bf3a6cd7fe,numbered,32307,completed,sold,1,2026-06-08 16:13:46.423955+00,2026-06-08 16:14:04.103344+00,2026-06-08 16:14:04.208014+00,0.104670,17.784059,
6cc5c657-7b89-4fe4-b69f-b8674a16f186,numbered,4300,completed,sold,1,2026-06-08 16:13:46.440425+00,2026-06-08 16:14:04.156509+00,2026-06-08 16:14:04.261615+00,0.105106,17.821190,
b92cbd01-fe79-4e8a-9fa4-ff239afec990,numbered,76548,completed,sold,1,2026-06-08 16:13:46.432176+00,2026-06-08 16:14:04.157476+00,2026-06-08 16:14:04.263045+00,0.105569,17.830869,
1408e0df-b145-460d-8a4d-76a1a76598eb,numbered,697,completed,sold,1,2026-06-08 16:13:46.448898+00,2026-06-08 16:14:04.163416+00,2026-06-08 16:14:04.269254+00,0.105838,17.820356,
3a5c558f-0716-429d-b6d0-1a08693f9c08,numbered,71429,completed,sold,1,2026-06-08 16:13:46.457266+00,2026-06-08 16:14:04.22955+00,2026-06-08 16:14:04.334181+00,0.104631,17.876915,
bbd94e5c-eeed-4999-bafc-90bf2e0e94cc,numbered,1850,completed,seat_unavailable,1,2026-06-08 16:13:46.46557+00,2026-06-08 16:14:04.287557+00,2026-06-08 16:14:04.390619+00,0.103062,17.925049,
5872cb03-1b6e-4b03-b29c-760225a98c04,numbered,22005,completed,sold,1,2026-06-08 16:13:46.482175+00,2026-06-08 16:14:04.292782+00,2026-06-08 16:14:04.398777+00,0.105995,17.916602,
7d7ce2f2-ceb9-4798-a308-ee47fb535726,numbered,29783,completed,sold,1,2026-06-08 16:13:46.474013+00,2026-06-08 16:14:04.294015+00,2026-06-08 16:14:04.401203+00,0.107188,17.927190,
c9d75752-d4fa-4c63-bb36-1ca688db33f3,numbered,75343,completed,sold,1,2026-06-08 16:13:46.490865+00,2026-06-08 16:14:04.35563+00,2026-06-08 16:14:04.460255+00,0.104625,17.969390,
abb38b0c-48c9-412f-8cab-0c2f2ae43b56,numbered,4724,completed,sold,1,2026-06-08 16:13:46.50098+00,2026-06-08 16:14:04.415698+00,2026-06-08 16:14:04.520807+00,0.105109,18.019827,
1e67ebe2-a3a5-41cc-9fb9-12f8eeea8e9c,numbered,2523,completed,sold,1,2026-06-08 16:13:46.507183+00,2026-06-08 16:14:04.425815+00,2026-06-08 16:14:04.53149+00,0.105675,18.024307,
81da0556-7f1c-4223-9a4e-055ca4a4cee4,numbered,3677,completed,sold,1,2026-06-08 16:13:46.51561+00,2026-06-08 16:14:04.427975+00,2026-06-08 16:14:04.533816+00,0.105841,18.018206,
04b9e3c5-3f42-4a31-a05f-d6b51c717f6f,numbered,19313,completed,sold,1,2026-06-08 16:13:46.523901+00,2026-06-08 16:14:04.48329+00,2026-06-08 16:14:04.588272+00,0.104982,18.064371,
a752a5d6-1e52-4afa-87f9-1700f4667a02,numbered,3362,completed,sold,1,2026-06-08 16:13:46.532217+00,2026-06-08 16:14:04.545681+00,2026-06-08 16:14:04.650395+00,0.104714,18.118178,
b7fb324b-70e3-4b99-aacc-8799b5bec7bd,numbered,4402,completed,sold,1,2026-06-08 16:13:46.540507+00,2026-06-08 16:14:04.556717+00,2026-06-08 16:14:04.66156+00,0.104843,18.121053,
61849ad1-b209-4dfe-9993-35f4bb5f3562,numbered,1493,completed,sold,1,2026-06-08 16:13:46.548792+00,2026-06-08 16:14:04.560592+00,2026-06-08 16:14:04.666309+00,0.105717,18.117517,
ff6a78c6-c8d7-488c-a020-133d7daea866,numbered,1007,completed,sold,1,2026-06-08 16:13:46.557115+00,2026-06-08 16:14:04.611556+00,2026-06-08 16:14:04.716279+00,0.104723,18.159164,
cb7c33b4-7b17-47e0-b809-6037249e4306,numbered,4781,completed,sold,1,2026-06-08 16:13:46.565638+00,2026-06-08 16:14:04.677219+00,2026-06-08 16:14:04.782+00,0.104781,18.216362,
ec0e296e-e27e-4214-85aa-e8139fb52f36,numbered,4676,completed,seat_unavailable,1,2026-06-08 16:13:46.573928+00,2026-06-08 16:14:04.684826+00,2026-06-08 16:14:04.788773+00,0.103947,18.214845,
92114e4e-bb15-438d-875f-2f50eac7a4bb,numbered,2936,completed,sold,1,2026-06-08 16:13:46.582155+00,2026-06-08 16:14:04.692087+00,2026-06-08 16:14:04.798795+00,0.106708,18.216640,
3803f6b6-b0d1-4c7a-a8b6-12c23c5f0912,numbered,1013,completed,sold,1,2026-06-08 16:13:46.59071+00,2026-06-08 16:14:04.740196+00,2026-06-08 16:14:04.844949+00,0.104753,18.254239,
2508cfb3-05c4-4ecb-ae2c-53fc64b49720,numbered,4325,completed,sold,1,2026-06-08 16:13:46.599164+00,2026-06-08 16:14:04.806846+00,2026-06-08 16:14:04.911866+00,0.105020,18.312702,
6a2280e4-dbdf-4059-b24d-e24ff2bf7be5,numbered,575,completed,sold,1,2026-06-08 16:13:46.607449+00,2026-06-08 16:14:04.814296+00,2026-06-08 16:14:04.920408+00,0.106112,18.312959,
c246eeac-f5e8-4497-897e-dc0b680466fa,numbered,3683,completed,sold,1,2026-06-08 16:13:46.615768+00,2026-06-08 16:14:04.824925+00,2026-06-08 16:14:04.931423+00,0.106498,18.315655,
7a00b104-135e-4418-bcb0-93f1044edc5b,numbered,52349,completed,sold,1,2026-06-08 16:13:46.624025+00,2026-06-08 16:14:04.866348+00,2026-06-08 16:14:04.970771+00,0.104423,18.346746,
a3c36ded-e530-4a8e-9368-c4179e4a99ad,numbered,76352,completed,sold,1,2026-06-08 16:13:46.636539+00,2026-06-08 16:14:04.934602+00,2026-06-08 16:14:05.039492+00,0.104890,18.402953,
8958b188-5495-44c7-89c6-61034f923f4a,numbered,52227,completed,sold,1,2026-06-08 16:13:46.641655+00,2026-06-08 16:14:04.944417+00,2026-06-08 16:14:05.049574+00,0.105157,18.407919,
36484c05-a37e-4673-857c-72138c212c48,numbered,3406,completed,sold,1,2026-06-08 16:13:46.65045+00,2026-06-08 16:14:04.957097+00,2026-06-08 16:14:05.06339+00,0.106293,18.412940,
f0bd4ff1-01f0-471f-9392-92da9761143c,numbered,1811,completed,sold,1,2026-06-08 16:13:46.657189+00,2026-06-08 16:14:04.990989+00,2026-06-08 16:14:05.095363+00,0.104374,18.438174,
40b3ef1c-1a5a-4b32-921e-f8d3ce645d7b,numbered,2187,completed,sold,1,2026-06-08 16:13:46.665447+00,2026-06-08 16:14:05.064175+00,2026-06-08 16:14:05.169376+00,0.105201,18.503929,
fa1215fb-4509-41b4-bb44-373fda2ab018,numbered,3174,completed,sold,1,2026-06-08 16:13:46.673629+00,2026-06-08 16:14:05.077213+00,2026-06-08 16:14:05.182173+00,0.104960,18.508544,
2589a4c1-59d4-4d87-b85d-5cdae5833a61,numbered,2962,completed,sold,1,2026-06-08 16:13:46.682243+00,2026-06-08 16:14:05.088635+00,2026-06-08 16:14:05.194379+00,0.105744,18.512136,
d2bc42fa-f405-474f-9159-249a6d39ee92,numbered,3910,completed,seat_unavailable,1,2026-06-08 16:13:46.690514+00,2026-06-08 16:14:05.116313+00,2026-06-08 16:14:05.219387+00,0.103074,18.528873,
26e09a43-bc32-4994-bdb8-67fe42ffda78,numbered,2072,completed,sold,1,2026-06-08 16:13:46.699081+00,2026-06-08 16:14:05.192123+00,2026-06-08 16:14:05.297156+00,0.105033,18.598075,
071adc73-dac8-40e2-b707-fc0906dda637,numbered,1695,completed,sold,1,2026-06-08 16:13:46.707402+00,2026-06-08 16:14:05.207381+00,2026-06-08 16:14:05.312247+00,0.104866,18.604845,
21dfebe0-622e-4105-a05c-ba833d6ef4da,numbered,605,completed,sold,1,2026-06-08 16:13:46.715587+00,2026-06-08 16:14:05.228524+00,2026-06-08 16:14:05.334271+00,0.105747,18.618684,
e8b132fb-2ccc-4956-ae41-7bfcd13c42e3,numbered,3905,completed,sold,1,2026-06-08 16:13:46.723889+00,2026-06-08 16:14:05.241476+00,2026-06-08 16:14:05.345921+00,0.104445,18.622032,
b895acd0-f5a9-4263-ad1e-135582602ef2,numbered,2190,completed,sold,1,2026-06-08 16:13:46.732318+00,2026-06-08 16:14:05.320075+00,2026-06-08 16:14:05.425088+00,0.105013,18.692770,
a8ed29ba-6491-4817-bd55-93769f9e0130,numbered,1424,completed,sold,1,2026-06-08 16:13:46.740547+00,2026-06-08 16:14:05.336415+00,2026-06-08 16:14:05.441964+00,0.105549,18.701417,
fb8e44e9-a146-45a1-b984-c9609300302c,numbered,7879,completed,sold,1,2026-06-08 16:13:46.748882+00,2026-06-08 16:14:05.35981+00,2026-06-08 16:14:05.466127+00,0.106317,18.717245,
a1eafa6b-f083-4bb2-98ee-ba8ed74bb2fb,numbered,2424,completed,sold,1,2026-06-08 16:13:46.757779+00,2026-06-08 16:14:05.368174+00,2026-06-08 16:14:05.474065+00,0.105891,18.716286,
da13d8b0-214f-49ef-a8d8-d8cd150c6abe,numbered,3005,completed,sold,1,2026-06-08 16:13:46.765585+00,2026-06-08 16:14:05.449732+00,2026-06-08 16:14:05.55473+00,0.104998,18.789145,
e7a933d3-eb16-4b86-9d18-b39f7df7aff5,numbered,3297,completed,sold,1,2026-06-08 16:13:46.775473+00,2026-06-08 16:14:05.465423+00,2026-06-08 16:14:05.571071+00,0.105648,18.795598,
390536ef-8f2a-4770-94b1-cbcc535c7674,numbered,1192,completed,sold,1,2026-06-08 16:13:46.784595+00,2026-06-08 16:14:05.492202+00,2026-06-08 16:14:05.597742+00,0.105540,18.813147,
d0bd9aa3-9b68-4631-bead-64e1d3542e0c,numbered,45881,completed,sold,1,2026-06-08 16:13:46.793092+00,2026-06-08 16:14:05.496264+00,2026-06-08 16:14:05.600834+00,0.104570,18.807742,
87ea9a49-29f2-4327-99d5-9d5070f3123f,numbered,2736,completed,sold,1,2026-06-08 16:13:46.799063+00,2026-06-08 16:14:05.578456+00,2026-06-08 16:14:05.683439+00,0.104983,18.884376,
2e4ec1df-c1dd-4546-b7a5-4cb61ea1f053,numbered,4415,completed,sold,1,2026-06-08 16:13:46.807325+00,2026-06-08 16:14:05.594459+00,2026-06-08 16:14:05.699863+00,0.105404,18.892538,
a2f1b361-30e6-4a4f-b97d-c1b8392c1c44,numbered,21094,completed,sold,1,2026-06-08 16:13:46.823986+00,2026-06-08 16:14:05.623088+00,2026-06-08 16:14:05.727934+00,0.104846,18.903948,
e14a7652-06ec-4844-a32d-016ef8e8acd8,numbered,1767,completed,sold,1,2026-06-08 16:13:46.815454+00,2026-06-08 16:14:05.624064+00,2026-06-08 16:14:05.729521+00,0.105457,18.914067,
8828fa23-571e-489a-bd53-e4f56e9e1684,numbered,988,completed,sold,1,2026-06-08 16:13:46.832478+00,2026-06-08 16:14:05.705985+00,2026-06-08 16:14:05.810668+00,0.104683,18.978190,
87dd85ee-f2f4-4dac-9b27-0e33125513c6,numbered,30811,completed,sold,1,2026-06-08 16:13:46.840694+00,2026-06-08 16:14:05.723366+00,2026-06-08 16:14:05.828731+00,0.105365,18.988037,
d307828f-5dad-4f49-83dd-4d4a1b9a702a,numbered,1403,completed,sold,1,2026-06-08 16:13:46.848918+00,2026-06-08 16:14:05.752321+00,2026-06-08 16:14:05.857106+00,0.104785,19.008188,
489d7a6a-3be0-4979-80e4-36b4c65fb3db,numbered,61724,completed,sold,1,2026-06-08 16:13:46.857349+00,2026-06-08 16:14:05.755652+00,2026-06-08 16:14:05.862176+00,0.106524,19.004827,
2e070490-c693-42db-8766-aa9fe4b4c81e,numbered,690,completed,sold,1,2026-06-08 16:13:46.865567+00,2026-06-08 16:14:05.835089+00,2026-06-08 16:14:05.939941+00,0.104852,19.074374,
2bce5147-12fe-4156-b339-03bc104b6b7b,numbered,76850,completed,sold,1,2026-06-08 16:13:46.874081+00,2026-06-08 16:14:05.853029+00,2026-06-08 16:14:05.95913+00,0.106101,19.085049,
f29ca26e-8388-4241-8f90-f9f6338d24e8,numbered,3953,completed,sold,1,2026-06-08 16:13:46.882242+00,2026-06-08 16:14:05.881684+00,2026-06-08 16:14:05.986276+00,0.104592,19.104034,
373c3902-398f-46d6-b2c3-287016e49c0d,numbered,3667,completed,sold,1,2026-06-08 16:13:46.890574+00,2026-06-08 16:14:05.887916+00,2026-06-08 16:14:05.9942+00,0.106284,19.103626,
02475b79-1035-443c-b714-e062cf545781,numbered,44812,completed,sold,1,2026-06-08 16:13:46.899975+00,2026-06-08 16:14:05.962273+00,2026-06-08 16:14:06.067276+00,0.105003,19.167301,
5b5adbb8-adf3-4799-b628-249b2e909ae4,numbered,4841,completed,sold,1,2026-06-08 16:13:46.911262+00,2026-06-08 16:14:05.982951+00,2026-06-08 16:14:06.088737+00,0.105786,19.177475,
327690c8-751d-4d05-b36c-1e8ec74eed58,numbered,820,completed,sold,1,2026-06-08 16:13:46.915887+00,2026-06-08 16:14:06.00929+00,2026-06-08 16:14:06.114324+00,0.105034,19.198437,
f68a8dec-3e01-4c1a-bb23-d14832a1091c,numbered,2756,completed,sold,1,2026-06-08 16:13:46.923787+00,2026-06-08 16:14:06.019011+00,2026-06-08 16:14:06.124755+00,0.105744,19.200968,
a356bfb5-74bf-431f-8d23-b97b4fb6fd0d,numbered,1825,completed,sold,1,2026-06-08 16:13:46.932268+00,2026-06-08 16:14:06.090087+00,2026-06-08 16:14:06.194566+00,0.104479,19.262298,
fe530c40-c6a5-4699-a24e-ade259f0dd9c,numbered,1435,completed,sold,1,2026-06-08 16:13:46.940393+00,2026-06-08 16:14:06.112835+00,2026-06-08 16:14:06.217781+00,0.104946,19.277388,
640658f1-8d92-480e-b3b3-56920e7afe95,numbered,1067,completed,seat_unavailable,1,2026-06-08 16:13:46.948869+00,2026-06-08 16:14:06.136888+00,2026-06-08 16:14:06.240304+00,0.103416,19.291435,
ddd8ceed-9992-44dd-bca7-0b66d414de10,numbered,4740,completed,sold,1,2026-06-08 16:13:46.957287+00,2026-06-08 16:14:06.151461+00,2026-06-08 16:14:06.258132+00,0.106671,19.300845,
44dfef1d-9fe1-4b3e-8fc5-7f9da98fefe5,numbered,2644,completed,seat_unavailable,1,2026-06-08 16:13:46.965541+00,2026-06-08 16:14:06.216578+00,2026-06-08 16:14:06.319331+00,0.102753,19.353790,
b401d3e7-0e01-44ce-ba04-2e2faf0b7869,numbered,4515,completed,sold,1,2026-06-08 16:13:46.974086+00,2026-06-08 16:14:06.240898+00,2026-06-08 16:14:06.345813+00,0.104915,19.371727,
d4188879-1f4a-477e-9674-2e64ecf68fb3,numbered,1186,completed,sold,1,2026-06-08 16:13:46.982193+00,2026-06-08 16:14:06.262493+00,2026-06-08 16:14:06.367984+00,0.105491,19.385791,
866906ed-0117-41b5-9dbd-dffefe087ec4,numbered,3237,completed,sold,1,2026-06-08 16:13:46.990602+00,2026-06-08 16:14:06.283509+00,2026-06-08 16:14:06.390084+00,0.106575,19.399482,
706663d0-70ae-4da4-a730-4d3232a988d9,numbered,776,completed,sold,1,2026-06-08 16:13:46.999058+00,2026-06-08 16:14:06.342656+00,2026-06-08 16:14:06.447383+00,0.104727,19.448325,
dd698f0b-7543-4df3-b13c-51d8f61dcd72,numbered,304,completed,sold,1,2026-06-08 16:13:47.007468+00,2026-06-08 16:14:06.372205+00,2026-06-08 16:14:06.477169+00,0.104964,19.469701,
0409c4f8-bd45-4c43-a257-0d1e1a52aeac,numbered,1175,completed,sold,1,2026-06-08 16:13:47.015704+00,2026-06-08 16:14:06.39054+00,2026-06-08 16:14:06.496064+00,0.105524,19.480360,
65643d05-a9b8-4992-bda8-7bb17d9d7ea0,numbered,3050,completed,sold,1,2026-06-08 16:13:47.024054+00,2026-06-08 16:14:06.41476+00,2026-06-08 16:14:06.520441+00,0.105681,19.496387,
be871bae-c6d4-434f-befb-8522af6632df,numbered,2162,completed,sold,1,2026-06-08 16:13:47.034102+00,2026-06-08 16:14:06.468017+00,2026-06-08 16:14:06.57277+00,0.104753,19.538668,
ee9d7b02-9d56-4078-b39d-9793c17f9538,numbered,2929,completed,sold,1,2026-06-08 16:13:47.043338+00,2026-06-08 16:14:06.500355+00,2026-06-08 16:14:06.605135+00,0.104780,19.561797,
91ebd299-a3db-428d-9d33-837f0927d364,numbered,2469,completed,sold,1,2026-06-08 16:13:47.04894+00,2026-06-08 16:14:06.518412+00,2026-06-08 16:14:06.623852+00,0.105440,19.574912,
be10618f-13c7-4fcc-bd5d-2e618719218c,numbered,3307,completed,sold,1,2026-06-08 16:13:47.0571+00,2026-06-08 16:14:06.546183+00,2026-06-08 16:14:06.6517+00,0.105517,19.594600,
102ebc9d-0944-4682-a825-8650ef4912c5,numbered,1599,completed,sold,1,2026-06-08 16:13:47.065475+00,2026-06-08 16:14:06.594658+00,2026-06-08 16:14:06.699652+00,0.104994,19.634177,
f2fb84fb-c7f8-4b41-b4e3-c19caa41d2bf,numbered,1437,completed,seat_unavailable,1,2026-06-08 16:13:47.073732+00,2026-06-08 16:14:06.628658+00,2026-06-08 16:14:06.731633+00,0.102975,19.657901,
be261a2a-208b-4d34-a508-b47de8a227fc,numbered,3981,completed,sold,1,2026-06-08 16:13:47.082116+00,2026-06-08 16:14:06.645105+00,2026-06-08 16:14:06.750371+00,0.105266,19.668255,
f79015a1-74e0-4053-bfa1-b62242f80fc0,numbered,81223,completed,sold,1,2026-06-08 16:13:47.09058+00,2026-06-08 16:14:06.677164+00,2026-06-08 16:14:06.782663+00,0.105499,19.692083,
aa1af4c0-17fb-4bfd-80d1-e33aa3afd33a,numbered,448,completed,sold,1,2026-06-08 16:13:47.098978+00,2026-06-08 16:14:06.720857+00,2026-06-08 16:14:06.825661+00,0.104804,19.726683,
bb39c0b8-6336-4d0f-882e-f5ab6d0756e0,numbered,2189,completed,sold,1,2026-06-08 16:13:47.107293+00,2026-06-08 16:14:06.755476+00,2026-06-08 16:14:06.860951+00,0.105475,19.753658,
00b5f74a-7243-4d35-a918-055e652574bf,numbered,80722,completed,sold,1,2026-06-08 16:13:47.115529+00,2026-06-08 16:14:06.772537+00,2026-06-08 16:14:06.878041+00,0.105504,19.762512,
9535679f-37ba-4d22-97ba-6ee379e5c837,numbered,1546,completed,sold,1,2026-06-08 16:13:47.124027+00,2026-06-08 16:14:06.807506+00,2026-06-08 16:14:06.913026+00,0.105520,19.788999,
233b9d04-2a35-4bf1-9a15-12f90f2459c4,numbered,3775,completed,sold,1,2026-06-08 16:13:47.13225+00,2026-06-08 16:14:06.847876+00,2026-06-08 16:14:06.95283+00,0.104954,19.820580,
c96ea73a-5f12-4363-ad8c-e0f1d1a9a2b7,numbered,1066,completed,sold,1,2026-06-08 16:13:47.140537+00,2026-06-08 16:14:06.885565+00,2026-06-08 16:14:06.990761+00,0.105196,19.850224,
8607add8-f844-4369-abfb-5e757d03e8eb,numbered,2207,completed,sold,1,2026-06-08 16:13:47.148968+00,2026-06-08 16:14:06.90094+00,2026-06-08 16:14:07.006225+00,0.105285,19.857257,
2d087880-990e-474e-9517-98bceac25a96,numbered,4435,completed,sold,1,2026-06-08 16:13:47.157122+00,2026-06-08 16:14:06.938424+00,2026-06-08 16:14:07.044273+00,0.105849,19.887151,
06164c1b-e725-4175-b4ea-ca1a9c5c068b,numbered,1358,completed,sold,1,2026-06-08 16:13:47.165458+00,2026-06-08 16:14:06.974555+00,2026-06-08 16:14:07.07934+00,0.104785,19.913882,
4c6b720e-b51c-4aa9-9f16-78e12938a40d,numbered,1001,completed,sold,1,2026-06-08 16:13:47.17394+00,2026-06-08 16:14:07.015173+00,2026-06-08 16:14:07.120053+00,0.104880,19.946113,
8e9a49b9-e77b-438d-a363-2997701e5df3,numbered,1648,completed,sold,1,2026-06-08 16:13:47.182127+00,2026-06-08 16:14:07.028778+00,2026-06-08 16:14:07.133779+00,0.105001,19.951652,
fe9e7cff-e7cc-4b48-9b94-e4777940cc87,numbered,769,completed,seat_unavailable,1,2026-06-08 16:13:47.192993+00,2026-06-08 16:14:07.069807+00,2026-06-08 16:14:07.173351+00,0.103544,19.980358,
65c7bcb7-84a2-4976-b4e9-11c1ac767d95,numbered,1828,completed,sold,1,2026-06-08 16:13:47.198875+00,2026-06-08 16:14:07.101083+00,2026-06-08 16:14:07.205516+00,0.104433,20.006641,
5b1a76b7-f480-46dc-bd9a-382673e4a42f,numbered,11979,completed,sold,1,2026-06-08 16:13:47.207631+00,2026-06-08 16:14:07.144743+00,2026-06-08 16:14:07.24977+00,0.105027,20.042139,
020bede0-5e44-4743-b9e4-05c83cd7e3bd,numbered,23,completed,sold,1,2026-06-08 16:13:47.215722+00,2026-06-08 16:14:07.156277+00,2026-06-08 16:14:07.260842+00,0.104565,20.045120,
aa2678a4-333d-4cc5-b2b6-8882d7644b9c,numbered,2214,completed,sold,1,2026-06-08 16:13:47.22381+00,2026-06-08 16:14:07.198068+00,2026-06-08 16:14:07.303869+00,0.105801,20.080059,
235c6d21-c750-4fb8-8128-710da0ec1a05,numbered,3959,completed,seat_unavailable,1,2026-06-08 16:13:47.232289+00,2026-06-08 16:14:07.226272+00,2026-06-08 16:14:07.328877+00,0.102605,20.096588,
e3a79357-c7b5-484e-bb9f-5c810595450b,numbered,3899,completed,seat_unavailable,1,2026-06-08 16:13:47.240527+00,2026-06-08 16:14:07.274138+00,2026-06-08 16:14:07.376922+00,0.102784,20.136395,
453c903e-4c23-44bb-aa37-41ee92aeaf2e,numbered,3577,completed,sold,1,2026-06-08 16:13:47.248909+00,2026-06-08 16:14:07.282137+00,2026-06-08 16:14:07.38708+00,0.104943,20.138171,
41ec0c9b-ad71-4775-9a65-8220d88f8074,numbered,4097,completed,sold,1,2026-06-08 16:13:47.257304+00,2026-06-08 16:14:07.328015+00,2026-06-08 16:14:07.433326+00,0.105311,20.176022,
46486e82-88d8-44b1-8b27-411fe5361a8d,numbered,1362,completed,sold,1,2026-06-08 16:13:47.265552+00,2026-06-08 16:14:07.350103+00,2026-06-08 16:14:07.455007+00,0.104904,20.189455,
d1b0ce7b-a359-4c1e-a89a-14a689e1d32d,numbered,1465,completed,sold,1,2026-06-08 16:13:47.273971+00,2026-06-08 16:14:07.400449+00,2026-06-08 16:14:07.50532+00,0.104871,20.231349,
6faada00-b2ae-451a-abde-21a9f56bf778,numbered,1884,completed,sold,1,2026-06-08 16:13:47.282121+00,2026-06-08 16:14:07.408733+00,2026-06-08 16:14:07.513987+00,0.105254,20.231866,
b33df37b-f34c-40c0-b2f9-2b205dcac0a4,numbered,1356,completed,sold,1,2026-06-08 16:13:47.29045+00,2026-06-08 16:14:07.458073+00,2026-06-08 16:14:07.563736+00,0.105663,20.273286,
8acb2395-b8b5-4948-9350-05447092b8a2,numbered,3089,completed,sold,1,2026-06-08 16:13:47.299809+00,2026-06-08 16:14:07.476555+00,2026-06-08 16:14:07.58153+00,0.104975,20.281721,
6d1d0afe-abfd-4c2a-a72d-cd7e24d0a1a8,numbered,665,completed,sold,1,2026-06-08 16:13:47.307844+00,2026-06-08 16:14:07.52827+00,2026-06-08 16:14:07.633086+00,0.104816,20.325242,
878ff917-9239-4fb8-9c75-b7c2b6123cd9,numbered,44221,completed,sold,1,2026-06-08 16:13:47.317714+00,2026-06-08 16:14:07.534456+00,2026-06-08 16:14:07.640234+00,0.105778,20.322520,
9f26f10b-fa1a-4148-8e7d-6c5df572402b,numbered,3091,completed,sold,1,2026-06-08 16:13:47.326838+00,2026-06-08 16:14:07.590366+00,2026-06-08 16:14:07.695887+00,0.105521,20.369049,
98bbdcda-918b-4ec9-8ebe-3185b704e330,numbered,3595,completed,sold,1,2026-06-08 16:13:47.332053+00,2026-06-08 16:14:07.604103+00,2026-06-08 16:14:07.708887+00,0.104784,20.376834,
db29f7c9-65b1-42f4-903c-f6ee07b64be6,numbered,4970,completed,sold,1,2026-06-08 16:13:47.340536+00,2026-06-08 16:14:07.656414+00,2026-06-08 16:14:07.761335+00,0.104921,20.420799,
0a5c6ed9-e101-4692-a768-14ed83c187ac,numbered,4461,completed,sold,1,2026-06-08 16:13:47.34892+00,2026-06-08 16:14:07.661509+00,2026-06-08 16:14:07.766425+00,0.104916,20.417505,
bda08762-eb77-439c-a719-010e5083b079,numbered,1859,completed,sold,1,2026-06-08 16:13:47.357149+00,2026-06-08 16:14:07.721053+00,2026-06-08 16:14:07.82636+00,0.105307,20.469211,
9bf502a4-e172-4d6f-91ce-ae15c3d212a1,numbered,3285,completed,sold,1,2026-06-08 16:13:47.3655+00,2026-06-08 16:14:07.730854+00,2026-06-08 16:14:07.835863+00,0.105009,20.470363,
54328cb2-289f-41c3-9063-088087734371,numbered,3561,completed,sold,1,2026-06-08 16:13:47.373948+00,2026-06-08 16:14:07.78441+00,2026-06-08 16:14:07.889691+00,0.105281,20.515743,
2dde218c-2cee-4fd3-9abf-14c2a1cc1141,numbered,3060,completed,sold,1,2026-06-08 16:13:47.382109+00,2026-06-08 16:14:07.787236+00,2026-06-08 16:14:07.891762+00,0.104526,20.509653,
b198d3a5-c84b-4f0a-b77f-877b5c0972be,numbered,6693,completed,sold,1,2026-06-08 16:13:47.390812+00,2026-06-08 16:14:07.85174+00,2026-06-08 16:14:07.957373+00,0.105633,20.566561,
4fa682f0-f21b-430e-bb49-8e80cd17a783,numbered,4251,completed,sold,1,2026-06-08 16:13:47.399048+00,2026-06-08 16:14:07.856654+00,2026-06-08 16:14:07.961486+00,0.104832,20.562438,
4550680a-e057-4eab-a26b-f9a675001676,numbered,4767,completed,seat_unavailable,1,2026-06-08 16:13:47.415636+00,2026-06-08 16:14:07.915231+00,2026-06-08 16:14:08.018593+00,0.103362,20.602957,
2909d845-1495-4582-b7bf-0b5b1eb23833,numbered,1249,completed,sold,1,2026-06-08 16:13:47.407434+00,2026-06-08 16:14:07.915231+00,2026-06-08 16:14:08.020824+00,0.105593,20.613390,
74570c85-7085-4a91-86f2-8b41028b68f4,numbered,2456,completed,sold,1,2026-06-08 16:13:47.434642+00,2026-06-08 16:14:07.983631+00,2026-06-08 16:14:08.089111+00,0.105480,20.654469,
dfbd5b3d-c9ec-4fed-8245-89f58459d0b9,numbered,53,completed,sold,1,2026-06-08 16:13:47.423996+00,2026-06-08 16:14:07.983088+00,2026-06-08 16:14:08.089447+00,0.106359,20.665451,
920d7c35-dee9-4c25-b81a-d879edf61c10,numbered,772,completed,sold,1,2026-06-08 16:13:47.442458+00,2026-06-08 16:14:08.041841+00,2026-06-08 16:14:08.147023+00,0.105182,20.704565,
9b1e8100-11d0-4eda-8769-b61689918db4,numbered,4335,completed,sold,1,2026-06-08 16:13:47.449803+00,2026-06-08 16:14:08.04452+00,2026-06-08 16:14:08.149679+00,0.105159,20.699876,
df255b84-df1e-4fef-8c82-c7e94b796b4c,numbered,4096,completed,sold,1,2026-06-08 16:13:47.457658+00,2026-06-08 16:14:08.112662+00,2026-06-08 16:14:08.217468+00,0.104806,20.759810,
797bfa73-335c-4075-8e41-79fef98e2ca5,numbered,1409,completed,sold,1,2026-06-08 16:13:47.465486+00,2026-06-08 16:14:08.115951+00,2026-06-08 16:14:08.222051+00,0.106100,20.756565,
2e5d0c6b-ca18-40ab-8976-5c6beac93d24,numbered,2135,completed,sold,1,2026-06-08 16:13:47.474039+00,2026-06-08 16:14:08.169406+00,2026-06-08 16:14:08.274478+00,0.105072,20.800439,
feeb9219-3f48-4001-92a3-fc93f4ea11fe,numbered,69977,completed,sold,1,2026-06-08 16:13:47.48221+00,2026-06-08 16:14:08.172099+00,2026-06-08 16:14:08.277662+00,0.105563,20.795452,
f8a9a704-4aff-43b7-a50a-d1e8d63a6321,numbered,615,completed,sold,1,2026-06-08 16:13:47.490679+00,2026-06-08 16:14:08.239442+00,2026-06-08 16:14:08.34392+00,0.104478,20.853241,
ad7941ac-78df-4e58-8d65-10ccccb9fab7,numbered,236,completed,sold,1,2026-06-08 16:13:47.499036+00,2026-06-08 16:14:08.247193+00,2026-06-08 16:14:08.353208+00,0.106015,20.854172,
4d6930f4-b1a0-421a-a978-b6632418c976,numbered,752,completed,sold,1,2026-06-08 16:13:47.507432+00,2026-06-08 16:14:08.295652+00,2026-06-08 16:14:08.400389+00,0.104737,20.892957,
6d1c9af9-c001-42c8-bd19-175340f170ce,numbered,1669,completed,sold,1,2026-06-08 16:13:47.51691+00,2026-06-08 16:14:08.301211+00,2026-06-08 16:14:08.407358+00,0.106147,20.890448,
035fe69d-6155-4428-8272-4627dc796085,numbered,4393,completed,sold,1,2026-06-08 16:13:47.523925+00,2026-06-08 16:14:08.367417+00,2026-06-08 16:14:08.471932+00,0.104515,20.948007,
166df03a-b486-4151-b46a-697fa77e9d39,numbered,1471,completed,sold,1,2026-06-08 16:13:47.532271+00,2026-06-08 16:14:08.378017+00,2026-06-08 16:14:08.483317+00,0.105300,20.951046,
ea604eb5-a985-4a9c-b27b-d932db8608f1,numbered,3330,completed,sold,1,2026-06-08 16:13:47.540649+00,2026-06-08 16:14:08.422842+00,2026-06-08 16:14:08.52796+00,0.105118,20.987311,
7f202427-84ce-4ad5-8718-b8ae38c61d4b,numbered,15405,completed,sold,1,2026-06-08 16:13:47.548945+00,2026-06-08 16:14:08.429797+00,2026-06-08 16:14:08.535354+00,0.105557,20.986409,
682da327-f5a5-4546-b17e-f202eaf41661,numbered,1732,completed,sold,1,2026-06-08 16:13:47.557216+00,2026-06-08 16:14:08.494176+00,2026-06-08 16:14:08.599247+00,0.105071,21.042031,
fa879d65-2984-4803-b729-9d9aa885557f,numbered,70005,completed,sold,1,2026-06-08 16:13:47.565601+00,2026-06-08 16:14:08.509288+00,2026-06-08 16:14:08.615462+00,0.106174,21.049861,
01fc02ff-aa50-476a-b019-efaaf1c3e198,numbered,3617,completed,sold,1,2026-06-08 16:13:47.573895+00,2026-06-08 16:14:08.550457+00,2026-06-08 16:14:08.655117+00,0.104660,21.081222,
7c91739e-df12-4051-8600-8f4ff7689e54,numbered,97754,completed,sold,1,2026-06-08 16:13:47.582144+00,2026-06-08 16:14:08.557662+00,2026-06-08 16:14:08.663632+00,0.105970,21.081488,
15ed253b-ce92-458b-8699-8229a2dda4c2,numbered,93241,completed,sold,1,2026-06-08 16:13:47.594165+00,2026-06-08 16:14:08.622187+00,2026-06-08 16:14:08.726894+00,0.104707,21.132729,
9a53138c-bd7a-4815-a24f-834d32872479,numbered,54594,completed,sold,1,2026-06-08 16:13:47.599089+00,2026-06-08 16:14:08.640242+00,2026-06-08 16:14:08.746364+00,0.106122,21.147275,
605e8e0c-bea8-41fa-a611-d30e5a05bd17,numbered,3309,completed,sold,1,2026-06-08 16:13:47.607194+00,2026-06-08 16:14:08.677623+00,2026-06-08 16:14:08.782283+00,0.104660,21.175089,
43d476f7-7908-4b06-b7d0-846d75518ae0,numbered,1056,completed,sold,1,2026-06-08 16:13:47.615618+00,2026-06-08 16:14:08.685668+00,2026-06-08 16:14:08.791253+00,0.105585,21.175635,
e1fbc9ed-357c-4565-9489-6e945a05a54c,numbered,3800,completed,sold,1,2026-06-08 16:13:47.624072+00,2026-06-08 16:14:08.748897+00,2026-06-08 16:14:08.853402+00,0.104505,21.229330,
94c5e968-7163-4c50-9ab2-1919e8cbbaa4,numbered,1181,completed,sold,1,2026-06-08 16:13:47.632322+00,2026-06-08 16:14:08.770898+00,2026-06-08 16:14:08.87698+00,0.106082,21.244658,
7d804704-65dd-4747-8784-014001ccaf45,numbered,1849,completed,sold,1,2026-06-08 16:13:47.640665+00,2026-06-08 16:14:08.804449+00,2026-06-08 16:14:08.908789+00,0.104340,21.268124,
14600c80-0f10-49d8-be09-8b9e25c5391c,numbered,1934,completed,sold,1,2026-06-08 16:13:47.648924+00,2026-06-08 16:14:08.812834+00,2026-06-08 16:14:08.918698+00,0.105864,21.269774,
1b6f6862-83ce-4de7-b9a2-af89ebd7ff33,numbered,1686,completed,sold,1,2026-06-08 16:13:47.657106+00,2026-06-08 16:14:08.878387+00,2026-06-08 16:14:08.983188+00,0.104801,21.326082,
c298edd1-c904-4c4e-a3e6-5cff08e86eae,numbered,774,completed,sold,1,2026-06-08 16:13:47.665532+00,2026-06-08 16:14:08.90228+00,2026-06-08 16:14:09.008081+00,0.105801,21.342549,
44eb2a24-8331-4c56-a0ac-ecb087452fb6,numbered,2744,completed,seat_unavailable,1,2026-06-08 16:13:47.673986+00,2026-06-08 16:14:08.93141+00,2026-06-08 16:14:09.033946+00,0.102536,21.359960,
d9224c2e-2f2a-484f-bddc-c57242b85a08,numbered,3731,completed,seat_unavailable,1,2026-06-08 16:13:47.682224+00,2026-06-08 16:14:08.941041+00,2026-06-08 16:14:09.044086+00,0.103045,21.361862,
71012e6c-1aba-44e9-848a-e90ef61717b0,numbered,91312,completed,sold,1,2026-06-08 16:13:47.690492+00,2026-06-08 16:14:09.008783+00,2026-06-08 16:14:09.113226+00,0.104443,21.422734,
a454f275-9368-4794-b616-2479763da8b2,numbered,4785,completed,sold,1,2026-06-08 16:13:47.699097+00,2026-06-08 16:14:09.032957+00,2026-06-08 16:14:09.139278+00,0.106321,21.440181,
b0b3fca8-eef8-4b6c-bbff-ba469c5ea8ac,numbered,97606,completed,sold,1,2026-06-08 16:13:47.70795+00,2026-06-08 16:14:09.056029+00,2026-06-08 16:14:09.160908+00,0.104879,21.452958,
5efa0253-4a6b-42a7-95bd-55c24145a0ab,numbered,2988,completed,sold,1,2026-06-08 16:13:47.716532+00,2026-06-08 16:14:09.067087+00,2026-06-08 16:14:09.171661+00,0.104574,21.455129,
a7be431d-ca76-499c-b8e6-9307bca2857e,numbered,520,completed,sold,1,2026-06-08 16:13:47.724983+00,2026-06-08 16:14:09.139611+00,2026-06-08 16:14:09.24423+00,0.104619,21.519247,
a5e58daf-9b90-4cd1-8be2-197b1420aa81,numbered,36663,completed,sold,1,2026-06-08 16:13:47.732087+00,2026-06-08 16:14:09.164588+00,2026-06-08 16:14:09.270185+00,0.105597,21.538098,
1b3b6a2a-dd47-41a0-ba8c-b2d347f573ee,numbered,417,completed,sold,1,2026-06-08 16:13:47.740495+00,2026-06-08 16:14:09.183682+00,2026-06-08 16:14:09.288855+00,0.105173,21.548360,
aafb0184-8078-44b0-9730-a8006e08920c,numbered,3596,completed,sold,1,2026-06-08 16:13:47.748783+00,2026-06-08 16:14:09.194188+00,2026-06-08 16:14:09.300309+00,0.106121,21.551526,
bfd3eac6-c635-4906-9ffb-4c8247ec5436,numbered,57651,completed,sold,1,2026-06-08 16:13:47.757311+00,2026-06-08 16:14:09.266784+00,2026-06-08 16:14:09.371328+00,0.104544,21.614017,
53074488-5a23-460d-81b0-4e9def599c3c,numbered,3368,completed,seat_unavailable,1,2026-06-08 16:13:47.765555+00,2026-06-08 16:14:09.297159+00,2026-06-08 16:14:09.400302+00,0.103143,21.634747,
c5e5aa8b-9576-4a94-bf2d-c5a3e6f1e707,numbered,1913,completed,sold,1,2026-06-08 16:13:47.773836+00,2026-06-08 16:14:09.311176+00,2026-06-08 16:14:09.415461+00,0.104285,21.641625,
c8c80076-a4da-4ccf-9ade-31afbf41d28a,numbered,3571,completed,sold,1,2026-06-08 16:13:47.782352+00,2026-06-08 16:14:09.324937+00,2026-06-08 16:14:09.429488+00,0.104551,21.647136,
37da8267-dbca-4dfc-a274-7c5b2a4e554c,numbered,4523,completed,sold,1,2026-06-08 16:13:47.79064+00,2026-06-08 16:14:09.39305+00,2026-06-08 16:14:09.498007+00,0.104957,21.707367,
bcdc3fee-c0c5-4bce-b561-8ee06e805100,numbered,3807,completed,sold,1,2026-06-08 16:13:47.799007+00,2026-06-08 16:14:09.425495+00,2026-06-08 16:14:09.530909+00,0.105414,21.731902,
b6416615-f6b1-4863-a5cd-d9e11ec3919f,numbered,3208,completed,sold,1,2026-06-08 16:13:47.807468+00,2026-06-08 16:14:09.438311+00,2026-06-08 16:14:09.542749+00,0.104438,21.735281,
456eeb25-a5d7-46e6-90b6-851213f51494,numbered,6912,completed,sold,1,2026-06-08 16:13:47.815699+00,2026-06-08 16:14:09.45235+00,2026-06-08 16:14:09.557932+00,0.105582,21.742233,
d974c253-8eec-4585-9fb8-c4eb3bc805ae,numbered,4248,completed,seat_unavailable,1,2026-06-08 16:13:47.823984+00,2026-06-08 16:14:09.520087+00,2026-06-08 16:14:09.622964+00,0.102877,21.798980,
c7f01ed3-61b4-4a53-8e22-29e30f2b4235,numbered,1254,completed,sold,1,2026-06-08 16:13:47.83245+00,2026-06-08 16:14:09.556109+00,2026-06-08 16:14:09.662073+00,0.105964,21.829623,
14df0de7-1ae0-440f-aafe-a2cf1a8917ef,numbered,69529,completed,sold,1,2026-06-08 16:13:47.84124+00,2026-06-08 16:14:09.565211+00,2026-06-08 16:14:09.670751+00,0.105540,21.829511,
262881d1-31e7-4f86-851c-ea6baf35659d,numbered,21,completed,sold,1,2026-06-08 16:13:47.852408+00,2026-06-08 16:14:09.583044+00,2026-06-08 16:14:09.689359+00,0.106315,21.836951,
4824db26-9806-4f1c-a5bf-a39cd7ea4065,numbered,4245,completed,sold,1,2026-06-08 16:13:47.857328+00,2026-06-08 16:14:09.644682+00,2026-06-08 16:14:09.749656+00,0.104974,21.892328,
7f13792c-2f7c-459b-992d-f1533eb7fb37,numbered,929,completed,sold,1,2026-06-08 16:13:47.865489+00,2026-06-08 16:14:09.688016+00,2026-06-08 16:14:09.793993+00,0.105977,21.928504,
a7cb3301-e6c9-4032-9c04-e8c8fa83d7a4,numbered,975,completed,sold,1,2026-06-08 16:13:47.87392+00,2026-06-08 16:14:09.693648+00,2026-06-08 16:14:09.798327+00,0.104679,21.924407,
75241578-3678-4a19-a08d-7c86fe28ee26,numbered,4482,completed,sold,1,2026-06-08 16:13:47.882103+00,2026-06-08 16:14:09.713175+00,2026-06-08 16:14:09.819132+00,0.105957,21.937029,
20c450cf-5421-456c-aaee-3cc6ca63d40c,numbered,23645,completed,sold,1,2026-06-08 16:13:47.890513+00,2026-06-08 16:14:09.772433+00,2026-06-08 16:14:09.876891+00,0.104458,21.986378,
34908dc0-f658-4cb4-82da-3f86c35f0e35,numbered,2718,completed,sold,1,2026-06-08 16:13:47.907322+00,2026-06-08 16:14:09.82096+00,2026-06-08 16:14:09.926679+00,0.105719,22.019357,
1da82b92-c443-4caa-8833-690f58dca9a1,numbered,4532,completed,sold,1,2026-06-08 16:13:47.899096+00,2026-06-08 16:14:09.820692+00,2026-06-08 16:14:09.927041+00,0.106349,22.027945,
6ef3539d-412b-424e-b851-408c2411438b,numbered,3982,completed,sold,1,2026-06-08 16:13:47.915657+00,2026-06-08 16:14:09.841069+00,2026-06-08 16:14:09.948283+00,0.107214,22.032626,
66db56d5-e8f9-4406-86d6-fe4d28b48ba6,numbered,3997,completed,sold,1,2026-06-08 16:13:47.923815+00,2026-06-08 16:14:09.897656+00,2026-06-08 16:14:10.002561+00,0.104905,22.078746,
ac26f51b-0c41-43e1-9021-15997dafa1c2,numbered,2721,completed,sold,1,2026-06-08 16:13:47.932506+00,2026-06-08 16:14:09.951862+00,2026-06-08 16:14:10.056451+00,0.104589,22.123945,
a191d7bb-e0f7-40c9-80ec-c0d7af397310,numbered,1114,completed,sold,1,2026-06-08 16:13:47.940522+00,2026-06-08 16:14:09.956114+00,2026-06-08 16:14:10.06197+00,0.105856,22.121448,
d41be0aa-6683-4d5a-bf63-5e3c8f52a915,numbered,3430,completed,sold,1,2026-06-08 16:13:47.948934+00,2026-06-08 16:14:09.977321+00,2026-06-08 16:14:10.08258+00,0.105259,22.133646,
3a5b3dc7-6761-4d2d-be57-e45d898c950d,numbered,68432,completed,sold,1,2026-06-08 16:13:47.95736+00,2026-06-08 16:14:10.024888+00,2026-06-08 16:14:10.129544+00,0.104656,22.172184,
be0e6190-b0b1-48ab-8876-4b1453abe54d,numbered,1782,completed,seat_unavailable,1,2026-06-08 16:13:47.965496+00,2026-06-08 16:14:10.077222+00,2026-06-08 16:14:10.179807+00,0.102585,22.214311,
033d51c1-7a07-4119-835d-c925f405aeed,numbered,48066,completed,sold,1,2026-06-08 16:13:47.974034+00,2026-06-08 16:14:10.087577+00,2026-06-08 16:14:10.193056+00,0.105479,22.219022,
ced1c80e-d3e3-453c-ab45-f710819c50d6,numbered,584,completed,seat_unavailable,1,2026-06-08 16:13:47.982204+00,2026-06-08 16:14:10.105501+00,2026-06-08 16:14:10.208643+00,0.103142,22.226439,
429e6431-a87f-4f9c-98ec-80680e813229,numbered,1121,completed,sold,1,2026-06-08 16:13:47.990493+00,2026-06-08 16:14:10.151192+00,2026-06-08 16:14:10.256003+00,0.104811,22.265510,
a3f6052f-9163-46c1-a1b0-2d9d900e2199,numbered,3540,completed,seat_unavailable,1,2026-06-08 16:13:47.999116+00,2026-06-08 16:14:10.201526+00,2026-06-08 16:14:10.304373+00,0.102847,22.305257,
e25df9df-59f1-47cc-b9a6-b81be25ece02,numbered,1641,completed,sold,1,2026-06-08 16:13:48.007402+00,2026-06-08 16:14:10.219702+00,2026-06-08 16:14:10.326209+00,0.106507,22.318807,
07363f4d-d9f3-4de4-8ecf-0bda02a87f39,numbered,339,completed,sold,1,2026-06-08 16:13:48.015668+00,2026-06-08 16:14:10.231978+00,2026-06-08 16:14:10.337164+00,0.105186,22.321496,
1baf0668-6e58-4279-9d84-661d804eb536,numbered,200,completed,sold,1,2026-06-08 16:13:48.023848+00,2026-06-08 16:14:10.277692+00,2026-06-08 16:14:10.382307+00,0.104615,22.358459,
8616a808-2867-4434-a620-030e2cc86e0b,numbered,4999,completed,sold,1,2026-06-08 16:13:48.03238+00,2026-06-08 16:14:10.326518+00,2026-06-08 16:14:10.431476+00,0.104958,22.399096,
71c0b061-e036-4e45-b9eb-7dab8a59a386,numbered,1637,completed,seat_unavailable,1,2026-06-08 16:13:48.040678+00,2026-06-08 16:14:10.351987+00,2026-06-08 16:14:10.455272+00,0.103285,22.414594,
dd70f3f3-2521-422b-9c1a-1f3fae0732a7,numbered,2538,completed,sold,1,2026-06-08 16:13:48.04896+00,2026-06-08 16:14:10.36014+00,2026-06-08 16:14:10.464937+00,0.104797,22.415977,
e004554f-cbb0-4c4e-921c-3766e02d04aa,numbered,1670,completed,sold,1,2026-06-08 16:13:48.057332+00,2026-06-08 16:14:10.403414+00,2026-06-08 16:14:10.507896+00,0.104482,22.450564,
b331adeb-5ca0-48e4-ac0a-83ef6ff95fc2,numbered,3265,completed,sold,1,2026-06-08 16:13:48.0655+00,2026-06-08 16:14:10.452921+00,2026-06-08 16:14:10.558035+00,0.105114,22.492535,
671acfd4-e7f2-47de-916f-206361d9a50b,numbered,341,completed,sold,1,2026-06-08 16:13:48.073829+00,2026-06-08 16:14:10.480109+00,2026-06-08 16:14:10.585493+00,0.105384,22.511664,
b298841e-bb99-4efe-8294-455fa160e9a5,numbered,705,completed,sold,1,2026-06-08 16:13:48.082361+00,2026-06-08 16:14:10.487499+00,2026-06-08 16:14:10.592884+00,0.105385,22.510523,
773446ef-eb25-4b63-b9d3-598b4bc86110,numbered,4311,completed,sold,1,2026-06-08 16:13:48.090494+00,2026-06-08 16:14:10.52903+00,2026-06-08 16:14:10.633928+00,0.104898,22.543434,
7b2aca4e-f360-4d5d-94b4-8f7a39fe4bd0,numbered,4672,completed,seat_unavailable,1,2026-06-08 16:13:48.099069+00,2026-06-08 16:14:10.579641+00,2026-06-08 16:14:10.68246+00,0.102819,22.583391,
95dca6a0-bb52-4059-9a99-ca7b8551a6f9,numbered,1948,completed,sold,1,2026-06-08 16:13:48.107262+00,2026-06-08 16:14:10.611627+00,2026-06-08 16:14:10.71724+00,0.105613,22.609978,
6b29d6b8-ff0a-4065-9f41-5b275c27baad,numbered,130,completed,sold,1,2026-06-08 16:13:48.118354+00,2026-06-08 16:14:10.615609+00,2026-06-08 16:14:10.720457+00,0.104848,22.602103,
dc4f3530-9f98-4a18-af4f-7a0f6bb05887,numbered,88375,completed,sold,1,2026-06-08 16:13:48.124739+00,2026-06-08 16:14:10.654982+00,2026-06-08 16:14:10.760498+00,0.105516,22.635759,
3f3ca209-61a1-43ff-8ef9-c0895af8c158,numbered,1803,completed,sold,1,2026-06-08 16:13:48.132271+00,2026-06-08 16:14:10.70338+00,2026-06-08 16:14:10.807814+00,0.104434,22.675543,
ea0aed28-97d7-4890-85a5-70b101a5397b,numbered,1642,completed,sold,1,2026-06-08 16:13:48.14888+00,2026-06-08 16:14:10.742663+00,2026-06-08 16:14:10.848648+00,0.105985,22.699768,
7e73b315-fff0-4bdc-bf0f-a3820bb0a493,numbered,1052,completed,sold,1,2026-06-08 16:13:48.141241+00,2026-06-08 16:14:10.742663+00,2026-06-08 16:14:10.848786+00,0.106123,22.707545,
e45893c7-ef4c-4427-92f9-f6bdbd509233,numbered,442,completed,sold,1,2026-06-08 16:13:48.157033+00,2026-06-08 16:14:10.782198+00,2026-06-08 16:14:10.886349+00,0.104151,22.729316,
9a29cc1f-3e63-49e4-bc2a-58073d7125ab,numbered,3680,completed,seat_unavailable,1,2026-06-08 16:13:48.165376+00,2026-06-08 16:14:10.828504+00,2026-06-08 16:14:10.931265+00,0.102761,22.765889,
77851323-6a26-4cb2-8d94-68e6f813dd8b,numbered,2422,completed,seat_unavailable,1,2026-06-08 16:13:48.182177+00,2026-06-08 16:14:10.874644+00,2026-06-08 16:14:10.978128+00,0.103484,22.795951,
83e8dd09-b4c0-4258-bb8c-64c90b1aa01b,numbered,1569,completed,sold,1,2026-06-08 16:13:48.173985+00,2026-06-08 16:14:10.881072+00,2026-06-08 16:14:10.986654+00,0.105582,22.812669,
424bba1d-f67c-474a-a4ad-c7017d117160,numbered,3627,completed,sold,1,2026-06-08 16:13:48.190547+00,2026-06-08 16:14:10.9073+00,2026-06-08 16:14:11.012402+00,0.105102,22.821855,
3c9084a9-488e-4c24-a210-d9ab8fd34efd,numbered,643,completed,sold,1,2026-06-08 16:13:48.198977+00,2026-06-08 16:14:10.952923+00,2026-06-08 16:14:11.058007+00,0.105084,22.859030,
4a3c74a6-ae82-4614-80df-e493185fb420,numbered,94018,completed,sold,1,2026-06-08 16:13:48.2074+00,2026-06-08 16:14:11.003924+00,2026-06-08 16:14:11.109746+00,0.105822,22.902346,
f242bdd6-d75b-4e53-acbd-7c5f1cd0f0da,numbered,3604,completed,seat_unavailable,1,2026-06-08 16:13:48.215548+00,2026-06-08 16:14:11.010654+00,2026-06-08 16:14:11.113648+00,0.102994,22.898100,
44ebf531-d71b-49be-96f4-0aea2d93d6a5,numbered,903,completed,sold,1,2026-06-08 16:13:48.223867+00,2026-06-08 16:14:11.034029+00,2026-06-08 16:14:11.139197+00,0.105168,22.915330,
5cc8fe16-b152-4c5b-bd4e-da7ea6483915,numbered,64864,completed,sold,1,2026-06-08 16:13:48.232302+00,2026-06-08 16:14:11.078877+00,2026-06-08 16:14:11.183633+00,0.104756,22.951331,
426ebc41-cf62-4b1b-9a55-891c6ea49f6d,numbered,4585,completed,sold,1,2026-06-08 16:13:48.240647+00,2026-06-08 16:14:11.135529+00,2026-06-08 16:14:11.241246+00,0.105717,23.000599,
c131cf97-fe76-43e3-be32-bb9eacf11a5d,numbered,4848,completed,sold,1,2026-06-08 16:13:48.248784+00,2026-06-08 16:14:11.142623+00,2026-06-08 16:14:11.249163+00,0.106540,23.000379,
dd6adf13-cd7e-4ef3-b1fc-df4acce4cc87,numbered,2648,completed,sold,1,2026-06-08 16:13:48.257076+00,2026-06-08 16:14:11.161163+00,2026-06-08 16:14:11.266258+00,0.105095,23.009182,
0cf9ffcb-5ae5-498e-8699-5930c73e1113,numbered,1461,completed,sold,1,2026-06-08 16:13:48.265615+00,2026-06-08 16:14:11.204826+00,2026-06-08 16:14:11.30948+00,0.104654,23.043865,
6709e9c0-d5b2-41c3-bfd9-dd974669a2c6,numbered,31671,completed,sold,1,2026-06-08 16:13:48.273745+00,2026-06-08 16:14:11.267714+00,2026-06-08 16:14:11.373387+00,0.105673,23.099642,
bfd6e677-42a0-4b26-b068-c90e39885c88,numbered,87445,completed,sold,1,2026-06-08 16:13:48.282063+00,2026-06-08 16:14:11.276508+00,2026-06-08 16:14:11.381752+00,0.105244,23.099689,
3eaa8909-e005-4e99-b49e-6f3c2f1d9293,numbered,2933,completed,sold,1,2026-06-08 16:13:48.290528+00,2026-06-08 16:14:11.287241+00,2026-06-08 16:14:11.392572+00,0.105331,23.102044,
be211531-461d-4ea4-ae32-0a3aa5dbd436,numbered,424,completed,sold,1,2026-06-08 16:13:48.299092+00,2026-06-08 16:14:11.330135+00,2026-06-08 16:14:11.434614+00,0.104479,23.135522,
74f16938-9341-4e90-ac27-7797f04e779b,numbered,3391,completed,sold,1,2026-06-08 16:13:48.307397+00,2026-06-08 16:14:11.400724+00,2026-06-08 16:14:11.506201+00,0.105477,23.198804,
83a63cc8-94aa-4e0c-aacf-75364da09f0f,numbered,1214,completed,sold,1,2026-06-08 16:13:48.315649+00,2026-06-08 16:14:11.406294+00,2026-06-08 16:14:11.511487+00,0.105193,23.195838,
2d342bc5-7e68-49bc-82fb-12aa1b99d0c5,numbered,2379,completed,sold,1,2026-06-08 16:13:48.323937+00,2026-06-08 16:14:11.414464+00,2026-06-08 16:14:11.519436+00,0.104972,23.195499,
234a4253-73b1-46d5-9a17-5073b18089b6,numbered,599,completed,sold,1,2026-06-08 16:13:48.332377+00,2026-06-08 16:14:11.455225+00,2026-06-08 16:14:11.559842+00,0.104617,23.227465,
e8320c09-5ba3-42b5-b78c-def0b0d324a2,numbered,2419,completed,sold,1,2026-06-08 16:13:48.340618+00,2026-06-08 16:14:11.53367+00,2026-06-08 16:14:11.639469+00,0.105799,23.298851,
bf0df626-a9c2-4fe4-a85f-5181967c9ceb,numbered,39943,completed,sold,1,2026-06-08 16:13:48.349043+00,2026-06-08 16:14:11.535463+00,2026-06-08 16:14:11.640612+00,0.105149,23.291569,
7a25620c-5ef8-44f8-adae-5688aefccdd3,numbered,1638,completed,sold,1,2026-06-08 16:13:48.357226+00,2026-06-08 16:14:11.542793+00,2026-06-08 16:14:11.650768+00,0.107975,23.293542,
baa8f6e7-9630-4f56-b620-4b6c4a3779ef,numbered,2502,completed,sold,1,2026-06-08 16:13:48.365645+00,2026-06-08 16:14:11.580708+00,2026-06-08 16:14:11.685205+00,0.104497,23.319560,
036950d0-6bc1-45e5-8fa2-edad7f0c037c,numbered,1670,completed,seat_unavailable,1,2026-06-08 16:13:48.382595+00,2026-06-08 16:14:11.665471+00,2026-06-08 16:14:11.768626+00,0.103155,23.386031,
23de8884-98f7-4ac6-95ea-114fdfc8daf3,numbered,3500,completed,sold,1,2026-06-08 16:13:48.374099+00,2026-06-08 16:14:11.667697+00,2026-06-08 16:14:11.773683+00,0.105986,23.399584,
d1c15d17-96fd-421a-a43f-f09e2329f72f,numbered,4671,completed,seat_unavailable,1,2026-06-08 16:13:48.390534+00,2026-06-08 16:14:11.672182+00,2026-06-08 16:14:11.775734+00,0.103552,23.385200,
32c2d110-e723-4cbc-a266-7e9db1a3b812,numbered,66352,completed,sold,1,2026-06-08 16:13:48.400833+00,2026-06-08 16:14:11.70514+00,2026-06-08 16:14:11.809959+00,0.104819,23.409126,
a0b8fdea-a02f-4ca4-8aab-1af89246bffc,numbered,2206,completed,sold,1,2026-06-08 16:13:48.408792+00,2026-06-08 16:14:11.793545+00,2026-06-08 16:14:11.898694+00,0.105149,23.489902,
bd54b9c1-8d06-43e5-942a-205dbd24a737,numbered,531,completed,sold,1,2026-06-08 16:13:48.423752+00,2026-06-08 16:14:11.799462+00,2026-06-08 16:14:11.905309+00,0.105847,23.481557,
9b29c7a2-17dd-4bb1-ac4d-073a0581a5e0,numbered,1741,completed,sold,1,2026-06-08 16:13:48.415318+00,2026-06-08 16:14:11.800095+00,2026-06-08 16:14:11.906387+00,0.106292,23.491069,
2e4dbb33-e4d9-473c-86bf-c9c0d378a52d,numbered,4948,completed,sold,1,2026-06-08 16:13:48.432101+00,2026-06-08 16:14:11.831279+00,2026-06-08 16:14:11.935534+00,0.104255,23.503433,
fa1ed645-f87f-4d91-adb9-ee3e7828d93c,numbered,4082,completed,sold,1,2026-06-08 16:13:48.440399+00,2026-06-08 16:14:11.924542+00,2026-06-08 16:14:12.029696+00,0.105154,23.589297,
97525f51-d901-470f-94c9-e7283a89a439,numbered,68254,completed,sold,1,2026-06-08 16:13:48.448919+00,2026-06-08 16:14:11.927784+00,2026-06-08 16:14:12.032059+00,0.104275,23.583140,
1af77e5f-d77c-4a93-8834-12df519053e0,numbered,21600,completed,sold,1,2026-06-08 16:13:48.457195+00,2026-06-08 16:14:11.931437+00,2026-06-08 16:14:12.037408+00,0.105971,23.580213,
b019cb32-8820-4dd8-b9aa-2e718172d605,numbered,3718,completed,sold,1,2026-06-08 16:13:48.465579+00,2026-06-08 16:14:11.965197+00,2026-06-08 16:14:12.069434+00,0.104237,23.603855,
907a8255-876d-4b2b-964e-95453250900f,numbered,1321,completed,seat_unavailable,1,2026-06-08 16:13:48.48231+00,2026-06-08 16:14:12.058308+00,2026-06-08 16:14:12.161396+00,0.103088,23.679086,
6929df9c-5137-435b-afc8-bab434257c66,numbered,582,completed,sold,1,2026-06-08 16:13:48.474012+00,2026-06-08 16:14:12.056294+00,2026-06-08 16:14:12.161704+00,0.105410,23.687692,
a8f08589-dcf4-4033-8b89-0efd9ac7e4c2,numbered,51893,completed,sold,1,2026-06-08 16:13:48.490503+00,2026-06-08 16:14:12.062856+00,2026-06-08 16:14:12.170371+00,0.107515,23.679868,
17867e7d-4c32-46fd-a30d-75ae080a31bd,numbered,2454,completed,sold,1,2026-06-08 16:13:48.498994+00,2026-06-08 16:14:12.090157+00,2026-06-08 16:14:12.194549+00,0.104392,23.695555,
ea077696-7dac-488f-bc62-1e4553896242,numbered,4548,completed,sold,1,2026-06-08 16:13:48.507208+00,2026-06-08 16:14:12.188395+00,2026-06-08 16:14:12.293939+00,0.105544,23.786731,
13e89cb2-03d3-4124-ac89-bdee77dcc8a3,numbered,57170,completed,sold,1,2026-06-08 16:13:48.515536+00,2026-06-08 16:14:12.188911+00,2026-06-08 16:14:12.29426+00,0.105349,23.778724,
4a237a59-149d-45f8-a295-16fead2666ac,numbered,4928,completed,seat_unavailable,1,2026-06-08 16:13:48.524321+00,2026-06-08 16:14:12.195475+00,2026-06-08 16:14:12.299106+00,0.103631,23.774785,
f100a8d0-1e7a-41d9-8ab1-156a0d4684b8,numbered,3404,completed,sold,1,2026-06-08 16:13:48.532144+00,2026-06-08 16:14:12.215536+00,2026-06-08 16:14:12.322315+00,0.106779,23.790171,
2e41e9da-de90-4a6c-b526-4f2f1e69344c,numbered,97372,completed,sold,1,2026-06-08 16:13:48.540438+00,2026-06-08 16:14:12.322362+00,2026-06-08 16:14:12.427313+00,0.104951,23.886875,
2e22e9e0-a7b5-4021-8d22-dfe69369433a,numbered,2529,completed,sold,1,2026-06-08 16:13:48.54899+00,2026-06-08 16:14:12.323182+00,2026-06-08 16:14:12.428244+00,0.105062,23.879254,
503ba272-874b-4e2f-b61e-65463b032a73,numbered,708,completed,sold,1,2026-06-08 16:13:48.557242+00,2026-06-08 16:14:12.329541+00,2026-06-08 16:14:12.43886+00,0.109319,23.881618,
e35d4fb9-a5b8-4ed3-92bd-280a9b077c82,numbered,1092,completed,sold,1,2026-06-08 16:13:48.565457+00,2026-06-08 16:14:12.34483+00,2026-06-08 16:14:12.450164+00,0.105334,23.884707,
79306971-bb21-4bdd-81ab-330261670e66,numbered,3325,completed,sold,1,2026-06-08 16:13:48.582363+00,2026-06-08 16:14:12.453995+00,2026-06-08 16:14:12.558979+00,0.104984,23.976616,
f4b495a9-38e5-4239-a597-733017efe7bd,numbered,99828,completed,sold,1,2026-06-08 16:13:48.574041+00,2026-06-08 16:14:12.457614+00,2026-06-08 16:14:12.562143+00,0.104529,23.988102,
73d941d2-c2d6-43c6-b6cc-cf844df566d2,numbered,2052,completed,sold,1,2026-06-08 16:13:48.590581+00,2026-06-08 16:14:12.465665+00,2026-06-08 16:14:12.571773+00,0.106108,23.981192,
c719d86e-ee08-4cdf-becd-7703563e001d,numbered,1121,completed,seat_unavailable,1,2026-06-08 16:13:48.599158+00,2026-06-08 16:14:12.474337+00,2026-06-08 16:14:12.581243+00,0.106906,23.982085,
690ecb3c-69eb-49b9-8952-00fa5e30d84e,numbered,241,completed,sold,1,2026-06-08 16:13:48.615569+00,2026-06-08 16:14:12.587766+00,2026-06-08 16:14:12.692772+00,0.105006,24.077203,
c44e1412-bef1-4644-85be-3b0811ca6897,numbered,1183,completed,sold,1,2026-06-08 16:13:48.607435+00,2026-06-08 16:14:12.587111+00,2026-06-08 16:14:12.69287+00,0.105759,24.085435,
379f1154-6712-4142-a3d7-99b11253b280,numbered,91574,completed,sold,1,2026-06-08 16:13:48.624071+00,2026-06-08 16:14:12.598326+00,2026-06-08 16:14:12.704615+00,0.106289,24.080544,
53946a5d-eae9-4d25-a3df-c243ce3a1493,numbered,1752,completed,sold,1,2026-06-08 16:13:48.632494+00,2026-06-08 16:14:12.604513+00,2026-06-08 16:14:12.709412+00,0.104899,24.076918,
c266c57b-bf50-4a3d-8496-1511f6ffe9a2,numbered,3642,completed,sold,1,2026-06-08 16:13:48.640598+00,2026-06-08 16:14:12.721674+00,2026-06-08 16:14:12.826819+00,0.105145,24.186221,
bafdeb88-dfb5-456d-94ac-047aff3169d2,numbered,181,completed,sold,1,2026-06-08 16:13:48.64874+00,2026-06-08 16:14:12.722781+00,2026-06-08 16:14:12.82768+00,0.104899,24.178940,
0648acd0-33af-4ae6-83c8-401e8c9c2ac2,numbered,3495,completed,sold,1,2026-06-08 16:13:48.657281+00,2026-06-08 16:14:12.733521+00,2026-06-08 16:14:12.839725+00,0.106204,24.182444,
63223c9c-5cbd-4a8b-897d-024d04e2c016,numbered,5781,completed,sold,1,2026-06-08 16:13:48.666138+00,2026-06-08 16:14:12.733396+00,2026-06-08 16:14:12.839731+00,0.106335,24.173593,
9946df27-677c-40fa-951b-ef4ce3d5eaff,numbered,1910,completed,sold,1,2026-06-08 16:13:48.673812+00,2026-06-08 16:14:12.855797+00,2026-06-08 16:14:12.960851+00,0.105054,24.287039,
5674233f-9f80-4635-a319-a6123a8dd49b,numbered,2335,completed,sold,1,2026-06-08 16:13:48.682174+00,2026-06-08 16:14:12.856521+00,2026-06-08 16:14:12.961742+00,0.105221,24.279568,
231c8600-6b2a-4b3e-84ac-f06e62b8076f,numbered,76230,completed,sold,1,2026-06-08 16:13:48.690605+00,2026-06-08 16:14:12.866625+00,2026-06-08 16:14:12.972125+00,0.105500,24.281520,
b023ff6a-2ff0-43fb-81b5-1be14f0cf301,numbered,4544,completed,sold,1,2026-06-08 16:13:48.698999+00,2026-06-08 16:14:12.870233+00,2026-06-08 16:14:12.975866+00,0.105633,24.276867,
b5f23167-11de-4291-9607-4b17ad38bb61,numbered,3571,completed,seat_unavailable,1,2026-06-08 16:13:48.707381+00,2026-06-08 16:14:12.989541+00,2026-06-08 16:14:13.092579+00,0.103038,24.385198,
b356ac9b-8d4e-4af5-8ee7-6c267a877417,numbered,3277,completed,sold,1,2026-06-08 16:13:48.715876+00,2026-06-08 16:14:12.990364+00,2026-06-08 16:14:13.095262+00,0.104898,24.379386,
74e748e5-f597-40ce-8983-d87b0a1f268a,numbered,4236,completed,sold,1,2026-06-08 16:13:48.723958+00,2026-06-08 16:14:12.996911+00,2026-06-08 16:14:13.103399+00,0.106488,24.379441,
e6525184-9783-423f-ae3b-66da52d8e8f6,numbered,891,completed,sold,1,2026-06-08 16:13:48.732424+00,2026-06-08 16:14:13.002957+00,2026-06-08 16:14:13.108633+00,0.105676,24.376209,
93ffcfc0-520a-4350-9f4c-abf5af076e6c,numbered,1428,completed,sold,1,2026-06-08 16:13:48.7406+00,2026-06-08 16:14:13.121198+00,2026-06-08 16:14:13.226164+00,0.104966,24.485564,
e60e6f72-539c-4522-ae86-47528aef8f1f,numbered,1260,completed,sold,1,2026-06-08 16:13:48.748864+00,2026-06-08 16:14:13.123237+00,2026-06-08 16:14:13.228875+00,0.105638,24.480011,
e7fd44c1-b074-480a-9ae1-2c7f8d3b00eb,numbered,3234,completed,sold,1,2026-06-08 16:13:48.757657+00,2026-06-08 16:14:13.125225+00,2026-06-08 16:14:13.230156+00,0.104931,24.472499,
1a3b65b1-dd5d-4e5e-8237-c5c6421c6cac,numbered,2507,completed,sold,1,2026-06-08 16:13:48.765511+00,2026-06-08 16:14:13.139936+00,2026-06-08 16:14:13.245769+00,0.105833,24.480258,
31caeb4f-b71a-42b5-ac11-e60902cf7227,numbered,2363,completed,seat_unavailable,1,2026-06-08 16:13:48.774489+00,2026-06-08 16:14:13.257516+00,2026-06-08 16:14:13.360256+00,0.102740,24.585767,
8dea2d15-5903-467d-b162-31ca86669051,numbered,4201,completed,sold,1,2026-06-08 16:13:48.790662+00,2026-06-08 16:14:13.258618+00,2026-06-08 16:14:13.363447+00,0.104829,24.572785,
6906708d-8a4c-4cb9-876b-1bc1932744c5,numbered,4691,completed,sold,1,2026-06-08 16:13:48.782454+00,2026-06-08 16:14:13.25955+00,2026-06-08 16:14:13.36507+00,0.105520,24.582616,
a1022c6b-fa8b-4dea-bce1-6142ab9da7e0,numbered,33,completed,sold,1,2026-06-08 16:13:48.80015+00,2026-06-08 16:14:13.273601+00,2026-06-08 16:14:13.379223+00,0.105622,24.579073,
9c7e5413-662b-42b8-bdf5-a4de262a5ead,numbered,1989,completed,sold,1,2026-06-08 16:13:48.807368+00,2026-06-08 16:14:13.392384+00,2026-06-08 16:14:13.497942+00,0.105558,24.690574,
55e07e22-9f5b-49d0-b793-408024a0a3bc,numbered,5154,completed,sold,1,2026-06-08 16:13:48.823881+00,2026-06-08 16:14:13.393132+00,2026-06-08 16:14:13.499408+00,0.106276,24.675527,
0c993ade-f865-44f8-8d6f-c2ca52bd8890,numbered,494,completed,sold,1,2026-06-08 16:13:48.815619+00,2026-06-08 16:14:13.392465+00,2026-06-08 16:14:13.499673+00,0.107208,24.684054,
2ecfe577-0e67-4f90-8819-0a72fcac7204,numbered,1647,completed,sold,1,2026-06-08 16:13:48.832268+00,2026-06-08 16:14:13.408506+00,2026-06-08 16:14:13.515365+00,0.106859,24.683097,
80083217-0636-4d80-b9ce-baf4997dfe0a,numbered,2931,completed,sold,1,2026-06-08 16:13:48.849019+00,2026-06-08 16:14:13.524056+00,2026-06-08 16:14:13.62932+00,0.105264,24.780301,
67deba9e-a03d-4d99-80d0-4b943710342d,numbered,2223,completed,sold,1,2026-06-08 16:13:48.840692+00,2026-06-08 16:14:13.527407+00,2026-06-08 16:14:13.632338+00,0.104931,24.791646,
606894bd-7763-4a19-b334-dd48eab7a3a5,numbered,46870,completed,sold,1,2026-06-08 16:13:48.857313+00,2026-06-08 16:14:13.528961+00,2026-06-08 16:14:13.633954+00,0.104993,24.776641,
e499134c-1230-4b08-b4df-e954a9a4541e,numbered,3071,completed,sold,1,2026-06-08 16:13:48.865643+00,2026-06-08 16:14:13.541819+00,2026-06-08 16:14:13.647449+00,0.105630,24.781806,
812b4b6c-c92c-4a4b-83dc-c903fb376e00,numbered,354,completed,sold,1,2026-06-08 16:13:48.890781+00,2026-06-08 16:14:13.660102+00,2026-06-08 16:14:13.766056+00,0.105954,24.875275,
cd9dddb9-38ed-4fdd-8978-98e9c58855cc,numbered,4743,completed,sold,1,2026-06-08 16:13:48.874069+00,2026-06-08 16:14:13.661723+00,2026-06-08 16:14:13.767311+00,0.105588,24.893242,
810ab093-3a2b-4aa1-9657-9cf594bea1e9,numbered,1123,completed,sold,1,2026-06-08 16:13:48.882256+00,2026-06-08 16:14:13.661738+00,2026-06-08 16:14:13.768707+00,0.106969,24.886451,
76e3988f-b20d-405c-9862-af273e060f94,numbered,2917,completed,sold,1,2026-06-08 16:13:48.899048+00,2026-06-08 16:14:13.67707+00,2026-06-08 16:14:13.782382+00,0.105312,24.883334,
a4f14b38-4c48-46fc-8e97-6984353083c2,numbered,3501,completed,seat_unavailable,1,2026-06-08 16:13:48.923898+00,2026-06-08 16:14:13.797316+00,2026-06-08 16:14:13.900983+00,0.103667,24.977085,
f7dbfe66-5e2a-46ff-9454-a2e589631a11,numbered,938,completed,sold,1,2026-06-08 16:13:48.915651+00,2026-06-08 16:14:13.795793+00,2026-06-08 16:14:13.901587+00,0.105794,24.985936,
de4bc6ed-5eaf-4c65-8c76-7562ddbd04a0,numbered,2855,completed,sold,1,2026-06-08 16:13:48.907223+00,2026-06-08 16:14:13.79645+00,2026-06-08 16:14:13.902111+00,0.105661,24.994888,
cf259c08-ca90-4ea4-bbe2-92f62223457b,numbered,1524,completed,sold,1,2026-06-08 16:13:48.93226+00,2026-06-08 16:14:13.810815+00,2026-06-08 16:14:13.916465+00,0.105650,24.984205,
db25d803-3951-4d59-8d4a-18e3463b41a8,numbered,32786,completed,sold,1,2026-06-08 16:13:48.940466+00,2026-06-08 16:14:13.932494+00,2026-06-08 16:14:14.038283+00,0.105789,25.097817,
382dbb9e-4667-4515-a83d-4a0c5344298d,numbered,1860,completed,sold,1,2026-06-08 16:13:48.957274+00,2026-06-08 16:14:13.933085+00,2026-06-08 16:14:14.038893+00,0.105808,25.081619,
a15c87d9-cd13-4309-aaf3-a26e84bd63b2,numbered,14628,completed,sold,1,2026-06-08 16:13:48.948776+00,2026-06-08 16:14:13.933376+00,2026-06-08 16:14:14.039653+00,0.106277,25.090877,
594613c1-2fd6-41f0-b9aa-64b3be3b30ef,numbered,2641,completed,sold,1,2026-06-08 16:13:48.96539+00,2026-06-08 16:14:13.944577+00,2026-06-08 16:14:14.05098+00,0.106403,25.085590,
eccc523b-be2b-496e-98f2-fe2b7f066aba,numbered,2855,completed,seat_unavailable,1,2026-06-08 16:13:48.973722+00,2026-06-08 16:14:14.068627+00,2026-06-08 16:14:14.172239+00,0.103612,25.198517,
901af6de-99d3-407e-a2e1-d552a2238ea5,numbered,87031,completed,sold,1,2026-06-08 16:13:48.990541+00,2026-06-08 16:14:14.069301+00,2026-06-08 16:14:14.174965+00,0.105664,25.184424,
7bf0d420-db1c-461f-8b73-2bf7354278ca,numbered,109,completed,sold,1,2026-06-08 16:13:48.982158+00,2026-06-08 16:14:14.07004+00,2026-06-08 16:14:14.176008+00,0.105968,25.193850,
490a45da-001d-45cd-8ce2-6ee5779cb8af,numbered,246,completed,sold,1,2026-06-08 16:13:48.998898+00,2026-06-08 16:14:14.077408+00,2026-06-08 16:14:14.184391+00,0.106983,25.185493,
4ec30a66-3bd3-4031-9b21-d8dc2bac3399,numbered,647,completed,seat_unavailable,1,2026-06-08 16:13:49.015565+00,2026-06-08 16:14:14.200716+00,2026-06-08 16:14:14.304162+00,0.103446,25.288597,
dc115a58-342c-4eaa-8069-e7ca33bb7013,numbered,3964,completed,sold,1,2026-06-08 16:13:49.007238+00,2026-06-08 16:14:14.201198+00,2026-06-08 16:14:14.306405+00,0.105207,25.299167,
15b6f1bb-3c12-437f-965a-4f7ced920057,numbered,3890,completed,seat_unavailable,1,2026-06-08 16:13:49.025143+00,2026-06-08 16:14:14.203138+00,2026-06-08 16:14:14.306785+00,0.103647,25.281642,
c6eb7595-c9e1-4295-855e-6de3648d1953,numbered,2416,completed,sold,1,2026-06-08 16:13:49.032137+00,2026-06-08 16:14:14.210888+00,2026-06-08 16:14:14.317103+00,0.106215,25.284966,
61bc7094-66a5-496a-922f-0ac499edae26,numbered,1573,completed,sold,1,2026-06-08 16:13:49.04887+00,2026-06-08 16:14:14.334871+00,2026-06-08 16:14:14.441143+00,0.106272,25.392273,
6f26d677-cc92-41b2-9c64-b3f504888219,numbered,176,completed,sold,1,2026-06-08 16:13:49.04063+00,2026-06-08 16:14:14.335577+00,2026-06-08 16:14:14.441784+00,0.106207,25.401154,
17fd69e4-cfc1-4add-9c2c-ce5226ed5934,numbered,792,completed,sold,1,2026-06-08 16:13:49.057207+00,2026-06-08 16:14:14.336264+00,2026-06-08 16:14:14.442264+00,0.106000,25.385057,
39067a67-f213-41a0-9797-84ffa0290165,numbered,4166,completed,sold,1,2026-06-08 16:13:49.065372+00,2026-06-08 16:14:14.343777+00,2026-06-08 16:14:14.450561+00,0.106784,25.385189,
989551a2-9748-4766-9faa-62ab3f05b870,numbered,63858,completed,sold,1,2026-06-08 16:13:49.081985+00,2026-06-08 16:14:14.46953+00,2026-06-08 16:14:14.574161+00,0.104631,25.492176,
017162a1-f953-4834-ada4-6b1e7692d549,numbered,3380,completed,sold,1,2026-06-08 16:13:49.090398+00,2026-06-08 16:14:14.473988+00,2026-06-08 16:14:14.579827+00,0.105839,25.489429,
bd0db580-de59-4e1d-9b7c-648b056a5265,numbered,4483,completed,seat_unavailable,1,2026-06-08 16:13:49.073726+00,2026-06-08 16:14:14.476241+00,2026-06-08 16:14:14.580388+00,0.104147,25.506662,
2048445f-0478-4c8e-8efb-da3370006daa,numbered,851,completed,sold,1,2026-06-08 16:13:49.098898+00,2026-06-08 16:14:14.478301+00,2026-06-08 16:14:14.587595+00,0.109294,25.488697,
23cb4fa8-f5a1-434c-b54a-d601f54ee651,numbered,57946,completed,sold,1,2026-06-08 16:13:49.107146+00,2026-06-08 16:14:14.600178+00,2026-06-08 16:14:14.704829+00,0.104651,25.597683,
d7b40371-6f4e-4857-9539-92dd4416a7d5,numbered,1300,completed,sold,1,2026-06-08 16:13:49.123784+00,2026-06-08 16:14:14.606621+00,2026-06-08 16:14:14.713991+00,0.107370,25.590207,
3c08824c-59e3-4a8a-8f35-61fc6a474724,numbered,4244,completed,sold,1,2026-06-08 16:13:49.115509+00,2026-06-08 16:14:14.607052+00,2026-06-08 16:14:14.714588+00,0.107536,25.599079,
d9413af7-8cb7-4704-9e5b-2c9c4771ea99,numbered,1895,completed,sold,1,2026-06-08 16:13:49.132194+00,2026-06-08 16:14:14.61583+00,2026-06-08 16:14:14.727285+00,0.111455,25.595091,
0b171ce4-5d4c-410c-9f81-2a3048c8bf18,numbered,1937,completed,sold,1,2026-06-08 16:13:49.14049+00,2026-06-08 16:14:14.729503+00,2026-06-08 16:14:14.834534+00,0.105031,25.694044,
fb62d1c6-0389-4bb9-869d-c7f7cb46345d,numbered,4259,completed,sold,1,2026-06-08 16:13:49.148739+00,2026-06-08 16:14:14.740063+00,2026-06-08 16:14:14.845513+00,0.105450,25.696774,
9f9a6869-e51a-48ff-89d2-49cbfba675d7,numbered,4160,completed,sold,1,2026-06-08 16:13:49.15711+00,2026-06-08 16:14:14.743466+00,2026-06-08 16:14:14.848591+00,0.105125,25.691481,
c5923d2b-e100-4b29-bdeb-c0d9f8a7dab7,numbered,67840,completed,sold,1,2026-06-08 16:13:49.165559+00,2026-06-08 16:14:14.754059+00,2026-06-08 16:14:14.861623+00,0.107564,25.696064,
2adb9bff-7bc1-49b1-95a4-1306bf37d091,numbered,4130,completed,sold,1,2026-06-08 16:13:49.173753+00,2026-06-08 16:14:14.862661+00,2026-06-08 16:14:14.967644+00,0.104983,25.793891,
d25a0e01-5a45-4e72-b400-b2bd6661e2fa,numbered,3386,completed,seat_unavailable,1,2026-06-08 16:13:49.182331+00,2026-06-08 16:14:14.873842+00,2026-06-08 16:14:14.977124+00,0.103282,25.794793,
78aa8e93-950f-4f2a-9517-cccb6ee18eb5,numbered,15897,completed,sold,1,2026-06-08 16:13:49.190476+00,2026-06-08 16:14:14.876923+00,2026-06-08 16:14:14.981999+00,0.105076,25.791523,
74485acc-94ac-427c-a8ec-d3d21838ba8c,numbered,3493,completed,sold,1,2026-06-08 16:13:49.198917+00,2026-06-08 16:14:14.889542+00,2026-06-08 16:14:14.994988+00,0.105446,25.796071,
2d3158e8-3555-4aab-9e89-9b0db1ebe180,numbered,531,completed,seat_unavailable,1,2026-06-08 16:13:49.207074+00,2026-06-08 16:14:14.991641+00,2026-06-08 16:14:15.094446+00,0.102805,25.887372,
d93162f6-1aac-4cfa-842c-c1adc0d085ac,numbered,268,completed,sold,1,2026-06-08 16:13:49.215447+00,2026-06-08 16:14:15.010764+00,2026-06-08 16:14:15.11639+00,0.105626,25.900943,
8c3c0487-d5ee-4632-a4f9-88b52851f6c7,numbered,94201,completed,sold,1,2026-06-08 16:13:49.223708+00,2026-06-08 16:14:15.010983+00,2026-06-08 16:14:15.11753+00,0.106547,25.893822,
173c3fc4-bc53-4cdd-b806-24e6934c92c3,numbered,3301,completed,sold,1,2026-06-08 16:13:49.232077+00,2026-06-08 16:14:15.020874+00,2026-06-08 16:14:15.126969+00,0.106095,25.894892,
8ff0f460-b859-4ed0-b958-9a62dac9563f,numbered,2628,completed,sold,1,2026-06-08 16:13:49.240392+00,2026-06-08 16:14:15.11731+00,2026-06-08 16:14:15.221961+00,0.104651,25.981569,
da9715d6-f178-4f6c-a513-cd56e834ac6e,numbered,4698,completed,sold,1,2026-06-08 16:13:49.248889+00,2026-06-08 16:14:15.143607+00,2026-06-08 16:14:15.249524+00,0.105917,26.000635,
14c256b0-8745-4b71-824f-1057847bb454,numbered,1125,completed,sold,1,2026-06-08 16:13:49.257135+00,2026-06-08 16:14:15.143678+00,2026-06-08 16:14:15.249625+00,0.105947,25.992490,
c785a810-a3a5-46b2-bcb1-681396913a2c,numbered,2819,completed,sold,1,2026-06-08 16:13:49.265548+00,2026-06-08 16:14:15.155032+00,2026-06-08 16:14:15.261268+00,0.106236,25.995720,
9c897451-9895-4cda-9d9d-f9f5e8a4d8bb,numbered,1780,completed,sold,1,2026-06-08 16:13:49.274003+00,2026-06-08 16:14:15.242615+00,2026-06-08 16:14:15.346966+00,0.104351,26.072963,
a32c55be-06b7-4326-8207-3c76b9ee99dc,numbered,1386,completed,sold,1,2026-06-08 16:13:49.282035+00,2026-06-08 16:14:15.275699+00,2026-06-08 16:14:15.38074+00,0.105041,26.098705,
c6617219-a8da-4164-9347-76917966cde6,numbered,3137,completed,sold,1,2026-06-08 16:13:49.290532+00,2026-06-08 16:14:15.27729+00,2026-06-08 16:14:15.382312+00,0.105022,26.091780,
e466c286-5ced-4f22-bdf9-5aaf08247e24,numbered,1338,completed,sold,1,2026-06-08 16:13:49.298988+00,2026-06-08 16:14:15.289679+00,2026-06-08 16:14:15.394879+00,0.105200,26.095891,
d2d0719e-2076-45e5-b56d-e7c02a65b895,numbered,957,completed,sold,1,2026-06-08 16:13:49.307179+00,2026-06-08 16:14:15.368812+00,2026-06-08 16:14:15.473307+00,0.104495,26.166128,
5938de41-5cbf-4797-ac3d-266341e2faff,numbered,3820,completed,sold,1,2026-06-08 16:13:49.31562+00,2026-06-08 16:14:15.4072+00,2026-06-08 16:14:15.512137+00,0.104937,26.196517,
24d7d094-eebf-4ea6-8a89-f31a03de2a57,numbered,3342,completed,sold,1,2026-06-08 16:13:49.323763+00,2026-06-08 16:14:15.407974+00,2026-06-08 16:14:15.51309+00,0.105116,26.189327,
917a9b2f-90a2-4586-87c8-8f8b57c70c45,numbered,2596,completed,sold,1,2026-06-08 16:13:49.332147+00,2026-06-08 16:14:15.420856+00,2026-06-08 16:14:15.526224+00,0.105368,26.194077,
ac206a76-678d-43c9-a84f-2463248ea77a,numbered,71468,completed,sold,1,2026-06-08 16:13:49.340439+00,2026-06-08 16:14:15.494361+00,2026-06-08 16:14:15.599124+00,0.104763,26.258685,
7b30ea7d-dea2-4ad3-8a46-79a8b0e3af66,numbered,74720,completed,sold,1,2026-06-08 16:13:49.35713+00,2026-06-08 16:14:15.538173+00,2026-06-08 16:14:15.643605+00,0.105432,26.286475,
27ec0278-596e-423d-9043-97dba79dde22,numbered,1111,completed,sold,1,2026-06-08 16:13:49.348739+00,2026-06-08 16:14:15.539936+00,2026-06-08 16:14:15.645261+00,0.105325,26.296522,
2fae17fa-ac0f-4f69-8477-319d805ce9f0,numbered,1688,completed,seat_unavailable,1,2026-06-08 16:13:49.365482+00,2026-06-08 16:14:15.553125+00,2026-06-08 16:14:15.65649+00,0.103365,26.291008,
6df94971-c799-4ac5-930f-24c494cc7342,numbered,4123,completed,sold,1,2026-06-08 16:13:49.373784+00,2026-06-08 16:14:15.620572+00,2026-06-08 16:14:15.725163+00,0.104591,26.351379,
92d595af-9120-4e80-98ac-058f954ac4e1,numbered,3316,completed,seat_unavailable,1,2026-06-08 16:13:49.382231+00,2026-06-08 16:14:15.670458+00,2026-06-08 16:14:15.773527+00,0.103069,26.391296,
d94ba3dd-b1e2-44d2-a3ae-73b54e9d8158,numbered,564,completed,sold,1,2026-06-08 16:13:49.390529+00,2026-06-08 16:14:15.671117+00,2026-06-08 16:14:15.775866+00,0.104749,26.385337,
8dc4b96f-c496-415d-baae-c3ea630f6c50,numbered,2939,completed,sold,1,2026-06-08 16:13:49.399017+00,2026-06-08 16:14:15.682729+00,2026-06-08 16:14:15.788089+00,0.105360,26.389072,
7f198590-4c3c-4dd2-afb0-b26bbdd85ace,numbered,4479,completed,sold,1,2026-06-08 16:13:49.407216+00,2026-06-08 16:14:15.746394+00,2026-06-08 16:14:15.851179+00,0.104785,26.443963,
f9b62095-563f-4cad-8bf0-190528a9b29e,numbered,3473,completed,sold,1,2026-06-08 16:13:49.415602+00,2026-06-08 16:14:15.798902+00,2026-06-08 16:14:15.904222+00,0.105320,26.488620,
2abb7e3f-208a-4910-88cb-33b050ade760,numbered,50045,completed,sold,1,2026-06-08 16:13:49.423998+00,2026-06-08 16:14:15.800464+00,2026-06-08 16:14:15.905509+00,0.105045,26.481511,
111335af-7867-49ae-bf5b-b6e51d0e795b,numbered,28076,completed,sold,1,2026-06-08 16:13:49.432156+00,2026-06-08 16:14:15.814329+00,2026-06-08 16:14:15.919777+00,0.105448,26.487621,
fd2098f1-df06-4e96-95b7-b603ddb609bf,numbered,96090,completed,sold,1,2026-06-08 16:13:49.440625+00,2026-06-08 16:14:15.872883+00,2026-06-08 16:14:15.977405+00,0.104522,26.536780,
a43fde8a-3672-4110-853c-1e5c846de6f6,numbered,56007,completed,sold,1,2026-06-08 16:13:49.457111+00,2026-06-08 16:14:15.931137+00,2026-06-08 16:14:16.03625+00,0.105113,26.579139,
86af0d7b-e33e-403d-8b8c-70319a095083,numbered,1454,completed,sold,1,2026-06-08 16:13:49.448696+00,2026-06-08 16:14:15.932395+00,2026-06-08 16:14:16.037658+00,0.105263,26.588962,
d5f3c71d-7529-43b3-a439-c20b6442c4ab,numbered,3809,completed,sold,1,2026-06-08 16:13:49.465527+00,2026-06-08 16:14:15.946141+00,2026-06-08 16:14:16.05193+00,0.105789,26.586403,
373e0615-6fb8-4470-ae5d-5749f659c6fb,numbered,1824,completed,seat_unavailable,1,2026-06-08 16:13:49.473782+00,2026-06-08 16:14:15.99823+00,2026-06-08 16:14:16.100863+00,0.102633,26.627081,
92a0d131-0575-4c6a-89a5-c538807d3d97,numbered,4735,completed,seat_unavailable,1,2026-06-08 16:13:49.482184+00,2026-06-08 16:14:16.064033+00,2026-06-08 16:14:16.167365+00,0.103332,26.685181,
63216e2a-24b9-406b-a6c3-c4b19dbd0dee,numbered,2204,completed,sold,1,2026-06-08 16:13:49.490661+00,2026-06-08 16:14:16.063828+00,2026-06-08 16:14:16.16936+00,0.105532,26.678699,
15d2b18e-6db1-4a20-9281-a205a40b856f,numbered,4319,completed,sold,1,2026-06-08 16:13:49.498983+00,2026-06-08 16:14:16.079162+00,2026-06-08 16:14:16.184804+00,0.105642,26.685821,
b68b1351-35c8-4140-a100-a7d6b4cde158,numbered,10605,completed,sold,1,2026-06-08 16:13:49.507219+00,2026-06-08 16:14:16.122234+00,2026-06-08 16:14:16.226807+00,0.104573,26.719588,
394f60ce-a043-421a-895c-36c088fb076c,numbered,1589,completed,seat_unavailable,1,2026-06-08 16:13:49.523983+00,2026-06-08 16:14:16.195313+00,2026-06-08 16:14:16.298923+00,0.103610,26.774940,
f448dd9d-a199-4b23-a568-d6f6459bcf7d,numbered,1309,completed,sold,1,2026-06-08 16:13:49.515812+00,2026-06-08 16:14:16.195778+00,2026-06-08 16:14:16.300715+00,0.104937,26.784903,
7b393d3f-ca10-4f7d-ba2d-6d970b22ab39,numbered,11358,completed,sold,1,2026-06-08 16:13:49.532375+00,2026-06-08 16:14:16.211813+00,2026-06-08 16:14:16.317959+00,0.106146,26.785584,
e21e9904-c9f7-437b-b033-d7fc289d012d,numbered,4176,completed,sold,1,2026-06-08 16:13:49.540731+00,2026-06-08 16:14:16.248178+00,2026-06-08 16:14:16.354065+00,0.105887,26.813334,
ba20fe52-8313-4fdd-aad8-444d065a18fa,numbered,2550,completed,sold,1,2026-06-08 16:13:49.557159+00,2026-06-08 16:14:16.325828+00,2026-06-08 16:14:16.431423+00,0.105595,26.874264,
55b72bf2-a2ea-4167-87ef-ec7f4eb06ab6,numbered,4292,completed,sold,1,2026-06-08 16:13:49.548836+00,2026-06-08 16:14:16.32822+00,2026-06-08 16:14:16.433457+00,0.105237,26.884621,
8c5cdf14-4997-4be6-b6e7-cef4ef65701d,numbered,2228,completed,sold,1,2026-06-08 16:13:49.565674+00,2026-06-08 16:14:16.343828+00,2026-06-08 16:14:16.450362+00,0.106534,26.884688,
4319cec8-c832-4447-874f-c99a19c9dcc0,numbered,4179,completed,sold,1,2026-06-08 16:13:49.573971+00,2026-06-08 16:14:16.375413+00,2026-06-08 16:14:16.479997+00,0.104584,26.906026,
1a89cb36-b5a1-41b5-86af-bde96cffac47,numbered,3635,completed,sold,1,2026-06-08 16:13:49.590452+00,2026-06-08 16:14:16.458623+00,2026-06-08 16:14:16.564511+00,0.105888,26.974059,
f474a086-9f38-4ff0-9b35-9a031bd83184,numbered,123,completed,sold,1,2026-06-08 16:13:49.582102+00,2026-06-08 16:14:16.459322+00,2026-06-08 16:14:16.564511+00,0.105189,26.982409,
d632adf6-134c-433f-b9fb-b88cf2271a3f,numbered,99824,completed,sold,1,2026-06-08 16:13:49.598875+00,2026-06-08 16:14:16.477306+00,2026-06-08 16:14:16.58354+00,0.106234,26.984665,
4065cfe1-9502-4821-b9da-16488ae34dc2,numbered,2891,completed,sold,1,2026-06-08 16:13:49.607059+00,2026-06-08 16:14:16.500853+00,2026-06-08 16:14:16.60604+00,0.105187,26.998981,
d02685c3-8c0a-415d-965b-94ebd4bd73c5,numbered,3410,completed,seat_unavailable,1,2026-06-08 16:13:49.623877+00,2026-06-08 16:14:16.590816+00,2026-06-08 16:14:16.693733+00,0.102917,27.069856,
cb3fc2df-1f06-4d8f-ba65-352c9db028fe,numbered,3923,completed,sold,1,2026-06-08 16:13:49.615655+00,2026-06-08 16:14:16.590225+00,2026-06-08 16:14:16.695583+00,0.105358,27.079928,
c883f7a6-7451-4977-a8a5-a67ef0dadac6,numbered,404,completed,sold,1,2026-06-08 16:13:49.632261+00,2026-06-08 16:14:16.610326+00,2026-06-08 16:14:16.716752+00,0.106426,27.084491,
c4819814-cc35-41d5-bbba-663c5ab858dd,numbered,1852,completed,sold,1,2026-06-08 16:13:49.640601+00,2026-06-08 16:14:16.62745+00,2026-06-08 16:14:16.73223+00,0.104780,27.091629,
9f0139d2-36d7-4353-bb78-7a2c5d24860f,numbered,95689,completed,sold,1,2026-06-08 16:13:49.657281+00,2026-06-08 16:14:16.722338+00,2026-06-08 16:14:16.827342+00,0.105004,27.170061,
aa146d63-1295-483c-a144-00e7cb3101ae,numbered,4178,completed,sold,1,2026-06-08 16:13:49.648928+00,2026-06-08 16:14:16.72156+00,2026-06-08 16:14:16.827385+00,0.105825,27.178457,
631d6259-c94a-4fcc-b318-f5a583a34134,numbered,3192,completed,sold,1,2026-06-08 16:13:49.665632+00,2026-06-08 16:14:16.743401+00,2026-06-08 16:14:16.851467+00,0.108066,27.185835,
eac9d8b6-f229-40b1-b08f-a596fcc68c5c,numbered,29528,completed,sold,1,2026-06-08 16:13:49.674062+00,2026-06-08 16:14:16.754853+00,2026-06-08 16:14:16.86+00,0.105147,27.185938,
1cffe7f8-5a6d-4210-b4f2-488937e21d88,numbered,1315,completed,sold,1,2026-06-08 16:13:49.682199+00,2026-06-08 16:14:16.852781+00,2026-06-08 16:14:16.958304+00,0.105523,27.276105,
8c8bd5f1-1e9c-44ef-aee0-0535d8ab0092,numbered,38185,completed,sold,1,2026-06-08 16:13:49.690555+00,2026-06-08 16:14:16.853408+00,2026-06-08 16:14:16.958688+00,0.105280,27.268133,
66a9dc43-734a-4dcb-bf99-874865321ed5,numbered,3935,completed,seat_unavailable,1,2026-06-08 16:13:49.699039+00,2026-06-08 16:14:16.876953+00,2026-06-08 16:14:16.980485+00,0.103532,27.281446,
d03b88dc-29c9-454e-b868-6c8e606565b5,numbered,30684,completed,sold,1,2026-06-08 16:13:49.707096+00,2026-06-08 16:14:16.881588+00,2026-06-08 16:14:16.98648+00,0.104892,27.279384,
ca754c02-372e-4991-b2a0-d8f0175c6ae4,numbered,51535,completed,sold,1,2026-06-08 16:13:49.715467+00,2026-06-08 16:14:16.981531+00,2026-06-08 16:14:17.086363+00,0.104832,27.370896,
654fb570-686f-41fe-9fa6-430dbeb5b8a1,numbered,2181,completed,sold,1,2026-06-08 16:13:49.723832+00,2026-06-08 16:14:16.984246+00,2026-06-08 16:14:17.089337+00,0.105091,27.365505,
24e62bad-9756-421f-8918-521b878d11a2,numbered,3062,completed,sold,1,2026-06-08 16:13:49.740515+00,2026-06-08 16:14:17.009244+00,2026-06-08 16:14:17.114258+00,0.105014,27.373743,
50c3f414-16e6-4782-bf0e-30f7837d1e5a,numbered,38317,completed,sold,1,2026-06-08 16:13:49.732258+00,2026-06-08 16:14:17.0083+00,2026-06-08 16:14:17.114388+00,0.106088,27.382130,
0b3c29aa-71c2-41bb-80cf-167fd4d481f4,numbered,3110,completed,sold,1,2026-06-08 16:13:49.748936+00,2026-06-08 16:14:17.10899+00,2026-06-08 16:14:17.213665+00,0.104675,27.464729,
322cce2b-e2a1-4a4b-a3b4-f891107ffa92,numbered,24,completed,sold,1,2026-06-08 16:13:49.757739+00,2026-06-08 16:14:17.119257+00,2026-06-08 16:14:17.223982+00,0.104725,27.466243,
50017211-de35-4d8f-b4bf-3509a4b921da,numbered,4495,completed,sold,1,2026-06-08 16:13:49.765501+00,2026-06-08 16:14:17.138189+00,2026-06-08 16:14:17.243596+00,0.105407,27.478095,
7b198008-d954-44c5-9d1d-cf2e576cfb88,numbered,44020,completed,sold,1,2026-06-08 16:13:49.774014+00,2026-06-08 16:14:17.140833+00,2026-06-08 16:14:17.246604+00,0.105771,27.472590,
c067f79d-65b3-4418-a567-ca8dc68fa59b,numbered,4259,completed,seat_unavailable,1,2026-06-08 16:13:49.782161+00,2026-06-08 16:14:17.235549+00,2026-06-08 16:14:17.338355+00,0.102806,27.556194,
9187ca34-4b57-4d34-a6b7-2abdbaa3b0d1,numbered,1477,completed,sold,1,2026-06-08 16:13:49.790524+00,2026-06-08 16:14:17.249258+00,2026-06-08 16:14:17.355468+00,0.106210,27.564944,
3683c78c-acda-4f40-95ee-d10965a28b31,numbered,37113,completed,sold,1,2026-06-08 16:13:49.799008+00,2026-06-08 16:14:17.266491+00,2026-06-08 16:14:17.37106+00,0.104569,27.572052,
eff6d158-3901-4c48-a2fd-60eb1f19dc1d,numbered,83545,completed,sold,1,2026-06-08 16:13:49.807157+00,2026-06-08 16:14:17.271556+00,2026-06-08 16:14:17.377322+00,0.105766,27.570165,
3b4faabc-61b4-44cd-88ad-f3e4bfd982da,numbered,54,completed,sold,1,2026-06-08 16:13:49.815649+00,2026-06-08 16:14:17.360288+00,2026-06-08 16:14:17.465159+00,0.104871,27.649510,
7d23490a-01ab-4bf1-99ba-b09741755489,numbered,2462,completed,sold,1,2026-06-08 16:13:49.823946+00,2026-06-08 16:14:17.38158+00,2026-06-08 16:14:17.486842+00,0.105262,27.662896,
f611d729-a908-4625-9f20-4b30008dcede,numbered,554,completed,sold,1,2026-06-08 16:13:49.832228+00,2026-06-08 16:14:17.3954+00,2026-06-08 16:14:17.499764+00,0.104364,27.667536,
2e823084-d0bd-41ee-9d62-83cd6e0ed95d,numbered,1206,completed,sold,1,2026-06-08 16:13:49.840785+00,2026-06-08 16:14:17.402234+00,2026-06-08 16:14:17.508267+00,0.106033,27.667482,
2975467b-2b14-4baf-92da-da6bc32cf1e7,numbered,2088,completed,seat_unavailable,1,2026-06-08 16:13:49.848951+00,2026-06-08 16:14:17.486928+00,2026-06-08 16:14:17.589663+00,0.102735,27.740712,
c5a0c7ef-bd51-4548-abb8-8b3a8f28727c,numbered,2865,completed,sold,1,2026-06-08 16:13:49.857281+00,2026-06-08 16:14:17.51168+00,2026-06-08 16:14:17.616099+00,0.104419,27.758818,
221a6c7a-ea36-43c2-9397-985adc7fc09b,numbered,4134,completed,sold,1,2026-06-08 16:13:49.865532+00,2026-06-08 16:14:17.523137+00,2026-06-08 16:14:17.627502+00,0.104365,27.761970,
d6c93f7a-129d-4f75-9561-b0bc7da69e19,numbered,1657,completed,sold,1,2026-06-08 16:13:49.873787+00,2026-06-08 16:14:17.532957+00,2026-06-08 16:14:17.638982+00,0.106025,27.765195,
4d80f1a6-4f3e-4590-bd27-43a44fe243c2,numbered,91487,completed,sold,1,2026-06-08 16:13:49.882129+00,2026-06-08 16:14:17.610413+00,2026-06-08 16:14:17.715114+00,0.104701,27.832985,
57d857f9-3e83-4d1c-b34f-bb872fc63945,numbered,4018,completed,sold,1,2026-06-08 16:13:49.890501+00,2026-06-08 16:14:17.639497+00,2026-06-08 16:14:17.744151+00,0.104654,27.853650,
30f8ee9a-b5d7-4cd3-a96b-9ab0d7602941,numbered,2536,completed,sold,1,2026-06-08 16:13:49.899008+00,2026-06-08 16:14:17.650434+00,2026-06-08 16:14:17.755019+00,0.104585,27.856011,
3160bb24-b1df-4688-ad01-a1bde0efd493,numbered,1280,completed,sold,1,2026-06-08 16:13:49.907198+00,2026-06-08 16:14:17.663609+00,2026-06-08 16:14:17.769603+00,0.105994,27.862405,
4e7e1f77-2f7a-4906-aacc-f68330e6e0b8,numbered,91906,completed,sold,1,2026-06-08 16:13:49.915476+00,2026-06-08 16:14:17.736506+00,2026-06-08 16:14:17.841407+00,0.104901,27.925931,
d13500fa-fce0-4286-b9c8-0160a53181a0,numbered,2484,completed,sold,1,2026-06-08 16:13:49.923894+00,2026-06-08 16:14:17.767702+00,2026-06-08 16:14:17.872683+00,0.104981,27.948789,
bc51649f-9e55-4544-a7cf-62c0c2ea6a47,numbered,881,completed,sold,1,2026-06-08 16:13:49.932245+00,2026-06-08 16:14:17.779236+00,2026-06-08 16:14:17.883809+00,0.104573,27.951564,
36ee1d7d-096f-4e01-bcad-a8f2fa422d0f,numbered,4083,completed,seat_unavailable,1,2026-06-08 16:13:49.940968+00,2026-06-08 16:14:17.795467+00,2026-06-08 16:14:17.899233+00,0.103766,27.958265,
45d52bb1-774b-4e24-980d-1f9ad338b6b9,numbered,1958,completed,sold,1,2026-06-08 16:13:49.94934+00,2026-06-08 16:14:17.862619+00,2026-06-08 16:14:17.967231+00,0.104612,28.017891,
a82d7e63-65ed-4382-bd32-4b8e232a49e3,numbered,3506,completed,seat_unavailable,1,2026-06-08 16:13:49.957101+00,2026-06-08 16:14:17.896295+00,2026-06-08 16:14:17.999433+00,0.103138,28.042332,
bf9e1a7c-2086-48aa-a45b-82b0c2c3cdc9,numbered,3893,completed,sold,1,2026-06-08 16:13:49.965542+00,2026-06-08 16:14:17.907222+00,2026-06-08 16:14:18.011759+00,0.104537,28.046217,
e726ab48-a5ad-4882-8c20-bb55ede12413,numbered,2380,completed,sold,1,2026-06-08 16:13:49.973737+00,2026-06-08 16:14:17.924815+00,2026-06-08 16:14:18.031229+00,0.106414,28.057492,
20ab34e5-d4d8-496c-a25c-3be1c23a2a75,numbered,2622,completed,sold,1,2026-06-08 16:13:49.982155+00,2026-06-08 16:14:17.988465+00,2026-06-08 16:14:18.093314+00,0.104849,28.111159,
2d3d841d-ee73-49a6-91a9-3a296e6e06e6,numbered,5581,completed,sold,1,2026-06-08 16:13:49.990482+00,2026-06-08 16:14:18.023179+00,2026-06-08 16:14:18.128033+00,0.104854,28.137551,
5fce9de6-f357-47f2-ad46-a485006828cd,numbered,4808,completed,sold,1,2026-06-08 16:13:49.998908+00,2026-06-08 16:14:18.034596+00,2026-06-08 16:14:18.139208+00,0.104612,28.140300,
6b39ce22-6fd5-407d-b2ea-e94e63c2b13c,numbered,3267,completed,sold,1,2026-06-08 16:13:50.007252+00,2026-06-08 16:14:18.055828+00,2026-06-08 16:14:18.162062+00,0.106234,28.154810,
37820792-4c7b-43d9-ae69-33f80a3b4c01,numbered,1457,completed,sold,1,2026-06-08 16:13:50.015617+00,2026-06-08 16:14:18.114339+00,2026-06-08 16:14:18.219081+00,0.104742,28.203464,
a851f6c8-e6ab-4dcc-b0a5-bab941ae112e,numbered,48,completed,sold,1,2026-06-08 16:13:50.023893+00,2026-06-08 16:14:18.150476+00,2026-06-08 16:14:18.255392+00,0.104916,28.231499,
3a4f7ede-ee0c-40c8-9d67-f18ba2ade07e,numbered,83710,completed,sold,1,2026-06-08 16:13:50.032458+00,2026-06-08 16:14:18.161426+00,2026-06-08 16:14:18.266097+00,0.104671,28.233639,
ffafd293-85e3-4d28-bf6d-22a923c9ea94,numbered,2743,completed,sold,1,2026-06-08 16:13:50.040643+00,2026-06-08 16:14:18.18723+00,2026-06-08 16:14:18.292384+00,0.105154,28.251741,
76d51857-2964-4dcd-ab71-764107d77e65,numbered,56636,completed,sold,1,2026-06-08 16:13:50.048915+00,2026-06-08 16:14:18.240341+00,2026-06-08 16:14:18.345185+00,0.104844,28.296270,
54a972e7-e979-420b-a95c-8c25b3d8df7b,numbered,3715,completed,sold,1,2026-06-08 16:13:50.057276+00,2026-06-08 16:14:18.278353+00,2026-06-08 16:14:18.383427+00,0.105074,28.326151,
50587a22-8285-4a9f-acd7-056f92a7d541,numbered,3970,completed,sold,1,2026-06-08 16:13:50.065529+00,2026-06-08 16:14:18.287932+00,2026-06-08 16:14:18.392929+00,0.104997,28.327400,
34f13955-498e-4885-817c-1dcfa5b66a3d,numbered,2877,completed,sold,1,2026-06-08 16:13:50.0738+00,2026-06-08 16:14:18.316335+00,2026-06-08 16:14:18.422179+00,0.105844,28.348379,
95df57e3-847a-4d81-9ef8-89bf3876d9ba,numbered,771,completed,sold,1,2026-06-08 16:13:50.082186+00,2026-06-08 16:14:18.36626+00,2026-06-08 16:14:18.471333+00,0.105073,28.389147,
7f3a3ec5-ba5a-4f04-800e-8264aa0b084f,numbered,1771,completed,sold,1,2026-06-08 16:13:50.090713+00,2026-06-08 16:14:18.406468+00,2026-06-08 16:14:18.511704+00,0.105236,28.420991,
5978d4d7-abbf-4ce3-8fbd-7e9abfad21c0,numbered,3958,completed,sold,1,2026-06-08 16:13:50.099016+00,2026-06-08 16:14:18.413629+00,2026-06-08 16:14:18.519678+00,0.106049,28.420662,
8b11d7ac-a9d9-4867-aba1-2453d6d9b0c6,numbered,3102,completed,seat_unavailable,1,2026-06-08 16:13:50.107258+00,2026-06-08 16:14:18.446991+00,2026-06-08 16:14:18.550174+00,0.103183,28.442916,
84ff3d22-687d-4820-beac-44f47f6a81f9,numbered,73458,completed,sold,1,2026-06-08 16:13:50.115494+00,2026-06-08 16:14:18.49306+00,2026-06-08 16:14:18.59795+00,0.104890,28.482456,
c172707c-02eb-495a-a758-44643ab871f4,numbered,2669,completed,sold,1,2026-06-08 16:13:50.123798+00,2026-06-08 16:14:18.535907+00,2026-06-08 16:14:18.641132+00,0.105225,28.517334,
7fbc1e00-96ec-476b-9e9a-a0b9feb68626,numbered,2673,completed,sold,1,2026-06-08 16:13:50.132218+00,2026-06-08 16:14:18.540554+00,2026-06-08 16:14:18.645377+00,0.104823,28.513159,
179d8d55-9c79-4d1d-8e8c-eaf17e938b6f,numbered,37657,completed,sold,1,2026-06-08 16:13:50.140809+00,2026-06-08 16:14:18.575577+00,2026-06-08 16:14:18.6815+00,0.105923,28.540691,
707d63ad-bca2-40e6-9391-2cf092a16295,numbered,1089,completed,sold,1,2026-06-08 16:13:50.148731+00,2026-06-08 16:14:18.619433+00,2026-06-08 16:14:18.724062+00,0.104629,28.575331,
a7fa173a-08d6-4541-8a20-7890d6b1f9ef,numbered,1078,completed,sold,1,2026-06-08 16:13:50.157011+00,2026-06-08 16:14:18.663967+00,2026-06-08 16:14:18.769214+00,0.105247,28.612203,
d436dbf5-1a26-45ee-8ae6-0661897915e6,numbered,2388,completed,sold,1,2026-06-08 16:13:50.165345+00,2026-06-08 16:14:18.666781+00,2026-06-08 16:14:18.771688+00,0.104907,28.606343,
8094cc22-d98b-4752-acb7-14d2492e4595,numbered,2782,completed,sold,1,2026-06-08 16:13:50.173768+00,2026-06-08 16:14:18.706826+00,2026-06-08 16:14:18.812344+00,0.105518,28.638576,
065f1838-fafa-4cd8-911a-b4c66fbb5ba8,numbered,2696,completed,sold,1,2026-06-08 16:13:50.182133+00,2026-06-08 16:14:18.745443+00,2026-06-08 16:14:18.850142+00,0.104699,28.668009,
33aab4ad-4789-418c-8a06-047cba86931a,numbered,84004,completed,sold,1,2026-06-08 16:13:50.190431+00,2026-06-08 16:14:18.793446+00,2026-06-08 16:14:18.899213+00,0.105767,28.708782,
83a42850-b611-4a72-b371-212d84c4a0c1,numbered,2777,completed,sold,1,2026-06-08 16:13:50.198966+00,2026-06-08 16:14:18.793678+00,2026-06-08 16:14:18.899213+00,0.105535,28.700247,
c393f0c5-b001-4277-ac41-4c016926fa50,numbered,1272,completed,sold,1,2026-06-08 16:13:50.207352+00,2026-06-08 16:14:18.836691+00,2026-06-08 16:14:18.942205+00,0.105514,28.734853,
3ac8c376-84a7-4131-955e-bc1eccafe778,numbered,3541,completed,sold,1,2026-06-08 16:13:50.215636+00,2026-06-08 16:14:18.871696+00,2026-06-08 16:14:18.976029+00,0.104333,28.760393,
5ad218d6-c753-4e8d-8be4-13cd87ea2718,numbered,78,completed,sold,1,2026-06-08 16:13:50.224384+00,2026-06-08 16:14:18.924149+00,2026-06-08 16:14:19.029523+00,0.105374,28.805139,
c598df78-acad-4e21-a54e-405005a7225a,numbered,13787,completed,sold,1,2026-06-08 16:13:50.232191+00,2026-06-08 16:14:18.923677+00,2026-06-08 16:14:19.029523+00,0.105846,28.797332,
067a00df-cc4e-44ea-8589-4b16deb1e19d,numbered,3648,completed,sold,1,2026-06-08 16:13:50.240468+00,2026-06-08 16:14:18.967591+00,2026-06-08 16:14:19.073085+00,0.105494,28.832617,
eb2fa069-6b6c-459e-b015-6bc7e74e2c3f,numbered,3868,completed,sold,1,2026-06-08 16:13:50.248932+00,2026-06-08 16:14:18.996753+00,2026-06-08 16:14:19.101446+00,0.104693,28.852514,
e091e65b-a1d0-4cc6-b647-add162ade890,numbered,95364,completed,sold,1,2026-06-08 16:13:50.257162+00,2026-06-08 16:14:19.053074+00,2026-06-08 16:14:19.158096+00,0.105022,28.900934,
d0842aa1-7786-4bb8-bdde-e071cef2961b,numbered,43789,completed,sold,1,2026-06-08 16:13:50.265569+00,2026-06-08 16:14:19.054808+00,2026-06-08 16:14:19.160013+00,0.105205,28.894444,
fc42bbbb-0f23-4195-a6e9-a1f21487267b,numbered,2551,completed,sold,1,2026-06-08 16:13:50.274057+00,2026-06-08 16:14:19.097655+00,2026-06-08 16:14:19.203595+00,0.105940,28.929538,
bf116f31-45ae-40e6-ae70-f43c95354ba5,numbered,913,completed,sold,1,2026-06-08 16:13:50.282169+00,2026-06-08 16:14:19.123031+00,2026-06-08 16:14:19.227687+00,0.104656,28.945518,
84a755f4-c298-44db-9b02-1344354dde31,numbered,3235,completed,sold,1,2026-06-08 16:13:50.299435+00,2026-06-08 16:14:19.182352+00,2026-06-08 16:14:19.287768+00,0.105416,28.988333,
1ac21bd5-8d11-47cf-9f92-72ddcf900b97,numbered,3956,completed,sold,1,2026-06-08 16:13:50.291016+00,2026-06-08 16:14:19.181954+00,2026-06-08 16:14:19.287777+00,0.105823,28.996761,
445cecf5-fd26-40dc-b155-55380f308fca,numbered,3930,completed,sold,1,2026-06-08 16:13:50.307204+00,2026-06-08 16:14:19.228745+00,2026-06-08 16:14:19.334373+00,0.105628,29.027169,
9687f035-2dfc-480c-937d-b39c3cb22195,numbered,506,completed,sold,1,2026-06-08 16:13:50.315522+00,2026-06-08 16:14:19.248491+00,2026-06-08 16:14:19.353653+00,0.105162,29.038131,
1fabe638-264b-40a3-86ed-f881079fa125,numbered,638,completed,sold,1,2026-06-08 16:13:50.323963+00,2026-06-08 16:14:19.312345+00,2026-06-08 16:14:19.417263+00,0.104918,29.093300,
33652291-0852-43f2-8f47-8ccb3042511b,numbered,42897,completed,sold,1,2026-06-08 16:13:50.332395+00,2026-06-08 16:14:19.315063+00,2026-06-08 16:14:19.420256+00,0.105193,29.087861,
f6d370ef-7658-4d28-9023-541bd4d2d9e9,numbered,86403,completed,sold,1,2026-06-08 16:13:50.340683+00,2026-06-08 16:14:19.360858+00,2026-06-08 16:14:19.466329+00,0.105471,29.125646,
676f1899-06c2-4e80-8977-285db7eced0b,numbered,4709,completed,seat_unavailable,1,2026-06-08 16:13:50.349048+00,2026-06-08 16:14:19.376805+00,2026-06-08 16:14:19.479467+00,0.102662,29.130419,
954162fe-94a6-4442-90cd-0f364594fa60,numbered,2949,completed,seat_unavailable,1,2026-06-08 16:13:50.357504+00,2026-06-08 16:14:19.439802+00,2026-06-08 16:14:19.54247+00,0.102668,29.184966,
695462b1-0366-4118-844b-b4aaad0c22db,numbered,1571,completed,sold,1,2026-06-08 16:13:50.36618+00,2026-06-08 16:14:19.443219+00,2026-06-08 16:14:19.549172+00,0.105953,29.182992,
9eb3af15-b5ef-40e3-88dc-73f2f5e17728,numbered,5132,completed,sold,1,2026-06-08 16:13:50.37378+00,2026-06-08 16:14:19.492203+00,2026-06-08 16:14:19.597519+00,0.105316,29.223739,
fe3b3fd0-c1af-4758-8995-11c12252f6ed,numbered,17966,completed,sold,1,2026-06-08 16:13:50.382148+00,2026-06-08 16:14:19.500979+00,2026-06-08 16:14:19.605795+00,0.104816,29.223647,
bb4741a9-ea81-47d8-b26b-d650dc80c3b8,numbered,64741,completed,sold,1,2026-06-08 16:13:50.39058+00,2026-06-08 16:14:19.564838+00,2026-06-08 16:14:19.669368+00,0.104530,29.278788,
b6a958f6-c78c-48a1-a0e0-66ff0da0e71e,numbered,28916,completed,sold,1,2026-06-08 16:13:50.39896+00,2026-06-08 16:14:19.571334+00,2026-06-08 16:14:19.67749+00,0.106156,29.278530,
d7f8b506-8994-476d-813c-8e074dba06df,numbered,3494,completed,sold,1,2026-06-08 16:13:50.407075+00,2026-06-08 16:14:19.622552+00,2026-06-08 16:14:19.728209+00,0.105657,29.321134,
313c2d89-d654-4f97-885c-f49b632cd84a,numbered,211,completed,sold,1,2026-06-08 16:13:50.415655+00,2026-06-08 16:14:19.627476+00,2026-06-08 16:14:19.733553+00,0.106077,29.317898,
dcbaa49b-e6fd-4295-b6da-9ac2b181b3bc,numbered,1010,completed,sold,1,2026-06-08 16:13:50.423968+00,2026-06-08 16:14:19.691384+00,2026-06-08 16:14:19.795828+00,0.104444,29.371860,
e98e09f2-9cdc-4a9a-b22d-293852a0166c,numbered,926,completed,sold,1,2026-06-08 16:13:50.432224+00,2026-06-08 16:14:19.699381+00,2026-06-08 16:14:19.804682+00,0.105301,29.372458,
de6cc9ff-8ea0-49a3-89e3-787bfe3dda73,numbered,2617,completed,sold,1,2026-06-08 16:13:50.440461+00,2026-06-08 16:14:19.753556+00,2026-06-08 16:14:19.859592+00,0.106036,29.419131,
7bb7e4ad-36bf-4408-b995-06ab465f7d21,numbered,69985,completed,sold,1,2026-06-08 16:13:50.448793+00,2026-06-08 16:14:19.755624+00,2026-06-08 16:14:19.860873+00,0.105249,29.412080,
5e4d28bc-07fe-4dfe-8398-691586f22531,numbered,2710,completed,sold,1,2026-06-08 16:13:50.457175+00,2026-06-08 16:14:19.81731+00,2026-06-08 16:14:19.922317+00,0.105007,29.465142,
cc6d5588-bd9f-48b6-b59e-80d4225bcb41,numbered,3624,completed,sold,1,2026-06-08 16:13:50.46552+00,2026-06-08 16:14:19.826744+00,2026-06-08 16:14:19.931861+00,0.105117,29.466341,
3189b4d2-2a10-4767-b6ec-3f94bfa1f1d5,numbered,542,completed,sold,1,2026-06-08 16:13:50.482182+00,2026-06-08 16:14:19.88361+00,2026-06-08 16:14:19.988753+00,0.105143,29.506571,
7fc4ff68-2164-4134-8777-a575d7db3527,numbered,2817,completed,sold,1,2026-06-08 16:13:50.47395+00,2026-06-08 16:14:19.886628+00,2026-06-08 16:14:19.992058+00,0.105430,29.518108,
8321b0d7-bd9c-4b79-85ea-eeec277bbb58,numbered,841,completed,sold,1,2026-06-08 16:13:50.490489+00,2026-06-08 16:14:19.944597+00,2026-06-08 16:14:20.049615+00,0.105018,29.559126,
1cd5265c-1747-4f0b-a09c-19d22b939fdb,numbered,1306,completed,sold,1,2026-06-08 16:13:50.498948+00,2026-06-08 16:14:19.954025+00,2026-06-08 16:14:20.059187+00,0.105162,29.560239,
6dab61ae-5d60-4b0f-ad40-dc5b05a544e5,numbered,2560,completed,sold,1,2026-06-08 16:13:50.507125+00,2026-06-08 16:14:20.019289+00,2026-06-08 16:14:20.124204+00,0.104915,29.617079,
57c6f988-fd37-4a1d-873d-25ac0caa630b,numbered,4379,completed,sold,1,2026-06-08 16:13:50.515663+00,2026-06-08 16:14:20.019852+00,2026-06-08 16:14:20.125638+00,0.105786,29.609975,
81a80517-0f21-4936-8dad-0d3b7268627b,numbered,3561,completed,seat_unavailable,1,2026-06-08 16:13:50.523984+00,2026-06-08 16:14:20.071316+00,2026-06-08 16:14:20.174085+00,0.102769,29.650101,
4ff0e5ea-ef4d-4833-8449-a1c54403e03f,numbered,576,completed,sold,1,2026-06-08 16:13:50.532223+00,2026-06-08 16:14:20.081635+00,2026-06-08 16:14:20.186937+00,0.105302,29.654714,
50495c2a-1f05-41a4-90c9-e14c90e6edc3,numbered,66913,completed,sold,1,2026-06-08 16:13:50.540496+00,2026-06-08 16:14:20.145967+00,2026-06-08 16:14:20.250646+00,0.104679,29.710150,
