request_id,mode,seat_id,status,result,attempts,enqueued_at,worker_started_at,completed_at,processing_seconds,end_to_end_seconds,error
125b6607-949b-4a12-86e1-47f1d2f8cba1,numbered,90965,completed,sold,1,2026-06-08 16:07:26.754412+00,2026-06-08 16:07:26.778995+00,2026-06-08 16:07:26.883723+00,0.104728,0.129311,
e4654c96-6444-45e0-9ba0-f441ce84894a,numbered,1985,completed,sold,1,2026-06-08 16:07:26.759971+00,2026-06-08 16:07:26.78315+00,2026-06-08 16:07:26.887833+00,0.104683,0.127862,
2f8963ef-4181-40d9-aaa9-53add34f91f5,numbered,55234,completed,sold,1,2026-06-08 16:07:26.768297+00,2026-06-08 16:07:26.797939+00,2026-06-08 16:07:26.90464+00,0.106701,0.136343,
13381bf0-5b55-4131-b227-b58acfb6a04f,numbered,54242,completed,sold,1,2026-06-08 16:07:26.778015+00,2026-06-08 16:07:26.803785+00,2026-06-08 16:07:26.909606+00,0.105821,0.131591,
7fb7aa58-5c50-4d43-a005-24664fb85314,numbered,60685,completed,sold,1,2026-06-08 16:07:26.793587+00,2026-06-08 16:07:26.913202+00,2026-06-08 16:07:27.018283+00,0.105081,0.224696,
cb624a1a-ad30-4edf-8388-d429bea2160d,numbered,37958,completed,sold,1,2026-06-08 16:07:26.785003+00,2026-06-08 16:07:26.912599+00,2026-06-08 16:07:27.018334+00,0.105735,0.233331,
a0e6f429-6018-4fc8-8474-8d14b638a3ba,numbered,51868,completed,sold,1,2026-06-08 16:07:26.801715+00,2026-06-08 16:07:26.93317+00,2026-06-08 16:07:27.039393+00,0.106223,0.237678,
77d64188-dcd0-4c03-a80e-23959b23714e,numbered,20247,completed,sold,1,2026-06-08 16:07:26.810147+00,2026-06-08 16:07:26.935119+00,2026-06-08 16:07:27.041537+00,0.106418,0.231390,
b148f9f2-c777-438c-a5dc-7891289d2c40,numbered,81248,completed,sold,1,2026-06-08 16:07:26.818368+00,2026-06-08 16:07:27.049407+00,2026-06-08 16:07:27.154494+00,0.105087,0.336126,
5c0b8a85-6f02-4a67-99d8-09c662129a7d,numbered,25059,completed,sold,1,2026-06-08 16:07:26.826629+00,2026-06-08 16:07:27.05005+00,2026-06-08 16:07:27.15556+00,0.105510,0.328931,
39aced7b-8632-4d68-bfb8-e86f485b32e6,numbered,50466,completed,sold,1,2026-06-08 16:07:26.843296+00,2026-06-08 16:07:27.067345+00,2026-06-08 16:07:27.173536+00,0.106191,0.330240,
c7932ba2-09de-47fc-b2a1-67b1b8370b25,numbered,62735,completed,sold,1,2026-06-08 16:07:26.83506+00,2026-06-08 16:07:27.069698+00,2026-06-08 16:07:27.175913+00,0.106215,0.340853,
343205b4-e0fd-4f99-838c-8f5f07baab29,numbered,53486,completed,sold,1,2026-06-08 16:07:26.851586+00,2026-06-08 16:07:27.185743+00,2026-06-08 16:07:27.290897+00,0.105154,0.439311,
4b153c94-7ed7-46e1-8bda-05da0fca144c,numbered,67266,completed,sold,1,2026-06-08 16:07:26.85994+00,2026-06-08 16:07:27.187804+00,2026-06-08 16:07:27.293086+00,0.105282,0.433146,
3d86da96-9f76-4f4c-a0fc-88209ae56686,numbered,24921,completed,sold,1,2026-06-08 16:07:26.868562+00,2026-06-08 16:07:27.203939+00,2026-06-08 16:07:27.31047+00,0.106531,0.441908,
25a27e69-f86d-4704-810d-b6d903dd44f7,numbered,50807,completed,sold,1,2026-06-08 16:07:26.876522+00,2026-06-08 16:07:27.205188+00,2026-06-08 16:07:27.312376+00,0.107188,0.435854,
4d57f898-8b57-4814-b01c-9939e28e416b,numbered,2200,completed,sold,1,2026-06-08 16:07:26.885327+00,2026-06-08 16:07:27.31794+00,2026-06-08 16:07:27.422712+00,0.104772,0.537385,
8e96e07c-e781-4c91-aa5e-73b9285ff681,numbered,15283,completed,sold,1,2026-06-08 16:07:26.893789+00,2026-06-08 16:07:27.324763+00,2026-06-08 16:07:27.430283+00,0.105520,0.536494,
de05e881-75f7-4c77-9209-080355553d4b,numbered,94431,completed,sold,1,2026-06-08 16:07:26.901519+00,2026-06-08 16:07:27.33483+00,2026-06-08 16:07:27.440046+00,0.105216,0.538527,
0d99a9a0-0fbd-4e86-a380-497059688f25,numbered,43451,completed,sold,1,2026-06-08 16:07:26.90972+00,2026-06-08 16:07:27.340914+00,2026-06-08 16:07:27.448579+00,0.107665,0.538859,
fd489e39-8523-4a6e-8754-b0c8af64099b,numbered,53329,completed,sold,1,2026-06-08 16:07:26.918379+00,2026-06-08 16:07:27.449742+00,2026-06-08 16:07:27.554851+00,0.105109,0.636472,
7bfd9a95-78c2-4714-8dd6-145e2bc7b72e,numbered,7487,completed,sold,1,2026-06-08 16:07:26.926552+00,2026-06-08 16:07:27.460412+00,2026-06-08 16:07:27.565507+00,0.105095,0.638955,
1b3b00d5-afc8-44a5-8238-08dd96dc5709,numbered,33372,completed,sold,1,2026-06-08 16:07:26.934685+00,2026-06-08 16:07:27.466059+00,2026-06-08 16:07:27.573406+00,0.107347,0.638721,
b4686cba-0347-4ed9-8dc1-0f36162d971a,numbered,29347,completed,sold,1,2026-06-08 16:07:26.943284+00,2026-06-08 16:07:27.478955+00,2026-06-08 16:07:27.584725+00,0.105770,0.641441,
ba378c03-4210-4b5a-b98b-7995231d9450,numbered,77288,completed,sold,1,2026-06-08 16:07:26.951631+00,2026-06-08 16:07:27.579515+00,2026-06-08 16:07:27.683871+00,0.104356,0.732240,
a06d2511-ee7b-4005-bacd-60736ed27320,numbered,69517,completed,sold,1,2026-06-08 16:07:26.959904+00,2026-06-08 16:07:27.593292+00,2026-06-08 16:07:27.698163+00,0.104871,0.738259,
da23c3e7-9e83-4540-9bce-973c274163ed,numbered,29980,completed,sold,1,2026-06-08 16:07:26.96841+00,2026-06-08 16:07:27.59904+00,2026-06-08 16:07:27.705971+00,0.106931,0.737561,
600dada0-9081-40d8-b00f-5163a175c0fb,numbered,97903,completed,sold,1,2026-06-08 16:07:26.976574+00,2026-06-08 16:07:27.61163+00,2026-06-08 16:07:27.717469+00,0.105839,0.740895,
2fdf6a58-ba4a-442f-afff-f795556b668f,numbered,28706,completed,sold,1,2026-06-08 16:07:26.985054+00,2026-06-08 16:07:27.708296+00,2026-06-08 16:07:27.81311+00,0.104814,0.828056,
b6c3c830-4e40-4586-84ae-6007df5259d8,numbered,62364,completed,sold,1,2026-06-08 16:07:26.993141+00,2026-06-08 16:07:27.726387+00,2026-06-08 16:07:27.83223+00,0.105843,0.839089,
b89919d1-4968-4737-8fac-6612d8bcae8a,numbered,732,completed,sold,1,2026-06-08 16:07:27.001785+00,2026-06-08 16:07:27.731757+00,2026-06-08 16:07:27.838674+00,0.106917,0.836889,
067565c1-116f-49f2-8d84-1dc850f26260,numbered,21495,completed,sold,1,2026-06-08 16:07:27.009973+00,2026-06-08 16:07:27.744987+00,2026-06-08 16:07:27.850526+00,0.105539,0.840553,
8572e57c-21e7-40b6-a9f8-97eb09519b4a,numbered,59392,completed,sold,1,2026-06-08 16:07:27.01887+00,2026-06-08 16:07:27.837685+00,2026-06-08 16:07:27.942412+00,0.104727,0.923542,
79b3bf6e-deeb-47d3-97e7-813b0c76b041,numbered,85662,completed,sold,1,2026-06-08 16:07:27.028033+00,2026-06-08 16:07:27.858318+00,2026-06-08 16:07:27.963876+00,0.105558,0.935843,
575209a7-db0e-43f5-af96-04e86a0349af,numbered,5285,completed,sold,1,2026-06-08 16:07:27.03754+00,2026-06-08 16:07:27.863535+00,2026-06-08 16:07:27.968698+00,0.105163,0.931158,
117c1673-a6e5-4d5d-a945-7fe724a8ede6,numbered,69645,completed,sold,1,2026-06-08 16:07:27.043107+00,2026-06-08 16:07:27.878565+00,2026-06-08 16:07:27.985156+00,0.106591,0.942049,
681ea932-674e-4700-a202-fb4cc7e7e86c,numbered,28234,completed,sold,1,2026-06-08 16:07:27.051543+00,2026-06-08 16:07:27.967291+00,2026-06-08 16:07:28.072089+00,0.104798,1.020546,
7d9df045-28a3-413b-a231-b6968c5d8ed3,numbered,39392,completed,sold,1,2026-06-08 16:07:27.060037+00,2026-06-08 16:07:27.99293+00,2026-06-08 16:07:28.099681+00,0.106751,1.039644,
9f3eec7f-5e83-43fa-ab5c-4d3cf73abc32,numbered,6618,completed,sold,1,2026-06-08 16:07:27.068023+00,2026-06-08 16:07:27.994385+00,2026-06-08 16:07:28.099913+00,0.105528,1.031890,
117eaeb1-ed0b-4dc0-8d3c-2598000cb23e,numbered,41945,completed,sold,1,2026-06-08 16:07:27.076614+00,2026-06-08 16:07:28.012832+00,2026-06-08 16:07:28.118513+00,0.105681,1.041899,
ca0bfe3f-9cf1-4103-b630-c7062ae29bf6,numbered,86722,completed,sold,1,2026-06-08 16:07:27.084972+00,2026-06-08 16:07:28.094914+00,2026-06-08 16:07:28.199561+00,0.104647,1.114589,
bc0eb6fe-6876-4ee7-b5cd-0acbbe37739f,numbered,30501,completed,sold,1,2026-06-08 16:07:27.101568+00,2026-06-08 16:07:28.127526+00,2026-06-08 16:07:28.232329+00,0.104803,1.130761,
37a3e7be-ad1b-4d07-8769-1af5b25bdee0,numbered,5753,completed,sold,1,2026-06-08 16:07:27.093226+00,2026-06-08 16:07:28.128935+00,2026-06-08 16:07:28.235798+00,0.106863,1.142572,
88c83309-aa77-483a-9cc8-dffe27f418c0,numbered,55929,completed,sold,1,2026-06-08 16:07:27.109937+00,2026-06-08 16:07:28.145678+00,2026-06-08 16:07:28.252338+00,0.106660,1.142401,
5c88b38a-a3e0-4009-a82d-a45b9ac23a35,numbered,96362,completed,sold,1,2026-06-08 16:07:27.118333+00,2026-06-08 16:07:28.220847+00,2026-06-08 16:07:28.326182+00,0.105335,1.207849,
c0f046ef-8f05-400e-a87b-64f3f11f9c92,numbered,57632,completed,sold,1,2026-06-08 16:07:27.126493+00,2026-06-08 16:07:28.259741+00,2026-06-08 16:07:28.364713+00,0.104972,1.238220,
dfc5aad3-36f9-4ac5-9c25-93b3d03bb74d,numbered,72816,completed,sold,1,2026-06-08 16:07:27.134912+00,2026-06-08 16:07:28.262518+00,2026-06-08 16:07:28.367669+00,0.105151,1.232757,
f769650a-7224-4093-8da4-08a2e6f1ce65,numbered,5176,completed,sold,1,2026-06-08 16:07:27.143213+00,2026-06-08 16:07:28.279602+00,2026-06-08 16:07:28.386164+00,0.106562,1.242951,
66d4b5d9-17d5-42d7-aba6-f10ce5c826b2,numbered,57011,completed,sold,1,2026-06-08 16:07:27.151968+00,2026-06-08 16:07:28.349372+00,2026-06-08 16:07:28.45408+00,0.104708,1.302112,
60180ac0-125d-4fc0-8336-1bcae313531f,numbered,91665,completed,sold,1,2026-06-08 16:07:27.161348+00,2026-06-08 16:07:28.388715+00,2026-06-08 16:07:28.493434+00,0.104719,1.332086,
e24663a0-67d5-4b5b-8b96-c63fa800f8ad,numbered,91457,completed,sold,1,2026-06-08 16:07:27.168413+00,2026-06-08 16:07:28.391785+00,2026-06-08 16:07:28.496835+00,0.105050,1.328422,
714fe7a8-e29e-4a51-bcf9-8700cdec5973,numbered,43955,completed,sold,1,2026-06-08 16:07:27.176394+00,2026-06-08 16:07:28.411852+00,2026-06-08 16:07:28.51827+00,0.106418,1.341876,
7a94218d-5ca2-46ab-b411-f0f72ad40ede,numbered,4421,completed,sold,1,2026-06-08 16:07:27.18479+00,2026-06-08 16:07:28.475727+00,2026-06-08 16:07:28.580169+00,0.104442,1.395379,
aa809636-964f-4200-ab24-dbb85c652943,numbered,31270,completed,sold,1,2026-06-08 16:07:27.193074+00,2026-06-08 16:07:28.520073+00,2026-06-08 16:07:28.624704+00,0.104631,1.431630,
c42e0136-c13c-49aa-b3fe-d9d2d72f1c08,numbered,4883,completed,sold,1,2026-06-08 16:07:27.201374+00,2026-06-08 16:07:28.524553+00,2026-06-08 16:07:28.630428+00,0.105875,1.429054,
d798f18a-d709-498d-a2de-b76794abc8c2,numbered,19352,completed,sold,1,2026-06-08 16:07:27.209758+00,2026-06-08 16:07:28.543809+00,2026-06-08 16:07:28.649929+00,0.106120,1.440171,
822977a0-d97d-4ff4-92a8-fd8bbedfbd5c,numbered,72452,completed,sold,1,2026-06-08 16:07:27.218344+00,2026-06-08 16:07:28.602154+00,2026-06-08 16:07:28.706588+00,0.104434,1.488244,
2b67e116-da2f-4045-b550-975f171bb535,numbered,19740,completed,sold,1,2026-06-08 16:07:27.226489+00,2026-06-08 16:07:28.651599+00,2026-06-08 16:07:28.756661+00,0.105062,1.530172,
8577cb7a-f33c-471c-9246-650e3d080d91,numbered,18703,completed,sold,1,2026-06-08 16:07:27.234813+00,2026-06-08 16:07:28.655196+00,2026-06-08 16:07:28.760249+00,0.105053,1.525436,
e3a4c522-187f-4933-9770-7c8964e2de81,numbered,15387,completed,sold,1,2026-06-08 16:07:27.243258+00,2026-06-08 16:07:28.675785+00,2026-06-08 16:07:28.782612+00,0.106827,1.539354,
4e80c093-8b2f-4d0d-b757-c261613f2953,numbered,58408,completed,sold,1,2026-06-08 16:07:27.251542+00,2026-06-08 16:07:28.728537+00,2026-06-08 16:07:28.832845+00,0.104308,1.581303,
51846eb1-23c2-4e16-98d3-b8f47ea9a0f2,numbered,92799,completed,sold,1,2026-06-08 16:07:27.259924+00,2026-06-08 16:07:28.781166+00,2026-06-08 16:07:28.88578+00,0.104614,1.625856,
84392685-20fb-4b70-a2d2-bbedf2638496,numbered,88347,completed,sold,1,2026-06-08 16:07:27.268297+00,2026-06-08 16:07:28.784608+00,2026-06-08 16:07:28.889702+00,0.105094,1.621405,
81c530f3-cb97-479a-9051-cdb5bc5d3046,numbered,86081,completed,sold,1,2026-06-08 16:07:27.276514+00,2026-06-08 16:07:28.807495+00,2026-06-08 16:07:28.912994+00,0.105499,1.636480,
838d62d1-6be1-4002-b4d2-2e518dc2feae,numbered,55496,completed,sold,1,2026-06-08 16:07:27.285002+00,2026-06-08 16:07:28.856729+00,2026-06-08 16:07:28.961512+00,0.104783,1.676510,
6740abe6-b332-436d-a33f-7411f70be085,numbered,56665,completed,sold,1,2026-06-08 16:07:27.293721+00,2026-06-08 16:07:28.908022+00,2026-06-08 16:07:29.01282+00,0.104798,1.719099,
f55d79a4-cd2a-4d6e-ad57-5c266b5bdc3e,numbered,27245,completed,sold,1,2026-06-08 16:07:27.30152+00,2026-06-08 16:07:28.913523+00,2026-06-08 16:07:29.019056+00,0.105533,1.717536,
6c70e683-b7e5-49bb-b1a5-1e3c7519ab30,numbered,68554,completed,sold,1,2026-06-08 16:07:27.309931+00,2026-06-08 16:07:28.938136+00,2026-06-08 16:07:29.044206+00,0.106070,1.734275,
0b07a964-22b7-4905-92bc-7257d8590da3,numbered,32884,completed,sold,1,2026-06-08 16:07:27.31804+00,2026-06-08 16:07:28.983343+00,2026-06-08 16:07:29.087941+00,0.104598,1.769901,
d0f2f09f-cfad-4faf-9bd2-8ce51dcb0ae0,numbered,84871,completed,sold,1,2026-06-08 16:07:27.326468+00,2026-06-08 16:07:29.034954+00,2026-06-08 16:07:29.139431+00,0.104477,1.812963,
3b19fe0f-2a7e-4ada-82b9-7a06319c8d18,numbered,3051,completed,sold,1,2026-06-08 16:07:27.334864+00,2026-06-08 16:07:29.043598+00,2026-06-08 16:07:29.148701+00,0.105103,1.813837,
11ff0a89-b7da-4f2a-8c68-7a81bf86355f,numbered,82206,completed,sold,1,2026-06-08 16:07:27.343334+00,2026-06-08 16:07:29.069152+00,2026-06-08 16:07:29.174264+00,0.105112,1.830930,
72b95f2d-50eb-4512-96e8-f1641906494f,numbered,46958,completed,sold,1,2026-06-08 16:07:27.351764+00,2026-06-08 16:07:29.108944+00,2026-06-08 16:07:29.21336+00,0.104416,1.861596,
13f0d7e9-e725-423f-be6d-4eb94431b6e5,numbered,98626,completed,sold,1,2026-06-08 16:07:27.359952+00,2026-06-08 16:07:29.161709+00,2026-06-08 16:07:29.266057+00,0.104348,1.906105,
4d4bd6ee-7519-4070-88a1-280d51d367b0,numbered,77065,completed,sold,1,2026-06-08 16:07:27.368304+00,2026-06-08 16:07:29.17137+00,2026-06-08 16:07:29.276124+00,0.104754,1.907820,
f83b0791-be70-49bb-b19a-4457a1490751,numbered,99546,completed,sold,1,2026-06-08 16:07:27.376619+00,2026-06-08 16:07:29.199452+00,2026-06-08 16:07:29.304931+00,0.105479,1.928312,
81945e55-a3ad-4b92-b691-80f6d5364a90,numbered,25581,completed,sold,1,2026-06-08 16:07:27.385018+00,2026-06-08 16:07:29.23465+00,2026-06-08 16:07:29.339056+00,0.104406,1.954038,
faad34c5-1b97-44eb-b991-ccdeb133f2ff,numbered,24780,completed,sold,1,2026-06-08 16:07:27.39324+00,2026-06-08 16:07:29.290204+00,2026-06-08 16:07:29.394775+00,0.104571,2.001535,
457dc5e5-f349-4d3c-a874-ad2842b6d438,numbered,43759,completed,sold,1,2026-06-08 16:07:27.401714+00,2026-06-08 16:07:29.301378+00,2026-06-08 16:07:29.406068+00,0.104690,2.004354,
be5965a6-81dc-4640-b9d3-1584b7281b1e,numbered,30276,completed,sold,1,2026-06-08 16:07:27.410014+00,2026-06-08 16:07:29.329115+00,2026-06-08 16:07:29.434129+00,0.105014,2.024115,
bcd1a9ce-9faf-4aba-b5a1-64c9acdfbc76,numbered,57609,completed,sold,1,2026-06-08 16:07:27.418427+00,2026-06-08 16:07:29.359799+00,2026-06-08 16:07:29.464082+00,0.104283,2.045655,
26ac7dcb-7cf4-44a8-9dc6-dab483cbd6c0,numbered,46874,completed,sold,1,2026-06-08 16:07:27.429775+00,2026-06-08 16:07:29.416867+00,2026-06-08 16:07:29.521462+00,0.104595,2.091687,
ad5bebd4-b173-4ae4-8122-5cd00eaaaa48,numbered,47426,completed,sold,1,2026-06-08 16:07:27.43493+00,2026-06-08 16:07:29.428961+00,2026-06-08 16:07:29.533494+00,0.104533,2.098564,
f7ce46d4-d5a8-4dcd-b98c-c9401d518e95,numbered,83635,completed,sold,1,2026-06-08 16:07:27.443226+00,2026-06-08 16:07:29.45973+00,2026-06-08 16:07:29.565208+00,0.105478,2.121982,
a748d1b5-aee8-4bd9-a4f0-ff9915b96b36,numbered,88916,completed,sold,1,2026-06-08 16:07:27.451471+00,2026-06-08 16:07:29.485311+00,2026-06-08 16:07:29.590183+00,0.104872,2.138712,
6d6cc3f8-afe9-42f2-8685-6519c8ab5ce4,numbered,36007,completed,sold,1,2026-06-08 16:07:27.460149+00,2026-06-08 16:07:29.543693+00,2026-06-08 16:07:29.648036+00,0.104343,2.187887,
2e676692-19cd-4417-8892-ddbd38510241,numbered,58001,completed,sold,1,2026-06-08 16:07:27.468455+00,2026-06-08 16:07:29.556587+00,2026-06-08 16:07:29.661407+00,0.104820,2.192952,
694a51d0-7dd9-4cf4-acf6-6deda2d195d7,numbered,40664,completed,sold,1,2026-06-08 16:07:27.47654+00,2026-06-08 16:07:29.591983+00,2026-06-08 16:07:29.697551+00,0.105568,2.221011,
c10e3766-5edb-4b98-af9b-8659d491bde5,numbered,84516,completed,sold,1,2026-06-08 16:07:27.48514+00,2026-06-08 16:07:29.61143+00,2026-06-08 16:07:29.716186+00,0.104756,2.231046,
121839a5-3395-4e14-9c09-f4f97deb7e2b,numbered,92497,completed,sold,1,2026-06-08 16:07:27.493195+00,2026-06-08 16:07:29.67084+00,2026-06-08 16:07:29.77524+00,0.104400,2.282045,
e2eb8b45-35ad-4b91-830c-78ef1eae436f,numbered,81440,completed,sold,1,2026-06-08 16:07:27.501635+00,2026-06-08 16:07:29.684782+00,2026-06-08 16:07:29.789497+00,0.104715,2.287862,
d831850e-c478-4fd2-97df-beb824477842,numbered,12885,completed,sold,1,2026-06-08 16:07:27.51006+00,2026-06-08 16:07:29.725369+00,2026-06-08 16:07:29.830916+00,0.105547,2.320856,
773ea115-8234-4b08-9851-7e7c8126c0d6,numbered,46118,completed,sold,1,2026-06-08 16:07:27.518538+00,2026-06-08 16:07:29.7381+00,2026-06-08 16:07:29.842368+00,0.104268,2.323830,
7062adc9-d2e8-46fc-aef0-58bc4cea20b7,numbered,216,completed,sold,1,2026-06-08 16:07:27.526672+00,2026-06-08 16:07:29.800711+00,2026-06-08 16:07:29.905187+00,0.104476,2.378515,
ed9de32d-f3e0-4bcf-9f25-e231e3e1dc84,numbered,9901,completed,sold,1,2026-06-08 16:07:27.535029+00,2026-06-08 16:07:29.811611+00,2026-06-08 16:07:29.915974+00,0.104363,2.380945,
21961e16-e6eb-4dd8-92f0-50ee5002854f,numbered,29341,completed,sold,1,2026-06-08 16:07:27.543344+00,2026-06-08 16:07:29.857734+00,2026-06-08 16:07:29.963837+00,0.106103,2.420493,
e8729ac3-41f6-4463-8c4c-38d431199ebd,numbered,43131,completed,sold,1,2026-06-08 16:07:27.551745+00,2026-06-08 16:07:29.865261+00,2026-06-08 16:07:29.971267+00,0.106006,2.419522,
d0142582-4bb8-46e3-a193-a34165466c33,numbered,76853,completed,sold,1,2026-06-08 16:07:27.560751+00,2026-06-08 16:07:29.927979+00,2026-06-08 16:07:30.032543+00,0.104564,2.471792,
9ab08be5-c8af-4204-8688-c00e24185c62,numbered,94899,completed,sold,1,2026-06-08 16:07:27.568183+00,2026-06-08 16:07:29.938298+00,2026-06-08 16:07:30.043506+00,0.105208,2.475323,
767a18ee-c11f-40c4-ac2d-70a6c7acc6a4,numbered,14458,completed,sold,1,2026-06-08 16:07:27.576425+00,2026-06-08 16:07:29.990102+00,2026-06-08 16:07:30.097027+00,0.106925,2.520602,
eea36c6a-b4db-4d1a-8fdf-2802f12a9172,numbered,44271,completed,sold,1,2026-06-08 16:07:27.584798+00,2026-06-08 16:07:29.993219+00,2026-06-08 16:07:30.098368+00,0.105149,2.513570,
56e28a2d-ad06-49a7-8f11-6ab4a063f93f,numbered,76788,completed,sold,1,2026-06-08 16:07:27.593073+00,2026-06-08 16:07:30.055037+00,2026-06-08 16:07:30.159497+00,0.104460,2.566424,
4b73eeaa-1fcb-4499-a733-c721f31e6766,numbered,26569,completed,sold,1,2026-06-08 16:07:27.601456+00,2026-06-08 16:07:30.082954+00,2026-06-08 16:07:30.189034+00,0.106080,2.587578,
9296f32b-2f6d-43eb-8f15-b27d19f381b2,numbered,29780,completed,sold,1,2026-06-08 16:07:27.618543+00,2026-06-08 16:07:30.122156+00,2026-06-08 16:07:30.226614+00,0.104458,2.608071,
f17f9d9d-f721-4372-b105-4f1e3e1f0f43,numbered,26846,completed,sold,1,2026-06-08 16:07:27.609753+00,2026-06-08 16:07:30.125032+00,2026-06-08 16:07:30.231729+00,0.106697,2.621976,
2d6b1ef6-8c52-4792-bda6-7f6785cb1c49,numbered,36560,completed,sold,1,2026-06-08 16:07:27.626535+00,2026-06-08 16:07:30.181762+00,2026-06-08 16:07:30.286376+00,0.104614,2.659841,
8209225c-7982-42cf-aea8-606247617545,numbered,44279,completed,sold,1,2026-06-08 16:07:27.635037+00,2026-06-08 16:07:30.215879+00,2026-06-08 16:07:30.32111+00,0.105231,2.686073,
99e51cc0-c2d9-4869-ab96-f3197b95bfbc,numbered,74265,completed,sold,1,2026-06-08 16:07:27.643333+00,2026-06-08 16:07:30.249061+00,2026-06-08 16:07:30.354091+00,0.105030,2.710758,
359861f6-fa32-4e6a-a2a5-1382fec8077c,numbered,61191,completed,sold,1,2026-06-08 16:07:27.651505+00,2026-06-08 16:07:30.257649+00,2026-06-08 16:07:30.36403+00,0.106381,2.712525,
ca73695d-b9e8-40ee-abab-dacf65d121ef,numbered,28667,completed,sold,1,2026-06-08 16:07:27.6599+00,2026-06-08 16:07:30.308264+00,2026-06-08 16:07:30.413156+00,0.104892,2.753256,
c021540c-5710-4cf7-aaea-f5e5d577e904,numbered,85527,completed,sold,1,2026-06-08 16:07:27.668191+00,2026-06-08 16:07:30.343195+00,2026-06-08 16:07:30.44794+00,0.104745,2.779749,
dace239b-92e1-4637-9dda-217b06aa705f,numbered,5018,completed,sold,1,2026-06-08 16:07:27.676621+00,2026-06-08 16:07:30.377518+00,2026-06-08 16:07:30.481813+00,0.104295,2.805192,
b70d3ba3-d0dd-44c0-bf81-35802ffeb6ac,numbered,44622,completed,sold,1,2026-06-08 16:07:27.68477+00,2026-06-08 16:07:30.391487+00,2026-06-08 16:07:30.497553+00,0.106066,2.812783,
c75048a1-5f21-4e1d-9730-6f35b6b780a2,numbered,30006,completed,sold,1,2026-06-08 16:07:27.693109+00,2026-06-08 16:07:30.434657+00,2026-06-08 16:07:30.539124+00,0.104467,2.846015,
6bb14b32-fd33-4cb5-900f-d70b9c795a0d,numbered,92460,completed,sold,1,2026-06-08 16:07:27.701701+00,2026-06-08 16:07:30.46979+00,2026-06-08 16:07:30.574592+00,0.104802,2.872891,
67cd92ba-ed70-4058-820b-b95ba21b4073,numbered,73828,completed,sold,1,2026-06-08 16:07:27.709911+00,2026-06-08 16:07:30.504245+00,2026-06-08 16:07:30.608752+00,0.104507,2.898841,
42d0da66-44aa-412f-b2bd-3f62470100f1,numbered,61102,completed,sold,1,2026-06-08 16:07:27.718118+00,2026-06-08 16:07:30.524875+00,2026-06-08 16:07:30.630821+00,0.105946,2.912703,
f13c4188-7f26-442d-80de-4aa4fb1cbd81,numbered,19400,completed,sold,1,2026-06-08 16:07:27.726517+00,2026-06-08 16:07:30.560344+00,2026-06-08 16:07:30.664833+00,0.104489,2.938316,
2b28da36-79aa-460b-bf10-7da5438080e3,numbered,14205,completed,sold,1,2026-06-08 16:07:27.73482+00,2026-06-08 16:07:30.599286+00,2026-06-08 16:07:30.703956+00,0.104670,2.969136,
42548dfc-6a44-4ba7-a86c-68bc489acaab,numbered,57043,completed,sold,1,2026-06-08 16:07:27.743193+00,2026-06-08 16:07:30.63043+00,2026-06-08 16:07:30.73475+00,0.104320,2.991557,
7181857a-19c7-4682-96e7-136897b5fd8d,numbered,50461,completed,sold,1,2026-06-08 16:07:27.751503+00,2026-06-08 16:07:30.655539+00,2026-06-08 16:07:30.761207+00,0.105668,3.009704,
0fb5f70e-4a47-46fb-a713-a1240222691d,numbered,32734,completed,sold,1,2026-06-08 16:07:27.75999+00,2026-06-08 16:07:30.686002+00,2026-06-08 16:07:30.790198+00,0.104196,3.030208,
403262fe-66ea-4c29-9f1e-c3136e38a214,numbered,45956,completed,sold,1,2026-06-08 16:07:27.768347+00,2026-06-08 16:07:30.725955+00,2026-06-08 16:07:30.830671+00,0.104716,3.062324,
77507a9e-eb8e-421a-99d7-0e83317705ea,numbered,91030,completed,sold,1,2026-06-08 16:07:27.776577+00,2026-06-08 16:07:30.757469+00,2026-06-08 16:07:30.862057+00,0.104588,3.085480,
cc92f52a-4b0c-4d3b-9be4-f7b7905ef7e9,numbered,68771,completed,sold,1,2026-06-08 16:07:27.784896+00,2026-06-08 16:07:30.786056+00,2026-06-08 16:07:30.891823+00,0.105767,3.106927,
68a51d2c-a0af-4115-a2ca-06a34ba22e9a,numbered,61123,completed,sold,1,2026-06-08 16:07:27.793213+00,2026-06-08 16:07:30.811976+00,2026-06-08 16:07:30.916957+00,0.104981,3.123744,
c0416794-8f91-4b73-8787-d643cce01c7a,numbered,28668,completed,sold,1,2026-06-08 16:07:27.801531+00,2026-06-08 16:07:30.852928+00,2026-06-08 16:07:30.957587+00,0.104659,3.156056,
d2f961af-ebcd-4d5a-8a97-78aed0ad7c0a,numbered,52642,completed,sold,1,2026-06-08 16:07:27.809985+00,2026-06-08 16:07:30.883115+00,2026-06-08 16:07:30.987711+00,0.104596,3.177726,
69d60fc5-d8fe-4930-bb79-b89406b1e230,numbered,83639,completed,sold,1,2026-06-08 16:07:27.81879+00,2026-06-08 16:07:30.917076+00,2026-06-08 16:07:31.022766+00,0.105690,3.203976,
a5e6e756-c5aa-4f28-a9fe-ebae832aa161,numbered,36718,completed,sold,1,2026-06-08 16:07:27.82653+00,2026-06-08 16:07:30.940916+00,2026-06-08 16:07:31.04629+00,0.105374,3.219760,
ec85135f-061e-4408-b8e2-002042ff53cc,numbered,65940,completed,sold,1,2026-06-08 16:07:27.83495+00,2026-06-08 16:07:30.979755+00,2026-06-08 16:07:31.084424+00,0.104669,3.249474,
934a28c7-dd6a-433e-8754-86dc88c8a579,numbered,84129,completed,sold,1,2026-06-08 16:07:27.843709+00,2026-06-08 16:07:31.00915+00,2026-06-08 16:07:31.113415+00,0.104265,3.269706,
9a4c2029-96d1-49b9-9e5a-5e8e6da642d0,numbered,8,completed,sold,1,2026-06-08 16:07:27.851522+00,2026-06-08 16:07:31.048742+00,2026-06-08 16:07:31.154154+00,0.105412,3.302632,
b44c9a2d-5073-4b40-b42f-bd93e74a8cec,numbered,61716,completed,sold,1,2026-06-08 16:07:27.860312+00,2026-06-08 16:07:31.067364+00,2026-06-08 16:07:31.172229+00,0.104865,3.311917,
0b511190-2d7b-49f9-942b-18ff215c2473,numbered,29612,completed,sold,1,2026-06-08 16:07:27.868256+00,2026-06-08 16:07:31.108681+00,2026-06-08 16:07:31.214114+00,0.105433,3.345858,
3405de20-870b-406f-921b-f47645b89720,numbered,51795,completed,sold,1,2026-06-08 16:07:27.876524+00,2026-06-08 16:07:31.134176+00,2026-06-08 16:07:31.239112+00,0.104936,3.362588,
030af6e4-49ec-4779-ae81-eabed0809821,numbered,98324,completed,sold,1,2026-06-08 16:07:27.884942+00,2026-06-08 16:07:31.180364+00,2026-06-08 16:07:31.285634+00,0.105270,3.400692,
80fb793f-1b8c-4935-9d52-ed20e96d00fd,numbered,73308,completed,sold,1,2026-06-08 16:07:27.893248+00,2026-06-08 16:07:31.193771+00,2026-06-08 16:07:31.298158+00,0.104387,3.404910,
80490099-8b7f-4f3c-ac76-32b1a250b6c9,numbered,61843,completed,sold,1,2026-06-08 16:07:27.901796+00,2026-06-08 16:07:31.237586+00,2026-06-08 16:07:31.342741+00,0.105155,3.440945,
dbaf0c58-9d83-4b2b-81b5-4f6a1b90c302,numbered,53912,completed,sold,1,2026-06-08 16:07:27.909993+00,2026-06-08 16:07:31.259749+00,2026-06-08 16:07:31.364424+00,0.104675,3.454431,
0453e879-f78a-49b3-9c86-174da1fcf2c2,numbered,88277,completed,sold,1,2026-06-08 16:07:27.918431+00,2026-06-08 16:07:31.312599+00,2026-06-08 16:07:31.418086+00,0.105487,3.499655,
02a73e15-bbd6-461e-a18d-e4491f3f8d14,numbered,32462,completed,sold,1,2026-06-08 16:07:27.926533+00,2026-06-08 16:07:31.319837+00,2026-06-08 16:07:31.425571+00,0.105734,3.499038,
635d080f-ac77-4980-9b6f-c53eba63c563,numbered,72719,completed,sold,1,2026-06-08 16:07:27.935001+00,2026-06-08 16:07:31.367251+00,2026-06-08 16:07:31.472112+00,0.104861,3.537111,
8a766c36-eaaa-473e-9e56-f614270ac085,numbered,68908,completed,sold,1,2026-06-08 16:07:27.943234+00,2026-06-08 16:07:31.38635+00,2026-06-08 16:07:31.491495+00,0.105145,3.548261,
a10f4ed8-9d9a-4827-9139-fca58190cb00,numbered,52524,completed,sold,1,2026-06-08 16:07:27.951438+00,2026-06-08 16:07:31.444046+00,2026-06-08 16:07:31.549726+00,0.105680,3.598288,
66a30744-b915-41b2-958c-f70d8fdfa2e6,numbered,82657,completed,sold,1,2026-06-08 16:07:27.960978+00,2026-06-08 16:07:31.447076+00,2026-06-08 16:07:31.551715+00,0.104639,3.590737,
82ab73ac-6ddb-4805-87c6-c63e8c7617ed,numbered,12069,completed,sold,1,2026-06-08 16:07:27.968331+00,2026-06-08 16:07:31.495266+00,2026-06-08 16:07:31.599896+00,0.104630,3.631565,
b7f93856-63df-4441-966d-069b015536cb,numbered,37685,completed,sold,1,2026-06-08 16:07:27.976738+00,2026-06-08 16:07:31.512943+00,2026-06-08 16:07:31.618179+00,0.105236,3.641441,
a27aebaf-f2b4-4a7c-a947-273c79023f7d,numbered,65785,completed,sold,1,2026-06-08 16:07:27.993144+00,2026-06-08 16:07:31.575666+00,2026-06-08 16:07:31.680671+00,0.105005,3.687527,
9da4c8bd-89f0-4b4a-848b-b285f8ac292c,numbered,9311,completed,sold,1,2026-06-08 16:07:27.984811+00,2026-06-08 16:07:31.576669+00,2026-06-08 16:07:31.682621+00,0.105952,3.697810,
957c9721-6d5f-4232-a153-3b0e8fd80352,numbered,67681,completed,sold,1,2026-06-08 16:07:28.001767+00,2026-06-08 16:07:31.62595+00,2026-06-08 16:07:31.730891+00,0.104941,3.729124,
16914d45-3f97-441d-a565-2cc05ec5cb41,numbered,50262,completed,sold,1,2026-06-08 16:07:28.009936+00,2026-06-08 16:07:31.641686+00,2026-06-08 16:07:31.746357+00,0.104671,3.736421,
91411aa6-fea8-43c9-89ba-8abadfc665a3,numbered,47332,completed,sold,1,2026-06-08 16:07:28.018539+00,2026-06-08 16:07:31.704745+00,2026-06-08 16:07:31.809067+00,0.104322,3.790528,
0be37a56-4c37-4808-a74e-23f456dcd03f,numbered,11501,completed,sold,1,2026-06-08 16:07:28.026641+00,2026-06-08 16:07:31.708609+00,2026-06-08 16:07:31.814503+00,0.105894,3.787862,
0a386bd9-fc0f-4d13-b71b-02cd990f37c0,numbered,59383,completed,sold,1,2026-06-08 16:07:28.035239+00,2026-06-08 16:07:31.755428+00,2026-06-08 16:07:31.86008+00,0.104652,3.824841,
a5a9b21d-59ac-4e1e-b5c5-9b65eef50ac9,numbered,51331,completed,sold,1,2026-06-08 16:07:28.043398+00,2026-06-08 16:07:31.768921+00,2026-06-08 16:07:31.87318+00,0.104259,3.829782,
8bb48b7c-a549-4410-836c-1dbb07aca99c,numbered,80348,completed,sold,1,2026-06-08 16:07:28.052037+00,2026-06-08 16:07:31.833192+00,2026-06-08 16:07:31.937642+00,0.104450,3.885605,
d03897db-956f-48f2-b62a-e0affb5627c4,numbered,38360,completed,sold,1,2026-06-08 16:07:28.059967+00,2026-06-08 16:07:31.839363+00,2026-06-08 16:07:31.945651+00,0.106288,3.885684,
d61462c7-cebb-4c37-92e2-7545359012bf,numbered,22321,completed,sold,1,2026-06-08 16:07:28.068713+00,2026-06-08 16:07:31.883141+00,2026-06-08 16:07:31.988034+00,0.104893,3.919321,
d13038cc-12be-447e-909a-a7b2bbe83d0c,numbered,62066,completed,sold,1,2026-06-08 16:07:28.076793+00,2026-06-08 16:07:31.896681+00,2026-06-08 16:07:32.001335+00,0.104654,3.924542,
61a79d72-6168-4baf-be0d-45c330f0947a,numbered,3639,completed,sold,1,2026-06-08 16:07:28.084972+00,2026-06-08 16:07:31.96109+00,2026-06-08 16:07:32.065723+00,0.104633,3.980751,
c5b7ab24-8f2e-4854-9b64-88af6654c0a1,numbered,44030,completed,sold,1,2026-06-08 16:07:28.093286+00,2026-06-08 16:07:31.971644+00,2026-06-08 16:07:32.077134+00,0.105490,3.983848,
a293e02e-94c8-47e2-a78d-5ee4e98e3046,numbered,95023,completed,sold,1,2026-06-08 16:07:28.101997+00,2026-06-08 16:07:32.012126+00,2026-06-08 16:07:32.116858+00,0.104732,4.014861,
a0416fd2-335d-4165-927f-20f51a1b4b55,numbered,77967,completed,sold,1,2026-06-08 16:07:28.109761+00,2026-06-08 16:07:32.025054+00,2026-06-08 16:07:32.130072+00,0.105018,4.020311,
f40b15a8-df7e-471c-8df9-884f99d492a0,numbered,86825,completed,sold,1,2026-06-08 16:07:28.118293+00,2026-06-08 16:07:32.089354+00,2026-06-08 16:07:32.193965+00,0.104611,4.075672,
9d9d82d1-e49c-4445-b1e5-6a20026eb349,numbered,2238,completed,sold,1,2026-06-08 16:07:28.126408+00,2026-06-08 16:07:32.103425+00,2026-06-08 16:07:32.208659+00,0.105234,4.082251,
51b8feee-e21e-46bb-9d06-dec48ef8be40,numbered,60595,completed,sold,1,2026-06-08 16:07:28.134881+00,2026-06-08 16:07:32.141433+00,2026-06-08 16:07:32.246182+00,0.104749,4.111301,
df493b58-3e56-416d-882b-9a5a19012df2,numbered,60720,completed,sold,1,2026-06-08 16:07:28.1431+00,2026-06-08 16:07:32.153095+00,2026-06-08 16:07:32.257963+00,0.104868,4.114863,
c2a8caa3-cc71-436e-959b-45eb9b7d5b5f,numbered,11737,completed,sold,1,2026-06-08 16:07:28.15136+00,2026-06-08 16:07:32.218347+00,2026-06-08 16:07:32.322985+00,0.104638,4.171625,
523a25c8-250c-420a-8374-da671e40d532,numbered,15941,completed,sold,1,2026-06-08 16:07:28.159971+00,2026-06-08 16:07:32.233754+00,2026-06-08 16:07:32.339839+00,0.106085,4.179868,
427afae8-e98e-4f17-8267-80bfcd82efaa,numbered,40498,completed,sold,1,2026-06-08 16:07:28.168197+00,2026-06-08 16:07:32.268856+00,2026-06-08 16:07:32.373292+00,0.104436,4.205095,
b0578161-e5c0-4006-9f05-caa408a31934,numbered,50980,completed,sold,1,2026-06-08 16:07:28.176422+00,2026-06-08 16:07:32.281044+00,2026-06-08 16:07:32.385768+00,0.104724,4.209346,
067804d7-eeb1-4104-a746-74679aaa8816,numbered,27450,completed,sold,1,2026-06-08 16:07:28.184993+00,2026-06-08 16:07:32.345237+00,2026-06-08 16:07:32.449574+00,0.104337,4.264581,
a788474f-50e2-4d7e-9845-91cfe810f118,numbered,87963,completed,sold,1,2026-06-08 16:07:28.193258+00,2026-06-08 16:07:32.365064+00,2026-06-08 16:07:32.471321+00,0.106257,4.278063,
6085df28-c4f3-4121-ac3b-5281bb2fffaa,numbered,61483,completed,sold,1,2026-06-08 16:07:28.20152+00,2026-06-08 16:07:32.397013+00,2026-06-08 16:07:32.50128+00,0.104267,4.299760,
87c14ffe-62c8-4e62-92a4-271f56d37612,numbered,14248,completed,sold,1,2026-06-08 16:07:28.210001+00,2026-06-08 16:07:32.409355+00,2026-06-08 16:07:32.513996+00,0.104641,4.303995,
87a9bfe4-52d9-4a11-82fe-72f68759aebd,numbered,60740,completed,sold,1,2026-06-08 16:07:28.218328+00,2026-06-08 16:07:32.472024+00,2026-06-08 16:07:32.576359+00,0.104335,4.358031,
acbca981-b48b-4de5-954c-03d105572e69,numbered,91449,completed,sold,1,2026-06-08 16:07:28.226444+00,2026-06-08 16:07:32.495932+00,2026-06-08 16:07:32.601473+00,0.105541,4.375029,
5181df89-32b4-43f8-abbd-ecd602700dce,numbered,12876,completed,sold,1,2026-06-08 16:07:28.234857+00,2026-06-08 16:07:32.524593+00,2026-06-08 16:07:32.629423+00,0.104830,4.394566,
b9463b88-0479-47bb-bcf6-764747914a65,numbered,13786,completed,sold,1,2026-06-08 16:07:28.243289+00,2026-06-08 16:07:32.536179+00,2026-06-08 16:07:32.640666+00,0.104487,4.397377,
3b53449c-46a6-4196-86d8-d4c710b42f8f,numbered,24808,completed,sold,1,2026-06-08 16:07:28.251972+00,2026-06-08 16:07:32.597681+00,2026-06-08 16:07:32.702123+00,0.104442,4.450151,
2cc70733-a131-4760-8374-895b4fac6f89,numbered,55800,completed,sold,1,2026-06-08 16:07:28.259987+00,2026-06-08 16:07:32.626888+00,2026-06-08 16:07:32.732044+00,0.105156,4.472057,
710e3470-dbc0-4fc2-8f97-d9319d1bbfb5,numbered,1123,completed,sold,1,2026-06-08 16:07:28.268271+00,2026-06-08 16:07:32.653253+00,2026-06-08 16:07:32.758191+00,0.104938,4.489920,
46777879-28ca-4004-ad9a-d9cd01cab9db,numbered,12808,completed,sold,1,2026-06-08 16:07:28.276728+00,2026-06-08 16:07:32.663324+00,2026-06-08 16:07:32.767923+00,0.104599,4.491195,
69a78a0f-fd21-4d6e-880a-922b45fcd166,numbered,62517,completed,sold,1,2026-06-08 16:07:28.285+00,2026-06-08 16:07:32.72419+00,2026-06-08 16:07:32.829276+00,0.105086,4.544276,
3ee2f15b-4d4e-4a22-ab37-ed0699b62a6c,numbered,23847,completed,sold,1,2026-06-08 16:07:28.293283+00,2026-06-08 16:07:32.75819+00,2026-06-08 16:07:32.864091+00,0.105901,4.570808,
9d68c5e4-61a9-4457-af66-fec2bae820c1,numbered,5314,completed,sold,1,2026-06-08 16:07:28.301699+00,2026-06-08 16:07:32.780958+00,2026-06-08 16:07:32.886173+00,0.105215,4.584474,
2c88bb71-0d7d-4860-a365-5c8a3f7146a5,numbered,95088,completed,sold,1,2026-06-08 16:07:28.309768+00,2026-06-08 16:07:32.790921+00,2026-06-08 16:07:32.896549+00,0.105628,4.586781,
f2eed381-00e0-4105-b97a-80255f9e73de,numbered,28512,completed,sold,1,2026-06-08 16:07:28.318274+00,2026-06-08 16:07:32.850894+00,2026-06-08 16:07:32.9556+00,0.104706,4.637326,
35717b96-db65-4f08-95c0-f63482a2a7fe,numbered,28530,completed,sold,1,2026-06-08 16:07:28.3267+00,2026-06-08 16:07:32.889207+00,2026-06-08 16:07:32.994369+00,0.105162,4.667669,
4b0b9f6e-9a85-44aa-8a70-ffd9c400eaa3,numbered,8162,completed,sold,1,2026-06-08 16:07:28.334977+00,2026-06-08 16:07:32.911357+00,2026-06-08 16:07:33.016806+00,0.105449,4.681829,
14d8aa03-4e6d-4b2e-b73b-0731cebe5152,numbered,31032,completed,sold,1,2026-06-08 16:07:28.34321+00,2026-06-08 16:07:32.918146+00,2026-06-08 16:07:33.023678+00,0.105532,4.680468,
d9339bb3-9924-4020-867e-9270230c9671,numbered,56878,completed,sold,1,2026-06-08 16:07:28.352122+00,2026-06-08 16:07:32.977623+00,2026-06-08 16:07:33.082122+00,0.104499,4.730000,
caece382-425a-4a0b-9472-53f511dbf3c5,numbered,74709,completed,sold,1,2026-06-08 16:07:28.359921+00,2026-06-08 16:07:33.024589+00,2026-06-08 16:07:33.130216+00,0.105627,4.770295,
20b2b4db-3b27-451b-b072-56d5ebb34ad1,numbered,53182,completed,sold,1,2026-06-08 16:07:28.368794+00,2026-06-08 16:07:33.042506+00,2026-06-08 16:07:33.148323+00,0.105817,4.779529,
41df0d27-9cfd-424b-86d3-dc377d9df753,numbered,42173,completed,sold,1,2026-06-08 16:07:28.376661+00,2026-06-08 16:07:33.046217+00,2026-06-08 16:07:33.151674+00,0.105457,4.775013,
7f737329-3dca-4ec9-9ba8-bb32939323f9,numbered,36763,completed,sold,1,2026-06-08 16:07:28.385076+00,2026-06-08 16:07:33.108386+00,2026-06-08 16:07:33.213263+00,0.104877,4.828187,
512e49e6-9df8-49ba-a90a-40160819dfc4,numbered,17886,completed,sold,1,2026-06-08 16:07:28.393232+00,2026-06-08 16:07:33.158692+00,2026-06-08 16:07:33.264106+00,0.105414,4.870874,
728aae4e-322f-456e-b01b-b2c7d6533ee9,numbered,50582,completed,sold,1,2026-06-08 16:07:28.401677+00,2026-06-08 16:07:33.175338+00,2026-06-08 16:07:33.281029+00,0.105691,4.879352,
05cf1c2b-131a-4831-88f9-fadfeda57840,numbered,61406,completed,sold,1,2026-06-08 16:07:28.409806+00,2026-06-08 16:07:33.17607+00,2026-06-08 16:07:33.281789+00,0.105719,4.871983,
c07efdc0-6cbd-47f9-a34e-7fe96653ec10,numbered,62015,completed,sold,1,2026-06-08 16:07:28.418151+00,2026-06-08 16:07:33.2349+00,2026-06-08 16:07:33.339653+00,0.104753,4.921502,
c340b6c8-3f3d-47bf-a248-7903728c1ef4,numbered,96166,completed,sold,1,2026-06-08 16:07:28.426666+00,2026-06-08 16:07:33.294069+00,2026-06-08 16:07:33.39958+00,0.105511,4.972914,
95b06f54-1f3f-4468-9221-e24c36ded279,numbered,30324,completed,sold,1,2026-06-08 16:07:28.434806+00,2026-06-08 16:07:33.307867+00,2026-06-08 16:07:33.413297+00,0.105430,4.978491,
ac0c924b-fe7d-418b-be89-f6e5ab082b2d,numbered,37713,completed,sold,1,2026-06-08 16:07:28.443255+00,2026-06-08 16:07:33.307737+00,2026-06-08 16:07:33.413371+00,0.105634,4.970116,
427f4cf0-e3b3-45dc-a775-a6abe1163d7d,numbered,3073,completed,sold,1,2026-06-08 16:07:28.451491+00,2026-06-08 16:07:33.362122+00,2026-06-08 16:07:33.466636+00,0.104514,5.015145,
8e0072a8-db16-4a21-860e-75b168c96b4d,numbered,35769,completed,sold,1,2026-06-08 16:07:28.460656+00,2026-06-08 16:07:33.427456+00,2026-06-08 16:07:33.532706+00,0.105250,5.072050,
ccc637a3-182e-4116-b244-1d4ae5f9a6c1,numbered,21376,completed,sold,1,2026-06-08 16:07:28.468497+00,2026-06-08 16:07:33.442423+00,2026-06-08 16:07:33.548272+00,0.105849,5.079775,
971ffc4d-9c02-49f7-93aa-d0d4a6602661,numbered,4925,completed,sold,1,2026-06-08 16:07:28.476465+00,2026-06-08 16:07:33.442423+00,2026-06-08 16:07:33.548276+00,0.105853,5.071811,
d26d9ea0-c2c6-4c74-8fae-162fc1ebe50e,numbered,49411,completed,sold,1,2026-06-08 16:07:28.484851+00,2026-06-08 16:07:33.488487+00,2026-06-08 16:07:33.593297+00,0.104810,5.108446,
94865ea5-acf5-4bde-bda9-827ff8f165ad,numbered,8123,completed,sold,1,2026-06-08 16:07:28.493082+00,2026-06-08 16:07:33.561264+00,2026-06-08 16:07:33.667128+00,0.105864,5.174046,
c7cd05b1-c721-469d-b099-50dc5564ccc2,numbered,96626,completed,sold,1,2026-06-08 16:07:28.503046+00,2026-06-08 16:07:33.576075+00,2026-06-08 16:07:33.681726+00,0.105651,5.178680,
31b72adc-5c1d-453d-8737-4770d1e4b3fd,numbered,49561,completed,sold,1,2026-06-08 16:07:28.510083+00,2026-06-08 16:07:33.576075+00,2026-06-08 16:07:33.681731+00,0.105656,5.171648,
2a70cb46-402e-4e07-b40e-b5d8a1cf96d2,numbered,53885,completed,sold,1,2026-06-08 16:07:28.518128+00,2026-06-08 16:07:33.616884+00,2026-06-08 16:07:33.72183+00,0.104946,5.203702,
c2179687-6b97-4b88-ba01-c5d56f62ebd0,numbered,81836,completed,sold,1,2026-06-08 16:07:28.526627+00,2026-06-08 16:07:33.697082+00,2026-06-08 16:07:33.80236+00,0.105278,5.275733,
76b6414a-8ce6-4d2e-a9bb-135bb33394ef,numbered,47288,completed,sold,1,2026-06-08 16:07:28.543126+00,2026-06-08 16:07:33.709453+00,2026-06-08 16:07:33.815056+00,0.105603,5.271930,
93ca3342-5313-4bf7-b1bf-3c74e9558669,numbered,72315,completed,sold,1,2026-06-08 16:07:28.535033+00,2026-06-08 16:07:33.709653+00,2026-06-08 16:07:33.815893+00,0.106240,5.280860,
ded5ea10-187e-4945-83b8-6f31dd4f7f34,numbered,5770,completed,sold,1,2026-06-08 16:07:28.551529+00,2026-06-08 16:07:33.744157+00,2026-06-08 16:07:33.848594+00,0.104437,5.297065,
cc002ecf-7286-4cad-b8f0-b3831727d38b,numbered,38375,completed,sold,1,2026-06-08 16:07:28.559963+00,2026-06-08 16:07:33.830383+00,2026-06-08 16:07:33.935694+00,0.105311,5.375731,
a4465103-930f-4b89-a9e6-91070a3ae875,numbered,71136,completed,sold,1,2026-06-08 16:07:28.576597+00,2026-06-08 16:07:33.841989+00,2026-06-08 16:07:33.947637+00,0.105648,5.371040,
9547e9fe-cc55-4f0a-b56e-666f390c370b,numbered,68116,completed,sold,1,2026-06-08 16:07:28.568279+00,2026-06-08 16:07:33.842356+00,2026-06-08 16:07:33.948051+00,0.105695,5.379772,
82843bcb-73ca-476b-8379-24c755aa703d,numbered,13866,completed,sold,1,2026-06-08 16:07:28.585216+00,2026-06-08 16:07:33.870639+00,2026-06-08 16:07:33.9758+00,0.105161,5.390584,
5aaf9da7-0030-4045-86bc-2f6e356495fe,numbered,36676,completed,sold,1,2026-06-08 16:07:28.593092+00,2026-06-08 16:07:33.966233+00,2026-06-08 16:07:34.071985+00,0.105752,5.478893,
cf497c70-a064-40f4-bd08-9d9837ff1d1d,numbered,28381,completed,sold,1,2026-06-08 16:07:28.601538+00,2026-06-08 16:07:33.973387+00,2026-06-08 16:07:34.080555+00,0.107168,5.479017,
51d823cb-16dd-4c98-87e8-931abe020e38,numbered,83555,completed,sold,1,2026-06-08 16:07:28.609959+00,2026-06-08 16:07:33.976049+00,2026-06-08 16:07:34.081517+00,0.105468,5.471558,
04619bd0-b17f-4089-a1f6-a3382b15bfa1,numbered,79372,completed,sold,1,2026-06-08 16:07:28.618403+00,2026-06-08 16:07:33.998162+00,2026-06-08 16:07:34.103787+00,0.105625,5.485384,
762ceb10-a744-48db-bd0d-a72548be4706,numbered,72645,completed,sold,1,2026-06-08 16:07:28.626752+00,2026-06-08 16:07:34.105242+00,2026-06-08 16:07:34.210402+00,0.105160,5.583650,
a48fb6c5-da96-4091-8320-b7b851e223e7,numbered,63374,completed,sold,1,2026-06-08 16:07:28.643043+00,2026-06-08 16:07:34.112755+00,2026-06-08 16:07:34.219013+00,0.106258,5.575970,
21e49fc7-96e3-490a-b30b-d2e3aec6a073,numbered,68182,completed,sold,1,2026-06-08 16:07:28.634877+00,2026-06-08 16:07:34.113314+00,2026-06-08 16:07:34.220294+00,0.106980,5.585417,
3f548b83-0b3c-423d-a90e-e9a08fd73d6c,numbered,39912,completed,sold,1,2026-06-08 16:07:28.651375+00,2026-06-08 16:07:34.127619+00,2026-06-08 16:07:34.232797+00,0.105178,5.581422,
3dda3f8c-d0e7-42f5-af86-806e5761d0e7,numbered,87104,completed,sold,1,2026-06-08 16:07:28.659795+00,2026-06-08 16:07:34.240281+00,2026-06-08 16:07:34.345954+00,0.105673,5.686159,
9356308e-817e-4862-9b12-b3246afee886,numbered,97658,completed,sold,1,2026-06-08 16:07:28.676867+00,2026-06-08 16:07:34.247138+00,2026-06-08 16:07:34.353096+00,0.105958,5.676229,
3ed552dd-7f57-455a-b991-24cdc501073f,numbered,35947,completed,sold,1,2026-06-08 16:07:28.668331+00,2026-06-08 16:07:34.248147+00,2026-06-08 16:07:34.355575+00,0.107428,5.687244,
f89f0b48-4c81-4754-ba2b-77dbeb3b7ea7,numbered,82810,completed,sold,1,2026-06-08 16:07:28.685058+00,2026-06-08 16:07:34.257545+00,2026-06-08 16:07:34.363645+00,0.106100,5.678587,
a292ab06-4c41-4968-8164-01865c2f0064,numbered,1001,completed,sold,1,2026-06-08 16:07:28.701633+00,2026-06-08 16:07:34.379437+00,2026-06-08 16:07:34.483895+00,0.104458,5.782262,
8a5a8f55-42f7-46a6-9ea7-5d5ebb328640,numbered,24926,completed,sold,1,2026-06-08 16:07:28.709717+00,2026-06-08 16:07:34.382162+00,2026-06-08 16:07:34.489091+00,0.106929,5.779374,
19241c26-ddb7-4725-8071-327965bf725e,numbered,39223,completed,sold,1,2026-06-08 16:07:28.693202+00,2026-06-08 16:07:34.382711+00,2026-06-08 16:07:34.490804+00,0.108093,5.797602,
0e477aae-a586-4bb4-b561-daf9c1b7f599,numbered,25629,completed,sold,1,2026-06-08 16:07:28.717981+00,2026-06-08 16:07:34.388805+00,2026-06-08 16:07:34.497675+00,0.108870,5.779694,
37284ef8-73fc-4fab-b212-0a02a70cffcd,numbered,45462,completed,sold,1,2026-06-08 16:07:28.726782+00,2026-06-08 16:07:34.51061+00,2026-06-08 16:07:34.615599+00,0.104989,5.888817,
b43cf415-4041-4fc2-8d88-8525d4afcfc5,numbered,44518,completed,sold,1,2026-06-08 16:07:28.734877+00,2026-06-08 16:07:34.518347+00,2026-06-08 16:07:34.624782+00,0.106435,5.889905,
efe7fa9c-5fdf-4951-8529-fbb20bea1d56,numbered,46755,completed,sold,1,2026-06-08 16:07:28.751377+00,2026-06-08 16:07:34.522923+00,2026-06-08 16:07:34.627786+00,0.104863,5.876409,
9de486c3-26f2-4cab-97d7-7dc1ef5fa442,numbered,87071,completed,sold,1,2026-06-08 16:07:28.743143+00,2026-06-08 16:07:34.520813+00,2026-06-08 16:07:34.628235+00,0.107422,5.885092,
f12a55b9-fda9-4452-95c2-14e07187a295,numbered,62599,completed,sold,1,2026-06-08 16:07:28.759894+00,2026-06-08 16:07:34.644011+00,2026-06-08 16:07:34.748567+00,0.104556,5.988673,
b58a13c2-b2b9-4b0a-a0af-106b67c35341,numbered,43414,completed,sold,1,2026-06-08 16:07:28.768035+00,2026-06-08 16:07:34.656241+00,2026-06-08 16:07:34.761022+00,0.104781,5.992987,
625bf8b3-afae-491c-be31-8b7017b9e67b,numbered,35360,completed,sold,1,2026-06-08 16:07:28.776374+00,2026-06-08 16:07:34.657439+00,2026-06-08 16:07:34.763177+00,0.105738,5.986803,
4a859c83-ee22-42b3-b3b9-419d7d5a5005,numbered,91978,completed,sold,1,2026-06-08 16:07:28.784831+00,2026-06-08 16:07:34.660156+00,2026-06-08 16:07:34.766231+00,0.106075,5.981400,
97a28505-4548-4e4c-8530-9c3e071ee54e,numbered,57941,completed,sold,1,2026-06-08 16:07:28.79301+00,2026-06-08 16:07:34.774901+00,2026-06-08 16:07:34.879957+00,0.105056,6.086947,
0ef33ae2-8ec3-4c81-a86f-0115df441319,numbered,34824,completed,sold,1,2026-06-08 16:07:28.809793+00,2026-06-08 16:07:34.79589+00,2026-06-08 16:07:34.900884+00,0.104994,6.091091,
a7477862-aa8d-4fcf-a3cf-b5311f8d96bc,numbered,73378,completed,sold,1,2026-06-08 16:07:28.801383+00,2026-06-08 16:07:34.793519+00,2026-06-08 16:07:34.901652+00,0.108133,6.100269,
32224815-15bb-4ddf-818f-d50d2e2ecebd,numbered,84355,completed,sold,1,2026-06-08 16:07:28.818312+00,2026-06-08 16:07:34.796329+00,2026-06-08 16:07:34.904456+00,0.108127,6.086144,
d0f9749d-31b0-4833-a078-e318f5fc42b2,numbered,28837,completed,sold,1,2026-06-08 16:07:28.82648+00,2026-06-08 16:07:34.905481+00,2026-06-08 16:07:35.010141+00,0.104660,6.183661,
a229a5c4-44ae-4ed4-a435-0d1c9db042fc,numbered,97288,completed,sold,1,2026-06-08 16:07:28.834867+00,2026-06-08 16:07:34.928248+00,2026-06-08 16:07:35.033451+00,0.105203,6.198584,
f8ecb2c4-cc9a-4b83-b263-f19d401a5b8c,numbered,2842,completed,sold,1,2026-06-08 16:07:28.84312+00,2026-06-08 16:07:34.929824+00,2026-06-08 16:07:35.035324+00,0.105500,6.192204,
3f675833-ba18-4397-8e55-5de51aa6d971,numbered,2987,completed,sold,1,2026-06-08 16:07:28.851385+00,2026-06-08 16:07:34.934829+00,2026-06-08 16:07:35.040952+00,0.106123,6.189567,
5d9d55e1-0c38-459d-85b5-43f89111b82b,numbered,54342,completed,sold,1,2026-06-08 16:07:28.859709+00,2026-06-08 16:07:35.032726+00,2026-06-08 16:07:35.137411+00,0.104685,6.277702,
45a72f6e-bab2-47c3-8e0d-44767d5dd938,numbered,294,completed,sold,1,2026-06-08 16:07:28.8684+00,2026-06-08 16:07:35.060473+00,2026-06-08 16:07:35.165481+00,0.105008,6.297081,
2ae2c2e2-68d8-47ca-af3e-23134fc54c65,numbered,96922,completed,sold,1,2026-06-08 16:07:28.87664+00,2026-06-08 16:07:35.065073+00,2026-06-08 16:07:35.173625+00,0.108552,6.296985,
82329c6d-52d7-4e48-bed1-7c6af2d79d46,numbered,34698,completed,sold,1,2026-06-08 16:07:28.88498+00,2026-06-08 16:07:35.068155+00,2026-06-08 16:07:35.174173+00,0.106018,6.289193,
494c5a98-c32c-4528-a138-b016dd1752e1,numbered,57368,completed,sold,1,2026-06-08 16:07:28.893103+00,2026-06-08 16:07:35.15898+00,2026-06-08 16:07:35.263716+00,0.104736,6.370613,
142b1815-c51e-48b8-8055-f482f33ffe00,numbered,371,completed,sold,1,2026-06-08 16:07:28.901607+00,2026-06-08 16:07:35.19037+00,2026-06-08 16:07:35.295289+00,0.104919,6.393682,
df1a176e-0f25-41a9-9b80-4f606e2f7ef9,numbered,92199,completed,sold,1,2026-06-08 16:07:28.910345+00,2026-06-08 16:07:35.201625+00,2026-06-08 16:07:35.307193+00,0.105568,6.396848,
865188f0-a19e-4621-a9ea-27b45bbd9728,numbered,43316,completed,sold,1,2026-06-08 16:07:28.918293+00,2026-06-08 16:07:35.203744+00,2026-06-08 16:07:35.309588+00,0.105844,6.391295,
86728de8-b8ba-4cf0-8d48-369a0de82330,numbered,27660,completed,sold,1,2026-06-08 16:07:28.92657+00,2026-06-08 16:07:35.285236+00,2026-06-08 16:07:35.389967+00,0.104731,6.463397,
b1ac1478-288f-4f95-978d-58aaa8a0a1fe,numbered,51334,completed,sold,1,2026-06-08 16:07:28.9348+00,2026-06-08 16:07:35.323419+00,2026-06-08 16:07:35.427801+00,0.104382,6.493001,
ca2f5e00-0aea-4713-a713-477fd83109cb,numbered,45234,completed,sold,1,2026-06-08 16:07:28.943064+00,2026-06-08 16:07:35.334428+00,2026-06-08 16:07:35.439244+00,0.104816,6.496180,
cce4660a-fbf2-4271-9235-6003631bd7bd,numbered,29536,completed,sold,1,2026-06-08 16:07:28.951465+00,2026-06-08 16:07:35.337213+00,2026-06-08 16:07:35.444567+00,0.107354,6.493102,
375d1ca1-51e2-421e-b938-d64bdc8cd982,numbered,61447,completed,sold,1,2026-06-08 16:07:28.959831+00,2026-06-08 16:07:35.411356+00,2026-06-08 16:07:35.515842+00,0.104486,6.556011,
4f2329ac-8c66-42ec-9730-63ad670e79c8,numbered,71791,completed,sold,1,2026-06-08 16:07:28.968555+00,2026-06-08 16:07:35.452426+00,2026-06-08 16:07:35.557211+00,0.104785,6.588656,
188c61e1-5d47-471c-abb2-aa9c9e45afdc,numbered,88536,completed,sold,1,2026-06-08 16:07:28.976647+00,2026-06-08 16:07:35.462875+00,2026-06-08 16:07:35.567825+00,0.104950,6.591178,
26dd62af-34a8-4224-a763-b3f85969f5d4,numbered,65434,completed,sold,1,2026-06-08 16:07:28.984832+00,2026-06-08 16:07:35.471124+00,2026-06-08 16:07:35.577352+00,0.106228,6.592520,
45c7d207-13a6-4cdf-834d-11a03ba3b40f,numbered,78046,completed,sold,1,2026-06-08 16:07:28.993194+00,2026-06-08 16:07:35.538187+00,2026-06-08 16:07:35.642258+00,0.104071,6.649064,
a5bda164-8f69-4c0d-9e50-7564bce06934,numbered,25347,completed,sold,1,2026-06-08 16:07:29.001798+00,2026-06-08 16:07:35.582359+00,2026-06-08 16:07:35.687285+00,0.104926,6.685487,
21903232-5b4b-47dd-968c-24afebc9ac63,numbered,67001,completed,sold,1,2026-06-08 16:07:29.010016+00,2026-06-08 16:07:35.593573+00,2026-06-08 16:07:35.698483+00,0.104910,6.688467,
ca8d7d2d-47f5-4808-a8b4-9ace303dd7a7,numbered,71643,completed,sold,1,2026-06-08 16:07:29.019821+00,2026-06-08 16:07:35.602908+00,2026-06-08 16:07:35.708996+00,0.106088,6.689175,
f0e0fecf-c72b-45aa-ba1f-21e3e345a7f5,numbered,8156,completed,sold,1,2026-06-08 16:07:29.026472+00,2026-06-08 16:07:35.663013+00,2026-06-08 16:07:35.767464+00,0.104451,6.740992,
e51310ae-d33e-4b40-99ce-2a473826ebc4,numbered,72540,completed,sold,1,2026-06-08 16:07:29.034829+00,2026-06-08 16:07:35.712826+00,2026-06-08 16:07:35.817231+00,0.104405,6.782402,
ed252d66-cbb3-49d1-b89a-46736640e388,numbered,86296,completed,sold,1,2026-06-08 16:07:29.043306+00,2026-06-08 16:07:35.722992+00,2026-06-08 16:07:35.827706+00,0.104714,6.784400,
3ba63f55-123c-48a1-9dea-713d4720a078,numbered,89057,completed,sold,1,2026-06-08 16:07:29.051554+00,2026-06-08 16:07:35.734696+00,2026-06-08 16:07:35.840603+00,0.105907,6.789049,
cd1b3f56-a55e-4c69-8a0d-35bf520e1300,numbered,62650,completed,sold,1,2026-06-08 16:07:29.059999+00,2026-06-08 16:07:35.789341+00,2026-06-08 16:07:35.893781+00,0.104440,6.833782,
eac24c33-4491-4444-b97e-ddfc9d33808b,numbered,5477,completed,sold,1,2026-06-08 16:07:29.068216+00,2026-06-08 16:07:35.840543+00,2026-06-08 16:07:35.945312+00,0.104769,6.877096,
f16153b0-db58-46d2-8274-f2e618acc09f,numbered,77043,completed,sold,1,2026-06-08 16:07:29.07664+00,2026-06-08 16:07:35.852038+00,2026-06-08 16:07:35.956956+00,0.104918,6.880316,
69153d17-3deb-4c3b-8aaa-0984932268ca,numbered,55646,completed,sold,1,2026-06-08 16:07:29.084983+00,2026-06-08 16:07:35.868351+00,2026-06-08 16:07:35.974294+00,0.105943,6.889311,
85181af3-1c20-46da-b183-71b1374e77d5,numbered,35614,completed,sold,1,2026-06-08 16:07:29.093629+00,2026-06-08 16:07:35.915545+00,2026-06-08 16:07:36.020136+00,0.104591,6.926507,
459ac2fe-7969-424d-abc9-a51fa7789be4,numbered,87522,completed,sold,1,2026-06-08 16:07:29.101418+00,2026-06-08 16:07:35.969065+00,2026-06-08 16:07:36.073662+00,0.104597,6.972244,
8a0a1f24-c79a-4633-bd2a-8dec6e1510a0,numbered,79434,completed,sold,1,2026-06-08 16:07:29.10955+00,2026-06-08 16:07:35.981486+00,2026-06-08 16:07:36.086426+00,0.104940,6.976876,
9e79244a-e554-47eb-acbc-9679e88f8b53,numbered,7240,completed,sold,1,2026-06-08 16:07:29.118046+00,2026-06-08 16:07:35.9997+00,2026-06-08 16:07:36.105948+00,0.106248,6.987902,
197a1706-fe98-4403-96e8-84e079effc59,numbered,70111,completed,sold,1,2026-06-08 16:07:29.126458+00,2026-06-08 16:07:36.042556+00,2026-06-08 16:07:36.14712+00,0.104564,7.020662,
eda36e89-007e-4457-8149-aee93d2e4608,numbered,30265,completed,sold,1,2026-06-08 16:07:29.13485+00,2026-06-08 16:07:36.096468+00,2026-06-08 16:07:36.201259+00,0.104791,7.066409,
a086e3d8-795b-427c-9c2e-7234be34874d,numbered,97179,completed,sold,1,2026-06-08 16:07:29.143021+00,2026-06-08 16:07:36.112746+00,2026-06-08 16:07:36.218096+00,0.105350,7.075075,
110856db-43ec-4d26-a200-446010dc26f5,numbered,17084,completed,sold,1,2026-06-08 16:07:29.151371+00,2026-06-08 16:07:36.131921+00,2026-06-08 16:07:36.238707+00,0.106786,7.087336,
bdf550b0-2b6a-4834-ade4-11218de9860b,numbered,36308,completed,sold,1,2026-06-08 16:07:29.159636+00,2026-06-08 16:07:36.16913+00,2026-06-08 16:07:36.273723+00,0.104593,7.114087,
99e841b7-9cd5-403d-97eb-f63131d614fd,numbered,34536,completed,sold,1,2026-06-08 16:07:29.168078+00,2026-06-08 16:07:36.224529+00,2026-06-08 16:07:36.329468+00,0.104939,7.161390,
e9914375-568f-4c1c-8571-663b3a138e35,numbered,24699,completed,sold,1,2026-06-08 16:07:29.176429+00,2026-06-08 16:07:36.243576+00,2026-06-08 16:07:36.349302+00,0.105726,7.172873,
d1ddc594-1c15-4c81-9980-0f58f1139e55,numbered,23398,completed,sold,1,2026-06-08 16:07:29.18475+00,2026-06-08 16:07:36.264004+00,2026-06-08 16:07:36.370453+00,0.106449,7.185703,
d7acd8eb-b873-4a73-992b-2b86416f9595,numbered,25398,completed,sold,1,2026-06-08 16:07:29.193127+00,2026-06-08 16:07:36.295424+00,2026-06-08 16:07:36.399883+00,0.104459,7.206756,
f7dc4597-1afe-4e83-ae1a-cfcd6577323a,numbered,7429,completed,sold,1,2026-06-08 16:07:29.201396+00,2026-06-08 16:07:36.35244+00,2026-06-08 16:07:36.457598+00,0.105158,7.256202,
24ca8b4e-9573-4add-afc2-969ba0b44fac,numbered,9632,completed,sold,1,2026-06-08 16:07:29.209674+00,2026-06-08 16:07:36.373185+00,2026-06-08 16:07:36.479398+00,0.106213,7.269724,
bda618ed-4931-48b7-bbe2-cbc896a43c98,numbered,84721,completed,sold,1,2026-06-08 16:07:29.219021+00,2026-06-08 16:07:36.396392+00,2026-06-08 16:07:36.502604+00,0.106212,7.283583,
add7581d-e20d-462b-b26e-6b414918256e,numbered,17659,completed,sold,1,2026-06-08 16:07:29.226504+00,2026-06-08 16:07:36.421369+00,2026-06-08 16:07:36.525964+00,0.104595,7.299460,
c53ba640-c8f9-4f78-adee-2090bd2df55a,numbered,24452,completed,sold,1,2026-06-08 16:07:29.234745+00,2026-06-08 16:07:36.481688+00,2026-06-08 16:07:36.586245+00,0.104557,7.351500,
db79d42f-fbe0-492f-85eb-b129d7c3ad00,numbered,47228,completed,sold,1,2026-06-08 16:07:29.24318+00,2026-06-08 16:07:36.503381+00,2026-06-08 16:07:36.608691+00,0.105310,7.365511,
ce5223c0-bb22-4fde-b391-453e5eeaabda,numbered,68783,completed,sold,1,2026-06-08 16:07:29.251425+00,2026-06-08 16:07:36.529436+00,2026-06-08 16:07:36.634991+00,0.105555,7.383566,
51bd1070-95b1-4b88-a707-81c773dab4ed,numbered,54504,completed,sold,1,2026-06-08 16:07:29.259828+00,2026-06-08 16:07:36.547616+00,2026-06-08 16:07:36.652284+00,0.104668,7.392456,
017958c9-eea7-4180-b28d-bbee73de86d7,numbered,88563,completed,sold,1,2026-06-08 16:07:29.268139+00,2026-06-08 16:07:36.609766+00,2026-06-08 16:07:36.714389+00,0.104623,7.446250,
6b12921a-3859-4823-9c9f-1ad90df8e65e,numbered,90911,completed,sold,1,2026-06-08 16:07:29.276419+00,2026-06-08 16:07:36.631269+00,2026-06-08 16:07:36.736687+00,0.105418,7.460268,
cc0317aa-cdc1-49d6-8698-44ab02c39f1c,numbered,66341,completed,sold,1,2026-06-08 16:07:29.284823+00,2026-06-08 16:07:36.660665+00,2026-06-08 16:07:36.766022+00,0.105357,7.481199,
51c3395c-db5e-4422-8356-063a2fac6e80,numbered,30862,completed,sold,1,2026-06-08 16:07:29.293157+00,2026-06-08 16:07:36.676784+00,2026-06-08 16:07:36.781671+00,0.104887,7.488514,
e180eeda-8788-43d5-abb5-b9ba499a4344,numbered,55261,completed,sold,1,2026-06-08 16:07:29.301542+00,2026-06-08 16:07:36.737557+00,2026-06-08 16:07:36.842369+00,0.104812,7.540827,
92617832-9162-4feb-ad8e-afdae1bb043e,numbered,75421,completed,sold,1,2026-06-08 16:07:29.309934+00,2026-06-08 16:07:36.760496+00,2026-06-08 16:07:36.865614+00,0.105118,7.555680,
cb709652-aee8-4b2d-a136-b2a9c164b9d1,numbered,45803,completed,sold,1,2026-06-08 16:07:29.318174+00,2026-06-08 16:07:36.793209+00,2026-06-08 16:07:36.898481+00,0.105272,7.580307,
8790193d-7423-4bef-b947-8b48c77dd9e4,numbered,82736,completed,sold,1,2026-06-08 16:07:29.326468+00,2026-06-08 16:07:36.803841+00,2026-06-08 16:07:36.908696+00,0.104855,7.582228,
dfd707dc-acfc-4c78-b654-a08261e2958a,numbered,47313,completed,sold,1,2026-06-08 16:07:29.334937+00,2026-06-08 16:07:36.865021+00,2026-06-08 16:07:36.969744+00,0.104723,7.634807,
903b00b9-4bff-4110-ae51-8230e81a386d,numbered,9512,completed,sold,1,2026-06-08 16:07:29.343252+00,2026-06-08 16:07:36.888804+00,2026-06-08 16:07:36.993607+00,0.104803,7.650355,
44eb3fb0-bdc0-4e4d-8a16-321fa62a6033,numbered,71489,completed,sold,1,2026-06-08 16:07:29.351528+00,2026-06-08 16:07:36.923832+00,2026-06-08 16:07:37.029555+00,0.105723,7.678027,
94eb20c2-26ca-4572-b5c5-c70d11535978,numbered,21739,completed,sold,1,2026-06-08 16:07:29.360014+00,2026-06-08 16:07:36.930899+00,2026-06-08 16:07:37.035965+00,0.105066,7.675951,
4563ea24-a2d6-42a3-a0ba-ff609d1733bf,numbered,94013,completed,sold,1,2026-06-08 16:07:29.368384+00,2026-06-08 16:07:36.991497+00,2026-06-08 16:07:37.096047+00,0.104550,7.727663,
01c7bb18-f1e7-4b4e-8fc7-3c63ae41057f,numbered,39823,completed,sold,1,2026-06-08 16:07:29.376828+00,2026-06-08 16:07:37.015617+00,2026-06-08 16:07:37.120486+00,0.104869,7.743658,
2dc46c0f-ab23-45c1-8add-798cae746081,numbered,41296,completed,sold,1,2026-06-08 16:07:29.384977+00,2026-06-08 16:07:37.056026+00,2026-06-08 16:07:37.162191+00,0.106165,7.777214,
8e13d9b8-dc35-43e6-a998-116af9b62c5b,numbered,69375,completed,sold,1,2026-06-08 16:07:29.3933+00,2026-06-08 16:07:37.058389+00,2026-06-08 16:07:37.163155+00,0.104766,7.769855,
63e459a0-dcdb-4bc3-b45d-bb106517ff31,numbered,42554,completed,sold,1,2026-06-08 16:07:29.401507+00,2026-06-08 16:07:37.117716+00,2026-06-08 16:07:37.222272+00,0.104556,7.820765,
f837903b-caf1-41a3-9e55-9bf9fc58a21c,numbered,99740,completed,sold,1,2026-06-08 16:07:29.40998+00,2026-06-08 16:07:37.142739+00,2026-06-08 16:07:37.247258+00,0.104519,7.837278,
df8dd847-3386-4ae3-9c0a-386a78b8e6ea,numbered,77457,completed,sold,1,2026-06-08 16:07:29.426562+00,2026-06-08 16:07:37.188015+00,2026-06-08 16:07:37.293255+00,0.105240,7.866693,
fbe22e52-3053-4cfb-9c1a-04ec7dca3f60,numbered,83658,completed,sold,1,2026-06-08 16:07:29.418234+00,2026-06-08 16:07:37.189534+00,2026-06-08 16:07:37.295696+00,0.106162,7.877462,
04512e17-4062-49fe-9446-8889d5eb66bf,numbered,48304,completed,sold,1,2026-06-08 16:07:29.434748+00,2026-06-08 16:07:37.243597+00,2026-06-08 16:07:37.348109+00,0.104512,7.913361,
a915eb81-7a21-43c0-9c66-735385618a07,numbered,55938,completed,sold,1,2026-06-08 16:07:29.443156+00,2026-06-08 16:07:37.269144+00,2026-06-08 16:07:37.373325+00,0.104181,7.930169,
2bed133e-4d54-4cb8-90b9-6b05cdaffd25,numbered,64937,completed,sold,1,2026-06-08 16:07:29.451809+00,2026-06-08 16:07:37.315855+00,2026-06-08 16:07:37.420445+00,0.104590,7.968636,
0a10fad5-1514-4cab-91e5-71e19461d0be,numbered,68272,completed,sold,1,2026-06-08 16:07:29.459805+00,2026-06-08 16:07:37.320645+00,2026-06-08 16:07:37.426931+00,0.106286,7.967126,
f40bbf76-b564-4fe7-9e7a-8e6c0d480c3c,numbered,57718,completed,sold,1,2026-06-08 16:07:29.468335+00,2026-06-08 16:07:37.369399+00,2026-06-08 16:07:37.474106+00,0.104707,8.005771,
f6d6964a-3ea3-49bf-9323-05a92a93ef9b,numbered,13270,completed,sold,1,2026-06-08 16:07:29.476723+00,2026-06-08 16:07:37.395502+00,2026-06-08 16:07:37.500313+00,0.104811,8.023590,
997f5873-4466-4f0b-91af-08fc8a40f8f2,numbered,91181,completed,sold,1,2026-06-08 16:07:29.484961+00,2026-06-08 16:07:37.442115+00,2026-06-08 16:07:37.546467+00,0.104352,8.061506,
c6bd0399-af1a-48ae-947d-5857c485da07,numbered,49708,completed,sold,1,2026-06-08 16:07:29.493568+00,2026-06-08 16:07:37.451691+00,2026-06-08 16:07:37.557482+00,0.105791,8.063914,
6bb5b8b7-4243-4f53-9d4b-071310232227,numbered,60266,completed,sold,1,2026-06-08 16:07:29.501665+00,2026-06-08 16:07:37.495693+00,2026-06-08 16:07:37.600279+00,0.104586,8.098614,
75a98aed-7876-499f-83d1-d5598337d364,numbered,58812,completed,sold,1,2026-06-08 16:07:29.510136+00,2026-06-08 16:07:37.522851+00,2026-06-08 16:07:37.627279+00,0.104428,8.117143,
d00f42b4-fa4d-4fe4-abcc-a6fdbf7165c0,numbered,34758,completed,sold,1,2026-06-08 16:07:29.518447+00,2026-06-08 16:07:37.569381+00,2026-06-08 16:07:37.674006+00,0.104625,8.155559,
214311d9-5598-4acf-80e4-10773a571694,numbered,12687,completed,sold,1,2026-06-08 16:07:29.526957+00,2026-06-08 16:07:37.583912+00,2026-06-08 16:07:37.689807+00,0.105895,8.162850,
8304c63c-e846-4439-ab72-9ff85b08297b,numbered,99515,completed,sold,1,2026-06-08 16:07:29.534836+00,2026-06-08 16:07:37.621486+00,2026-06-08 16:07:37.726126+00,0.104640,8.191290,
cdaebd84-3ec5-4bfe-aa19-14d7d4cb93f8,numbered,28471,completed,sold,1,2026-06-08 16:07:29.543236+00,2026-06-08 16:07:37.649397+00,2026-06-08 16:07:37.754894+00,0.105497,8.211658,
0dbfcb2f-8b18-4218-80ed-186df6939db2,numbered,50093,completed,sold,1,2026-06-08 16:07:29.551497+00,2026-06-08 16:07:37.695946+00,2026-06-08 16:07:37.800951+00,0.105005,8.249454,
7e93f8fb-e2b5-4bd7-a18a-2d6125ca9a29,numbered,51037,completed,sold,1,2026-06-08 16:07:29.559981+00,2026-06-08 16:07:37.715455+00,2026-06-08 16:07:37.8215+00,0.106045,8.261519,
304a3fa2-4575-403e-9e9f-796f0ea4e1ba,numbered,7150,completed,sold,1,2026-06-08 16:07:29.568399+00,2026-06-08 16:07:37.747804+00,2026-06-08 16:07:37.852014+00,0.104210,8.283615,
46752f78-85e6-461e-8895-88880fdbe69f,numbered,69539,completed,sold,1,2026-06-08 16:07:29.576799+00,2026-06-08 16:07:37.776407+00,2026-06-08 16:07:37.880826+00,0.104419,8.304027,
34a94bfc-fa70-4f18-9355-f1ac849abbe8,numbered,78055,completed,sold,1,2026-06-08 16:07:29.585107+00,2026-06-08 16:07:37.822802+00,2026-06-08 16:07:37.927924+00,0.105122,8.342817,
321b7610-b154-482c-b7d0-ecd07c3e8c53,numbered,91947,completed,sold,1,2026-06-08 16:07:29.593315+00,2026-06-08 16:07:37.847603+00,2026-06-08 16:07:37.952978+00,0.105375,8.359663,
ae17ab88-be94-41ab-8cbd-8f6583d6903f,numbered,26159,completed,sold,1,2026-06-08 16:07:29.601971+00,2026-06-08 16:07:37.873589+00,2026-06-08 16:07:37.978768+00,0.105179,8.376797,
4792b602-9cfe-43e9-8e49-e71a5dda888e,numbered,26547,completed,sold,1,2026-06-08 16:07:29.610024+00,2026-06-08 16:07:37.902845+00,2026-06-08 16:07:38.007914+00,0.105069,8.397890,
086aef78-6018-4617-9ce4-2b7b81d749fa,numbered,95471,completed,sold,1,2026-06-08 16:07:29.618588+00,2026-06-08 16:07:37.950127+00,2026-06-08 16:07:38.054867+00,0.104740,8.436279,
ac6c60a5-64dc-4984-99a7-3929570b3f25,numbered,12564,completed,sold,1,2026-06-08 16:07:29.626758+00,2026-06-08 16:07:37.978877+00,2026-06-08 16:07:38.084761+00,0.105884,8.458003,
32064ae3-c7b4-46b3-bac1-c53d3100903c,numbered,95570,completed,sold,1,2026-06-08 16:07:29.635209+00,2026-06-08 16:07:37.999523+00,2026-06-08 16:07:38.104846+00,0.105323,8.469637,
34ce26e2-e323-4c23-8371-a15414f1d574,numbered,23085,completed,sold,1,2026-06-08 16:07:29.643435+00,2026-06-08 16:07:38.02964+00,2026-06-08 16:07:38.134644+00,0.105004,8.491209,
5179eccd-e4cf-4c40-a158-eb039edee3c2,numbered,7466,completed,sold,1,2026-06-08 16:07:29.651666+00,2026-06-08 16:07:38.085365+00,2026-06-08 16:07:38.190147+00,0.104782,8.538481,
044b1ea9-4851-4fd5-a698-0aed6bff11ad,numbered,58803,completed,sold,1,2026-06-08 16:07:29.66002+00,2026-06-08 16:07:38.112297+00,2026-06-08 16:07:38.217587+00,0.105290,8.557567,
960eb6b8-9373-4fae-bd8b-2c28e8955d8a,numbered,84512,completed,sold,1,2026-06-08 16:07:29.668527+00,2026-06-08 16:07:38.127579+00,2026-06-08 16:07:38.23197+00,0.104391,8.563443,
ffa2bc49-e443-4264-880c-aa3be2fb38e9,numbered,84385,completed,sold,1,2026-06-08 16:07:29.676842+00,2026-06-08 16:07:38.156585+00,2026-06-08 16:07:38.261321+00,0.104736,8.584479,
5db27260-4ff8-47be-8a5d-13195a5ad281,numbered,90101,completed,sold,1,2026-06-08 16:07:29.685138+00,2026-06-08 16:07:38.212488+00,2026-06-08 16:07:38.317294+00,0.104806,8.632156,
d53d966b-9757-421a-a813-06338571eb15,numbered,17609,completed,sold,1,2026-06-08 16:07:29.693322+00,2026-06-08 16:07:38.243978+00,2026-06-08 16:07:38.3496+00,0.105622,8.656278,
fa03d2a1-1531-4329-a1c8-7f60e1b9f3da,numbered,89434,completed,sold,1,2026-06-08 16:07:29.701641+00,2026-06-08 16:07:38.252262+00,2026-06-08 16:07:38.357392+00,0.105130,8.655751,
2d776508-684a-4ce7-9795-d01b3da56dc9,numbered,38886,completed,sold,1,2026-06-08 16:07:29.710143+00,2026-06-08 16:07:38.28349+00,2026-06-08 16:07:38.388086+00,0.104596,8.677943,
59ea81b8-0bde-4eb3-a2ee-7b0c625e359c,numbered,67158,completed,sold,1,2026-06-08 16:07:29.718294+00,2026-06-08 16:07:38.338218+00,2026-06-08 16:07:38.442591+00,0.104373,8.724297,
6d186037-f3be-4aa9-8bd5-e48c8aaf902a,numbered,65549,completed,sold,1,2026-06-08 16:07:29.726649+00,2026-06-08 16:07:38.375709+00,2026-06-08 16:07:38.482146+00,0.106437,8.755497,
af7656bf-7c47-4242-be3d-01f2465af570,numbered,30133,completed,sold,1,2026-06-08 16:07:29.735+00,2026-06-08 16:07:38.37885+00,2026-06-08 16:07:38.483883+00,0.105033,8.748883,
af1f1644-d088-45af-b3a0-268e10c3aded,numbered,48978,completed,sold,1,2026-06-08 16:07:29.743229+00,2026-06-08 16:07:38.410287+00,2026-06-08 16:07:38.514691+00,0.104404,8.771462,
57b8f717-9fad-473c-8787-99c773aa943d,numbered,70774,completed,sold,1,2026-06-08 16:07:29.751638+00,2026-06-08 16:07:38.463575+00,2026-06-08 16:07:38.568031+00,0.104456,8.816393,
f273c25e-5cea-43f3-9a31-858fcc81e973,numbered,91860,completed,sold,1,2026-06-08 16:07:29.768261+00,2026-06-08 16:07:38.506632+00,2026-06-08 16:07:38.611679+00,0.105047,8.843418,
8c453c30-4a57-4994-8f49-252a31f9b4ec,numbered,99256,completed,sold,1,2026-06-08 16:07:29.759973+00,2026-06-08 16:07:38.509133+00,2026-06-08 16:07:38.614653+00,0.105520,8.854680,
47044f6f-7597-4b4d-bcd2-f29008bc5d44,numbered,61404,completed,sold,1,2026-06-08 16:07:29.776678+00,2026-06-08 16:07:38.536486+00,2026-06-08 16:07:38.642269+00,0.105783,8.865591,
ca7887f5-9585-4659-b661-cc8a2cf9b3be,numbered,29076,completed,sold,1,2026-06-08 16:07:29.784838+00,2026-06-08 16:07:38.59012+00,2026-06-08 16:07:38.694809+00,0.104689,8.909971,
68794f1f-3160-44fa-bee0-82ad01c469f0,numbered,1679,completed,sold,1,2026-06-08 16:07:29.793232+00,2026-06-08 16:07:38.634636+00,2026-06-08 16:07:38.739734+00,0.105098,8.946502,
0196d447-688f-4d59-99ed-68913f77c251,numbered,42583,completed,sold,1,2026-06-08 16:07:29.801571+00,2026-06-08 16:07:38.640617+00,2026-06-08 16:07:38.746658+00,0.106041,8.945087,
62ec6e92-552d-4259-9e8d-476ebce64c2e,numbered,69956,completed,sold,1,2026-06-08 16:07:29.809973+00,2026-06-08 16:07:38.665711+00,2026-06-08 16:07:38.771392+00,0.105681,8.961419,
db5b4b61-cde6-4e7f-9c98-8e41b3889cc0,numbered,23063,completed,sold,1,2026-06-08 16:07:29.818474+00,2026-06-08 16:07:38.716039+00,2026-06-08 16:07:38.820567+00,0.104528,9.002093,
fec6060c-7293-42ae-9e14-5ffe3f7700dd,numbered,59553,completed,sold,1,2026-06-08 16:07:29.826829+00,2026-06-08 16:07:38.762765+00,2026-06-08 16:07:38.867232+00,0.104467,9.040403,
295f6490-2b2f-4351-83ce-0a51fe8664fc,numbered,14971,completed,sold,1,2026-06-08 16:07:29.835061+00,2026-06-08 16:07:38.773228+00,2026-06-08 16:07:38.878381+00,0.105153,9.043320,
2aaa7dda-171f-483d-90bb-5b725cd39570,numbered,57281,completed,sold,1,2026-06-08 16:07:29.843281+00,2026-06-08 16:07:38.793695+00,2026-06-08 16:07:38.899321+00,0.105626,9.056040,
558d3f58-2613-4818-b4b4-369fff101a0e,numbered,31455,completed,sold,1,2026-06-08 16:07:29.851641+00,2026-06-08 16:07:38.841674+00,2026-06-08 16:07:38.946076+00,0.104402,9.094435,
a6c4dc18-f03b-480b-98b3-ea951205dbe5,numbered,54534,completed,sold,1,2026-06-08 16:07:29.860114+00,2026-06-08 16:07:38.889671+00,2026-06-08 16:07:38.994186+00,0.104515,9.134072,
fb06ebe0-c516-4fd7-a346-cc11d4c11d8e,numbered,82557,completed,sold,1,2026-06-08 16:07:29.868488+00,2026-06-08 16:07:38.9051+00,2026-06-08 16:07:39.010995+00,0.105895,9.142507,
e02c8b40-4d8c-47f4-85a6-bbc9a2fb7548,numbered,81041,completed,sold,1,2026-06-08 16:07:29.876994+00,2026-06-08 16:07:38.921703+00,2026-06-08 16:07:39.026332+00,0.104629,9.149338,
04c5a127-96ad-474a-865b-86291c7699ad,numbered,41567,completed,sold,1,2026-06-08 16:07:29.885132+00,2026-06-08 16:07:38.966779+00,2026-06-08 16:07:39.071389+00,0.104610,9.186257,
d27565ea-b32b-43a9-8e19-68d871f07a81,numbered,506,completed,sold,1,2026-06-08 16:07:29.893411+00,2026-06-08 16:07:39.017604+00,2026-06-08 16:07:39.122421+00,0.104817,9.229010,
91734acb-5d21-4ae0-9709-f4b9d7c9c2e2,numbered,47848,completed,sold,1,2026-06-08 16:07:29.901967+00,2026-06-08 16:07:39.037156+00,2026-06-08 16:07:39.142937+00,0.105781,9.240970,
5e6bdb57-9276-461f-82d8-1dbe0cf65eb9,numbered,70030,completed,sold,1,2026-06-08 16:07:29.91076+00,2026-06-08 16:07:39.049281+00,2026-06-08 16:07:39.154169+00,0.104888,9.243409,
d62fbccc-6e70-42dc-a298-75d855e7d821,numbered,48106,completed,sold,1,2026-06-08 16:07:29.918273+00,2026-06-08 16:07:39.092662+00,2026-06-08 16:07:39.197381+00,0.104719,9.279108,
1c2df9b1-a0e1-416a-9f93-96598833b16f,numbered,90098,completed,sold,1,2026-06-08 16:07:29.926833+00,2026-06-08 16:07:39.146527+00,2026-06-08 16:07:39.2512+00,0.104673,9.324367,
370673c5-7295-4489-91be-5019f20c2239,numbered,84267,completed,sold,1,2026-06-08 16:07:29.934951+00,2026-06-08 16:07:39.169283+00,2026-06-08 16:07:39.274669+00,0.105386,9.339718,
203e0cd7-aea1-4ec9-bbdd-62e89dcd5b4b,numbered,6478,completed,sold,1,2026-06-08 16:07:29.943421+00,2026-06-08 16:07:39.176649+00,2026-06-08 16:07:39.282948+00,0.106299,9.339527,
0fcc81fc-139b-49d2-9638-308a251d994f,numbered,41206,completed,sold,1,2026-06-08 16:07:29.951897+00,2026-06-08 16:07:39.218387+00,2026-06-08 16:07:39.322826+00,0.104439,9.370929,
003b47c0-c1c0-4fd7-bcf3-4491eca1375b,numbered,13499,completed,sold,1,2026-06-08 16:07:29.960259+00,2026-06-08 16:07:39.271952+00,2026-06-08 16:07:39.376338+00,0.104386,9.416079,
8009b18a-335f-458c-81c1-95b1063b0b6d,numbered,96760,completed,sold,1,2026-06-08 16:07:29.970735+00,2026-06-08 16:07:39.299083+00,2026-06-08 16:07:39.404132+00,0.105049,9.433397,
8bb5218b-ff3f-4f54-8a42-28b562780119,numbered,5697,completed,sold,1,2026-06-08 16:07:29.976728+00,2026-06-08 16:07:39.313592+00,2026-06-08 16:07:39.418293+00,0.104701,9.441565,
84683d61-7c5e-415a-8d09-ece8ae848043,numbered,61699,completed,sold,1,2026-06-08 16:07:29.985038+00,2026-06-08 16:07:39.344356+00,2026-06-08 16:07:39.448529+00,0.104173,9.463491,
3ab92c4b-bf23-4316-b219-5a4934743c16,numbered,81890,completed,sold,1,2026-06-08 16:07:29.993332+00,2026-06-08 16:07:39.397534+00,2026-06-08 16:07:39.502171+00,0.104637,9.508839,
e370cbe7-a781-4f46-a87b-63aec3d6df27,numbered,98864,completed,sold,1,2026-06-08 16:07:30.002394+00,2026-06-08 16:07:39.429513+00,2026-06-08 16:07:39.535299+00,0.105786,9.532905,
4b1c49d5-bc8c-4753-b199-8bd4ef70f7dd,numbered,41270,completed,sold,1,2026-06-08 16:07:30.01045+00,2026-06-08 16:07:39.444674+00,2026-06-08 16:07:39.549502+00,0.104828,9.539052,
75522ad5-63cf-4ec8-89cb-f80d1c4818a2,numbered,6621,completed,sold,1,2026-06-08 16:07:30.018983+00,2026-06-08 16:07:39.469191+00,2026-06-08 16:07:39.574133+00,0.104942,9.555150,
22ae78ce-83f8-45da-aa01-172939e5a5ca,numbered,66774,completed,sold,1,2026-06-08 16:07:30.027198+00,2026-06-08 16:07:39.524932+00,2026-06-08 16:07:39.629808+00,0.104876,9.602610,
b067509a-cb51-4fb4-8aa4-cab98c25c23c,numbered,21589,completed,sold,1,2026-06-08 16:07:30.035632+00,2026-06-08 16:07:39.561101+00,2026-06-08 16:07:39.666412+00,0.105311,9.630780,
8efc6d00-b117-41ae-917e-3ff6fedc7e0c,numbered,3301,completed,sold,1,2026-06-08 16:07:30.04436+00,2026-06-08 16:07:39.573603+00,2026-06-08 16:07:39.678558+00,0.104955,9.634198,
5c13c555-6aa6-4e18-9e5a-1aa16887bf62,numbered,49311,completed,sold,1,2026-06-08 16:07:30.052003+00,2026-06-08 16:07:39.595656+00,2026-06-08 16:07:39.700929+00,0.105273,9.648926,
2c1b9465-afbf-4133-89d7-f729df75f977,numbered,70788,completed,sold,1,2026-06-08 16:07:30.060398+00,2026-06-08 16:07:39.651339+00,2026-06-08 16:07:39.757305+00,0.105966,9.696907,
e19f4e89-10e7-4066-8b4c-73cd8b4563d3,numbered,57101,completed,sold,1,2026-06-08 16:07:30.068555+00,2026-06-08 16:07:39.691614+00,2026-06-08 16:07:39.797211+00,0.105597,9.728656,
ac63eef5-784b-4d5f-8704-23f965eba096,numbered,94329,completed,sold,1,2026-06-08 16:07:30.076851+00,2026-06-08 16:07:39.702835+00,2026-06-08 16:07:39.808173+00,0.105338,9.731322,
1986bc04-eb6a-4b52-8e58-d9bbd85d3321,numbered,39760,completed,sold,1,2026-06-08 16:07:30.085154+00,2026-06-08 16:07:39.722908+00,2026-06-08 16:07:39.827877+00,0.104969,9.742723,
a92aef77-b7fb-41ea-8458-f61760a29973,numbered,28120,completed,sold,1,2026-06-08 16:07:30.093558+00,2026-06-08 16:07:39.779308+00,2026-06-08 16:07:39.883911+00,0.104603,9.790353,
4e8b77e9-f32b-4ae3-bab5-cfa6fb90540a,numbered,68867,completed,sold,1,2026-06-08 16:07:30.10544+00,2026-06-08 16:07:39.823792+00,2026-06-08 16:07:39.929637+00,0.105845,9.824197,
36e8eff1-93c7-4713-8700-0893786a6e54,numbered,65769,completed,sold,1,2026-06-08 16:07:30.110027+00,2026-06-08 16:07:39.832191+00,2026-06-08 16:07:39.937614+00,0.105423,9.827587,
a242f2a7-ac61-4d10-9ed0-f172cca9bf5b,numbered,14341,completed,sold,1,2026-06-08 16:07:30.11886+00,2026-06-08 16:07:39.849065+00,2026-06-08 16:07:39.955811+00,0.106746,9.836951,
5576f541-1799-440c-bae1-4fd466dbb4bb,numbered,28540,completed,sold,1,2026-06-08 16:07:30.126747+00,2026-06-08 16:07:39.90605+00,2026-06-08 16:07:40.012825+00,0.106775,9.886078,
727cfc80-57b9-4097-89f4-9b10f70f8e7b,numbered,24600,completed,sold,1,2026-06-08 16:07:30.135256+00,2026-06-08 16:07:39.956848+00,2026-06-08 16:07:40.062388+00,0.105540,9.927132,
32388040-f175-4411-87a9-7efb5574f57f,numbered,40520,completed,sold,1,2026-06-08 16:07:30.143609+00,2026-06-08 16:07:39.961536+00,2026-06-08 16:07:40.06711+00,0.105574,9.923501,
92f41f3b-57b1-4b5b-ab6d-fc82b549a93b,numbered,29916,completed,sold,1,2026-06-08 16:07:30.151962+00,2026-06-08 16:07:39.978316+00,2026-06-08 16:07:40.083938+00,0.105622,9.931976,
93819a34-925d-410c-9414-1d66707533c7,numbered,3816,completed,sold,1,2026-06-08 16:07:30.160366+00,2026-06-08 16:07:40.038032+00,2026-06-08 16:07:40.142804+00,0.104772,9.982438,
5befec2d-6b57-41e6-97a1-a59212ff9067,numbered,97579,completed,sold,1,2026-06-08 16:07:30.168524+00,2026-06-08 16:07:40.090691+00,2026-06-08 16:07:40.196252+00,0.105561,10.027728,
8446d743-e471-4455-8938-02416e7e15d6,numbered,12701,completed,sold,1,2026-06-08 16:07:30.176761+00,2026-06-08 16:07:40.094266+00,2026-06-08 16:07:40.199017+00,0.104751,10.022256,
6fcc12c4-8e44-4d1b-a10f-d9b049edaf3b,numbered,39695,completed,sold,1,2026-06-08 16:07:30.185216+00,2026-06-08 16:07:40.106267+00,2026-06-08 16:07:40.210858+00,0.104591,10.025642,
6f787c6d-fd4d-4f85-94ec-29412566c9e0,numbered,39475,completed,sold,1,2026-06-08 16:07:30.193639+00,2026-06-08 16:07:40.164454+00,2026-06-08 16:07:40.269446+00,0.104992,10.075807,
43d9ddbc-1254-4005-b0e2-b77148772882,numbered,90053,completed,sold,1,2026-06-08 16:07:30.210169+00,2026-06-08 16:07:40.224925+00,2026-06-08 16:07:40.331183+00,0.106258,10.121014,
cc97932d-0a3a-4c6f-a6b3-c88dafddfc72,numbered,11013,completed,sold,1,2026-06-08 16:07:30.201834+00,2026-06-08 16:07:40.225044+00,2026-06-08 16:07:40.331337+00,0.106293,10.129503,
56316957-fc4b-41df-87dc-d3933ee6bf34,numbered,94436,completed,sold,1,2026-06-08 16:07:30.218448+00,2026-06-08 16:07:40.234201+00,2026-06-08 16:07:40.340555+00,0.106354,10.122107,
ed3a065c-bbbd-42eb-a3ec-652939307dc6,numbered,93379,completed,sold,1,2026-06-08 16:07:30.227203+00,2026-06-08 16:07:40.292081+00,2026-06-08 16:07:40.397043+00,0.104962,10.169840,
7de9ee9b-af8f-4e19-9f9e-ca9f79597cc5,numbered,42980,completed,sold,1,2026-06-08 16:07:30.235076+00,2026-06-08 16:07:40.360909+00,2026-06-08 16:07:40.466922+00,0.106013,10.231846,
f3a93794-1729-4bdd-86a0-99151d88a196,numbered,52868,completed,sold,1,2026-06-08 16:07:30.243455+00,2026-06-08 16:07:40.361643+00,2026-06-08 16:07:40.467687+00,0.106044,10.224232,
aa228861-eef9-41e6-b905-d473f4ac1114,numbered,20733,completed,sold,1,2026-06-08 16:07:30.251923+00,2026-06-08 16:07:40.364394+00,2026-06-08 16:07:40.469723+00,0.105329,10.217800,
57d7edd9-c2e7-4453-a0ed-6715712ac3c2,numbered,2903,completed,sold,1,2026-06-08 16:07:30.260334+00,2026-06-08 16:07:40.419046+00,2026-06-08 16:07:40.523734+00,0.104688,10.263400,
8e692fe7-e57b-43ed-b7ba-dfd3d66c4554,numbered,19699,completed,sold,1,2026-06-08 16:07:30.285149+00,2026-06-08 16:07:40.495754+00,2026-06-08 16:07:40.601015+00,0.105261,10.315866,
9cb696e0-9377-404f-a133-ded7582e1d76,numbered,53870,completed,sold,1,2026-06-08 16:07:30.268746+00,2026-06-08 16:07:40.496684+00,2026-06-08 16:07:40.602809+00,0.106125,10.334063,
6d667c67-30d7-4403-9253-f5d86f416c95,numbered,19706,completed,sold,1,2026-06-08 16:07:30.277023+00,2026-06-08 16:07:40.498268+00,2026-06-08 16:07:40.604128+00,0.105860,10.327105,
e8cea056-6865-455b-8bd7-bed9ba0b05d3,numbered,75711,completed,sold,1,2026-06-08 16:07:30.293402+00,2026-06-08 16:07:40.545431+00,2026-06-08 16:07:40.649804+00,0.104373,10.356402,
289ddddf-c945-4824-82ba-bc82c867954c,numbered,16782,completed,sold,1,2026-06-08 16:07:30.301999+00,2026-06-08 16:07:40.630825+00,2026-06-08 16:07:40.736258+00,0.105433,10.434259,
d8c839a8-1666-4885-833e-a667645d65d9,numbered,87671,completed,sold,1,2026-06-08 16:07:30.31013+00,2026-06-08 16:07:40.631508+00,2026-06-08 16:07:40.73689+00,0.105382,10.426760,
8d0900a7-e625-45a1-98fe-f40d34172861,numbered,44970,completed,sold,1,2026-06-08 16:07:30.318501+00,2026-06-08 16:07:40.631921+00,2026-06-08 16:07:40.739668+00,0.107747,10.421167,
5122d8eb-772a-4855-a2f5-9e00c809ad6a,numbered,25851,completed,sold,1,2026-06-08 16:07:30.327146+00,2026-06-08 16:07:40.671185+00,2026-06-08 16:07:40.775365+00,0.104180,10.448219,
7ed50f32-3d1a-4db9-8291-4fec98de7396,numbered,73738,completed,sold,1,2026-06-08 16:07:30.335246+00,2026-06-08 16:07:40.761586+00,2026-06-08 16:07:40.866607+00,0.105021,10.531361,
783c6949-92b6-42ad-ba89-c9ff52658673,numbered,40845,completed,sold,1,2026-06-08 16:07:30.343692+00,2026-06-08 16:07:40.763508+00,2026-06-08 16:07:40.868775+00,0.105267,10.525083,
16a034b0-0d5d-49bb-9d1b-2ed727639af0,numbered,40702,completed,sold,1,2026-06-08 16:07:30.352026+00,2026-06-08 16:07:40.771553+00,2026-06-08 16:07:40.877941+00,0.106388,10.525915,
475bd9aa-718f-47ca-a8aa-deb082d7da20,numbered,66597,completed,sold,1,2026-06-08 16:07:30.360573+00,2026-06-08 16:07:40.796618+00,2026-06-08 16:07:40.901966+00,0.105348,10.541393,
79cd82aa-0af5-461d-8871-a93bfa9b575c,numbered,70937,completed,sold,1,2026-06-08 16:07:30.368892+00,2026-06-08 16:07:40.892404+00,2026-06-08 16:07:40.99769+00,0.105286,10.628798,
2a1897bf-49b0-4cdf-af34-914182ef570a,numbered,18974,completed,sold,1,2026-06-08 16:07:30.377151+00,2026-06-08 16:07:40.894281+00,2026-06-08 16:07:40.999711+00,0.105430,10.622560,
82c86127-d300-4d9c-b971-45f6f9454c3f,numbered,78971,completed,sold,1,2026-06-08 16:07:30.3853+00,2026-06-08 16:07:40.904581+00,2026-06-08 16:07:41.010556+00,0.105975,10.625256,
509c39b2-7005-468a-84d7-4749ba863efd,numbered,21998,completed,sold,1,2026-06-08 16:07:30.393561+00,2026-06-08 16:07:40.9235+00,2026-06-08 16:07:41.029471+00,0.105971,10.635910,
7076e300-c765-459b-99fd-dfdcd7f59909,numbered,34055,completed,sold,1,2026-06-08 16:07:30.401957+00,2026-06-08 16:07:41.026686+00,2026-06-08 16:07:41.131289+00,0.104603,10.729332,
2fd50ead-44da-429f-b3fe-b961d7b0edf2,numbered,70303,completed,sold,1,2026-06-08 16:07:30.410475+00,2026-06-08 16:07:41.02961+00,2026-06-08 16:07:41.135067+00,0.105457,10.724592,
32051edf-68ce-4040-8846-fb5cd129c4e1,numbered,47450,completed,sold,1,2026-06-08 16:07:30.419052+00,2026-06-08 16:07:41.037457+00,2026-06-08 16:07:41.143718+00,0.106261,10.724666,
5cc2f8fa-c03f-421e-bd0f-a0335c35fa55,numbered,47451,completed,sold,1,2026-06-08 16:07:30.427106+00,2026-06-08 16:07:41.052786+00,2026-06-08 16:07:41.158105+00,0.105319,10.730999,
4e651585-eac1-45ce-977b-7116e0a943cc,numbered,39753,completed,sold,1,2026-06-08 16:07:30.43521+00,2026-06-08 16:07:41.155553+00,2026-06-08 16:07:41.259958+00,0.104405,10.824748,
ad7af6d8-114f-4615-93a1-61544eb15a9f,numbered,53418,completed,sold,1,2026-06-08 16:07:30.4436+00,2026-06-08 16:07:41.159389+00,2026-06-08 16:07:41.264117+00,0.104728,10.820517,
3cd4af6c-eaa7-429d-bae9-47535b4ed653,numbered,30942,completed,sold,1,2026-06-08 16:07:30.452111+00,2026-06-08 16:07:41.172198+00,2026-06-08 16:07:41.278178+00,0.105980,10.826067,
0324841b-900f-4858-aa7b-4b07ead6b8cc,numbered,91417,completed,sold,1,2026-06-08 16:07:30.460548+00,2026-06-08 16:07:41.180541+00,2026-06-08 16:07:41.287374+00,0.106833,10.826826,
357eabbc-35cd-4f4e-b2c3-09299bebb70a,numbered,34068,completed,sold,1,2026-06-08 16:07:30.468766+00,2026-06-08 16:07:41.283683+00,2026-06-08 16:07:41.388312+00,0.104629,10.919546,
60589941-3523-412e-800d-ffe56683135d,numbered,65933,completed,sold,1,2026-06-08 16:07:30.476967+00,2026-06-08 16:07:41.28915+00,2026-06-08 16:07:41.394144+00,0.104994,10.917177,
e8dd81d7-2bc0-4ad4-b83a-268ae24543f7,numbered,91892,completed,sold,1,2026-06-08 16:07:30.493711+00,2026-06-08 16:07:41.308836+00,2026-06-08 16:07:41.413894+00,0.105058,10.920183,
d69e5458-a9cb-4ecb-b14f-49c7a4220941,numbered,38748,completed,sold,1,2026-06-08 16:07:30.485246+00,2026-06-08 16:07:41.306422+00,2026-06-08 16:07:41.414425+00,0.108003,10.929179,
1e7991f5-f0fe-4cd1-876f-e24077d47ca8,numbered,45459,completed,sold,1,2026-06-08 16:07:30.501945+00,2026-06-08 16:07:41.413669+00,2026-06-08 16:07:41.51915+00,0.105481,11.017205,
2da3a4a0-ea9f-4ee7-a48d-019c754f2342,numbered,9138,completed,sold,1,2026-06-08 16:07:30.510281+00,2026-06-08 16:07:41.418409+00,2026-06-08 16:07:41.524034+00,0.105625,11.013753,
5b9ad3f1-6a22-49fb-8571-48db154d70ae,numbered,24805,completed,sold,1,2026-06-08 16:07:30.518644+00,2026-06-08 16:07:41.438365+00,2026-06-08 16:07:41.544855+00,0.106490,11.026211,
5418d9eb-875e-4f4a-8514-9b84c840f62b,numbered,30560,completed,sold,1,2026-06-08 16:07:30.526824+00,2026-06-08 16:07:41.440108+00,2026-06-08 16:07:41.545605+00,0.105497,11.018781,
66e4ee4e-31d9-4ee6-abc5-db38c0dd8f63,numbered,98913,completed,sold,1,2026-06-08 16:07:30.5353+00,2026-06-08 16:07:41.540942+00,2026-06-08 16:07:41.645425+00,0.104483,11.110125,
1488317b-7e6d-4651-af38-1bc23953b850,numbered,69204,completed,sold,1,2026-06-08 16:07:30.543959+00,2026-06-08 16:07:41.548046+00,2026-06-08 16:07:41.653686+00,0.105640,11.109727,
e21305cb-32d5-45ea-8f0b-4b86cc4ac940,numbered,78269,completed,sold,1,2026-06-08 16:07:30.552117+00,2026-06-08 16:07:41.570123+00,2026-06-08 16:07:41.67593+00,0.105807,11.123813,
5ddcc267-8df7-4ac4-83b4-c998a53d90d4,numbered,82380,completed,sold,1,2026-06-08 16:07:30.560551+00,2026-06-08 16:07:41.571772+00,2026-06-08 16:07:41.677507+00,0.105735,11.116956,
f03c2f95-da1e-4627-8dc8-a002b0740b32,numbered,59641,completed,sold,1,2026-06-08 16:07:30.568941+00,2026-06-08 16:07:41.667741+00,2026-06-08 16:07:41.772259+00,0.104518,11.203318,
ab192ff9-f477-4b91-b4ff-506d03dad465,numbered,66879,completed,sold,1,2026-06-08 16:07:30.577006+00,2026-06-08 16:07:41.676844+00,2026-06-08 16:07:41.781798+00,0.104954,11.204792,
ed551721-f6d7-4eaf-916e-fef535c3ebd9,numbered,85781,completed,sold,1,2026-06-08 16:07:30.585463+00,2026-06-08 16:07:41.699663+00,2026-06-08 16:07:41.80427+00,0.104607,11.218807,
ad74de52-b616-4f0e-9cb8-ed4141a74c60,numbered,50590,completed,sold,1,2026-06-08 16:07:30.593653+00,2026-06-08 16:07:41.703512+00,2026-06-08 16:07:41.809156+00,0.105644,11.215503,
7982783c-fe6f-41ec-8c0c-23aa03bc12ba,numbered,14931,completed,sold,1,2026-06-08 16:07:30.602011+00,2026-06-08 16:07:41.794842+00,2026-06-08 16:07:41.899786+00,0.104944,11.297775,
359f8c6e-e127-43f6-8967-223fb4c7154a,numbered,54476,completed,sold,1,2026-06-08 16:07:30.610348+00,2026-06-08 16:07:41.805034+00,2026-06-08 16:07:41.909746+00,0.104712,11.299398,
3433bcbd-c113-4ac7-86f2-1155374d78f1,numbered,1841,completed,sold,1,2026-06-08 16:07:30.618851+00,2026-06-08 16:07:41.82727+00,2026-06-08 16:07:41.932301+00,0.105031,11.313450,
2297b3e8-6676-4816-99ff-78ee9097ae7d,numbered,68258,completed,sold,1,2026-06-08 16:07:30.626947+00,2026-06-08 16:07:41.835646+00,2026-06-08 16:07:41.941696+00,0.106050,11.314749,
a7c960b5-ab73-4539-bd9f-c2ebf6c742ba,numbered,12919,completed,sold,1,2026-06-08 16:07:30.635484+00,2026-06-08 16:07:41.922382+00,2026-06-08 16:07:42.028098+00,0.105716,11.392614,
dd7717aa-a6c2-47c0-8947-e91ac412076b,numbered,661,completed,sold,1,2026-06-08 16:07:30.643909+00,2026-06-08 16:07:41.933491+00,2026-06-08 16:07:42.038861+00,0.105370,11.394952,
3e9ed4e0-0459-447e-ac5a-2beff980792c,numbered,6878,completed,sold,1,2026-06-08 16:07:30.652025+00,2026-06-08 16:07:41.954892+00,2026-06-08 16:07:42.060225+00,0.105333,11.408200,
5675e3d9-9d9a-457a-9432-1ad04c29296d,numbered,23276,completed,sold,1,2026-06-08 16:07:30.660495+00,2026-06-08 16:07:41.966892+00,2026-06-08 16:07:42.072639+00,0.105747,11.412144,
4c7044cf-4fa2-4a2e-a47a-39794832e518,numbered,43976,completed,sold,1,2026-06-08 16:07:30.668762+00,2026-06-08 16:07:42.051709+00,2026-06-08 16:07:42.156276+00,0.104567,11.487514,
b2c6c069-4804-454e-97d3-2a29808b05dc,numbered,66666,completed,sold,1,2026-06-08 16:07:30.676975+00,2026-06-08 16:07:42.063733+00,2026-06-08 16:07:42.169288+00,0.105555,11.492313,
8424f717-3068-42da-b4c7-dbadaeb90cd6,numbered,66965,completed,sold,1,2026-06-08 16:07:30.685284+00,2026-06-08 16:07:42.084132+00,2026-06-08 16:07:42.189521+00,0.105389,11.504237,
eedff80e-98c3-4819-a4e2-570d54b524a4,numbered,26580,completed,sold,1,2026-06-08 16:07:30.693709+00,2026-06-08 16:07:42.099451+00,2026-06-08 16:07:42.204709+00,0.105258,11.511000,
1a43a977-8fdc-4885-8389-d484212a07fb,numbered,12861,completed,sold,1,2026-06-08 16:07:30.701989+00,2026-06-08 16:07:42.181044+00,2026-06-08 16:07:42.286088+00,0.105044,11.584099,
b5648ca7-782d-4934-8328-c9008410059a,numbered,5944,completed,sold,1,2026-06-08 16:07:30.710411+00,2026-06-08 16:07:42.19622+00,2026-06-08 16:07:42.301548+00,0.105328,11.591137,
0d9ca9fc-c322-46d1-a6e6-8f0f681b52ea,numbered,79631,completed,sold,1,2026-06-08 16:07:30.718894+00,2026-06-08 16:07:42.21319+00,2026-06-08 16:07:42.3176+00,0.104410,11.598706,
98c5ebc3-1013-4cb8-b73a-719c91a72e98,numbered,57576,completed,sold,1,2026-06-08 16:07:30.726879+00,2026-06-08 16:07:42.229995+00,2026-06-08 16:07:42.336061+00,0.106066,11.609182,
5afbcc67-b36e-4768-8d99-f4cb6b2b3d86,numbered,33947,completed,sold,1,2026-06-08 16:07:30.735298+00,2026-06-08 16:07:42.309079+00,2026-06-08 16:07:42.413731+00,0.104652,11.678433,
3da3e75f-5a99-4c79-aade-1aa8fe1d529e,numbered,21724,completed,sold,1,2026-06-08 16:07:30.743924+00,2026-06-08 16:07:42.32674+00,2026-06-08 16:07:42.432131+00,0.105391,11.688207,
f430444e-6477-4015-a7c0-a7d47e1d1dcd,numbered,89850,completed,sold,1,2026-06-08 16:07:30.752166+00,2026-06-08 16:07:42.341552+00,2026-06-08 16:07:42.445934+00,0.104382,11.693768,
767f4be8-6946-44b5-a668-de6b42f5c85b,numbered,73232,completed,sold,1,2026-06-08 16:07:30.760646+00,2026-06-08 16:07:42.360939+00,2026-06-08 16:07:42.466667+00,0.105728,11.706021,
2121d124-21e6-4d00-9dfc-bb0854bbf027,numbered,28560,completed,sold,1,2026-06-08 16:07:30.768807+00,2026-06-08 16:07:42.436351+00,2026-06-08 16:07:42.547243+00,0.110892,11.778436,
14d58164-58f2-4856-8175-0cc004911c1f,numbered,79158,completed,sold,1,2026-06-08 16:07:30.776924+00,2026-06-08 16:07:42.456292+00,2026-06-08 16:07:42.560983+00,0.104691,11.784059,
4402072a-301b-4cdc-9864-550cd97cff0e,numbered,31724,completed,sold,1,2026-06-08 16:07:30.785293+00,2026-06-08 16:07:42.46894+00,2026-06-08 16:07:42.573521+00,0.104581,11.788228,
44502faa-1dc4-4744-bec1-edaa182d1b3a,numbered,53196,completed,sold,1,2026-06-08 16:07:30.793699+00,2026-06-08 16:07:42.491506+00,2026-06-08 16:07:42.59749+00,0.105984,11.803791,
e558dea4-fd6a-4e2a-9714-1340c7e97b43,numbered,78810,completed,sold,1,2026-06-08 16:07:30.802039+00,2026-06-08 16:07:42.570323+00,2026-06-08 16:07:42.675029+00,0.104706,11.872990,
999291df-2c34-456a-bba6-4a04e4ef8149,numbered,97698,completed,sold,1,2026-06-08 16:07:30.810359+00,2026-06-08 16:07:42.584419+00,2026-06-08 16:07:42.68922+00,0.104801,11.878861,
609a730c-ace2-40b9-bd6f-ce319000753d,numbered,15994,completed,sold,1,2026-06-08 16:07:30.818751+00,2026-06-08 16:07:42.596763+00,2026-06-08 16:07:42.701308+00,0.104545,11.882557,
597cef2e-6510-40be-ae68-943073f20882,numbered,12733,completed,sold,1,2026-06-08 16:07:30.827038+00,2026-06-08 16:07:42.623007+00,2026-06-08 16:07:42.72812+00,0.105113,11.901082,
67df006d-8073-473a-a294-90d59b320962,numbered,37849,completed,sold,1,2026-06-08 16:07:30.835896+00,2026-06-08 16:07:42.698374+00,2026-06-08 16:07:42.803181+00,0.104807,11.967285,
3abac59d-b3cd-474f-9611-193b024bef25,numbered,12693,completed,sold,1,2026-06-08 16:07:30.843663+00,2026-06-08 16:07:42.713732+00,2026-06-08 16:07:42.81927+00,0.105538,11.975607,
ab709590-b9c8-4f4d-8678-c602d3d2da75,numbered,38744,completed,sold,1,2026-06-08 16:07:30.852098+00,2026-06-08 16:07:42.723439+00,2026-06-08 16:07:42.829206+00,0.105767,11.977108,
b7ce5ceb-a20c-4088-ba70-87d34d0ff4ef,numbered,48454,completed,sold,1,2026-06-08 16:07:30.860541+00,2026-06-08 16:07:42.753765+00,2026-06-08 16:07:42.859782+00,0.106017,11.999241,
f4236be0-5c68-4eb8-a1b0-6f5f84954797,numbered,87137,completed,sold,1,2026-06-08 16:07:30.868932+00,2026-06-08 16:07:42.827117+00,2026-06-08 16:07:42.93178+00,0.104663,12.062848,
3f0e7ab9-f141-4304-8471-fab9183e7194,numbered,18198,completed,sold,1,2026-06-08 16:07:30.877117+00,2026-06-08 16:07:42.843657+00,2026-06-08 16:07:42.949077+00,0.105420,12.071960,
698fa9bc-5d4c-46a9-bb53-da982c4dbe14,numbered,32696,completed,sold,1,2026-06-08 16:07:30.885386+00,2026-06-08 16:07:42.851095+00,2026-06-08 16:07:42.955329+00,0.104234,12.069943,
40a27e50-b348-4901-812a-fd2bbb607597,numbered,5527,completed,sold,1,2026-06-08 16:07:30.893761+00,2026-06-08 16:07:42.884855+00,2026-06-08 16:07:42.990282+00,0.105427,12.096521,
ef0f2716-9d3a-45de-b3d8-906214f97cd3,numbered,93632,completed,sold,1,2026-06-08 16:07:30.901984+00,2026-06-08 16:07:42.956014+00,2026-06-08 16:07:43.060749+00,0.104735,12.158765,
d312aa93-9b7a-4412-abe2-b667ac2d728e,numbered,84867,completed,sold,1,2026-06-08 16:07:30.910364+00,2026-06-08 16:07:42.971841+00,2026-06-08 16:07:43.07706+00,0.105219,12.166696,
040d2574-2cf8-466c-8f9e-046c8edcb0e8,numbered,35565,completed,sold,1,2026-06-08 16:07:30.918607+00,2026-06-08 16:07:42.976819+00,2026-06-08 16:07:43.083205+00,0.106386,12.164598,
39a38804-2a5f-4968-b179-c1656ba3decc,numbered,83047,completed,sold,1,2026-06-08 16:07:30.927047+00,2026-06-08 16:07:43.015165+00,2026-06-08 16:07:43.120525+00,0.105360,12.193478,
a1abec62-96c2-4be7-b4ab-73ddcdc55fc0,numbered,52151,completed,sold,1,2026-06-08 16:07:30.935341+00,2026-06-08 16:07:43.084186+00,2026-06-08 16:07:43.19018+00,0.105994,12.254839,
c640fefc-faa4-4d38-a92a-dc5983919578,numbered,75012,completed,sold,1,2026-06-08 16:07:30.943658+00,2026-06-08 16:07:43.103797+00,2026-06-08 16:07:43.210598+00,0.106801,12.266940,
a803b743-cc2a-4071-b145-7e223a412f02,numbered,24475,completed,sold,1,2026-06-08 16:07:30.9521+00,2026-06-08 16:07:43.106889+00,2026-06-08 16:07:43.212142+00,0.105253,12.260042,
ed281f64-eb1b-4df9-b7a9-aa78b3129cfc,numbered,15133,completed,sold,1,2026-06-08 16:07:30.960542+00,2026-06-08 16:07:43.145981+00,2026-06-08 16:07:43.251916+00,0.105935,12.291374,
b3184b5a-19fc-47cd-b180-440bab25f1b9,numbered,60224,completed,sold,1,2026-06-08 16:07:30.968763+00,2026-06-08 16:07:43.213999+00,2026-06-08 16:07:43.318764+00,0.104765,12.350001,
843939c3-bfcd-4df5-beea-25f0480971a8,numbered,63976,completed,sold,1,2026-06-08 16:07:30.977013+00,2026-06-08 16:07:43.235648+00,2026-06-08 16:07:43.341116+00,0.105468,12.364103,
17fcdf7d-e5e9-468b-870a-bb4e3f2304c8,numbered,87927,completed,sold,1,2026-06-08 16:07:30.985552+00,2026-06-08 16:07:43.235639+00,2026-06-08 16:07:43.341935+00,0.106296,12.356383,
363b6a5c-5c58-477e-a170-71e69de04aa0,numbered,44963,completed,sold,1,2026-06-08 16:07:30.993959+00,2026-06-08 16:07:43.277224+00,2026-06-08 16:07:43.382731+00,0.105507,12.388772,
5fc1ae97-b597-42b4-879a-ff12d36db35a,numbered,87078,completed,sold,1,2026-06-08 16:07:31.002388+00,2026-06-08 16:07:43.343068+00,2026-06-08 16:07:43.447819+00,0.104751,12.445431,
63d5b63f-9e63-4efb-b5d9-da848b904a14,numbered,65282,completed,sold,1,2026-06-08 16:07:31.018911+00,2026-06-08 16:07:43.365834+00,2026-06-08 16:07:43.471404+00,0.105570,12.452493,
6bcf968a-a6e5-4cd2-bc6c-e2f6eb93437f,numbered,17228,completed,sold,1,2026-06-08 16:07:31.010482+00,2026-06-08 16:07:43.365549+00,2026-06-08 16:07:43.471878+00,0.106329,12.461396,
109d7fc3-e2ec-43d7-bcaa-58d51df432cc,numbered,61331,completed,sold,1,2026-06-08 16:07:31.027162+00,2026-06-08 16:07:43.407025+00,2026-06-08 16:07:43.512458+00,0.105433,12.485296,
43c6a73d-44e1-44ae-8f76-f94d16f674b9,numbered,61534,completed,sold,1,2026-06-08 16:07:31.03614+00,2026-06-08 16:07:43.472463+00,2026-06-08 16:07:43.577005+00,0.104542,12.540865,
3f30a411-1965-4f6a-a4ce-4af3b25ab349,numbered,70524,completed,sold,1,2026-06-08 16:07:31.044558+00,2026-06-08 16:07:43.494532+00,2026-06-08 16:07:43.600361+00,0.105829,12.555803,
11a36ee9-4f9c-48d6-8044-b71111e957ec,numbered,21041,completed,sold,1,2026-06-08 16:07:31.052415+00,2026-06-08 16:07:43.495838+00,2026-06-08 16:07:43.601376+00,0.105538,12.548961,
f199edc1-8e67-425f-9ad6-435d2bc4c215,numbered,80664,completed,sold,1,2026-06-08 16:07:31.061105+00,2026-06-08 16:07:43.537019+00,2026-06-08 16:07:43.642328+00,0.105309,12.581223,
3678fb6d-6dfa-4320-9a3f-5866095577d8,numbered,96158,completed,sold,1,2026-06-08 16:07:31.069983+00,2026-06-08 16:07:43.599932+00,2026-06-08 16:07:43.705057+00,0.105125,12.635074,
010d886d-5175-433f-9da4-84ae8e1a74dd,numbered,99919,completed,sold,1,2026-06-08 16:07:31.077396+00,2026-06-08 16:07:43.624035+00,2026-06-08 16:07:43.729552+00,0.105517,12.652156,
d8ed1afb-9f02-484f-81dd-afca54dcc066,numbered,78103,completed,sold,1,2026-06-08 16:07:31.085603+00,2026-06-08 16:07:43.625125+00,2026-06-08 16:07:43.730292+00,0.105167,12.644689,
61bbbc6c-f11a-45ed-8ed5-4008bf4365f6,numbered,86317,completed,sold,1,2026-06-08 16:07:31.094023+00,2026-06-08 16:07:43.667207+00,2026-06-08 16:07:43.772828+00,0.105621,12.678805,
4dd9dca6-adb9-465d-8868-c05dc587d9eb,numbered,18687,completed,sold,1,2026-06-08 16:07:31.102349+00,2026-06-08 16:07:43.727136+00,2026-06-08 16:07:43.831931+00,0.104795,12.729582,
2a5850a7-4296-4682-a6c5-3bbb5cff592e,numbered,18999,completed,sold,1,2026-06-08 16:07:31.1191+00,2026-06-08 16:07:43.754992+00,2026-06-08 16:07:43.860258+00,0.105266,12.741158,
60ef8aad-a0f7-44d4-a2a4-0a283b9e1892,numbered,23975,completed,sold,1,2026-06-08 16:07:31.110706+00,2026-06-08 16:07:43.755439+00,2026-06-08 16:07:43.860445+00,0.105006,12.749739,
32a75506-06fa-45ff-8b93-c9d49395f2cc,numbered,25777,completed,sold,1,2026-06-08 16:07:31.12726+00,2026-06-08 16:07:43.798051+00,2026-06-08 16:07:43.903639+00,0.105588,12.776379,
900ca0de-c200-4488-8b44-77a8f4e1a363,numbered,27292,completed,sold,1,2026-06-08 16:07:31.135544+00,2026-06-08 16:07:43.853082+00,2026-06-08 16:07:43.957678+00,0.104596,12.822134,
b198ef46-aa20-4090-bedf-adf496e2f532,numbered,42354,completed,sold,1,2026-06-08 16:07:31.152333+00,2026-06-08 16:07:43.885509+00,2026-06-08 16:07:43.991131+00,0.105622,12.838798,
81475bf5-c663-4e85-98c0-86c4f65a378f,numbered,43654,completed,sold,1,2026-06-08 16:07:31.144062+00,2026-06-08 16:07:43.885596+00,2026-06-08 16:07:43.991137+00,0.105541,12.847075,
82914d48-9529-4920-94be-c75593bf01c7,numbered,43784,completed,sold,1,2026-06-08 16:07:31.160679+00,2026-06-08 16:07:43.928687+00,2026-06-08 16:07:44.03429+00,0.105603,12.873611,
903656ce-4068-4db8-9dd9-25343a87d1b6,numbered,52968,completed,sold,1,2026-06-08 16:07:31.168901+00,2026-06-08 16:07:43.978829+00,2026-06-08 16:07:44.083401+00,0.104572,12.914500,
818bc05b-1547-4c40-9e49-abf65400d3c4,numbered,77390,completed,sold,1,2026-06-08 16:07:31.185351+00,2026-06-08 16:07:44.018117+00,2026-06-08 16:07:44.123264+00,0.105147,12.937913,
5ec535da-4271-4a47-9943-4d7348a3afbc,numbered,17212,completed,sold,1,2026-06-08 16:07:31.177928+00,2026-06-08 16:07:44.019697+00,2026-06-08 16:07:44.124686+00,0.104989,12.946758,
8d56af07-010b-4a4f-9bdc-febda5f215dd,numbered,97275,completed,sold,1,2026-06-08 16:07:31.193996+00,2026-06-08 16:07:44.059873+00,2026-06-08 16:07:44.165441+00,0.105568,12.971445,
aee6de20-74f2-4afc-ad9a-7adf7369c18e,numbered,10646,completed,sold,1,2026-06-08 16:07:31.202447+00,2026-06-08 16:07:44.104803+00,2026-06-08 16:07:44.209652+00,0.104849,13.007205,
cb8481d6-bb2d-40db-9686-c7b3e8273e54,numbered,9709,completed,sold,1,2026-06-08 16:07:31.210705+00,2026-06-08 16:07:44.150072+00,2026-06-08 16:07:44.255922+00,0.105850,13.045217,
d8bb919d-27bc-4904-9a0f-d216eea638f1,numbered,62024,completed,sold,1,2026-06-08 16:07:31.218838+00,2026-06-08 16:07:44.150076+00,2026-06-08 16:07:44.255922+00,0.105846,13.037084,
880ae855-4a7c-4b7d-ab84-098a3c01c96f,numbered,54031,completed,sold,1,2026-06-08 16:07:31.227269+00,2026-06-08 16:07:44.189752+00,2026-06-08 16:07:44.295431+00,0.105679,13.068162,
8c7fde8f-fa88-4626-854d-6dc1f04454d1,numbered,44581,completed,sold,1,2026-06-08 16:07:31.235544+00,2026-06-08 16:07:44.231634+00,2026-06-08 16:07:44.336132+00,0.104498,13.100588,
51c4439e-39f7-4669-9479-82ec37f98b8d,numbered,58933,completed,sold,1,2026-06-08 16:07:31.252405+00,2026-06-08 16:07:44.282266+00,2026-06-08 16:07:44.388124+00,0.105858,13.135719,
31e4b499-37e6-4343-94d7-c6a5ca097ff8,numbered,10998,completed,sold,1,2026-06-08 16:07:31.244054+00,2026-06-08 16:07:44.282279+00,2026-06-08 16:07:44.388144+00,0.105865,13.144090,
d16a4a39-4be2-42b7-ad92-73ccee9ef8b8,numbered,50969,completed,sold,1,2026-06-08 16:07:31.260512+00,2026-06-08 16:07:44.321043+00,2026-06-08 16:07:44.426505+00,0.105462,13.165993,
af3af76d-c15f-418d-b06b-c3f40edfd851,numbered,22737,completed,sold,1,2026-06-08 16:07:31.268994+00,2026-06-08 16:07:44.35767+00,2026-06-08 16:07:44.462123+00,0.104453,13.193129,
5c712358-bd89-4236-9884-ce80186d28a1,numbered,10223,completed,sold,1,2026-06-08 16:07:31.285652+00,2026-06-08 16:07:44.413663+00,2026-06-08 16:07:44.519658+00,0.105995,13.234006,
e99f2de3-f79f-4edb-86aa-91660a82cf8e,numbered,27706,completed,sold,1,2026-06-08 16:07:31.277288+00,2026-06-08 16:07:44.413622+00,2026-06-08 16:07:44.519658+00,0.106036,13.242370,
e33d94e0-bdfc-4aa3-b21b-3d5898027ae9,numbered,59679,completed,sold,1,2026-06-08 16:07:31.294001+00,2026-06-08 16:07:44.451474+00,2026-06-08 16:07:44.557003+00,0.105529,13.263002,
55f24f6c-e9b6-461a-9198-cc5644bcc036,numbered,69758,completed,sold,1,2026-06-08 16:07:31.303092+00,2026-06-08 16:07:44.483746+00,2026-06-08 16:07:44.588035+00,0.104289,13.284943,
bb8661f5-b9c6-47ab-a16b-1207f51015de,numbered,52948,completed,sold,1,2026-06-08 16:07:31.319052+00,2026-06-08 16:07:44.545629+00,2026-06-08 16:07:44.65176+00,0.106131,13.332708,
1406a521-5464-43a4-9349-16fa07b315e4,numbered,40064,completed,sold,1,2026-06-08 16:07:31.31048+00,2026-06-08 16:07:44.545629+00,2026-06-08 16:07:44.651808+00,0.106179,13.341328,
38199983-b177-4b9a-bd1a-995506896dfa,numbered,88215,completed,sold,1,2026-06-08 16:07:31.327225+00,2026-06-08 16:07:44.582022+00,2026-06-08 16:07:44.687533+00,0.105511,13.360308,
fc4d7b05-fdcc-47b5-8d07-65bddf87c60e,numbered,23112,completed,sold,1,2026-06-08 16:07:31.335983+00,2026-06-08 16:07:44.609241+00,2026-06-08 16:07:44.714101+00,0.104860,13.378118,
2e34e4a7-353f-4a9e-8c60-f14205017898,numbered,5231,completed,sold,1,2026-06-08 16:07:31.344068+00,2026-06-08 16:07:44.677739+00,2026-06-08 16:07:44.78357+00,0.105831,13.439502,
537e366e-d0cc-4104-aa6a-a204aee222b3,numbered,19646,completed,sold,1,2026-06-08 16:07:31.352408+00,2026-06-08 16:07:44.677804+00,2026-06-08 16:07:44.78357+00,0.105766,13.431162,
17602ab9-2949-47c7-8d44-cbf38716b7be,numbered,87637,completed,sold,1,2026-06-08 16:07:31.361473+00,2026-06-08 16:07:44.712708+00,2026-06-08 16:07:44.818166+00,0.105458,13.456693,
9489810f-83c5-4d72-9fb9-0e34154b2639,numbered,92916,completed,sold,1,2026-06-08 16:07:31.369307+00,2026-06-08 16:07:44.735351+00,2026-06-08 16:07:44.840307+00,0.104956,13.471000,
c135de38-6f14-45c5-b1dd-5a5a2e78551c,numbered,41366,completed,sold,1,2026-06-08 16:07:31.377254+00,2026-06-08 16:07:44.809371+00,2026-06-08 16:07:44.914958+00,0.105587,13.537704,
9d5ae08c-bcc4-45ea-9d7b-27c792875a34,numbered,19816,completed,sold,1,2026-06-08 16:07:31.38749+00,2026-06-08 16:07:44.809371+00,2026-06-08 16:07:44.914971+00,0.105600,13.527481,
321f21c5-9f1b-4a72-bf6c-7e5fab18d3f3,numbered,67192,completed,sold,1,2026-06-08 16:07:31.394006+00,2026-06-08 16:07:44.844113+00,2026-06-08 16:07:44.949524+00,0.105411,13.555518,
df415525-ab83-442c-ba78-ccf8a7acfbd4,numbered,94162,completed,sold,1,2026-06-08 16:07:31.402363+00,2026-06-08 16:07:44.86232+00,2026-06-08 16:07:44.967734+00,0.105414,13.565371,
54d1ebf2-2d0c-40a5-b3fc-ed33b2f10ba7,numbered,52058,completed,sold,1,2026-06-08 16:07:31.418914+00,2026-06-08 16:07:44.939873+00,2026-06-08 16:07:45.046391+00,0.106518,13.627477,
f13bd5b9-b6e4-4bec-8a72-68fc7c6bff26,numbered,91717,completed,sold,1,2026-06-08 16:07:31.410651+00,2026-06-08 16:07:44.940368+00,2026-06-08 16:07:45.046391+00,0.106023,13.635740,
89f6d39c-ac35-47e6-8980-9199df564929,numbered,43121,completed,sold,1,2026-06-08 16:07:31.427267+00,2026-06-08 16:07:44.97619+00,2026-06-08 16:07:45.0824+00,0.106210,13.655133,
47cdfc7f-9ff4-4c50-a5ac-aa3d82f5d2ea,numbered,3021,completed,sold,1,2026-06-08 16:07:31.435867+00,2026-06-08 16:07:44.990083+00,2026-06-08 16:07:45.094736+00,0.104653,13.658869,
54f6af25-7e5c-42b9-af6a-9d16fe1bb4c4,numbered,71677,completed,sold,1,2026-06-08 16:07:31.444968+00,2026-06-08 16:07:45.071829+00,2026-06-08 16:07:45.176651+00,0.104822,13.731683,
6457d269-485d-4d98-98a6-a5ad701688f0,numbered,20818,completed,sold,1,2026-06-08 16:07:31.452344+00,2026-06-08 16:07:45.082501+00,2026-06-08 16:07:45.18755+00,0.105049,13.735206,
878fde17-9a23-43e1-8cbe-4bb125071219,numbered,18100,completed,sold,1,2026-06-08 16:07:31.460826+00,2026-06-08 16:07:45.108298+00,2026-06-08 16:07:45.214128+00,0.105830,13.753302,
8bdcfb3a-c34b-46c9-88dd-883e910554da,numbered,26998,completed,sold,1,2026-06-08 16:07:31.469017+00,2026-06-08 16:07:45.117231+00,2026-06-08 16:07:45.222684+00,0.105453,13.753667,
4694e4c1-f2dc-40fa-8a13-b553954f977a,numbered,43055,completed,sold,1,2026-06-08 16:07:31.477241+00,2026-06-08 16:07:45.199092+00,2026-06-08 16:07:45.303702+00,0.104610,13.826461,
fe926d75-9055-4629-bc5c-5a422b0796f9,numbered,23007,completed,sold,1,2026-06-08 16:07:31.485579+00,2026-06-08 16:07:45.213674+00,2026-06-08 16:07:45.319065+00,0.105391,13.833486,
6a8811ff-502f-48a3-aa16-ba9c9a6edddd,numbered,14434,completed,sold,1,2026-06-08 16:07:31.493975+00,2026-06-08 16:07:45.240069+00,2026-06-08 16:07:45.345366+00,0.105297,13.851391,
93109115-5d73-41af-abe5-a4d4b0280277,numbered,31312,completed,sold,1,2026-06-08 16:07:31.502308+00,2026-06-08 16:07:45.244398+00,2026-06-08 16:07:45.349119+00,0.104721,13.846811,
e0a16000-4314-44ec-a1f6-473464e2f9b7,numbered,90765,completed,sold,1,2026-06-08 16:07:31.510627+00,2026-06-08 16:07:45.327431+00,2026-06-08 16:07:45.431846+00,0.104415,13.921219,
1734de43-0716-40c5-b1cd-4c6f16600936,numbered,65654,completed,sold,1,2026-06-08 16:07:31.519332+00,2026-06-08 16:07:45.341722+00,2026-06-08 16:07:45.446688+00,0.104966,13.927356,
e3b8952d-0a14-4d43-b923-688467913e73,numbered,69505,completed,sold,1,2026-06-08 16:07:31.535582+00,2026-06-08 16:07:45.371895+00,2026-06-08 16:07:45.476907+00,0.105012,13.941325,
f9822710-f9ad-4f9f-a46b-16eaa5cbfb58,numbered,28596,completed,sold,1,2026-06-08 16:07:31.527376+00,2026-06-08 16:07:45.372128+00,2026-06-08 16:07:45.477739+00,0.105611,13.950363,
4ef1e99e-17dc-4ac5-81b3-3c16bc8c5d1e,numbered,32051,completed,sold,1,2026-06-08 16:07:31.543931+00,2026-06-08 16:07:45.454598+00,2026-06-08 16:07:45.559184+00,0.104586,14.015253,
ae1ccc5d-6c2a-4631-9eb9-1a3be89999c3,numbered,42933,completed,sold,1,2026-06-08 16:07:31.55235+00,2026-06-08 16:07:45.469265+00,2026-06-08 16:07:45.574156+00,0.104891,14.021806,
a29e175d-b1dc-4f9d-b325-1a6e3069cb17,numbered,50089,completed,sold,1,2026-06-08 16:07:31.560534+00,2026-06-08 16:07:45.501375+00,2026-06-08 16:07:45.606165+00,0.104790,14.045631,
dea769e4-b309-40d6-b904-b3f4c7f14139,numbered,18068,completed,sold,1,2026-06-08 16:07:31.570251+00,2026-06-08 16:07:45.50354+00,2026-06-08 16:07:45.609541+00,0.106001,14.039290,
b13513dc-7901-4003-a176-171fa33df8ed,numbered,78040,completed,sold,1,2026-06-08 16:07:31.577075+00,2026-06-08 16:07:45.58132+00,2026-06-08 16:07:45.685938+00,0.104618,14.108863,
8ae8f9f3-3f85-45eb-8cd4-92a9819125a5,numbered,20480,completed,sold,1,2026-06-08 16:07:31.585629+00,2026-06-08 16:07:45.597269+00,2026-06-08 16:07:45.702317+00,0.105048,14.116688,
a5be0173-c0e1-4448-a18d-f7eaf354c6aa,numbered,82392,completed,sold,1,2026-06-08 16:07:31.593996+00,2026-06-08 16:07:45.627666+00,2026-06-08 16:07:45.731886+00,0.104220,14.137890,
33177d91-984e-495f-afdf-c82808cd2448,numbered,24759,completed,sold,1,2026-06-08 16:07:31.602373+00,2026-06-08 16:07:45.634882+00,2026-06-08 16:07:45.741019+00,0.106137,14.138646,
06bc0a17-b202-44f6-9380-b8a51047d9b8,numbered,8761,completed,sold,1,2026-06-08 16:07:31.610732+00,2026-06-08 16:07:45.708186+00,2026-06-08 16:07:45.81331+00,0.105124,14.202578,
5d2ef439-7847-4433-aeeb-7c0d01e3c703,numbered,33289,completed,sold,1,2026-06-08 16:07:31.618914+00,2026-06-08 16:07:45.724977+00,2026-06-08 16:07:45.830189+00,0.105212,14.211275,
417f64cb-afc3-4319-b13d-a39dfdde3645,numbered,28460,completed,sold,1,2026-06-08 16:07:31.627333+00,2026-06-08 16:07:45.756213+00,2026-06-08 16:07:45.860674+00,0.104461,14.233341,
40a16a08-9ccb-40df-8605-032661a9ae5b,numbered,58138,completed,sold,1,2026-06-08 16:07:31.635823+00,2026-06-08 16:07:45.765363+00,2026-06-08 16:07:45.870962+00,0.105599,14.235139,
508ccd21-57d2-45e2-8f53-75a74b7f5ee9,numbered,75499,completed,sold,1,2026-06-08 16:07:31.644061+00,2026-06-08 16:07:45.836254+00,2026-06-08 16:07:45.941312+00,0.105058,14.297251,
ac8d6651-f729-47f4-b086-ef0d7367c41f,numbered,17816,completed,sold,1,2026-06-08 16:07:31.652727+00,2026-06-08 16:07:45.853573+00,2026-06-08 16:07:45.959488+00,0.105915,14.306761,
fb06d9ea-8804-4c5b-a16c-5d62bb3e9a84,numbered,971,completed,sold,1,2026-06-08 16:07:31.660901+00,2026-06-08 16:07:45.882908+00,2026-06-08 16:07:45.987535+00,0.104627,14.326634,
e7581e38-3692-489a-a1fe-b8175a377ade,numbered,48748,completed,sold,1,2026-06-08 16:07:31.66907+00,2026-06-08 16:07:45.896022+00,2026-06-08 16:07:46.001769+00,0.105747,14.332699,
091b630f-ac7a-464d-8567-65e804b557f6,numbered,78613,completed,sold,1,2026-06-08 16:07:31.677521+00,2026-06-08 16:07:45.963296+00,2026-06-08 16:07:46.0678+00,0.104504,14.390279,
695d90e3-9c33-4492-bfb8-73830df32385,numbered,60077,completed,sold,1,2026-06-08 16:07:31.686027+00,2026-06-08 16:07:45.981279+00,2026-06-08 16:07:46.086973+00,0.105694,14.400946,
c4062ab8-5b6b-4e65-b638-95ed581d0368,numbered,26343,completed,sold,1,2026-06-08 16:07:31.694108+00,2026-06-08 16:07:46.011232+00,2026-06-08 16:07:46.115835+00,0.104603,14.421727,
7b293505-4650-4f0d-8454-dc066ce756b7,numbered,44617,completed,sold,1,2026-06-08 16:07:31.702423+00,2026-06-08 16:07:46.027901+00,2026-06-08 16:07:46.133805+00,0.105904,14.431382,
0b2abda9-8dcd-46b4-81ad-e47bdc3a7aea,numbered,51835,completed,sold,1,2026-06-08 16:07:31.710751+00,2026-06-08 16:07:46.090151+00,2026-06-08 16:07:46.194725+00,0.104574,14.483974,
2637e4cd-9351-4509-acd9-87412e70fa34,numbered,72399,completed,sold,1,2026-06-08 16:07:31.719034+00,2026-06-08 16:07:46.110104+00,2026-06-08 16:07:46.215766+00,0.105662,14.496732,
446b3277-bb6d-43c6-bb29-9e03681a0d4d,numbered,92710,completed,sold,1,2026-06-08 16:07:31.727596+00,2026-06-08 16:07:46.139396+00,2026-06-08 16:07:46.244792+00,0.105396,14.517196,
67cc8bd8-4a8a-4235-83c8-70971a6103eb,numbered,18979,completed,sold,1,2026-06-08 16:07:31.736133+00,2026-06-08 16:07:46.158936+00,2026-06-08 16:07:46.264933+00,0.105997,14.528800,
5dc3ad99-9d56-41bf-8846-00d9ed1bbc5a,numbered,53368,completed,sold,1,2026-06-08 16:07:31.744185+00,2026-06-08 16:07:46.216953+00,2026-06-08 16:07:46.321495+00,0.104542,14.577310,
beddbac8-1f39-4a74-ace2-f29ae5ec9649,numbered,48640,completed,sold,1,2026-06-08 16:07:31.752942+00,2026-06-08 16:07:46.237458+00,2026-06-08 16:07:46.342744+00,0.105286,14.589802,
1fec557b-4e95-4f19-9672-7c0cd7dc8933,numbered,92348,completed,sold,1,2026-06-08 16:07:31.76104+00,2026-06-08 16:07:46.267821+00,2026-06-08 16:07:46.372155+00,0.104334,14.611115,
a531eb90-2500-4a71-a11f-02c3ef181cce,numbered,88679,completed,sold,1,2026-06-08 16:07:31.769065+00,2026-06-08 16:07:46.289511+00,2026-06-08 16:07:46.395352+00,0.105841,14.626287,
4f734045-1e1a-42f7-b670-4a5de35a55a9,numbered,19898,completed,sold,1,2026-06-08 16:07:31.777374+00,2026-06-08 16:07:46.343475+00,2026-06-08 16:07:46.448125+00,0.104650,14.670751,
00c5513f-b60c-42a3-9f93-81356db1fa22,numbered,17528,completed,sold,1,2026-06-08 16:07:31.785742+00,2026-06-08 16:07:46.364572+00,2026-06-08 16:07:46.46974+00,0.105168,14.683998,
f7b6cac9-ecfb-426c-83a9-8e342e652d8d,numbered,55478,completed,sold,1,2026-06-08 16:07:31.794134+00,2026-06-08 16:07:46.393479+00,2026-06-08 16:07:46.498044+00,0.104565,14.703910,
e15c286f-0cf0-4745-84da-74f56a4cebdf,numbered,65339,completed,sold,1,2026-06-08 16:07:31.802391+00,2026-06-08 16:07:46.420955+00,2026-06-08 16:07:46.526108+00,0.105153,14.723717,
c252bb9a-8ccd-42b0-b1be-1a53028e29d0,numbered,75423,completed,sold,1,2026-06-08 16:07:31.810796+00,2026-06-08 16:07:46.470362+00,2026-06-08 16:07:46.575263+00,0.104901,14.764467,
272c5bc6-eb90-4895-b8f7-8fe21482b9c7,numbered,64828,completed,sold,1,2026-06-08 16:07:31.819043+00,2026-06-08 16:07:46.492904+00,2026-06-08 16:07:46.598758+00,0.105854,14.779715,
f68d3276-2eb4-4654-bddc-a5aaca6d6161,numbered,78772,completed,sold,1,2026-06-08 16:07:31.827363+00,2026-06-08 16:07:46.51924+00,2026-06-08 16:07:46.624369+00,0.105129,14.797006,
6643ee1e-9278-48b3-b91a-f55185d7dd97,numbered,16899,completed,sold,1,2026-06-08 16:07:31.835617+00,2026-06-08 16:07:46.551569+00,2026-06-08 16:07:46.657116+00,0.105547,14.821499,
ecc56b22-814b-4d80-8893-5fc9ab07d7ba,numbered,66222,completed,sold,1,2026-06-08 16:07:31.844094+00,2026-06-08 16:07:46.598+00,2026-06-08 16:07:46.70267+00,0.104670,14.858576,
439e16a4-153a-40ff-b9c0-8e34aa056fea,numbered,40426,completed,sold,1,2026-06-08 16:07:31.852489+00,2026-06-08 16:07:46.622689+00,2026-06-08 16:07:46.727584+00,0.104895,14.875095,
0d346362-9965-4005-9d4d-7a4ffc028c52,numbered,30683,completed,sold,1,2026-06-08 16:07:31.862565+00,2026-06-08 16:07:46.645902+00,2026-06-08 16:07:46.751243+00,0.105341,14.888678,
80caf00b-9fb0-4408-845e-4164a384e894,numbered,61900,completed,sold,1,2026-06-08 16:07:31.868931+00,2026-06-08 16:07:46.683169+00,2026-06-08 16:07:46.788676+00,0.105507,14.919745,
029918d2-bce1-4cf5-91af-72da94325054,numbered,36208,completed,sold,1,2026-06-08 16:07:31.888625+00,2026-06-08 16:07:46.724501+00,2026-06-08 16:07:46.829666+00,0.105165,14.941041,
600fa9d7-423f-42d7-9bda-0a6d17572dbf,numbered,82253,completed,sold,1,2026-06-08 16:07:31.8916+00,2026-06-08 16:07:46.75119+00,2026-06-08 16:07:46.856012+00,0.104822,14.964412,
f9ef6de2-a47d-4c63-9ead-8de5b2943f06,numbered,19121,completed,sold,1,2026-06-08 16:07:31.894023+00,2026-06-08 16:07:46.773515+00,2026-06-08 16:07:46.878308+00,0.104793,14.984285,
a840283b-9791-4366-8071-06a256513649,numbered,76402,completed,sold,1,2026-06-08 16:07:31.902344+00,2026-06-08 16:07:46.813525+00,2026-06-08 16:07:46.919334+00,0.105809,15.016990,
f3e760b4-012b-4b68-8fe6-f56547c46fe1,numbered,85411,completed,sold,1,2026-06-08 16:07:31.910761+00,2026-06-08 16:07:46.852461+00,2026-06-08 16:07:46.956933+00,0.104472,15.046172,
b82e7854-6734-428e-838a-97d0a626b29a,numbered,83560,completed,sold,1,2026-06-08 16:07:31.91895+00,2026-06-08 16:07:46.87893+00,2026-06-08 16:07:46.983263+00,0.104333,15.064313,
63f83f14-3641-409b-86a7-055bda819c42,numbered,32740,completed,sold,1,2026-06-08 16:07:31.927399+00,2026-06-08 16:07:46.899679+00,2026-06-08 16:07:47.005076+00,0.105397,15.077677,
68aef8a6-2fd9-4b5f-9e43-ab97574ea704,numbered,90311,completed,sold,1,2026-06-08 16:07:31.935853+00,2026-06-08 16:07:46.943742+00,2026-06-08 16:07:47.050008+00,0.106266,15.114155,
4fe6e350-a4fb-4a55-b65a-4bfd47d32f54,numbered,65266,completed,sold,1,2026-06-08 16:07:31.94495+00,2026-06-08 16:07:46.978349+00,2026-06-08 16:07:47.083341+00,0.104992,15.138391,
02bb58ac-4100-48a2-9188-06455095f57a,numbered,85823,completed,sold,1,2026-06-08 16:07:31.952612+00,2026-06-08 16:07:47.007424+00,2026-06-08 16:07:47.112185+00,0.104761,15.159573,
a7659c37-3389-451d-8e9d-b58a12091617,numbered,20152,completed,sold,1,2026-06-08 16:07:31.9608+00,2026-06-08 16:07:47.02893+00,2026-06-08 16:07:47.134292+00,0.105362,15.173492,
3db663ae-f74c-41db-ad6e-fe3d2255d434,numbered,98985,completed,sold,1,2026-06-08 16:07:31.971345+00,2026-06-08 16:07:47.075665+00,2026-06-08 16:07:47.181564+00,0.105899,15.210219,
1a7e8f1b-d781-48ef-84f1-a3c70c0deb9e,numbered,61229,completed,sold,1,2026-06-08 16:07:31.977523+00,2026-06-08 16:07:47.105468+00,2026-06-08 16:07:47.210114+00,0.104646,15.232591,
515affd4-f348-4640-a8c9-7b1c0303cb4b,numbered,28647,completed,sold,1,2026-06-08 16:07:31.986027+00,2026-06-08 16:07:47.136494+00,2026-06-08 16:07:47.24172+00,0.105226,15.255693,
f4e41b5f-5563-4b7b-b87b-e0c8fc678b3c,numbered,76177,completed,sold,1,2026-06-08 16:07:31.994371+00,2026-06-08 16:07:47.156301+00,2026-06-08 16:07:47.262152+00,0.105851,15.267781,
bd4ae6d8-1546-437a-9114-29e6a16c7d5a,numbered,84443,completed,sold,1,2026-06-08 16:07:32.002492+00,2026-06-08 16:07:47.206752+00,2026-06-08 16:07:47.312241+00,0.105489,15.309749,
b5a0de9a-3eb8-4b82-b4bf-53e60ee944c4,numbered,83003,completed,sold,1,2026-06-08 16:07:32.010828+00,2026-06-08 16:07:47.231844+00,2026-06-08 16:07:47.336591+00,0.104747,15.325763,
ca4d8383-7530-40a8-bf6c-5a3661b93468,numbered,22002,completed,sold,1,2026-06-08 16:07:32.019181+00,2026-06-08 16:07:47.26654+00,2026-06-08 16:07:47.371909+00,0.105369,15.352728,
97158c00-44ec-469c-b6e0-3fafa5657ff5,numbered,74996,completed,sold,1,2026-06-08 16:07:32.027495+00,2026-06-08 16:07:47.284142+00,2026-06-08 16:07:47.389128+00,0.104986,15.361633,
dd4c78df-3f70-47ac-a789-69d020a7b060,numbered,20094,completed,sold,1,2026-06-08 16:07:32.036013+00,2026-06-08 16:07:47.337495+00,2026-06-08 16:07:47.443717+00,0.106222,15.407704,
4a002a20-e3a3-4782-9dd5-d47008962789,numbered,61589,completed,sold,1,2026-06-08 16:07:32.044383+00,2026-06-08 16:07:47.358086+00,2026-06-08 16:07:47.463222+00,0.105136,15.418839,
73597a0f-855e-4142-a6de-a53fec74114a,numbered,93343,completed,sold,1,2026-06-08 16:07:32.052651+00,2026-06-08 16:07:47.395332+00,2026-06-08 16:07:47.500226+00,0.104894,15.447575,
16098b90-d604-4515-aa30-9e7a4b371b5f,numbered,32325,completed,sold,1,2026-06-08 16:07:32.060833+00,2026-06-08 16:07:47.41148+00,2026-06-08 16:07:47.516513+00,0.105033,15.455680,
1511f625-2efe-4d9a-8e51-e9b2d97fa6f9,numbered,37691,completed,sold,1,2026-06-08 16:07:32.069235+00,2026-06-08 16:07:47.469676+00,2026-06-08 16:07:47.575504+00,0.105828,15.506269,
eb6ae790-be85-48ab-8d7b-cc78a8ff68d7,numbered,34838,completed,sold,1,2026-06-08 16:07:32.077499+00,2026-06-08 16:07:47.485946+00,2026-06-08 16:07:47.590611+00,0.104665,15.513112,
26816c15-2af2-44c0-a4ef-0be0c9b60cc9,numbered,8589,completed,sold,1,2026-06-08 16:07:32.0858+00,2026-06-08 16:07:47.524248+00,2026-06-08 16:07:47.62941+00,0.105162,15.543610,
7038a69e-a613-4ef4-8f97-5cf0eccde838,numbered,60603,completed,sold,1,2026-06-08 16:07:32.094332+00,2026-06-08 16:07:47.538648+00,2026-06-08 16:07:47.643084+00,0.104436,15.548752,
58170ff4-c6de-4c0e-9e3a-49e20ec957cb,numbered,5508,completed,sold,1,2026-06-08 16:07:32.102424+00,2026-06-08 16:07:47.601816+00,2026-06-08 16:07:47.70767+00,0.105854,15.605246,
8d6916f7-6faa-46a6-864b-45efbb8db12f,numbered,35736,completed,sold,1,2026-06-08 16:07:32.111153+00,2026-06-08 16:07:47.613607+00,2026-06-08 16:07:47.71834+00,0.104733,15.607187,
800e8053-f4b4-49cf-91c9-13ab21624e16,numbered,82728,completed,sold,1,2026-06-08 16:07:32.119073+00,2026-06-08 16:07:47.652764+00,2026-06-08 16:07:47.757635+00,0.104871,15.638562,
60598506-8261-4ad0-a188-61caf30e9bc0,numbered,96299,completed,sold,1,2026-06-08 16:07:32.127525+00,2026-06-08 16:07:47.665687+00,2026-06-08 16:07:47.770044+00,0.104357,15.642519,
5295cc4f-81e0-4245-bd13-9722b653469c,numbered,35436,completed,sold,1,2026-06-08 16:07:32.136049+00,2026-06-08 16:07:47.734086+00,2026-06-08 16:07:47.839899+00,0.105813,15.703850,
e7aca51a-3f85-46cb-87c6-f2949ef57305,numbered,95608,completed,sold,1,2026-06-08 16:07:32.144287+00,2026-06-08 16:07:47.739518+00,2026-06-08 16:07:47.843991+00,0.104473,15.699704,
d601ed0d-1c03-4244-859d-50620d382cf9,numbered,22645,completed,sold,1,2026-06-08 16:07:32.152719+00,2026-06-08 16:07:47.781373+00,2026-06-08 16:07:47.886201+00,0.104828,15.733482,
089d9193-6ad1-41c5-b00e-13a6f8550fc9,numbered,72107,completed,sold,1,2026-06-08 16:07:32.161091+00,2026-06-08 16:07:47.791494+00,2026-06-08 16:07:47.895935+00,0.104441,15.734844,
b832bfb4-9c04-4bf3-aa6c-c17c521c3bee,numbered,69008,completed,sold,1,2026-06-08 16:07:32.177641+00,2026-06-08 16:07:47.86605+00,2026-06-08 16:07:47.971508+00,0.105458,15.793867,
bb2e54fe-e41b-4dc6-b202-9ccc14a48161,numbered,29022,completed,sold,1,2026-06-08 16:07:32.16925+00,2026-06-08 16:07:47.866565+00,2026-06-08 16:07:47.972523+00,0.105958,15.803273,
03701383-5928-45c1-82b9-2f3fd9a3be85,numbered,1771,completed,sold,1,2026-06-08 16:07:32.185996+00,2026-06-08 16:07:47.909337+00,2026-06-08 16:07:48.014402+00,0.105065,15.828406,
2019b33d-cd92-43cd-99cf-6cfaf77a420c,numbered,56924,completed,sold,1,2026-06-08 16:07:32.194331+00,2026-06-08 16:07:47.918107+00,2026-06-08 16:07:48.02347+00,0.105363,15.829139,
7a9e6899-26ce-4650-be47-73cd27eaa90f,numbered,87284,completed,sold,1,2026-06-08 16:07:32.202477+00,2026-06-08 16:07:47.995863+00,2026-06-08 16:07:48.101402+00,0.105539,15.898925,
ab5cfca1-7ba4-46f0-a857-9fdfd866b8e0,numbered,97427,completed,sold,1,2026-06-08 16:07:32.210937+00,2026-06-08 16:07:47.998297+00,2026-06-08 16:07:48.104208+00,0.105911,15.893271,
df2750d5-a647-43ff-ae9e-062a7c50f59b,numbered,27514,completed,sold,1,2026-06-08 16:07:32.219212+00,2026-06-08 16:07:48.038104+00,2026-06-08 16:07:48.142886+00,0.104782,15.923674,
e480e32e-86b6-4a75-be3f-2b814ae26438,numbered,11528,completed,sold,1,2026-06-08 16:07:32.227464+00,2026-06-08 16:07:48.045331+00,2026-06-08 16:07:48.150355+00,0.105024,15.922891,
0ba2f46b-0059-4485-804e-0e233c7572e6,numbered,47205,completed,sold,1,2026-06-08 16:07:32.235916+00,2026-06-08 16:07:48.12487+00,2026-06-08 16:07:48.229451+00,0.104581,15.993535,
648ea87e-f502-43af-825b-3833efe4dfd2,numbered,13875,completed,sold,1,2026-06-08 16:07:32.244385+00,2026-06-08 16:07:48.131426+00,2026-06-08 16:07:48.238109+00,0.106683,15.993724,
cda3a9b1-f563-48ac-ab50-350da5419cb1,numbered,44706,completed,sold,1,2026-06-08 16:07:32.252395+00,2026-06-08 16:07:48.166213+00,2026-06-08 16:07:48.27113+00,0.104917,16.018735,
e1e3a2d9-9f3c-43a0-908c-3bad3de5243a,numbered,75552,completed,sold,1,2026-06-08 16:07:32.260772+00,2026-06-08 16:07:48.171645+00,2026-06-08 16:07:48.276775+00,0.105130,16.016003,
fdd2898b-3ec1-452b-8c77-690304c1cdf8,numbered,30327,completed,sold,1,2026-06-08 16:07:32.269198+00,2026-06-08 16:07:48.2521+00,2026-06-08 16:07:48.356705+00,0.104605,16.087507,
dec30c5e-634e-42bd-ba0a-42cd1a8dca69,numbered,67287,completed,sold,1,2026-06-08 16:07:32.277596+00,2026-06-08 16:07:48.263168+00,2026-06-08 16:07:48.368357+00,0.105189,16.090761,
781be913-cc86-49ef-9129-2acfa025c75a,numbered,88279,completed,sold,1,2026-06-08 16:07:32.285747+00,2026-06-08 16:07:48.294516+00,2026-06-08 16:07:48.399775+00,0.105259,16.114028,
df752faf-068a-401b-afe5-8603dec8d8fb,numbered,416,completed,sold,1,2026-06-08 16:07:32.294401+00,2026-06-08 16:07:48.2991+00,2026-06-08 16:07:48.403935+00,0.104835,16.109534,
36d0bee9-576f-4adc-a821-1001d6559b1e,numbered,56394,completed,sold,1,2026-06-08 16:07:32.302548+00,2026-06-08 16:07:48.379479+00,2026-06-08 16:07:48.484141+00,0.104662,16.181593,
b2059c37-5cb0-4c0a-9b50-f915fca2e2fa,numbered,81861,completed,sold,1,2026-06-08 16:07:32.311111+00,2026-06-08 16:07:48.394074+00,2026-06-08 16:07:48.499832+00,0.105758,16.188721,
8b9d12b9-63b9-4ff8-801f-a678b8f2a697,numbered,36004,completed,sold,1,2026-06-08 16:07:32.319396+00,2026-06-08 16:07:48.423145+00,2026-06-08 16:07:48.527995+00,0.104850,16.208599,
b29741a3-8e2a-4985-86e3-213c398be278,numbered,17962,completed,sold,1,2026-06-08 16:07:32.327966+00,2026-06-08 16:07:48.426034+00,2026-06-08 16:07:48.530597+00,0.104563,16.202631,
d028c6c1-9198-4941-9804-b9976f96a345,numbered,1298,completed,sold,1,2026-06-08 16:07:32.336259+00,2026-06-08 16:07:48.507269+00,2026-06-08 16:07:48.612796+00,0.105527,16.276537,
b80bf140-92b7-43a2-a9f6-f4e78a782a94,numbered,11073,completed,sold,1,2026-06-08 16:07:32.344322+00,2026-06-08 16:07:48.525145+00,2026-06-08 16:07:48.631379+00,0.106234,16.287057,
eaffb3d0-edcc-427b-8970-064978a9bf53,numbered,54543,completed,sold,1,2026-06-08 16:07:32.360828+00,2026-06-08 16:07:48.552857+00,2026-06-08 16:07:48.658532+00,0.105675,16.297704,
5a187abd-9f9c-4dd2-bb87-0e06bc8d29f7,numbered,46956,completed,sold,1,2026-06-08 16:07:32.35253+00,2026-06-08 16:07:48.552857+00,2026-06-08 16:07:48.658574+00,0.105717,16.306044,
da14685f-27de-4bba-8bf5-0c93e17bb3a6,numbered,2313,completed,sold,1,2026-06-08 16:07:32.369167+00,2026-06-08 16:07:48.63552+00,2026-06-08 16:07:48.740197+00,0.104677,16.371030,
b76521a0-9719-470e-98f5-376b3a834725,numbered,81500,completed,sold,1,2026-06-08 16:07:32.377782+00,2026-06-08 16:07:48.659423+00,2026-06-08 16:07:48.765512+00,0.106089,16.387730,
0f049907-65a2-4462-8ea0-2d1d049d566b,numbered,8572,completed,sold,1,2026-06-08 16:07:32.3944+00,2026-06-08 16:07:48.684085+00,2026-06-08 16:07:48.789992+00,0.105907,16.395592,
c9646ba0-4429-4a2a-af0f-f906103782c6,numbered,83168,completed,sold,1,2026-06-08 16:07:32.385803+00,2026-06-08 16:07:48.684101+00,2026-06-08 16:07:48.790319+00,0.106218,16.404516,
4f7a518e-73b5-4e61-9263-03418767a6dc,numbered,28736,completed,sold,1,2026-06-08 16:07:32.402689+00,2026-06-08 16:07:48.762438+00,2026-06-08 16:07:48.867927+00,0.105489,16.465238,
fd2ec1e3-6fa5-49d1-bb03-fb5e5cce0f39,numbered,10669,completed,sold,1,2026-06-08 16:07:32.410801+00,2026-06-08 16:07:48.796581+00,2026-06-08 16:07:48.902346+00,0.105765,16.491545,
7e0a2693-9620-4ab5-abfd-f438bcde23ab,numbered,12663,completed,sold,1,2026-06-08 16:07:32.419433+00,2026-06-08 16:07:48.814198+00,2026-06-08 16:07:48.920535+00,0.106337,16.501102,
05da3d8c-b05e-4937-983d-349ac1df5e2c,numbered,91722,completed,sold,1,2026-06-08 16:07:32.427656+00,2026-06-08 16:07:48.815845+00,2026-06-08 16:07:48.921615+00,0.105770,16.493959,
9f2810f0-118f-4f12-ab06-a36a199e3eba,numbered,51460,completed,sold,1,2026-06-08 16:07:32.436114+00,2026-06-08 16:07:48.889935+00,2026-06-08 16:07:48.994265+00,0.104330,16.558151,
ff7b24b5-3183-4667-93d3-4ba12db59196,numbered,64662,completed,sold,1,2026-06-08 16:07:32.444528+00,2026-06-08 16:07:48.929471+00,2026-06-08 16:07:49.035323+00,0.105852,16.590795,
c3151f48-9d2a-4664-90cf-973c555e1172,numbered,85480,completed,sold,1,2026-06-08 16:07:32.460991+00,2026-06-08 16:07:48.947106+00,2026-06-08 16:07:49.052895+00,0.105789,16.591904,
00d941b6-a084-4532-81d8-57e03e3d9d2b,numbered,51159,completed,sold,1,2026-06-08 16:07:32.452662+00,2026-06-08 16:07:48.947106+00,2026-06-08 16:07:49.053644+00,0.106538,16.600982,
d7269e4b-71d9-4112-a74c-c053361cc048,numbered,92017,completed,sold,1,2026-06-08 16:07:32.470041+00,2026-06-08 16:07:49.016155+00,2026-06-08 16:07:49.121147+00,0.104992,16.651106,
4964eb43-4e69-4c2b-b428-20bb7aa6767e,numbered,75849,completed,sold,1,2026-06-08 16:07:32.477613+00,2026-06-08 16:07:49.063127+00,2026-06-08 16:07:49.168657+00,0.105530,16.691044,
9515693a-d992-4a2c-84c3-489f6de50e4e,numbered,7919,completed,sold,1,2026-06-08 16:07:32.494362+00,2026-06-08 16:07:49.078514+00,2026-06-08 16:07:49.183635+00,0.105121,16.689273,
d53e5ffe-82f9-44dd-a1ff-86894ff43045,numbered,63606,completed,sold,1,2026-06-08 16:07:32.486116+00,2026-06-08 16:07:49.080282+00,2026-06-08 16:07:49.185625+00,0.105343,16.699509,
46e624d9-1a45-4244-9542-3360b291465e,numbered,39864,completed,sold,1,2026-06-08 16:07:32.502558+00,2026-06-08 16:07:49.143768+00,2026-06-08 16:07:49.248525+00,0.104757,16.745967,
d555a296-c47f-4292-a46b-9d6a40eb3592,numbered,15544,completed,sold,1,2026-06-08 16:07:32.511028+00,2026-06-08 16:07:49.198169+00,2026-06-08 16:07:49.303698+00,0.105529,16.792670,
849008e2-0f83-40e4-ac8d-f5299e476bb0,numbered,6034,completed,sold,1,2026-06-08 16:07:32.519255+00,2026-06-08 16:07:49.21014+00,2026-06-08 16:07:49.315649+00,0.105509,16.796394,
1c741611-1563-4203-8d81-5a37581f1ac3,numbered,52351,completed,sold,1,2026-06-08 16:07:32.527539+00,2026-06-08 16:07:49.210322+00,2026-06-08 16:07:49.315816+00,0.105494,16.788277,
00037e4e-149e-45c4-bab4-b3238e7e682a,numbered,86589,completed,sold,1,2026-06-08 16:07:32.535987+00,2026-06-08 16:07:49.269344+00,2026-06-08 16:07:49.373582+00,0.104238,16.837595,
d7fc1cde-62c0-4d49-be42-3a1adbfc1907,numbered,56099,completed,sold,1,2026-06-08 16:07:32.544495+00,2026-06-08 16:07:49.331832+00,2026-06-08 16:07:49.437228+00,0.105396,16.892733,
6d0c9801-9bab-415c-a293-d373e608c22f,numbered,53347,completed,sold,1,2026-06-08 16:07:32.561038+00,2026-06-08 16:07:49.34154+00,2026-06-08 16:07:49.447126+00,0.105586,16.886088,
f9584310-8a5a-4655-9405-c831d4cdb05f,numbered,99710,completed,sold,1,2026-06-08 16:07:32.552817+00,2026-06-08 16:07:49.340967+00,2026-06-08 16:07:49.448197+00,0.107230,16.895380,
39a61bf2-1bd9-4ad1-80a8-95c07d4883a1,numbered,8405,completed,sold,1,2026-06-08 16:07:32.569458+00,2026-06-08 16:07:49.394129+00,2026-06-08 16:07:49.498668+00,0.104539,16.929210,
cfc26dd4-fde9-4566-8ceb-10d04a755ece,numbered,81086,completed,sold,1,2026-06-08 16:07:32.577508+00,2026-06-08 16:07:49.463534+00,2026-06-08 16:07:49.569075+00,0.105541,16.991567,
66149a29-9574-4fca-bb0b-9816503436f5,numbered,91850,completed,sold,1,2026-06-08 16:07:32.585813+00,2026-06-08 16:07:49.473603+00,2026-06-08 16:07:49.579431+00,0.105828,16.993618,
70a9d1c2-5456-41ef-a8ba-a80f21b36cdf,numbered,55982,completed,sold,1,2026-06-08 16:07:32.594298+00,2026-06-08 16:07:49.473559+00,2026-06-08 16:07:49.580122+00,0.106563,16.985824,
c1f925a3-d7fd-49a6-baa9-ec2d593bdd37,numbered,32220,completed,sold,1,2026-06-08 16:07:32.602615+00,2026-06-08 16:07:49.519561+00,2026-06-08 16:07:49.624242+00,0.104681,17.021627,
500f4a7b-a517-4bda-957c-f1e3597bc32a,numbered,58359,completed,sold,1,2026-06-08 16:07:32.611071+00,2026-06-08 16:07:49.595464+00,2026-06-08 16:07:49.701159+00,0.105695,17.090088,
7bf96112-5fd3-43ae-83f7-56610d30bbb7,numbered,62227,completed,sold,1,2026-06-08 16:07:32.627595+00,2026-06-08 16:07:49.60658+00,2026-06-08 16:07:49.712206+00,0.105626,17.084611,
3ca83071-94e7-4cd4-af15-12c1d51523c4,numbered,14891,completed,sold,1,2026-06-08 16:07:32.6194+00,2026-06-08 16:07:49.60658+00,2026-06-08 16:07:49.71229+00,0.105710,17.092890,
3cd4aae2-8c9f-4c61-9b92-07fed3347f8e,numbered,78806,completed,sold,1,2026-06-08 16:07:32.636123+00,2026-06-08 16:07:49.645714+00,2026-06-08 16:07:49.750314+00,0.104600,17.114191,
b975091c-8c89-41b7-9e42-84ccec957ab7,numbered,47426,completed,seat_unavailable,1,2026-06-08 16:07:32.644436+00,2026-06-08 16:07:49.72879+00,2026-06-08 16:07:49.832149+00,0.103359,17.187713,
8d23c63f-afaf-41c8-b27a-3447cd82dae2,numbered,23653,completed,sold,1,2026-06-08 16:07:32.652719+00,2026-06-08 16:07:49.737253+00,2026-06-08 16:07:49.842819+00,0.105566,17.190100,
2c752d6b-4d09-4188-8641-0c960afb2c83,numbered,9000,completed,sold,1,2026-06-08 16:07:32.660982+00,2026-06-08 16:07:49.737731+00,2026-06-08 16:07:49.843875+00,0.106144,17.182893,
610fbf99-54b1-476c-b76a-829a4b823e1a,numbered,91196,completed,sold,1,2026-06-08 16:07:32.669456+00,2026-06-08 16:07:49.773158+00,2026-06-08 16:07:49.877391+00,0.104233,17.207935,
d8acfdfe-67c8-40c3-8f2f-d4a242cab9d8,numbered,413,completed,sold,1,2026-06-08 16:07:32.677793+00,2026-06-08 16:07:49.859573+00,2026-06-08 16:07:49.966033+00,0.106460,17.288240,
fd7cfc65-9ec5-4b8a-adf1-1aee9ee64966,numbered,64167,completed,sold,1,2026-06-08 16:07:32.694364+00,2026-06-08 16:07:49.872895+00,2026-06-08 16:07:49.978102+00,0.105207,17.283738,
41c11aae-afcb-468e-b673-3ef1f7bfccfd,numbered,89700,completed,sold,1,2026-06-08 16:07:32.686054+00,2026-06-08 16:07:49.880685+00,2026-06-08 16:07:49.986496+00,0.105811,17.300442,
346a1815-cb3d-413d-a3f9-cce79e844e8b,numbered,22197,completed,sold,1,2026-06-08 16:07:32.702573+00,2026-06-08 16:07:49.899416+00,2026-06-08 16:07:50.00551+00,0.106094,17.302937,
317b34fd-fa44-4898-b255-b5ce1d2a346e,numbered,21566,completed,sold,1,2026-06-08 16:07:32.710936+00,2026-06-08 16:07:49.994282+00,2026-06-08 16:07:50.099933+00,0.105651,17.388997,
5df7c2e1-de90-40fa-ac06-38af278c2278,numbered,99044,completed,sold,1,2026-06-08 16:07:32.719253+00,2026-06-08 16:07:50.00581+00,2026-06-08 16:07:50.110813+00,0.105003,17.391560,
34f8e099-9d54-4cc3-9860-2cc623f7d42c,numbered,82765,completed,sold,1,2026-06-08 16:07:32.727971+00,2026-06-08 16:07:50.012239+00,2026-06-08 16:07:50.118025+00,0.105786,17.390054,
16814bc1-30e0-49b3-aa42-edbef69304d3,numbered,30015,completed,sold,1,2026-06-08 16:07:32.736001+00,2026-06-08 16:07:50.027483+00,2026-06-08 16:07:50.132182+00,0.104699,17.396181,
3748f3d0-50a8-497d-a5ca-21e722fc0413,numbered,38874,completed,sold,1,2026-06-08 16:07:32.744458+00,2026-06-08 16:07:50.127264+00,2026-06-08 16:07:50.23286+00,0.105596,17.488402,
b1c49851-ad57-4aa3-bb6f-a2e8d1b9592d,numbered,99474,completed,sold,1,2026-06-08 16:07:32.753598+00,2026-06-08 16:07:50.135064+00,2026-06-08 16:07:50.240253+00,0.105189,17.486655,
b68455f5-1110-499f-9a8e-38f093f79644,numbered,67567,completed,sold,1,2026-06-08 16:07:32.761074+00,2026-06-08 16:07:50.142227+00,2026-06-08 16:07:50.248245+00,0.106018,17.487171,
0eba78cc-200e-484d-a601-f22950f1817f,numbered,29723,completed,sold,1,2026-06-08 16:07:32.769282+00,2026-06-08 16:07:50.155066+00,2026-06-08 16:07:50.260313+00,0.105247,17.491031,
90de42cf-ebdd-49cf-ace7-0c6389423a1a,numbered,39566,completed,sold,1,2026-06-08 16:07:32.777698+00,2026-06-08 16:07:50.259929+00,2026-06-08 16:07:50.365333+00,0.105404,17.587635,
87cc51ad-4b11-47cc-9d9e-da5edc4ab2d7,numbered,98014,completed,sold,1,2026-06-08 16:07:32.786084+00,2026-06-08 16:07:50.266784+00,2026-06-08 16:07:50.372723+00,0.105939,17.586639,
5f4d659f-93d2-4513-b1bc-10649770c25c,numbered,68205,completed,sold,1,2026-06-08 16:07:32.794685+00,2026-06-08 16:07:50.2728+00,2026-06-08 16:07:50.378152+00,0.105352,17.583467,
456b7342-c64b-43aa-afc3-601277a2cdd0,numbered,25649,completed,sold,1,2026-06-08 16:07:32.802827+00,2026-06-08 16:07:50.282927+00,2026-06-08 16:07:50.38961+00,0.106683,17.586783,
d07a68d1-13d3-42f9-a2c4-ea926dae9b28,numbered,33068,completed,sold,1,2026-06-08 16:07:32.811405+00,2026-06-08 16:07:50.392868+00,2026-06-08 16:07:50.498305+00,0.105437,17.686900,
497f9238-9173-4b29-b918-a8f78a5d7fb4,numbered,61631,completed,sold,1,2026-06-08 16:07:32.819502+00,2026-06-08 16:07:50.399091+00,2026-06-08 16:07:50.505014+00,0.105923,17.685512,
0ac917eb-70ec-45ee-8d10-8a1454144567,numbered,61043,completed,sold,1,2026-06-08 16:07:32.82785+00,2026-06-08 16:07:50.402604+00,2026-06-08 16:07:50.507443+00,0.104839,17.679593,
67fa6d01-e62a-47e9-a3a6-1324f818dd86,numbered,5736,completed,sold,1,2026-06-08 16:07:32.836101+00,2026-06-08 16:07:50.413571+00,2026-06-08 16:07:50.518665+00,0.105094,17.682564,
55843bf6-e3c0-481f-8da6-0eebb18f3e99,numbered,70633,completed,sold,1,2026-06-08 16:07:32.844553+00,2026-06-08 16:07:50.529646+00,2026-06-08 16:07:50.635707+00,0.106061,17.791154,
7f5a8c52-aab1-4cdb-a5c2-57c8d3763090,numbered,38532,completed,sold,1,2026-06-08 16:07:32.85273+00,2026-06-08 16:07:50.531621+00,2026-06-08 16:07:50.636631+00,0.105010,17.783901,
0f2c5f5d-d881-4bca-92a7-24c57586dcdd,numbered,23722,completed,sold,1,2026-06-08 16:07:32.861092+00,2026-06-08 16:07:50.533025+00,2026-06-08 16:07:50.638926+00,0.105901,17.777834,
37c0c886-ee5a-48d1-9dd3-fdbbc0559d76,numbered,56817,completed,sold,1,2026-06-08 16:07:32.869549+00,2026-06-08 16:07:50.544992+00,2026-06-08 16:07:50.650403+00,0.105411,17.780854,
4aa15f16-c8cc-4bb0-b562-7aae50ebba8c,numbered,88850,completed,sold,1,2026-06-08 16:07:32.894765+00,2026-06-08 16:07:50.666161+00,2026-06-08 16:07:50.77129+00,0.105129,17.876525,
0b2a321d-cf95-40c1-9d8d-8df4812ee6ea,numbered,2534,completed,sold,1,2026-06-08 16:07:32.886321+00,2026-06-08 16:07:50.668915+00,2026-06-08 16:07:50.773715+00,0.104800,17.887394,
41a74f16-c91d-4157-857d-a7685d129c44,numbered,8791,completed,sold,1,2026-06-08 16:07:32.878029+00,2026-06-08 16:07:50.669658+00,2026-06-08 16:07:50.777139+00,0.107481,17.899110,
8f7161bf-d659-41d6-8905-123bbb363daa,numbered,89979,completed,sold,1,2026-06-08 16:07:32.902835+00,2026-06-08 16:07:50.674541+00,2026-06-08 16:07:50.780754+00,0.106213,17.877919,
a650295d-bda7-46de-80d7-942f78084e1d,numbered,44591,completed,sold,1,2026-06-08 16:07:32.911007+00,2026-06-08 16:07:50.796266+00,2026-06-08 16:07:50.901112+00,0.104846,17.990105,
c9651f5d-0248-443a-b51d-3b1dbc2c422c,numbered,56225,completed,sold,1,2026-06-08 16:07:32.919274+00,2026-06-08 16:07:50.804311+00,2026-06-08 16:07:50.911941+00,0.107630,17.992667,
acfb53ba-e108-40b1-88bc-6dc054d458aa,numbered,6995,completed,sold,1,2026-06-08 16:07:32.936133+00,2026-06-08 16:07:50.807303+00,2026-06-08 16:07:50.912419+00,0.105116,17.976286,
435bae0e-3bc6-4745-b9e7-396cce5e1518,numbered,28012,completed,sold,1,2026-06-08 16:07:32.927852+00,2026-06-08 16:07:50.805358+00,2026-06-08 16:07:50.913799+00,0.108441,17.985947,
fd44f6ec-1ee3-4d72-9086-3b5bba59f799,numbered,6676,completed,sold,1,2026-06-08 16:07:32.944482+00,2026-06-08 16:07:50.928839+00,2026-06-08 16:07:51.033672+00,0.104833,18.089190,
8ffb4d41-a8b9-4c41-9a5b-b938d9d993f9,numbered,84708,completed,sold,1,2026-06-08 16:07:32.961331+00,2026-06-08 16:07:50.939645+00,2026-06-08 16:07:51.044084+00,0.104439,18.082753,
b1cb247f-3bf1-4479-aa69-aa13d2fc47c0,numbered,11380,completed,sold,1,2026-06-08 16:07:32.952696+00,2026-06-08 16:07:50.942472+00,2026-06-08 16:07:51.051666+00,0.109194,18.098970,
1015c9c8-1435-46cd-be4b-28b123415920,numbered,32149,completed,sold,1,2026-06-08 16:07:32.969638+00,2026-06-08 16:07:50.945722+00,2026-06-08 16:07:51.052262+00,0.106540,18.082624,
821738b5-4dbd-45db-a9a0-40b1494fc520,numbered,4812,completed,sold,1,2026-06-08 16:07:32.977741+00,2026-06-08 16:07:51.063843+00,2026-06-08 16:07:51.168727+00,0.104884,18.190986,
eef6b522-2494-4080-a357-67213725890e,numbered,22950,completed,sold,1,2026-06-08 16:07:32.986375+00,2026-06-08 16:07:51.069568+00,2026-06-08 16:07:51.175507+00,0.105939,18.189132,
a4f0b9c6-df86-4f2e-86b9-d61d7d9bf636,numbered,80613,completed,sold,1,2026-06-08 16:07:33.003056+00,2026-06-08 16:07:51.082227+00,2026-06-08 16:07:51.188691+00,0.106464,18.185635,
db1f4b12-34e5-4aa2-913d-1ae10019e7b9,numbered,20400,completed,sold,1,2026-06-08 16:07:32.994484+00,2026-06-08 16:07:51.08146+00,2026-06-08 16:07:51.190677+00,0.109217,18.196193,
8338d514-6f53-4584-82b9-fb50bcfb02d8,numbered,25820,completed,sold,1,2026-06-08 16:07:33.011241+00,2026-06-08 16:07:51.192898+00,2026-06-08 16:07:51.298029+00,0.105131,18.286788,
17a9a052-5f53-4f63-ac5f-5882d0f9d47c,numbered,40293,completed,sold,1,2026-06-08 16:07:33.019457+00,2026-06-08 16:07:51.199438+00,2026-06-08 16:07:51.304961+00,0.105523,18.285504,
4d60b699-879f-43db-b68d-42f3f517f44b,numbered,90150,completed,sold,1,2026-06-08 16:07:33.036124+00,2026-06-08 16:07:51.217681+00,2026-06-08 16:07:51.323423+00,0.105742,18.287299,
56d7f8e2-decc-452e-bc5a-6643e400cbe9,numbered,7512,completed,sold,1,2026-06-08 16:07:33.028063+00,2026-06-08 16:07:51.218029+00,2026-06-08 16:07:51.325658+00,0.107629,18.297595,
848d620a-2560-42b5-8da1-e0a56964fbc3,numbered,91233,completed,sold,1,2026-06-08 16:07:33.04443+00,2026-06-08 16:07:51.320741+00,2026-06-08 16:07:51.425227+00,0.104486,18.380797,
50ed9733-1f8a-433e-9474-62282fd50543,numbered,15709,completed,sold,1,2026-06-08 16:07:33.052882+00,2026-06-08 16:07:51.331806+00,2026-06-08 16:07:51.436471+00,0.104665,18.383589,
e46e631d-6468-460f-b628-a1910249dfb4,numbered,97923,completed,sold,1,2026-06-08 16:07:33.061231+00,2026-06-08 16:07:51.349347+00,2026-06-08 16:07:51.455036+00,0.105689,18.393805,
51c49568-a27f-40c8-96dc-272f9447de92,numbered,73011,completed,sold,1,2026-06-08 16:07:33.069466+00,2026-06-08 16:07:51.351384+00,2026-06-08 16:07:51.457173+00,0.105789,18.387707,
fa0d95fc-df67-43f3-9018-a9500d6faf10,numbered,66950,completed,sold,1,2026-06-08 16:07:33.078045+00,2026-06-08 16:07:51.448907+00,2026-06-08 16:07:51.553587+00,0.104680,18.475542,
c182b4da-6ada-4fa8-a0f6-0022f2bf56e4,numbered,61595,completed,sold,1,2026-06-08 16:07:33.086199+00,2026-06-08 16:07:51.464136+00,2026-06-08 16:07:51.569535+00,0.105399,18.483336,
0d3ff935-3b22-422f-8412-fefa26d1c3fc,numbered,65169,completed,sold,1,2026-06-08 16:07:33.094555+00,2026-06-08 16:07:51.479968+00,2026-06-08 16:07:51.584577+00,0.104609,18.490022,
cda6b2c4-9407-4414-8c13-f008990e10b4,numbered,45009,completed,sold,1,2026-06-08 16:07:33.102885+00,2026-06-08 16:07:51.483162+00,2026-06-08 16:07:51.591068+00,0.107906,18.488183,
4ca25385-7d72-4aab-a4ef-ea3c44bd4a25,numbered,55846,completed,sold,1,2026-06-08 16:07:33.111088+00,2026-06-08 16:07:51.576431+00,2026-06-08 16:07:51.681122+00,0.104691,18.570034,
6f8daf8c-931d-425c-beda-bf5de13b5af4,numbered,38958,completed,sold,1,2026-06-08 16:07:33.119564+00,2026-06-08 16:07:51.595021+00,2026-06-08 16:07:51.700277+00,0.105256,18.580713,
8d76e701-4e04-413b-933d-25eaef8270a0,numbered,42079,completed,sold,1,2026-06-08 16:07:33.127958+00,2026-06-08 16:07:51.608306+00,2026-06-08 16:07:51.712796+00,0.104490,18.584838,
23b40087-aa56-4cf2-a7a9-2610ac222651,numbered,19699,completed,seat_unavailable,1,2026-06-08 16:07:33.136426+00,2026-06-08 16:07:51.615611+00,2026-06-08 16:07:51.71995+00,0.104339,18.583524,
178573b7-198d-4f3f-9efb-8adcebec18cb,numbered,89432,completed,sold,1,2026-06-08 16:07:33.144712+00,2026-06-08 16:07:51.702936+00,2026-06-08 16:07:51.807714+00,0.104778,18.663002,
85bb1b17-95be-4b3e-91c5-e3ada1382f9a,numbered,28407,completed,sold,1,2026-06-08 16:07:33.154091+00,2026-06-08 16:07:51.723832+00,2026-06-08 16:07:51.828916+00,0.105084,18.674825,
4b8f92ae-c14d-4309-b6fc-872d9ed7b619,numbered,25148,completed,sold,1,2026-06-08 16:07:33.161178+00,2026-06-08 16:07:51.736322+00,2026-06-08 16:07:51.841059+00,0.104737,18.679881,
b394ac8b-3e86-4c91-b4b7-c5273d161e7f,numbered,94961,completed,sold,1,2026-06-08 16:07:33.169596+00,2026-06-08 16:07:51.744447+00,2026-06-08 16:07:51.850933+00,0.106486,18.681337,
7ae725a6-33bd-4609-a75b-98bd3ef3d2e5,numbered,84785,completed,sold,1,2026-06-08 16:07:33.177714+00,2026-06-08 16:07:51.829483+00,2026-06-08 16:07:51.934106+00,0.104623,18.756392,
4e22f1f0-fe9e-4bf3-bd8f-9d2a8a4b7318,numbered,37117,completed,sold,1,2026-06-08 16:07:33.186449+00,2026-06-08 16:07:51.852551+00,2026-06-08 16:07:51.957379+00,0.104828,18.770930,
72a3107e-6fee-4702-9e25-1aadb8b41e75,numbered,70188,completed,sold,1,2026-06-08 16:07:33.194578+00,2026-06-08 16:07:51.864728+00,2026-06-08 16:07:51.969586+00,0.104858,18.775008,
180487c3-d2e8-49ee-bdd4-c2cf9a7e64f7,numbered,60345,completed,sold,1,2026-06-08 16:07:33.203002+00,2026-06-08 16:07:51.874822+00,2026-06-08 16:07:51.980559+00,0.105737,18.777557,
ee0001ff-0937-46e4-9104-d0f9ddd63eb3,numbered,1270,completed,sold,1,2026-06-08 16:07:33.211428+00,2026-06-08 16:07:51.95509+00,2026-06-08 16:07:52.060595+00,0.105505,18.849167,
ee93ae62-493a-4516-b4d0-ced415bf54b6,numbered,40896,completed,sold,1,2026-06-08 16:07:33.21992+00,2026-06-08 16:07:51.980747+00,2026-06-08 16:07:52.085172+00,0.104425,18.865252,
365d7e70-c337-41aa-a5c3-203ebb909993,numbered,17861,completed,sold,1,2026-06-08 16:07:33.227924+00,2026-06-08 16:07:51.993122+00,2026-06-08 16:07:52.097944+00,0.104822,18.870020,
7f90f88e-98c0-4a53-9e6a-628e0568965a,numbered,725,completed,sold,1,2026-06-08 16:07:33.236249+00,2026-06-08 16:07:52.005565+00,2026-06-08 16:07:52.111339+00,0.105774,18.875090,
71545a03-ab01-44d3-a9f1-58e7d28e7812,numbered,51372,completed,sold,1,2026-06-08 16:07:33.244802+00,2026-06-08 16:07:52.081809+00,2026-06-08 16:07:52.186473+00,0.104664,18.941671,
f42e092a-a9df-4ef1-b454-fbb72cef9d1f,numbered,87328,completed,sold,1,2026-06-08 16:07:33.25297+00,2026-06-08 16:07:52.107597+00,2026-06-08 16:07:52.212242+00,0.104645,18.959272,
64e2f3fb-4138-486f-afcb-c4c1b0806aba,numbered,55649,completed,sold,1,2026-06-08 16:07:33.261159+00,2026-06-08 16:07:52.122603+00,2026-06-08 16:07:52.227909+00,0.105306,18.966750,
d98c6c30-7962-41a4-9eab-e68b257fe441,numbered,63673,completed,sold,1,2026-06-08 16:07:33.274351+00,2026-06-08 16:07:52.137066+00,2026-06-08 16:07:52.242267+00,0.105201,18.967916,
694e8064-55c5-434c-bc8c-fadbcdf2d115,numbered,22552,completed,sold,1,2026-06-08 16:07:33.278607+00,2026-06-08 16:07:52.209437+00,2026-06-08 16:07:52.314126+00,0.104689,19.035519,
f4c99ec0-488d-41b5-8862-82a610e1e26a,numbered,83476,completed,sold,1,2026-06-08 16:07:33.290815+00,2026-06-08 16:07:52.234902+00,2026-06-08 16:07:52.339437+00,0.104535,19.048622,
f53b8b56-18d2-4688-ba0e-c34d4f0129c1,numbered,95353,completed,sold,1,2026-06-08 16:07:33.294516+00,2026-06-08 16:07:52.252357+00,2026-06-08 16:07:52.358201+00,0.105844,19.063685,
7267733d-d6b1-43b9-91d0-8e4857d8d242,numbered,46139,completed,sold,1,2026-06-08 16:07:33.303913+00,2026-06-08 16:07:52.267681+00,2026-06-08 16:07:52.373414+00,0.105733,19.069501,
895682e6-293d-4241-85d4-9d74ad9c6682,numbered,1234,completed,sold,1,2026-06-08 16:07:33.311187+00,2026-06-08 16:07:52.335509+00,2026-06-08 16:07:52.440154+00,0.104645,19.128967,
5280d663-86fe-4edb-a3d9-3e96f7955561,numbered,2068,completed,sold,1,2026-06-08 16:07:33.319636+00,2026-06-08 16:07:52.360976+00,2026-06-08 16:07:52.465394+00,0.104418,19.145758,
e17845ec-0735-4f80-98e7-3c54d6058ae1,numbered,52183,completed,sold,1,2026-06-08 16:07:33.327969+00,2026-06-08 16:07:52.381996+00,2026-06-08 16:07:52.487146+00,0.105150,19.159177,
3ce6bb3a-fa79-4b65-9822-838ffc0b209c,numbered,75130,completed,sold,1,2026-06-08 16:07:33.336371+00,2026-06-08 16:07:52.398418+00,2026-06-08 16:07:52.504384+00,0.105966,19.168013,
ad4f142e-6b09-4760-b381-93370ae9f825,numbered,801,completed,sold,1,2026-06-08 16:07:33.344671+00,2026-06-08 16:07:52.462229+00,2026-06-08 16:07:52.566927+00,0.104698,19.222256,
a4629d73-bc19-4e47-8228-6784c4cac715,numbered,12760,completed,sold,1,2026-06-08 16:07:33.353037+00,2026-06-08 16:07:52.487441+00,2026-06-08 16:07:52.591656+00,0.104215,19.238619,
c7c6ebab-e4e9-4207-ac1d-1746c59a0640,numbered,43298,completed,sold,1,2026-06-08 16:07:33.361265+00,2026-06-08 16:07:52.510712+00,2026-06-08 16:07:52.615878+00,0.105166,19.254613,
0ae57c52-d96a-4dc3-81ef-ad7ef9be167e,numbered,4724,completed,sold,1,2026-06-08 16:07:33.369773+00,2026-06-08 16:07:52.529052+00,2026-06-08 16:07:52.635312+00,0.106260,19.265539,
886d65d3-1325-4c9d-8cd6-ae611bd2e57f,numbered,54934,completed,sold,1,2026-06-08 16:07:33.378055+00,2026-06-08 16:07:52.58763+00,2026-06-08 16:07:52.691862+00,0.104232,19.313807,
c7f0644b-c837-4c4f-87da-22d2ee33d2c7,numbered,36243,completed,sold,1,2026-06-08 16:07:33.386612+00,2026-06-08 16:07:52.614225+00,2026-06-08 16:07:52.718438+00,0.104213,19.331826,
8b4429d3-6db3-440a-a8b3-f20b738e2ab0,numbered,67613,completed,sold,1,2026-06-08 16:07:33.394665+00,2026-06-08 16:07:52.638367+00,2026-06-08 16:07:52.743164+00,0.104797,19.348499,
0ce23619-e125-4f03-a610-9a49841b5d44,numbered,7031,completed,sold,1,2026-06-08 16:07:33.402993+00,2026-06-08 16:07:52.659576+00,2026-06-08 16:07:52.765572+00,0.105996,19.362579,
6115e518-c919-4050-a9bc-41436bdbd442,numbered,2246,completed,sold,1,2026-06-08 16:07:33.41222+00,2026-06-08 16:07:52.712147+00,2026-06-08 16:07:52.816915+00,0.104768,19.404695,
c4307f5d-7447-4749-b71f-e5621420fa06,numbered,11155,completed,sold,1,2026-06-08 16:07:33.419562+00,2026-06-08 16:07:52.739568+00,2026-06-08 16:07:52.843853+00,0.104285,19.424291,
a55f8e4c-e751-4017-a907-ec5a67f8b29c,numbered,30937,completed,sold,1,2026-06-08 16:07:33.42796+00,2026-06-08 16:07:52.766285+00,2026-06-08 16:07:52.871406+00,0.105121,19.443446,
a7490168-6b82-44b1-9f6c-1ce44160af8e,numbered,59276,completed,sold,1,2026-06-08 16:07:33.436325+00,2026-06-08 16:07:52.79007+00,2026-06-08 16:07:52.895919+00,0.105849,19.459594,
c20bd9c2-64a9-4ddf-b1cf-49ba52d6eaa7,numbered,41941,completed,sold,1,2026-06-08 16:07:33.444598+00,2026-06-08 16:07:52.838471+00,2026-06-08 16:07:52.943014+00,0.104543,19.498416,
3ec6e63f-c523-4d97-b45d-f494b094a49f,numbered,30469,completed,sold,1,2026-06-08 16:07:33.453117+00,2026-06-08 16:07:52.864293+00,2026-06-08 16:07:52.968697+00,0.104404,19.515580,
ec29c67e-bb58-4c94-a6a4-68cb214fdb73,numbered,63568,completed,sold,1,2026-06-08 16:07:33.461323+00,2026-06-08 16:07:52.895345+00,2026-06-08 16:07:52.999983+00,0.104638,19.538660,
cedca4b3-c80c-49eb-9b4f-faddebbcabec,numbered,41037,completed,sold,1,2026-06-08 16:07:33.46963+00,2026-06-08 16:07:52.920444+00,2026-06-08 16:07:53.026084+00,0.105640,19.556454,
5f969ffa-74b4-47e0-8048-cfb062538307,numbered,57167,completed,sold,1,2026-06-08 16:07:33.478835+00,2026-06-08 16:07:52.963372+00,2026-06-08 16:07:53.067898+00,0.104526,19.589063,
856c1b86-07fd-40ce-beed-757512d7bf10,numbered,93724,completed,sold,1,2026-06-08 16:07:33.486327+00,2026-06-08 16:07:52.997169+00,2026-06-08 16:07:53.102267+00,0.105098,19.615940,
54c02a56-ee18-471a-a916-e9dda44d36f4,numbered,8165,completed,sold,1,2026-06-08 16:07:33.494678+00,2026-06-08 16:07:53.022181+00,2026-06-08 16:07:53.127466+00,0.105285,19.632788,
af8c2df2-f24a-4f3d-9909-5afc9281caf2,numbered,4330,completed,sold,1,2026-06-08 16:07:33.503062+00,2026-06-08 16:07:53.056548+00,2026-06-08 16:07:53.162076+00,0.105528,19.659014,
41681128-b870-47bf-b42e-91726355c053,numbered,80094,completed,sold,1,2026-06-08 16:07:33.511401+00,2026-06-08 16:07:53.089571+00,2026-06-08 16:07:53.194006+00,0.104435,19.682605,
c1ef5a2e-4965-4293-8c2b-f736fbaf18e2,numbered,50188,completed,sold,1,2026-06-08 16:07:33.519845+00,2026-06-08 16:07:53.125696+00,2026-06-08 16:07:53.230367+00,0.104671,19.710522,
15887519-aec9-4307-88c3-5f7ea274dfec,numbered,36827,completed,sold,1,2026-06-08 16:07:33.528018+00,2026-06-08 16:07:53.14948+00,2026-06-08 16:07:53.254548+00,0.105068,19.726530,
8b0c30de-6f9a-42bb-b335-a05435752903,numbered,99706,completed,sold,1,2026-06-08 16:07:33.53639+00,2026-06-08 16:07:53.187005+00,2026-06-08 16:07:53.292605+00,0.105600,19.756215,
09d23353-e3c6-4f56-ae65-94329da13046,numbered,50729,completed,sold,1,2026-06-08 16:07:33.545586+00,2026-06-08 16:07:53.214656+00,2026-06-08 16:07:53.319246+00,0.104590,19.773660,
dc80f58c-2cd4-4b32-831e-5f91c3e2fe34,numbered,53458,completed,sold,1,2026-06-08 16:07:33.55291+00,2026-06-08 16:07:53.25158+00,2026-06-08 16:07:53.3561+00,0.104520,19.803190,
81ea5ff6-2dd2-45c2-8fee-86396e66bcad,numbered,32038,completed,sold,1,2026-06-08 16:07:33.561227+00,2026-06-08 16:07:53.278358+00,2026-06-08 16:07:53.382809+00,0.104451,19.821582,
41e081e4-f3b2-4297-aacf-9c3feb3b7864,numbered,15425,completed,sold,1,2026-06-08 16:07:33.569634+00,2026-06-08 16:07:53.317267+00,2026-06-08 16:07:53.422768+00,0.105501,19.853134,
6edbe989-2a84-4b15-8f9b-b0262e8df852,numbered,8754,completed,sold,1,2026-06-08 16:07:33.577977+00,2026-06-08 16:07:53.340975+00,2026-06-08 16:07:53.446392+00,0.105417,19.868415,
a4a2d445-535a-4dd5-9289-b4f4d9f41c78,numbered,44347,completed,sold,1,2026-06-08 16:07:33.586451+00,2026-06-08 16:07:53.377985+00,2026-06-08 16:07:53.482664+00,0.104679,19.896213,
255ad163-97e3-4a93-8d13-20621bd4c83c,numbered,32084,completed,sold,1,2026-06-08 16:07:33.594664+00,2026-06-08 16:07:53.405012+00,2026-06-08 16:07:53.509632+00,0.104620,19.914968,
0dccec63-8bd2-4d16-a139-d1f0fad32553,numbered,39449,completed,sold,1,2026-06-08 16:07:33.602958+00,2026-06-08 16:07:53.448355+00,2026-06-08 16:07:53.553809+00,0.105454,19.950851,
04dde931-c0cf-40df-9489-aee802511c52,numbered,57294,completed,sold,1,2026-06-08 16:07:33.611189+00,2026-06-08 16:07:53.467313+00,2026-06-08 16:07:53.572408+00,0.105095,19.961219,
a73434d2-962a-47f1-a836-d72ba69eef39,numbered,53895,completed,sold,1,2026-06-08 16:07:33.619582+00,2026-06-08 16:07:53.504347+00,2026-06-08 16:07:53.60933+00,0.104983,19.989748,
409a0db1-4592-4b0c-b8cd-bb0f10d41e8f,numbered,50452,completed,sold,1,2026-06-08 16:07:33.628003+00,2026-06-08 16:07:53.531746+00,2026-06-08 16:07:53.636359+00,0.104613,20.008356,
ada55d7e-1305-4fcb-a74d-fd010294d3dc,numbered,62847,completed,sold,1,2026-06-08 16:07:33.636791+00,2026-06-08 16:07:53.5796+00,2026-06-08 16:07:53.685164+00,0.105564,20.048373,
c89ef2a9-b1c0-4c2b-b533-bd1ee4579698,numbered,50436,completed,sold,1,2026-06-08 16:07:33.644846+00,2026-06-08 16:07:53.594406+00,2026-06-08 16:07:53.698878+00,0.104472,20.054032,
df365018-0ca5-46fb-8b96-1b6d8510a10c,numbered,12586,completed,sold,1,2026-06-08 16:07:33.653196+00,2026-06-08 16:07:53.630396+00,2026-06-08 16:07:53.735045+00,0.104649,20.081849,
10c5d666-dc59-4cc8-a54d-e5e14c784606,numbered,56261,completed,sold,1,2026-06-08 16:07:33.661384+00,2026-06-08 16:07:53.659175+00,2026-06-08 16:07:53.763862+00,0.104687,20.102478,
e38e1780-2b54-4ccd-8835-2464c3d29ff4,numbered,30957,completed,sold,1,2026-06-08 16:07:33.669698+00,2026-06-08 16:07:53.710743+00,2026-06-08 16:07:53.816399+00,0.105656,20.146701,
c688a506-4b8d-49f2-8fd4-e32cc4bc73de,numbered,21153,completed,sold,1,2026-06-08 16:07:33.681081+00,2026-06-08 16:07:53.720704+00,2026-06-08 16:07:53.826007+00,0.105303,20.144926,
9e6f3c0a-7474-4dff-9bcb-3acf793e8eca,numbered,97745,completed,sold,1,2026-06-08 16:07:33.688766+00,2026-06-08 16:07:53.7583+00,2026-06-08 16:07:53.863072+00,0.104772,20.174306,
d7b8d8f3-b421-484a-b9f6-2ede7c7a2c5c,numbered,99596,completed,sold,1,2026-06-08 16:07:33.694561+00,2026-06-08 16:07:53.786043+00,2026-06-08 16:07:53.890973+00,0.104930,20.196412,
635a7a98-20df-4427-92c5-0844ac29d55a,numbered,81277,completed,sold,1,2026-06-08 16:07:33.703017+00,2026-06-08 16:07:53.841719+00,2026-06-08 16:07:53.947734+00,0.106015,20.244717,
c066fe63-fc9d-4be5-9953-5ddd9b55b38a,numbered,58548,completed,sold,1,2026-06-08 16:07:33.711385+00,2026-06-08 16:07:53.847189+00,2026-06-08 16:07:53.952125+00,0.104936,20.240740,
390c623c-603d-40ae-ad90-06259a8f2f42,numbered,49756,completed,sold,1,2026-06-08 16:07:33.719912+00,2026-06-08 16:07:53.884346+00,2026-06-08 16:07:53.988965+00,0.104619,20.269053,
dafd33d3-849d-48c2-bed4-adadc68df6dd,numbered,46552,completed,sold,1,2026-06-08 16:07:33.728248+00,2026-06-08 16:07:53.913147+00,2026-06-08 16:07:54.017941+00,0.104794,20.289693,
c7d164a8-3fbf-4d53-890a-c0ffb4d412cf,numbered,84763,completed,sold,1,2026-06-08 16:07:33.744757+00,2026-06-08 16:07:53.974141+00,2026-06-08 16:07:54.07973+00,0.105589,20.334973,
3b7b4fbe-44ca-4669-b4ef-bcb1055f758a,numbered,98225,completed,sold,1,2026-06-08 16:07:33.736654+00,2026-06-08 16:07:53.974439+00,2026-06-08 16:07:54.080411+00,0.105972,20.343757,
7c39f438-7641-49b6-bd74-adf16c1c16de,numbered,14753,completed,sold,1,2026-06-08 16:07:33.753943+00,2026-06-08 16:07:54.01026+00,2026-06-08 16:07:54.114416+00,0.104156,20.360473,
dc523657-cde1-4a60-a3a1-d2f9578b987b,numbered,14685,completed,sold,1,2026-06-08 16:07:33.761529+00,2026-06-08 16:07:54.041017+00,2026-06-08 16:07:54.145792+00,0.104775,20.384263,
e5f9cda4-49b1-4f63-b0d9-dfe3fabde036,numbered,85738,completed,sold,1,2026-06-08 16:07:33.769966+00,2026-06-08 16:07:54.103543+00,2026-06-08 16:07:54.208487+00,0.104944,20.438521,
e39bced7-0c43-404c-893e-aa5c1f0752b2,numbered,20437,completed,sold,1,2026-06-08 16:07:33.77816+00,2026-06-08 16:07:54.105752+00,2026-06-08 16:07:54.211411+00,0.105659,20.433251,
280e190a-30af-44b8-aaa8-ceba340f8b5a,numbered,8630,completed,sold,1,2026-06-08 16:07:33.786575+00,2026-06-08 16:07:54.135165+00,2026-06-08 16:07:54.239427+00,0.104262,20.452852,
f1ea34a4-9703-4eee-aa25-17811698ad17,numbered,70797,completed,sold,1,2026-06-08 16:07:33.794915+00,2026-06-08 16:07:54.168929+00,2026-06-08 16:07:54.273811+00,0.104882,20.478896,
b39178a9-beb1-44ad-8c10-092a82eaa5dc,numbered,67081,completed,sold,1,2026-06-08 16:07:33.803072+00,2026-06-08 16:07:54.230176+00,2026-06-08 16:07:54.334837+00,0.104661,20.531765,
4d2cfdb0-cf8a-40f5-9e83-0a18a8c5865d,numbered,77858,completed,sold,1,2026-06-08 16:07:33.813263+00,2026-06-08 16:07:54.235811+00,2026-06-08 16:07:54.34207+00,0.106259,20.528807,
98397b20-ff61-402f-8dc5-51a6e025592a,numbered,93047,completed,sold,1,2026-06-08 16:07:33.824078+00,2026-06-08 16:07:54.260299+00,2026-06-08 16:07:54.36578+00,0.105481,20.541702,
2942df4d-0508-44ca-ab8b-9443b0594d1b,numbered,37247,completed,sold,1,2026-06-08 16:07:33.827923+00,2026-06-08 16:07:54.296207+00,2026-06-08 16:07:54.40117+00,0.104963,20.573247,
492ea047-7051-4504-b7af-06b75b10623a,numbered,56780,completed,sold,1,2026-06-08 16:07:33.836418+00,2026-06-08 16:07:54.357189+00,2026-06-08 16:07:54.461933+00,0.104744,20.625515,
d5b9a4aa-667d-4f90-b3b1-10827a79ad7a,numbered,75250,completed,sold,1,2026-06-08 16:07:33.844977+00,2026-06-08 16:07:54.367966+00,2026-06-08 16:07:54.473479+00,0.105513,20.628502,
84632d0b-f333-497e-b9bf-4d4f9064a0fd,numbered,93673,completed,sold,1,2026-06-08 16:07:33.853432+00,2026-06-08 16:07:54.387592+00,2026-06-08 16:07:54.492497+00,0.104905,20.639065,
6ffb0b70-b9a8-49a8-954d-8cf5f6f76cc5,numbered,70744,completed,sold,1,2026-06-08 16:07:33.861465+00,2026-06-08 16:07:54.422675+00,2026-06-08 16:07:54.527776+00,0.105101,20.666311,
a1fc23ed-7e9b-4bdc-8ba7-269375771d45,numbered,33750,completed,sold,1,2026-06-08 16:07:33.869728+00,2026-06-08 16:07:54.483983+00,2026-06-08 16:07:54.588722+00,0.104739,20.718994,
262a8af0-1451-4cee-8953-b48764422d42,numbered,32427,completed,sold,1,2026-06-08 16:07:33.878338+00,2026-06-08 16:07:54.500299+00,2026-06-08 16:07:54.606161+00,0.105862,20.727823,
19575ef1-f5d3-405c-86f6-214e66c7fd96,numbered,79516,completed,sold,1,2026-06-08 16:07:33.886716+00,2026-06-08 16:07:54.51411+00,2026-06-08 16:07:54.618279+00,0.104169,20.731563,
9c45e4d4-bfcc-4a70-a6d7-f19372e73830,numbered,27687,completed,sold,1,2026-06-08 16:07:33.895214+00,2026-06-08 16:07:54.550185+00,2026-06-08 16:07:54.654967+00,0.104782,20.759753,
bbfbdccc-8a3a-453d-8745-ad07832aa7f4,numbered,9934,completed,sold,1,2026-06-08 16:07:33.90325+00,2026-06-08 16:07:54.610479+00,2026-06-08 16:07:54.715331+00,0.104852,20.812081,
f39ef23b-ad08-4faa-acb2-979d95a614c1,numbered,23342,completed,sold,1,2026-06-08 16:07:33.911538+00,2026-06-08 16:07:54.63186+00,2026-06-08 16:07:54.737624+00,0.105764,20.826086,
34ec19f8-8892-4e89-b87e-7f206396fc16,numbered,39145,completed,sold,1,2026-06-08 16:07:33.919992+00,2026-06-08 16:07:54.640412+00,2026-06-08 16:07:54.745983+00,0.105571,20.825991,
c79372f7-cfa6-4824-acbb-4e88469e6f7e,numbered,15764,completed,sold,1,2026-06-08 16:07:33.928331+00,2026-06-08 16:07:54.676627+00,2026-06-08 16:07:54.78139+00,0.104763,20.853059,
dd351480-0f6b-4d4f-ad38-4404c698bbbb,numbered,8274,completed,sold,1,2026-06-08 16:07:33.936395+00,2026-06-08 16:07:54.737032+00,2026-06-08 16:07:54.841462+00,0.104430,20.905067,
bd49f905-12b7-4fae-abd3-d134afe2e631,numbered,14087,completed,sold,1,2026-06-08 16:07:33.946992+00,2026-06-08 16:07:54.762799+00,2026-06-08 16:07:54.86802+00,0.105221,20.921028,
30cbf0f6-9d71-470a-a23d-5663551cb16d,numbered,95597,completed,sold,1,2026-06-08 16:07:33.955149+00,2026-06-08 16:07:54.76731+00,2026-06-08 16:07:54.871574+00,0.104264,20.916425,
9553ca96-6e77-4353-b64b-94181f9bb1d1,numbered,3919,completed,sold,1,2026-06-08 16:07:33.961374+00,2026-06-08 16:07:54.803515+00,2026-06-08 16:07:54.908091+00,0.104576,20.946717,
2af75bd1-3a35-4bd1-bd28-2ddcd88e4bfb,numbered,42715,completed,sold,1,2026-06-08 16:07:33.969738+00,2026-06-08 16:07:54.86217+00,2026-06-08 16:07:54.966881+00,0.104711,20.997143,
d6c0327d-8061-4369-83d4-e6ad9334e157,numbered,6231,completed,sold,1,2026-06-08 16:07:33.986631+00,2026-06-08 16:07:54.893362+00,2026-06-08 16:07:54.99816+00,0.104798,21.011529,
e6ff04f0-a365-4c3a-95c1-48b03609532a,numbered,52095,completed,sold,1,2026-06-08 16:07:33.978069+00,2026-06-08 16:07:54.893926+00,2026-06-08 16:07:54.999785+00,0.105859,21.021716,
6494d2d1-739a-443d-b765-1b450efd9e2f,numbered,53374,completed,sold,1,2026-06-08 16:07:33.994882+00,2026-06-08 16:07:54.929611+00,2026-06-08 16:07:55.034806+00,0.105195,21.039924,
418e06e9-990b-4018-b0db-b0b0f40fd7ea,numbered,2489,completed,sold,1,2026-06-08 16:07:34.00338+00,2026-06-08 16:07:54.988493+00,2026-06-08 16:07:55.092989+00,0.104496,21.089609,
79155d5a-8486-4186-94d7-61953a38976c,numbered,36929,completed,sold,1,2026-06-08 16:07:34.01165+00,2026-06-08 16:07:55.021151+00,2026-06-08 16:07:55.125624+00,0.104473,21.113974,
a88011e1-0799-4131-815f-39a949ecb5a2,numbered,46707,completed,sold,1,2026-06-08 16:07:34.020262+00,2026-06-08 16:07:55.025102+00,2026-06-08 16:07:55.130786+00,0.105684,21.110524,
19e0a9e2-378c-4467-8ec9-ded46f3402f8,numbered,6369,completed,sold,1,2026-06-08 16:07:34.028193+00,2026-06-08 16:07:55.056447+00,2026-06-08 16:07:55.160995+00,0.104548,21.132802,
322aef7d-7aa7-4a19-99f4-5b0643c30edc,numbered,6412,completed,sold,1,2026-06-08 16:07:34.036677+00,2026-06-08 16:07:55.11416+00,2026-06-08 16:07:55.218743+00,0.104583,21.182066,
b67fe2d9-be61-492d-bd3b-f2e2ec1b1e1a,numbered,5144,completed,sold,1,2026-06-08 16:07:34.045168+00,2026-06-08 16:07:55.14821+00,2026-06-08 16:07:55.253199+00,0.104989,21.208031,
ebee3e83-cfe9-4604-956f-a1c5d943768f,numbered,39038,completed,sold,1,2026-06-08 16:07:34.053398+00,2026-06-08 16:07:55.155368+00,2026-06-08 16:07:55.261505+00,0.106137,21.208107,
97bf85e9-f5e6-49ca-a9e4-3790f635671c,numbered,91056,completed,sold,1,2026-06-08 16:07:34.061959+00,2026-06-08 16:07:55.182427+00,2026-06-08 16:07:55.287429+00,0.105002,21.225470,
4795a063-fe5f-4be3-90bb-35354a6d9dad,numbered,93187,completed,sold,1,2026-06-08 16:07:34.069982+00,2026-06-08 16:07:55.239022+00,2026-06-08 16:07:55.343646+00,0.104624,21.273664,
3f34bcc3-abad-4855-99ce-b2b8619e9577,numbered,76530,completed,sold,1,2026-06-08 16:07:34.08115+00,2026-06-08 16:07:55.276202+00,2026-06-08 16:07:55.38141+00,0.105208,21.300260,
b380645a-e5c6-4924-a0e5-2f81f43923be,numbered,19306,completed,sold,1,2026-06-08 16:07:34.089136+00,2026-06-08 16:07:55.285698+00,2026-06-08 16:07:55.391616+00,0.105918,21.302480,
d0e5b622-c39a-4682-b340-d6526d07a46c,numbered,17481,completed,sold,1,2026-06-08 16:07:34.09489+00,2026-06-08 16:07:55.309405+00,2026-06-08 16:07:55.414351+00,0.104946,21.319461,
1b9601f5-1417-477c-95b9-500ef07e90cc,numbered,75447,completed,sold,1,2026-06-08 16:07:34.103176+00,2026-06-08 16:07:55.365157+00,2026-06-08 16:07:55.46968+00,0.104523,21.366504,
39bbc3f5-e1dc-48ca-aff5-8080e40f6072,numbered,2849,completed,sold,1,2026-06-08 16:07:34.111444+00,2026-06-08 16:07:55.404024+00,2026-06-08 16:07:55.508527+00,0.104503,21.397083,
c87237a2-5269-4b96-b7db-c808c0b7233b,numbered,85125,completed,sold,1,2026-06-08 16:07:34.121368+00,2026-06-08 16:07:55.416589+00,2026-06-08 16:07:55.521804+00,0.105215,21.400436,
e38ff2b0-f2db-4090-bb28-d13b343b38c3,numbered,89364,completed,sold,1,2026-06-08 16:07:34.128287+00,2026-06-08 16:07:55.436047+00,2026-06-08 16:07:55.541124+00,0.105077,21.412837,
85d1088e-39ad-4312-b536-bf88547830fd,numbered,22519,completed,sold,1,2026-06-08 16:07:34.136528+00,2026-06-08 16:07:55.490204+00,2026-06-08 16:07:55.594768+00,0.104564,21.458240,
133aa031-8015-4867-8c77-c9f6acf6ff7b,numbered,67471,completed,sold,1,2026-06-08 16:07:34.145016+00,2026-06-08 16:07:55.530416+00,2026-06-08 16:07:55.635135+00,0.104719,21.490119,
5c5cee39-6008-445f-90a5-869a17c0b6a8,numbered,46813,completed,sold,1,2026-06-08 16:07:34.15331+00,2026-06-08 16:07:55.548402+00,2026-06-08 16:07:55.654826+00,0.106424,21.501516,
2a1428da-4611-4fd2-a4a2-287405bfaaf0,numbered,95819,completed,sold,1,2026-06-08 16:07:34.161687+00,2026-06-08 16:07:55.564883+00,2026-06-08 16:07:55.6698+00,0.104917,21.508113,
5227e4eb-477c-404e-abbd-128fea5b558f,numbered,30771,completed,sold,1,2026-06-08 16:07:34.169954+00,2026-06-08 16:07:55.615559+00,2026-06-08 16:07:55.720075+00,0.104516,21.550121,
7de70286-3077-4263-bc26-b33376cc63c3,numbered,94115,completed,sold,1,2026-06-08 16:07:34.178343+00,2026-06-08 16:07:55.657828+00,2026-06-08 16:07:55.762776+00,0.104948,21.584433,
8fc7494b-f440-4b57-8883-4471b6f1ef12,numbered,50324,completed,sold,1,2026-06-08 16:07:34.186643+00,2026-06-08 16:07:55.679967+00,2026-06-08 16:07:55.785923+00,0.105956,21.599280,
97e99da3-e6f3-4ed3-9183-ca690531c713,numbered,75131,completed,sold,1,2026-06-08 16:07:34.195014+00,2026-06-08 16:07:55.693616+00,2026-06-08 16:07:55.798264+00,0.104648,21.603250,
14b2bce2-11fc-4531-a987-237049ad884b,numbered,62725,completed,sold,1,2026-06-08 16:07:34.203308+00,2026-06-08 16:07:55.740793+00,2026-06-08 16:07:55.845767+00,0.104974,21.642459,
bcdf316e-c026-4e3e-afc9-0b9ad234a98a,numbered,56990,completed,sold,1,2026-06-08 16:07:34.211513+00,2026-06-08 16:07:55.784555+00,2026-06-08 16:07:55.889305+00,0.104750,21.677792,
a46d4b79-2fa9-49d6-8e50-9db8c72d4fa5,numbered,58071,completed,sold,1,2026-06-08 16:07:34.220736+00,2026-06-08 16:07:55.811708+00,2026-06-08 16:07:55.916797+00,0.105089,21.696061,
3f0b2a44-852d-4edb-9f70-f0ad5d908ebc,numbered,93710,completed,sold,1,2026-06-08 16:07:34.228268+00,2026-06-08 16:07:55.820633+00,2026-06-08 16:07:55.926041+00,0.105408,21.697773,
dd9b053d-ff8c-4712-b4a3-5b9342348291,numbered,60473,completed,sold,1,2026-06-08 16:07:34.236414+00,2026-06-08 16:07:55.867374+00,2026-06-08 16:07:55.971943+00,0.104569,21.735529,
e726094d-b25a-4e55-8d12-dc702726a0b6,numbered,33769,completed,sold,1,2026-06-08 16:07:34.244812+00,2026-06-08 16:07:55.910753+00,2026-06-08 16:07:56.015739+00,0.104986,21.770927,
3c908a22-1f87-442d-9f2c-e14cf1482433,numbered,5408,completed,sold,1,2026-06-08 16:07:34.25319+00,2026-06-08 16:07:55.942126+00,2026-06-08 16:07:56.04794+00,0.105814,21.794750,
d5c1456d-3240-4127-a9d3-6765ecaac0ae,numbered,5686,completed,sold,1,2026-06-08 16:07:34.26158+00,2026-06-08 16:07:55.947638+00,2026-06-08 16:07:56.052666+00,0.105028,21.791086,
a22ac8fc-c373-469f-96cb-6f50c3a55a2d,numbered,51937,completed,sold,1,2026-06-08 16:07:34.27+00,2026-06-08 16:07:55.99276+00,2026-06-08 16:07:56.097315+00,0.104555,21.827315,
2c7c44d9-1c67-45fe-9033-55542ae31045,numbered,55827,completed,sold,1,2026-06-08 16:07:34.278424+00,2026-06-08 16:07:56.037628+00,2026-06-08 16:07:56.142369+00,0.104741,21.863945,
d92e7a3d-b716-4f66-93c8-ab4f06b0c8fb,numbered,23474,completed,sold,1,2026-06-08 16:07:34.295001+00,2026-06-08 16:07:56.075165+00,2026-06-08 16:07:56.181434+00,0.106269,21.886433,
6d922213-dc6c-4d76-869e-6622c720161e,numbered,31187,completed,sold,1,2026-06-08 16:07:34.287138+00,2026-06-08 16:07:56.075246+00,2026-06-08 16:07:56.182788+00,0.107542,21.895650,
820fcdeb-91e3-4e98-a5b2-267e77f1def2,numbered,30212,completed,sold,1,2026-06-08 16:07:34.303266+00,2026-06-08 16:07:56.117545+00,2026-06-08 16:07:56.222042+00,0.104497,21.918776,
a2fff9c7-fe20-49dd-b115-877cf08de951,numbered,56627,completed,sold,1,2026-06-08 16:07:34.311635+00,2026-06-08 16:07:56.163204+00,2026-06-08 16:07:56.268026+00,0.104822,21.956391,
16c07736-0af6-462a-9aa9-6cce966bd460,numbered,77610,completed,sold,1,2026-06-08 16:07:34.321151+00,2026-06-08 16:07:56.206924+00,2026-06-08 16:07:56.311622+00,0.104698,21.990471,
48f73d62-050a-4396-8b42-101cb02da988,numbered,66321,completed,sold,1,2026-06-08 16:07:34.328522+00,2026-06-08 16:07:56.210148+00,2026-06-08 16:07:56.31614+00,0.105992,21.987618,
fcb4d2ba-c352-44ce-9234-abcb1c4f31c5,numbered,14699,completed,sold,1,2026-06-08 16:07:34.336791+00,2026-06-08 16:07:56.242849+00,2026-06-08 16:07:56.352046+00,0.109197,22.015255,
f11ca855-fd57-4c6c-9420-f9f3361a7772,numbered,82261,completed,sold,1,2026-06-08 16:07:34.344944+00,2026-06-08 16:07:56.289629+00,2026-06-08 16:07:56.394205+00,0.104576,22.049261,
b1d72c0a-1f81-48e0-a151-84c6df103b1b,numbered,74259,completed,sold,1,2026-06-08 16:07:34.353716+00,2026-06-08 16:07:56.334019+00,2026-06-08 16:07:56.438758+00,0.104739,22.085042,
d4028569-7259-4dd5-8c00-56d29f673b56,numbered,5201,completed,sold,1,2026-06-08 16:07:34.361581+00,2026-06-08 16:07:56.340552+00,2026-06-08 16:07:56.446363+00,0.105811,22.084782,
55d676b7-e328-4cbb-bcc6-d31c55eb71bf,numbered,53048,completed,sold,1,2026-06-08 16:07:34.370097+00,2026-06-08 16:07:56.386115+00,2026-06-08 16:07:56.490542+00,0.104427,22.120445,
314de39b-6a2d-46d6-b616-ffa0555bcd5d,numbered,38385,completed,sold,1,2026-06-08 16:07:34.378427+00,2026-06-08 16:07:56.415264+00,2026-06-08 16:07:56.51965+00,0.104386,22.141223,
e35b01de-4f3d-4b0c-bb5d-7081e8d42e39,numbered,50985,completed,sold,1,2026-06-08 16:07:34.386711+00,2026-06-08 16:07:56.461303+00,2026-06-08 16:07:56.565923+00,0.104620,22.179212,
cf7c456b-afc2-4593-ba9a-38542d775850,numbered,56546,completed,sold,1,2026-06-08 16:07:34.395001+00,2026-06-08 16:07:56.470766+00,2026-06-08 16:07:56.576278+00,0.105512,22.181277,
baf05b4e-dc17-46c0-8609-98952dc932f5,numbered,45068,completed,sold,1,2026-06-08 16:07:34.403489+00,2026-06-08 16:07:56.512784+00,2026-06-08 16:07:56.617999+00,0.105215,22.214510,
71c3ff0a-56a1-408e-af42-2df5578284b4,numbered,35514,completed,sold,1,2026-06-08 16:07:34.411879+00,2026-06-08 16:07:56.540259+00,2026-06-08 16:07:56.644529+00,0.104270,22.232650,
2e5dfa9b-b96c-46fc-9645-c67f1e0d6931,numbered,31428,completed,sold,1,2026-06-08 16:07:34.420054+00,2026-06-08 16:07:56.588475+00,2026-06-08 16:07:56.693257+00,0.104782,22.273203,
82eafa28-4e01-4649-b245-bff7810978df,numbered,82571,completed,sold,1,2026-06-08 16:07:34.428566+00,2026-06-08 16:07:56.601466+00,2026-06-08 16:07:56.707002+00,0.105536,22.278436,
c5467b10-ac36-4895-a6ce-55ff72809884,numbered,13731,completed,sold,1,2026-06-08 16:07:34.437326+00,2026-06-08 16:07:56.639011+00,2026-06-08 16:07:56.743756+00,0.104745,22.306430,
a6623a6d-b2e3-44f4-87c0-f39f6b895248,numbered,53936,completed,sold,1,2026-06-08 16:07:34.445051+00,2026-06-08 16:07:56.664948+00,2026-06-08 16:07:56.769305+00,0.104357,22.324254,
79d934e4-50c6-47ad-be70-a341dc748dce,numbered,30328,completed,sold,1,2026-06-08 16:07:34.453473+00,2026-06-08 16:07:56.716806+00,2026-06-08 16:07:56.821541+00,0.104735,22.368068,
514ccf15-ebde-41ba-975e-0da244cbd7f5,numbered,78254,completed,sold,1,2026-06-08 16:07:34.461976+00,2026-06-08 16:07:56.733681+00,2026-06-08 16:07:56.840231+00,0.106550,22.378255,
2e900ea6-2253-4008-89a1-8a1b1ccd51b8,numbered,25136,completed,sold,1,2026-06-08 16:07:34.470167+00,2026-06-08 16:07:56.765019+00,2026-06-08 16:07:56.869475+00,0.104456,22.399308,
13404b50-ab34-4c42-b08d-4262bd18b622,numbered,29445,completed,sold,1,2026-06-08 16:07:34.478484+00,2026-06-08 16:07:56.790331+00,2026-06-08 16:07:56.894323+00,0.103992,22.415839,
ea80f480-ee6b-49e8-9316-ff9bf94d3c5d,numbered,48975,completed,sold,1,2026-06-08 16:07:34.486861+00,2026-06-08 16:07:56.843613+00,2026-06-08 16:07:56.948709+00,0.105096,22.461848,
95a443f4-b127-4ca1-92cc-70f0ce8d6a91,numbered,19257,completed,sold,1,2026-06-08 16:07:34.497128+00,2026-06-08 16:07:56.865208+00,2026-06-08 16:07:56.971291+00,0.106083,22.474163,
2f67eaa4-b907-4965-95b8-979aea6602e1,numbered,63705,completed,sold,1,2026-06-08 16:07:34.503266+00,2026-06-08 16:07:56.89027+00,2026-06-08 16:07:56.995019+00,0.104749,22.491753,
05b45c0e-6011-4a1d-bd4f-df4e5d31e65d,numbered,1446,completed,sold,1,2026-06-08 16:07:34.511642+00,2026-06-08 16:07:56.914175+00,2026-06-08 16:07:57.01879+00,0.104615,22.507148,
2a0b1612-faad-4580-a9c0-7a2a64767539,numbered,89370,completed,sold,1,2026-06-08 16:07:34.52021+00,2026-06-08 16:07:56.971471+00,2026-06-08 16:07:57.076429+00,0.104958,22.556219,
a64de1d3-bc3c-4d74-8421-cc8d949d71ea,numbered,85465,completed,sold,1,2026-06-08 16:07:34.528412+00,2026-06-08 16:07:56.995749+00,2026-06-08 16:07:57.10156+00,0.105811,22.573148,
7bf9b43e-4f87-422c-a34b-07dbbd49121f,numbered,20516,completed,sold,1,2026-06-08 16:07:34.536885+00,2026-06-08 16:07:57.016804+00,2026-06-08 16:07:57.122205+00,0.105401,22.585320,
3c4739e8-edc0-4c5f-8d81-d2afd24e39ff,numbered,84876,completed,sold,1,2026-06-08 16:07:34.545077+00,2026-06-08 16:07:57.040264+00,2026-06-08 16:07:57.14536+00,0.105096,22.600283,
aedb55af-fde1-454b-aaef-fc714008751d,numbered,79706,completed,sold,1,2026-06-08 16:07:34.553322+00,2026-06-08 16:07:57.099213+00,2026-06-08 16:07:57.203907+00,0.104694,22.650585,
abadd3d9-454b-4489-ab8a-a1f977f1f667,numbered,20040,completed,sold,1,2026-06-08 16:07:34.561632+00,2026-06-08 16:07:57.127518+00,2026-06-08 16:07:57.23294+00,0.105422,22.671308,
13e97677-5abd-4a47-960d-ba537c61bf71,numbered,79530,completed,sold,1,2026-06-08 16:07:34.570097+00,2026-06-08 16:07:57.145045+00,2026-06-08 16:07:57.24999+00,0.104945,22.679893,
ce311928-53eb-484d-b144-5772f67885be,numbered,93302,completed,sold,1,2026-06-08 16:07:34.578618+00,2026-06-08 16:07:57.167459+00,2026-06-08 16:07:57.27246+00,0.105001,22.693842,
3e5c251d-3308-401f-9ff5-fe6191bc0cfb,numbered,20297,completed,sold,1,2026-06-08 16:07:34.5869+00,2026-06-08 16:07:57.225964+00,2026-06-08 16:07:57.330991+00,0.105027,22.744091,
fe3607e1-bfc4-4d4d-9a6c-3a3185589e03,numbered,60444,completed,sold,1,2026-06-08 16:07:34.595085+00,2026-06-08 16:07:57.259529+00,2026-06-08 16:07:57.365241+00,0.105712,22.770156,
6b99822e-5b6c-430e-97dd-0c05a9e0b858,numbered,29727,completed,sold,1,2026-06-08 16:07:34.603411+00,2026-06-08 16:07:57.271865+00,2026-06-08 16:07:57.376817+00,0.104952,22.773406,
5fcc0b85-df4d-4c9c-99ba-cf5a1035126e,numbered,72800,completed,sold,1,2026-06-08 16:07:34.611983+00,2026-06-08 16:07:57.292791+00,2026-06-08 16:07:57.397536+00,0.104745,22.785553,
3faaea06-a05f-4d94-8a08-0d528d9b0d29,numbered,42414,completed,sold,1,2026-06-08 16:07:34.621398+00,2026-06-08 16:07:57.353475+00,2026-06-08 16:07:57.458528+00,0.105053,22.837130,
8c78b4b8-a810-4472-91fd-75fc6121b9a4,numbered,7400,completed,sold,1,2026-06-08 16:07:34.628354+00,2026-06-08 16:07:57.392131+00,2026-06-08 16:07:57.498178+00,0.106047,22.869824,
84c56d09-7066-4e6b-bb8b-11d2a1eecc47,numbered,14512,completed,sold,1,2026-06-08 16:07:34.636994+00,2026-06-08 16:07:57.399887+00,2026-06-08 16:07:57.506151+00,0.106264,22.869157,
46d2e90c-65bb-4963-a86a-17109f86e918,numbered,76590,completed,sold,1,2026-06-08 16:07:34.645252+00,2026-06-08 16:07:57.418948+00,2026-06-08 16:07:57.524054+00,0.105106,22.878802,
4ab10a5e-aabc-4d8f-b7cc-73b9e93ae393,numbered,45982,completed,sold,1,2026-06-08 16:07:34.653372+00,2026-06-08 16:07:57.480796+00,2026-06-08 16:07:57.585804+00,0.105008,22.932432,
077c540c-5188-45f1-9fcd-f17718a7ddfb,numbered,43552,completed,sold,1,2026-06-08 16:07:34.661708+00,2026-06-08 16:07:57.525174+00,2026-06-08 16:07:57.630701+00,0.105527,22.968993,
0b9bb280-0b55-4bb6-8935-083e19141d45,numbered,97024,completed,sold,1,2026-06-08 16:07:34.670063+00,2026-06-08 16:07:57.530122+00,2026-06-08 16:07:57.634708+00,0.104586,22.964645,
f86c5f33-6c6e-437e-9567-5bf7ffe6b9c7,numbered,9686,completed,sold,1,2026-06-08 16:07:34.678538+00,2026-06-08 16:07:57.545979+00,2026-06-08 16:07:57.652182+00,0.106203,22.973644,
8127f65c-7b14-42e8-99e2-9e5c6b25f245,numbered,92282,completed,sold,1,2026-06-08 16:07:34.686854+00,2026-06-08 16:07:57.608174+00,2026-06-08 16:07:57.713004+00,0.104830,23.026150,
600e872d-21be-42c2-9b2d-6875c27dee07,numbered,43393,completed,sold,1,2026-06-08 16:07:34.703439+00,2026-06-08 16:07:57.659258+00,2026-06-08 16:07:57.764494+00,0.105236,23.061055,
3197a389-25ae-4f05-b1a3-6144ee9bfcda,numbered,47952,completed,sold,1,2026-06-08 16:07:34.695047+00,2026-06-08 16:07:57.658598+00,2026-06-08 16:07:57.764967+00,0.106369,23.069920,
f3cbedba-9913-4d16-81b4-621a4374e545,numbered,74380,completed,sold,1,2026-06-08 16:07:34.711643+00,2026-06-08 16:07:57.675362+00,2026-06-08 16:07:57.779779+00,0.104417,23.068136,
511a9ba7-cf2f-48f6-9f73-4587a61eaa48,numbered,43078,completed,sold,1,2026-06-08 16:07:34.71998+00,2026-06-08 16:07:57.734873+00,2026-06-08 16:07:57.839822+00,0.104949,23.119842,
0d9d77e9-e17d-4799-a052-ae89afad6995,numbered,70594,completed,sold,1,2026-06-08 16:07:34.728512+00,2026-06-08 16:07:57.791577+00,2026-06-08 16:07:57.89651+00,0.104933,23.167998,
17a02692-69f9-4e49-a7eb-b44f6eaa1ed9,numbered,92981,completed,sold,1,2026-06-08 16:07:34.737053+00,2026-06-08 16:07:57.7932+00,2026-06-08 16:07:57.899206+00,0.106006,23.162153,
2be2be65-6554-46bc-be10-f71560a78b7a,numbered,36851,completed,sold,1,2026-06-08 16:07:34.745127+00,2026-06-08 16:07:57.803496+00,2026-06-08 16:07:57.908683+00,0.105187,23.163556,
1f671fd7-2ab9-457e-8766-703a7a110a16,numbered,98100,completed,sold,1,2026-06-08 16:07:34.754231+00,2026-06-08 16:07:57.862079+00,2026-06-08 16:07:57.966816+00,0.104737,23.212585,
ff2606c7-1909-4cb1-aa0a-664cd77bf362,numbered,83296,completed,sold,1,2026-06-08 16:07:34.761607+00,2026-06-08 16:07:57.919765+00,2026-06-08 16:07:58.024603+00,0.104838,23.262996,
e9dfc19b-73cc-4590-a1ad-9d17633e1514,numbered,28945,completed,sold,1,2026-06-08 16:07:34.770033+00,2026-06-08 16:07:57.925129+00,2026-06-08 16:07:58.031332+00,0.106203,23.261299,
8131709e-218b-4049-aace-ab4552986715,numbered,8839,completed,sold,1,2026-06-08 16:07:34.778437+00,2026-06-08 16:07:57.931152+00,2026-06-08 16:07:58.036245+00,0.105093,23.257808,
0407f878-b8f6-4082-8c30-9d7b456f9879,numbered,96007,completed,sold,1,2026-06-08 16:07:34.786834+00,2026-06-08 16:07:57.988276+00,2026-06-08 16:07:58.093072+00,0.104796,23.306238,
66df2816-3f82-4279-8453-a693eaffcfbd,numbered,42511,completed,sold,1,2026-06-08 16:07:34.795071+00,2026-06-08 16:07:58.04735+00,2026-06-08 16:07:58.151967+00,0.104617,23.356896,
5ab83052-374b-4ee5-8160-9275170928bb,numbered,87027,completed,sold,1,2026-06-08 16:07:34.811838+00,2026-06-08 16:07:58.059714+00,2026-06-08 16:07:58.164497+00,0.104783,23.352659,
77380e50-f94d-4b56-8c10-a097a520eb4f,numbered,82560,completed,sold,1,2026-06-08 16:07:34.803733+00,2026-06-08 16:07:58.05859+00,2026-06-08 16:07:58.164586+00,0.105996,23.360853,
58a94b06-95bb-4643-8091-b68639eaebf9,numbered,65327,completed,sold,1,2026-06-08 16:07:34.820245+00,2026-06-08 16:07:58.115226+00,2026-06-08 16:07:58.219797+00,0.104571,23.399552,
89682aff-d690-4e1f-9b3d-5807146c7952,numbered,27866,completed,sold,1,2026-06-08 16:07:34.828656+00,2026-06-08 16:07:58.177156+00,2026-06-08 16:07:58.282013+00,0.104857,23.453357,
bef22486-0c0c-4c22-b60b-0473aedaefd9,numbered,61889,completed,sold,1,2026-06-08 16:07:34.837547+00,2026-06-08 16:07:58.189585+00,2026-06-08 16:07:58.294047+00,0.104462,23.456500,
b10c776a-e836-4b5b-bb3d-924de7cef876,numbered,28834,completed,sold,1,2026-06-08 16:07:34.845023+00,2026-06-08 16:07:58.191519+00,2026-06-08 16:07:58.298266+00,0.106747,23.453243,
eb1e1efa-b0c6-43ed-b7c7-ea5bca53b90e,numbered,38093,completed,sold,1,2026-06-08 16:07:34.853682+00,2026-06-08 16:07:58.241495+00,2026-06-08 16:07:58.346597+00,0.105102,23.492915,
8354fdca-3f77-4296-94d0-032c69965017,numbered,81891,completed,sold,1,2026-06-08 16:07:34.861813+00,2026-06-08 16:07:58.306936+00,2026-06-08 16:07:58.411737+00,0.104801,23.549924,
c3899681-37e1-45c6-a85e-139b141d6425,numbered,13262,completed,sold,1,2026-06-08 16:07:34.870032+00,2026-06-08 16:07:58.315506+00,2026-06-08 16:07:58.420646+00,0.105140,23.550614,
5585a8e5-481f-45fe-84d6-57a6279aba89,numbered,79219,completed,sold,1,2026-06-08 16:07:34.878496+00,2026-06-08 16:07:58.323358+00,2026-06-08 16:07:58.430097+00,0.106739,23.551601,
1d3f1a66-f69d-40cf-8b23-7c5e9438f4bf,numbered,19463,completed,sold,1,2026-06-08 16:07:34.886841+00,2026-06-08 16:07:58.368587+00,2026-06-08 16:07:58.473314+00,0.104727,23.586473,
3249c8f4-a5aa-4255-b7af-3c1b7863d846,numbered,8344,completed,sold,1,2026-06-08 16:07:34.89524+00,2026-06-08 16:07:58.435367+00,2026-06-08 16:07:58.540751+00,0.105384,23.645511,
dffb75a0-006d-4d21-bf41-cfa09800f7ce,numbered,71009,completed,sold,1,2026-06-08 16:07:34.903584+00,2026-06-08 16:07:58.443961+00,2026-06-08 16:07:58.549563+00,0.105602,23.645979,
ae58a63f-48b3-4201-8704-5111b06c0a96,numbered,53795,completed,sold,1,2026-06-08 16:07:34.911959+00,2026-06-08 16:07:58.45474+00,2026-06-08 16:07:58.560795+00,0.106055,23.648836,
e8bbaea6-b706-4260-9da2-7548e99cc0c8,numbered,37666,completed,sold,1,2026-06-08 16:07:34.92097+00,2026-06-08 16:07:58.49566+00,2026-06-08 16:07:58.600414+00,0.104754,23.679444,
5c557aa8-783e-4b46-a1f4-b7ef5f55731f,numbered,7295,completed,sold,1,2026-06-08 16:07:34.928538+00,2026-06-08 16:07:58.563316+00,2026-06-08 16:07:58.667667+00,0.104351,23.739129,
7f8e1209-bc1e-4fd5-ad4c-78e33716a1fc,numbered,50319,completed,sold,1,2026-06-08 16:07:34.936798+00,2026-06-08 16:07:58.5729+00,2026-06-08 16:07:58.677501+00,0.104601,23.740703,
14e4db8a-3bc2-4622-a7f5-a210c1fe7afc,numbered,53099,completed,sold,1,2026-06-08 16:07:34.945242+00,2026-06-08 16:07:58.586154+00,2026-06-08 16:07:58.692002+00,0.105848,23.746760,
d9577af8-b06d-4f14-8928-7f105691800d,numbered,77612,completed,sold,1,2026-06-08 16:07:34.953524+00,2026-06-08 16:07:58.622432+00,2026-06-08 16:07:58.727021+00,0.104589,23.773497,
3f3ceb7c-8131-4cef-b071-b6712b10d4ac,numbered,43917,completed,sold,1,2026-06-08 16:07:34.962009+00,2026-06-08 16:07:58.690184+00,2026-06-08 16:07:58.794826+00,0.104642,23.832817,
f0fd332b-21df-42d9-bd51-ba3de9d83376,numbered,76242,completed,sold,1,2026-06-08 16:07:34.970355+00,2026-06-08 16:07:58.701607+00,2026-06-08 16:07:58.805957+00,0.104350,23.835602,
97a88e15-d5c1-4357-930f-63f84d29240e,numbered,58707,completed,sold,1,2026-06-08 16:07:34.978509+00,2026-06-08 16:07:58.717042+00,2026-06-08 16:07:58.822846+00,0.105804,23.844337,
b7e474a2-051b-4f3b-a79b-c2e253f21b16,numbered,22183,completed,sold,1,2026-06-08 16:07:34.986966+00,2026-06-08 16:07:58.749024+00,2026-06-08 16:07:58.853397+00,0.104373,23.866431,
5f422c76-3c1e-465c-8305-edc7e2aba851,numbered,3594,completed,sold,1,2026-06-08 16:07:34.995288+00,2026-06-08 16:07:58.816687+00,2026-06-08 16:07:58.921979+00,0.105292,23.926691,
128e3d26-afc3-47fd-b490-9c88d672fac8,numbered,37415,completed,sold,1,2026-06-08 16:07:35.003935+00,2026-06-08 16:07:58.827733+00,2026-06-08 16:07:58.932107+00,0.104374,23.928172,
18926d90-b963-4b4f-83c1-29927a9d64af,numbered,33186,completed,sold,1,2026-06-08 16:07:35.012094+00,2026-06-08 16:07:58.847827+00,2026-06-08 16:07:58.954088+00,0.106261,23.941994,
afbce2cb-e694-47c7-bc4b-ab17dde5948d,numbered,48039,completed,sold,1,2026-06-08 16:07:35.020183+00,2026-06-08 16:07:58.875218+00,2026-06-08 16:07:58.980086+00,0.104868,23.959903,
ff376231-5d88-4433-8598-ebd29f9c44fb,numbered,69741,completed,sold,1,2026-06-08 16:07:35.02849+00,2026-06-08 16:07:58.943823+00,2026-06-08 16:07:59.048374+00,0.104551,24.019884,
8184ec3b-1762-4669-82bc-890c7b61a743,numbered,78710,completed,sold,1,2026-06-08 16:07:35.036969+00,2026-06-08 16:07:58.955352+00,2026-06-08 16:07:59.059821+00,0.104469,24.022852,
e8f917f3-f6e1-43fd-9e19-782faae34b7a,numbered,39729,completed,sold,1,2026-06-08 16:07:35.045386+00,2026-06-08 16:07:58.978991+00,2026-06-08 16:07:59.084445+00,0.105454,24.039059,
4157e148-9f92-4f0c-91e4-c7a6d99ae4d4,numbered,87882,completed,sold,1,2026-06-08 16:07:35.053502+00,2026-06-08 16:07:59.0021+00,2026-06-08 16:07:59.107289+00,0.105189,24.053787,
f51d5287-21cb-4fde-b1a5-5bc2c48818f5,numbered,38655,completed,sold,1,2026-06-08 16:07:35.062042+00,2026-06-08 16:07:59.070733+00,2026-06-08 16:07:59.175287+00,0.104554,24.113245,
d3dc2e3e-bf63-4b36-8a2a-5cc0b5c4a477,numbered,98166,completed,sold,1,2026-06-08 16:07:35.070386+00,2026-06-08 16:07:59.081522+00,2026-06-08 16:07:59.185814+00,0.104292,24.115428,
61c39d70-e4d7-4ef4-a897-2b1a9b8c20b7,numbered,28526,completed,sold,1,2026-06-08 16:07:35.078668+00,2026-06-08 16:07:59.110809+00,2026-06-08 16:07:59.216195+00,0.105386,24.137527,
b808b1ba-aa6c-4bd2-b92f-f3b0e35627c0,numbered,89858,completed,sold,1,2026-06-08 16:07:35.087044+00,2026-06-08 16:07:59.129074+00,2026-06-08 16:07:59.234354+00,0.105280,24.147310,
cbdbec8e-5cfa-49d4-a084-4869d06dd639,numbered,15067,completed,sold,1,2026-06-08 16:07:35.09524+00,2026-06-08 16:07:59.196961+00,2026-06-08 16:07:59.30178+00,0.104819,24.206540,
3cbc42ec-9ebe-4065-8860-06d8132b7d15,numbered,19149,completed,sold,1,2026-06-08 16:07:35.103684+00,2026-06-08 16:07:59.207584+00,2026-06-08 16:07:59.311872+00,0.104288,24.208188,
995bc0f3-d580-4485-b5ac-4013f1c1a4a1,numbered,78437,completed,sold,1,2026-06-08 16:07:35.11236+00,2026-06-08 16:07:59.242518+00,2026-06-08 16:07:59.348276+00,0.105758,24.235916,
64fd9c73-80c8-4727-90f9-d8e2101ca7d4,numbered,96496,completed,sold,1,2026-06-08 16:07:35.120514+00,2026-06-08 16:07:59.257583+00,2026-06-08 16:07:59.362569+00,0.104986,24.242055,
881817c4-aa63-46aa-b9cd-90a326015750,numbered,45093,completed,sold,1,2026-06-08 16:07:35.128602+00,2026-06-08 16:07:59.323569+00,2026-06-08 16:07:59.427959+00,0.104390,24.299357,
0aa42ec2-720e-4aa9-a736-26c2bbaf8491,numbered,48239,completed,sold,1,2026-06-08 16:07:35.137115+00,2026-06-08 16:07:59.333655+00,2026-06-08 16:07:59.438199+00,0.104544,24.301084,
d9675d13-5b3f-49c1-ac6c-bd81e8fdc3c0,numbered,1337,completed,sold,1,2026-06-08 16:07:35.14543+00,2026-06-08 16:07:59.375083+00,2026-06-08 16:07:59.480601+00,0.105518,24.335171,
9e79c61d-0a9a-4882-9e05-9a7796e95d99,numbered,89971,completed,sold,1,2026-06-08 16:07:35.153522+00,2026-06-08 16:07:59.384509+00,2026-06-08 16:07:59.489834+00,0.105325,24.336312,
c918f997-f608-4cfc-baa3-6ce5341ed02a,numbered,66397,completed,sold,1,2026-06-08 16:07:35.162028+00,2026-06-08 16:07:59.450287+00,2026-06-08 16:07:59.554695+00,0.104408,24.392667,
26292742-2a22-4071-b67c-bb0767b8d9da,numbered,80863,completed,sold,1,2026-06-08 16:07:35.17039+00,2026-06-08 16:07:59.460165+00,2026-06-08 16:07:59.564789+00,0.104624,24.394399,
d0b53793-dd36-4ef9-aef0-17738914e8af,numbered,50853,completed,sold,1,2026-06-08 16:07:35.178795+00,2026-06-08 16:07:59.505623+00,2026-06-08 16:07:59.611365+00,0.105742,24.432570,
1ca15bad-3149-4628-92b0-dd3cb402b1dd,numbered,25323,completed,sold,1,2026-06-08 16:07:35.186927+00,2026-06-08 16:07:59.512104+00,2026-06-08 16:07:59.618188+00,0.106084,24.431261,
005aa9e6-8a82-4e90-b66f-a709bbda2d82,numbered,85295,completed,sold,1,2026-06-08 16:07:35.195271+00,2026-06-08 16:07:59.576733+00,2026-06-08 16:07:59.681495+00,0.104762,24.486224,
96c48bce-f482-4668-84c7-3624841b1e62,numbered,7924,completed,sold,1,2026-06-08 16:07:35.204401+00,2026-06-08 16:07:59.586521+00,2026-06-08 16:07:59.691486+00,0.104965,24.487085,
f7aaf0d1-806a-49a9-bde6-27765ca6f204,numbered,44883,completed,sold,1,2026-06-08 16:07:35.212062+00,2026-06-08 16:07:59.635895+00,2026-06-08 16:07:59.741504+00,0.105609,24.529442,
b00bf642-866d-43aa-bb2e-f6e27839d571,numbered,83997,completed,sold,1,2026-06-08 16:07:35.220576+00,2026-06-08 16:07:59.640598+00,2026-06-08 16:07:59.74558+00,0.104982,24.525004,
c6b06a63-7fa8-4de2-b93d-e40bbe7ede2c,numbered,34261,completed,sold,1,2026-06-08 16:07:35.229019+00,2026-06-08 16:07:59.703823+00,2026-06-08 16:07:59.808462+00,0.104639,24.579443,
65ce5f3a-1865-440e-9d0b-2e8565372ffe,numbered,49132,completed,sold,1,2026-06-08 16:07:35.237208+00,2026-06-08 16:07:59.712664+00,2026-06-08 16:07:59.81726+00,0.104596,24.580052,
2776edb0-4512-4a42-815e-4fc6a7c16fb3,numbered,27245,completed,seat_unavailable,1,2026-06-08 16:07:35.253992+00,2026-06-08 16:07:59.769528+00,2026-06-08 16:07:59.872321+00,0.102793,24.618329,
b15a8e00-f724-4381-8e40-10770bb829c7,numbered,40388,completed,sold,1,2026-06-08 16:07:35.245575+00,2026-06-08 16:07:59.768109+00,2026-06-08 16:07:59.873717+00,0.105608,24.628142,
6984844e-fa12-4b6c-a8f5-f43331c11a7b,numbered,32503,completed,sold,1,2026-06-08 16:07:35.262043+00,2026-06-08 16:07:59.830248+00,2026-06-08 16:07:59.934854+00,0.104606,24.672811,
3422f8b7-d775-40b3-a102-477054e53099,numbered,42884,completed,sold,1,2026-06-08 16:07:35.2706+00,2026-06-08 16:07:59.838406+00,2026-06-08 16:07:59.943518+00,0.105112,24.672918,
e341109b-8552-46bf-ba53-3cb594478306,numbered,37533,completed,sold,1,2026-06-08 16:07:35.278614+00,2026-06-08 16:07:59.895816+00,2026-06-08 16:08:00.024738+00,0.128922,24.746124,
9536245e-c302-4e65-ac45-24c3fcb3a557,numbered,13288,completed,sold,1,2026-06-08 16:07:35.287042+00,2026-06-08 16:07:59.898851+00,2026-06-08 16:08:00.040004+00,0.141153,24.752962,
5c7bddb7-0ed5-4525-a4f3-f4098132fe4b,numbered,71420,completed,sold,1,2026-06-08 16:07:35.295287+00,2026-06-08 16:07:59.95659+00,2026-06-08 16:08:00.066381+00,0.109791,24.771094,
86ba61c7-bcd6-4e40-8a15-3b27db68c340,numbered,95615,completed,sold,1,2026-06-08 16:07:35.303655+00,2026-06-08 16:07:59.964305+00,2026-06-08 16:08:00.086878+00,0.122573,24.783223,
1e4ad96d-1186-4bea-a17f-efec64866e47,numbered,51288,completed,sold,1,2026-06-08 16:07:35.328676+00,2026-06-08 16:08:00.118532+00,2026-06-08 16:08:00.224361+00,0.105829,24.895685,
4783f30c-b712-4d00-8bf7-56f201b7af2b,numbered,98486,completed,sold,1,2026-06-08 16:07:35.311899+00,2026-06-08 16:08:00.125984+00,2026-06-08 16:08:00.232781+00,0.106797,24.920882,
750e474a-48c6-40e9-a79f-dcd2d35d6ac6,numbered,58103,completed,sold,1,2026-06-08 16:07:35.320468+00,2026-06-08 16:08:00.137052+00,2026-06-08 16:08:00.243901+00,0.106849,24.923433,
5e0802ff-0537-44b2-907b-cb2c601317be,numbered,30717,completed,sold,1,2026-06-08 16:07:35.336827+00,2026-06-08 16:08:00.149135+00,2026-06-08 16:08:00.256752+00,0.107617,24.919925,
efb93274-0a71-443e-9061-cea89e6a6cc5,numbered,16471,completed,sold,1,2026-06-08 16:07:35.345267+00,2026-06-08 16:08:00.248529+00,2026-06-08 16:08:00.353328+00,0.104799,25.008061,
16267368-598b-4642-937f-bd81795a1cdd,numbered,33763,completed,sold,1,2026-06-08 16:07:35.353779+00,2026-06-08 16:08:00.265511+00,2026-06-08 16:08:00.372132+00,0.106621,25.018353,
5d8c7c19-758d-4930-9e09-b1f35502086b,numbered,81596,completed,sold,1,2026-06-08 16:07:35.362019+00,2026-06-08 16:08:00.271779+00,2026-06-08 16:08:00.37804+00,0.106261,25.016021,
609ced72-dc99-4bc7-a5d5-ecb031abbc39,numbered,23716,completed,sold,1,2026-06-08 16:07:35.370494+00,2026-06-08 16:08:00.283369+00,2026-06-08 16:08:00.388299+00,0.104930,25.017805,
dc035187-5a69-4ae3-b7d1-e61adef317a1,numbered,35789,completed,sold,1,2026-06-08 16:07:35.379489+00,2026-06-08 16:08:00.377337+00,2026-06-08 16:08:00.482168+00,0.104831,25.102679,
65701233-7f23-4703-95b3-83b34b0dd877,numbered,55820,completed,sold,1,2026-06-08 16:07:35.387201+00,2026-06-08 16:08:00.397264+00,2026-06-08 16:08:00.502877+00,0.105613,25.115676,
2b03cef9-dca4-43e1-8a33-5416848ff5ec,numbered,28596,completed,seat_unavailable,1,2026-06-08 16:07:35.395914+00,2026-06-08 16:08:00.40419+00,2026-06-08 16:08:00.508268+00,0.104078,25.112354,
fbb578e9-2a5c-4fb5-a486-6d008da3bab9,numbered,51877,completed,sold,1,2026-06-08 16:07:35.40379+00,2026-06-08 16:08:00.412588+00,2026-06-08 16:08:00.517817+00,0.105229,25.114027,
5a840154-292c-4a33-a15b-a32033dbf995,numbered,74254,completed,sold,1,2026-06-08 16:07:35.412037+00,2026-06-08 16:08:00.503984+00,2026-06-08 16:08:00.608578+00,0.104594,25.196541,
e252f12f-0e0a-46f6-ab06-c195d5ded9c7,numbered,23855,completed,sold,1,2026-06-08 16:07:35.420522+00,2026-06-08 16:08:00.527892+00,2026-06-08 16:08:00.632642+00,0.104750,25.212120,
2f1acab4-214c-4b6e-a9a0-07f1bbfdf39a,numbered,93919,completed,sold,1,2026-06-08 16:07:35.428657+00,2026-06-08 16:08:00.533951+00,2026-06-08 16:08:00.64053+00,0.106579,25.211873,
1449d6d7-572b-485a-9cfc-0ba24f2f3f3f,numbered,46520,completed,sold,1,2026-06-08 16:07:35.437018+00,2026-06-08 16:08:00.540816+00,2026-06-08 16:08:00.645451+00,0.104635,25.208433,
992b9c75-d1c1-46af-8012-ad9afda00974,numbered,28005,completed,sold,1,2026-06-08 16:07:35.445274+00,2026-06-08 16:08:00.630311+00,2026-06-08 16:08:00.735004+00,0.104693,25.289730,
1e504e48-da7c-4857-b018-71dacdeb2f08,numbered,24693,completed,sold,1,2026-06-08 16:07:35.453673+00,2026-06-08 16:08:00.656993+00,2026-06-08 16:08:00.761528+00,0.104535,25.307855,
060016b2-4284-4764-89cf-48d1582445b3,numbered,15259,completed,sold,1,2026-06-08 16:07:35.470318+00,2026-06-08 16:08:00.669573+00,2026-06-08 16:08:00.774616+00,0.105043,25.304298,
8fe2de99-48ce-4b15-9ced-663d86cd6056,numbered,37626,completed,sold,1,2026-06-08 16:07:35.462026+00,2026-06-08 16:08:00.67118+00,2026-06-08 16:08:00.77684+00,0.105660,25.314814,
c18807fe-6ac0-4628-b326-dc8c86c3c28b,numbered,98874,completed,sold,1,2026-06-08 16:07:35.478841+00,2026-06-08 16:08:00.756865+00,2026-06-08 16:08:00.861363+00,0.104498,25.382522,
680dd7f4-6519-4a32-b680-931448db7c7c,numbered,86808,completed,sold,1,2026-06-08 16:07:35.487142+00,2026-06-08 16:08:00.788353+00,2026-06-08 16:08:00.893068+00,0.104715,25.405926,
3cfb6cfc-dc74-45b9-906f-818a028b737f,numbered,36235,completed,sold,1,2026-06-08 16:07:35.495577+00,2026-06-08 16:08:00.799837+00,2026-06-08 16:08:00.904042+00,0.104205,25.408465,
35744630-e639-463f-8df0-efa348a60313,numbered,42858,completed,sold,1,2026-06-08 16:07:35.503882+00,2026-06-08 16:08:00.803729+00,2026-06-08 16:08:00.909533+00,0.105804,25.405651,
04381ecc-c404-4a71-992e-915a186900f6,numbered,56395,completed,sold,1,2026-06-08 16:07:35.512156+00,2026-06-08 16:08:00.882302+00,2026-06-08 16:08:00.986726+00,0.104424,25.474570,
47b48bc8-30ad-4ec5-a516-743acf75f6ba,numbered,19569,completed,sold,1,2026-06-08 16:07:35.520493+00,2026-06-08 16:08:00.919216+00,2026-06-08 16:08:01.024092+00,0.104876,25.503599,
274ba840-4c11-4106-820a-ddf98f48939e,numbered,7834,completed,sold,1,2026-06-08 16:07:35.528867+00,2026-06-08 16:08:00.928929+00,2026-06-08 16:08:01.0343+00,0.105371,25.505433,
b02e1c5b-86d4-4d5d-81c0-25ced9a90a9d,numbered,36401,completed,sold,1,2026-06-08 16:07:35.537254+00,2026-06-08 16:08:00.935174+00,2026-06-08 16:08:01.042561+00,0.107387,25.505307,
9bbf7416-a9ff-46d4-bdbb-8d129732d78c,numbered,19365,completed,sold,1,2026-06-08 16:07:35.545385+00,2026-06-08 16:08:01.007387+00,2026-06-08 16:08:01.113103+00,0.105716,25.567718,
5336412f-0fbc-4b6a-ba1c-bbfbe7722dd1,numbered,40180,completed,sold,1,2026-06-08 16:07:35.553721+00,2026-06-08 16:08:01.052221+00,2026-06-08 16:08:01.157727+00,0.105506,25.604006,
51b7ae84-bb8d-4535-9aa9-654fe5f9589a,numbered,22114,completed,sold,1,2026-06-08 16:07:35.562681+00,2026-06-08 16:08:01.058333+00,2026-06-08 16:08:01.165681+00,0.107348,25.603000,
a94eea7a-858a-4a1b-83fd-8d0cd18fe45f,numbered,25983,completed,sold,1,2026-06-08 16:07:35.570492+00,2026-06-08 16:08:01.069535+00,2026-06-08 16:08:01.179862+00,0.110327,25.609370,
9fb95024-6819-4e54-b0d8-a26717d4caa5,numbered,81534,completed,sold,1,2026-06-08 16:07:35.578583+00,2026-06-08 16:08:01.148054+00,2026-06-08 16:08:01.255137+00,0.107083,25.676554,
bf4e1e3f-b89d-46ad-9591-0d1a4bdae541,numbered,71679,completed,sold,1,2026-06-08 16:07:35.586872+00,2026-06-08 16:08:01.188431+00,2026-06-08 16:08:01.304964+00,0.116533,25.718092,
1a923ea1-8004-4bd3-a28d-c9850ceea814,numbered,12273,completed,sold,1,2026-06-08 16:07:35.595408+00,2026-06-08 16:08:01.199759+00,2026-06-08 16:08:01.314137+00,0.114378,25.718729,
b6b00f89-2c10-4f76-b064-386cde4a5ace,numbered,1322,completed,sold,1,2026-06-08 16:07:35.603757+00,2026-06-08 16:08:01.226263+00,2026-06-08 16:08:01.341356+00,0.115093,25.737599,
f6e97966-daf4-489a-8c27-8898d3d53460,numbered,66358,completed,sold,1,2026-06-08 16:07:35.612107+00,2026-06-08 16:08:01.290425+00,2026-06-08 16:08:01.416919+00,0.126494,25.804812,
a28dd668-3c0c-4d3e-8118-b47a1845864f,numbered,66865,completed,sold,1,2026-06-08 16:07:35.620595+00,2026-06-08 16:08:01.352279+00,2026-06-08 16:08:01.465359+00,0.113080,25.844764,
99aa0b71-526f-4560-9daf-b39af6ff95b7,numbered,50893,completed,sold,1,2026-06-08 16:07:35.628722+00,2026-06-08 16:08:01.357697+00,2026-06-08 16:08:01.467212+00,0.109515,25.838490,
a00b9704-9445-458a-9123-1a4d343a040c,numbered,92143,completed,sold,1,2026-06-08 16:07:35.637027+00,2026-06-08 16:08:01.441184+00,2026-06-08 16:08:01.553101+00,0.111917,25.916074,
ff8ae102-de08-47d4-969b-0d15d050f142,numbered,20597,completed,sold,1,2026-06-08 16:07:35.645398+00,2026-06-08 16:08:01.494372+00,2026-06-08 16:08:01.614379+00,0.120007,25.968981,
c1a486be-c9e2-4e72-a2f2-779fdd865b11,numbered,54110,completed,sold,1,2026-06-08 16:07:35.662058+00,2026-06-08 16:08:01.526547+00,2026-06-08 16:08:01.648385+00,0.121838,25.986327,
1882c9aa-f881-4536-8818-2bb1da99ac4c,numbered,71292,completed,sold,1,2026-06-08 16:07:35.65361+00,2026-06-08 16:08:01.538042+00,2026-06-08 16:08:01.659102+00,0.121060,26.005492,
7b3b02e1-82cd-4b6e-b74a-1b6430dea212,numbered,46720,completed,sold,1,2026-06-08 16:07:35.670587+00,2026-06-08 16:08:01.638059+00,2026-06-08 16:08:01.746834+00,0.108775,26.076247,
244dae51-f10d-4ea1-8f32-8ca702970e99,numbered,11737,completed,seat_unavailable,1,2026-06-08 16:07:35.686989+00,2026-06-08 16:08:01.710067+00,2026-06-08 16:08:01.822289+00,0.112222,26.135300,
60d539ef-5d35-470c-8d04-821220d815a4,numbered,29917,completed,sold,1,2026-06-08 16:07:35.678957+00,2026-06-08 16:08:01.711813+00,2026-06-08 16:08:01.833011+00,0.121198,26.154054,
6a3170aa-ba19-4c1a-96f1-f2c4ea29ec73,numbered,79922,completed,sold,1,2026-06-08 16:07:35.695278+00,2026-06-08 16:08:01.723741+00,2026-06-08 16:08:01.856157+00,0.132416,26.160879,
2ff85b2b-32ca-4ada-9491-7824de9e246e,numbered,36265,completed,sold,1,2026-06-08 16:07:35.70383+00,2026-06-08 16:08:01.808866+00,2026-06-08 16:08:01.922177+00,0.113311,26.218347,
1b7624df-9abe-41ed-9e52-0558d4b95c8a,numbered,19588,completed,sold,1,2026-06-08 16:07:35.711955+00,2026-06-08 16:08:01.891821+00,2026-06-08 16:08:02.011865+00,0.120044,26.299910,
69f60d17-99a5-429d-ad37-b29b2abf688a,numbered,39260,completed,sold,1,2026-06-08 16:07:35.720393+00,2026-06-08 16:08:01.906394+00,2026-06-08 16:08:02.018166+00,0.111772,26.297773,
ccda1b79-f217-4cd0-bf4f-2eec903d6bba,numbered,5463,completed,sold,1,2026-06-08 16:07:35.728839+00,2026-06-08 16:08:01.911542+00,2026-06-08 16:08:02.027793+00,0.116251,26.298954,
9e2df4fc-fdaa-4df9-b954-57002e9765a5,numbered,72485,completed,sold,1,2026-06-08 16:07:35.737014+00,2026-06-08 16:08:01.980967+00,2026-06-08 16:08:02.088981+00,0.108014,26.351967,
7b09151c-b52c-4b23-a36e-86cb74af3b2c,numbered,88983,completed,sold,1,2026-06-08 16:07:35.755285+00,2026-06-08 16:08:02.068963+00,2026-06-08 16:08:02.175421+00,0.106458,26.420136,
7d6385c2-ebe4-4f31-89cf-52b501b3b6f4,numbered,63747,completed,sold,1,2026-06-08 16:07:35.762229+00,2026-06-08 16:08:02.076403+00,2026-06-08 16:08:02.187971+00,0.111568,26.425742,
68104f76-e2c9-462c-8831-04d94af09f1f,numbered,74901,completed,sold,1,2026-06-08 16:07:35.745401+00,2026-06-08 16:08:02.084677+00,2026-06-08 16:08:02.193089+00,0.108412,26.447688,
bc5caa23-3034-4df1-ac5f-3bd43dd19730,numbered,50721,completed,sold,1,2026-06-08 16:07:35.770433+00,2026-06-08 16:08:02.17139+00,2026-06-08 16:08:02.278631+00,0.107241,26.508198,
c36de379-29b7-45e2-832b-9e3d9e921b6f,numbered,92864,completed,sold,1,2026-06-08 16:07:35.778734+00,2026-06-08 16:08:02.212071+00,2026-06-08 16:08:02.318416+00,0.106345,26.539682,
8bcaf22e-c9a5-4ca7-995e-6eba3c34a0d5,numbered,20401,completed,sold,1,2026-06-08 16:07:35.787109+00,2026-06-08 16:08:02.250596+00,2026-06-08 16:08:02.356484+00,0.105888,26.569375,
5c39be07-d4ee-4d84-a45f-89a72b93fc17,numbered,38018,completed,sold,1,2026-06-08 16:07:35.795497+00,2026-06-08 16:08:02.25077+00,2026-06-08 16:08:02.357534+00,0.106764,26.562037,
91c3b45a-3be3-4fef-b58c-3f0bf59de3b8,numbered,75472,completed,sold,1,2026-06-08 16:07:35.803962+00,2026-06-08 16:08:02.323633+00,2026-06-08 16:08:02.431241+00,0.107608,26.627279,
dbd1433e-1bcc-4954-ac22-3ed8c36efb10,numbered,41437,completed,sold,1,2026-06-08 16:07:35.812085+00,2026-06-08 16:08:02.348472+00,2026-06-08 16:08:02.454949+00,0.106477,26.642864,
c7228003-2c29-47c7-a9ef-a9d393c1348a,numbered,4924,completed,sold,1,2026-06-08 16:07:35.820526+00,2026-06-08 16:08:02.386433+00,2026-06-08 16:08:02.493164+00,0.106731,26.672638,
4a3573f4-92e1-4e85-847b-3b239365632d,numbered,51098,completed,sold,1,2026-06-08 16:07:35.82885+00,2026-06-08 16:08:02.38817+00,2026-06-08 16:08:02.495216+00,0.107046,26.666366,
7357f82d-ed60-4a45-9595-5949d37dc912,numbered,24773,completed,sold,1,2026-06-08 16:07:35.837457+00,2026-06-08 16:08:02.464497+00,2026-06-08 16:08:02.572267+00,0.107770,26.734810,
a88782a9-7fe3-4434-b093-b1c8778d0bc3,numbered,81139,completed,sold,1,2026-06-08 16:07:35.845361+00,2026-06-08 16:08:02.48638+00,2026-06-08 16:08:02.592198+00,0.105818,26.746837,
e0d903f0-9549-4748-87d0-9dbe331876c4,numbered,35493,completed,sold,1,2026-06-08 16:07:35.86218+00,2026-06-08 16:08:02.52045+00,2026-06-08 16:08:02.625718+00,0.105268,26.763538,
9c96caba-7d9c-4618-be5e-c7b4467df120,numbered,60859,completed,sold,1,2026-06-08 16:07:35.853669+00,2026-06-08 16:08:02.521441+00,2026-06-08 16:08:02.62684+00,0.105399,26.773171,
c5d1d67b-95d6-4a83-8e9c-b5b08a6e11c0,numbered,87274,completed,sold,1,2026-06-08 16:07:35.870485+00,2026-06-08 16:08:02.599764+00,2026-06-08 16:08:02.705528+00,0.105764,26.835043,
87d27de3-bf1c-446a-a77c-67cf5ae07ab9,numbered,32717,completed,sold,1,2026-06-08 16:07:35.878978+00,2026-06-08 16:08:02.619202+00,2026-06-08 16:08:02.724506+00,0.105304,26.845528,
fb3cf6f3-6320-4409-a4a6-9e0b1357a44e,numbered,76951,completed,sold,1,2026-06-08 16:07:35.887198+00,2026-06-08 16:08:02.651794+00,2026-06-08 16:08:02.758118+00,0.106324,26.870920,
cd28e073-f20a-4745-92a9-1f25cd0ed984,numbered,57399,completed,sold,1,2026-06-08 16:07:35.895626+00,2026-06-08 16:08:02.651822+00,2026-06-08 16:08:02.758168+00,0.106346,26.862542,
0491fb54-0a3c-497a-9cbb-f060e47e2deb,numbered,75895,completed,sold,1,2026-06-08 16:07:35.903984+00,2026-06-08 16:08:02.732381+00,2026-06-08 16:08:02.838297+00,0.105916,26.934313,
42588945-cd61-41e1-84a4-6eecb8a988cc,numbered,40428,completed,sold,1,2026-06-08 16:07:35.912419+00,2026-06-08 16:08:02.747511+00,2026-06-08 16:08:02.851888+00,0.104377,26.939469,
54921cf9-341c-4759-94fd-5c0d3c3803cb,numbered,25505,completed,sold,1,2026-06-08 16:07:35.920512+00,2026-06-08 16:08:02.780217+00,2026-06-08 16:08:02.885241+00,0.105024,26.964729,
7be6fa35-2e7c-46e9-bc31-44b974eee8d9,numbered,77595,completed,sold,1,2026-06-08 16:07:35.929081+00,2026-06-08 16:08:02.803401+00,2026-06-08 16:08:02.908621+00,0.105220,26.979540,
f19edbcf-85b8-4980-918c-233c5cf7f35a,numbered,56985,completed,sold,1,2026-06-08 16:07:35.937213+00,2026-06-08 16:08:02.867466+00,2026-06-08 16:08:02.973535+00,0.106069,27.036322,
9daa08ab-81b9-4b7e-a05d-e48bb05704de,numbered,28331,completed,sold,1,2026-06-08 16:07:35.94547+00,2026-06-08 16:08:02.874542+00,2026-06-08 16:08:02.979636+00,0.105094,27.034166,
d9c484b3-c098-4268-b8f6-f5480e2bbda4,numbered,42820,completed,sold,1,2026-06-08 16:07:35.954013+00,2026-06-08 16:08:02.907394+00,2026-06-08 16:08:03.013463+00,0.106069,27.059450,
e5816edd-33bb-4710-b7b2-79b21976e803,numbered,991,completed,sold,1,2026-06-08 16:07:35.96213+00,2026-06-08 16:08:02.93137+00,2026-06-08 16:08:03.036901+00,0.105531,27.074771,
12ce1015-1aa6-42af-96ae-de6675f3db92,numbered,87286,completed,sold,1,2026-06-08 16:07:35.97055+00,2026-06-08 16:08:02.999458+00,2026-06-08 16:08:03.106118+00,0.106660,27.135568,
b8cbad5b-69e9-4ba8-b578-7e5c37b002ed,numbered,91127,completed,sold,1,2026-06-08 16:07:35.978937+00,2026-06-08 16:08:03.002586+00,2026-06-08 16:08:03.108014+00,0.105428,27.129077,
c8a28d76-9cca-41b5-bf2d-55914844a7f7,numbered,72579,completed,sold,1,2026-06-08 16:07:35.987259+00,2026-06-08 16:08:03.037552+00,2026-06-08 16:08:03.141782+00,0.104230,27.154523,
a5b73a27-8193-476a-bdc4-aa306b04cc23,numbered,5696,completed,sold,1,2026-06-08 16:07:35.995402+00,2026-06-08 16:08:03.059962+00,2026-06-08 16:08:03.165739+00,0.105777,27.170337,
d71c7af2-7186-4cf6-b7bb-dea7a4b7bda1,numbered,83725,completed,sold,1,2026-06-08 16:07:36.012278+00,2026-06-08 16:08:03.136261+00,2026-06-08 16:08:03.241437+00,0.105176,27.229159,
a295591a-cd8f-4aee-8715-8d39f56c5ccf,numbered,68686,completed,sold,1,2026-06-08 16:07:36.005572+00,2026-06-08 16:08:03.136903+00,2026-06-08 16:08:03.242716+00,0.105813,27.237144,
1f115be8-aef3-42dc-8570-9f848a0a79fd,numbered,77198,completed,sold,1,2026-06-08 16:07:36.020526+00,2026-06-08 16:08:03.164738+00,2026-06-08 16:08:03.269958+00,0.105220,27.249432,
7a1b47ea-d574-4bb7-8610-bc2f467669bb,numbered,99290,completed,sold,1,2026-06-08 16:07:36.028881+00,2026-06-08 16:08:03.190372+00,2026-06-08 16:08:03.295421+00,0.105049,27.266540,
23577648-2436-4bfd-9d5f-48466816a9e1,numbered,78847,completed,sold,1,2026-06-08 16:07:36.037206+00,2026-06-08 16:08:03.266485+00,2026-06-08 16:08:03.372149+00,0.105664,27.334943,
f0b91a18-b919-459f-ba5a-295a76e17e18,numbered,22447,completed,sold,1,2026-06-08 16:07:36.045515+00,2026-06-08 16:08:03.269204+00,2026-06-08 16:08:03.375001+00,0.105797,27.329486,
bc9dfea8-0110-437d-b27d-445acf6d0513,numbered,31080,completed,sold,1,2026-06-08 16:07:36.05392+00,2026-06-08 16:08:03.292304+00,2026-06-08 16:08:03.398482+00,0.106178,27.344562,
f98acb4f-b0b7-4b72-a868-364883ed5f99,numbered,76935,completed,sold,1,2026-06-08 16:07:36.062349+00,2026-06-08 16:08:03.31744+00,2026-06-08 16:08:03.422796+00,0.105356,27.360447,
d2df55e0-c82d-45dd-b95e-8e0ab6ead09d,numbered,35199,completed,sold,1,2026-06-08 16:07:36.070493+00,2026-06-08 16:08:03.398538+00,2026-06-08 16:08:03.503411+00,0.104873,27.432918,
eee4e645-439b-4086-85a2-6dc55501da62,numbered,6846,completed,sold,1,2026-06-08 16:07:36.079339+00,2026-06-08 16:08:03.40335+00,2026-06-08 16:08:03.50994+00,0.106590,27.430601,
2a2f9e1e-4a0d-415e-a044-5e2a2826c22e,numbered,7938,completed,sold,1,2026-06-08 16:07:36.087104+00,2026-06-08 16:08:03.420831+00,2026-06-08 16:08:03.526231+00,0.105400,27.439127,
f9efc3eb-3c23-4e5e-a9d7-c7d14093b8fc,numbered,18769,completed,sold,1,2026-06-08 16:07:36.095457+00,2026-06-08 16:08:03.445336+00,2026-06-08 16:08:03.552522+00,0.107186,27.457065,
ea3ab3d6-4f59-4500-89c0-eeca0b641b97,numbered,78196,completed,sold,1,2026-06-08 16:07:36.105308+00,2026-06-08 16:08:03.528073+00,2026-06-08 16:08:03.633195+00,0.105122,27.527887,
bc8ab1e1-d418-435c-8a4c-a86bf15762b0,numbered,94917,completed,sold,1,2026-06-08 16:07:36.11258+00,2026-06-08 16:08:03.536255+00,2026-06-08 16:08:03.64246+00,0.106205,27.529880,
8cecc6a5-900d-4681-bb24-97426ed9908f,numbered,2172,completed,sold,1,2026-06-08 16:07:36.120652+00,2026-06-08 16:08:03.553137+00,2026-06-08 16:08:03.658061+00,0.104924,27.537409,
5a7295a0-8217-4e4b-bf31-e3fad1448c38,numbered,21391,completed,sold,1,2026-06-08 16:07:36.128877+00,2026-06-08 16:08:03.576413+00,2026-06-08 16:08:03.681781+00,0.105368,27.552904,
cd3888fb-8d56-4b7c-bc02-8bb7255b6247,numbered,6433,completed,sold,1,2026-06-08 16:07:36.137294+00,2026-06-08 16:08:03.655989+00,2026-06-08 16:08:03.760849+00,0.104860,27.623555,
5f9e3157-5344-418c-b7b9-63455da2c739,numbered,54300,completed,sold,1,2026-06-08 16:07:36.145529+00,2026-06-08 16:08:03.668318+00,2026-06-08 16:08:03.774438+00,0.106120,27.628909,
77e29df5-61c9-493f-bdbf-2419ce28324e,numbered,71523,completed,sold,1,2026-06-08 16:07:36.15383+00,2026-06-08 16:08:03.681312+00,2026-06-08 16:08:03.786338+00,0.105026,27.632508,
5ee5517b-0d73-4261-afa6-fafedcd5a5f0,numbered,90632,completed,sold,1,2026-06-08 16:07:36.162354+00,2026-06-08 16:08:03.706179+00,2026-06-08 16:08:03.811278+00,0.105099,27.648924,
e5fb9eff-593a-40a5-abc8-6831ad7fd44c,numbered,14617,completed,sold,1,2026-06-08 16:07:36.170448+00,2026-06-08 16:08:03.784181+00,2026-06-08 16:08:03.889182+00,0.105001,27.718734,
8004b62d-06f7-4eaa-a282-1fd2fd6557bd,numbered,92131,completed,sold,1,2026-06-08 16:07:36.179126+00,2026-06-08 16:08:03.801099+00,2026-06-08 16:08:03.907373+00,0.106274,27.728247,
94fce7b9-1411-478a-89fc-bab581a98ccb,numbered,87927,completed,seat_unavailable,1,2026-06-08 16:07:36.187382+00,2026-06-08 16:08:03.809082+00,2026-06-08 16:08:03.912049+00,0.102967,27.724667,
864331b9-1615-4588-b86d-94947f412ed0,numbered,92187,completed,sold,1,2026-06-08 16:07:36.195669+00,2026-06-08 16:08:03.837338+00,2026-06-08 16:08:03.942701+00,0.105363,27.747032,
980dd053-9ae4-414d-87a2-751c68cf0bc8,numbered,74674,completed,sold,1,2026-06-08 16:07:36.203968+00,2026-06-08 16:08:03.911771+00,2026-06-08 16:08:04.016636+00,0.104865,27.812668,
475347d6-d9fc-4c51-a987-7b935dfbd003,numbered,91305,completed,sold,1,2026-06-08 16:07:36.220456+00,2026-06-08 16:08:03.935388+00,2026-06-08 16:08:04.040409+00,0.105021,27.819953,
93c268ed-fa8c-432b-b04b-c1fa6c4e4e22,numbered,62046,completed,sold,1,2026-06-08 16:07:36.212411+00,2026-06-08 16:08:03.93416+00,2026-06-08 16:08:04.040642+00,0.106482,27.828231,
073729ee-5353-40a4-bd33-7b2833a7885a,numbered,35001,completed,sold,1,2026-06-08 16:07:36.228811+00,2026-06-08 16:08:03.966246+00,2026-06-08 16:08:04.071109+00,0.104863,27.842298,
fa959be2-1a1b-4d19-ab71-7d1ac2b6e769,numbered,31049,completed,sold,1,2026-06-08 16:07:36.237314+00,2026-06-08 16:08:04.041318+00,2026-06-08 16:08:04.146227+00,0.104909,27.908913,
96c83f92-31b6-46d3-b3c2-3f34bc3e05e2,numbered,77977,completed,sold,1,2026-06-08 16:07:36.245652+00,2026-06-08 16:08:04.066023+00,2026-06-08 16:08:04.171138+00,0.105115,27.925486,
a8ce18f1-59ec-48e5-a48d-81e3988d8e40,numbered,49739,completed,sold,1,2026-06-08 16:07:36.254005+00,2026-06-08 16:08:04.067896+00,2026-06-08 16:08:04.173726+00,0.105830,27.919721,
dc69f3a5-c893-40e2-93d5-1676368dd500,numbered,47514,completed,sold,1,2026-06-08 16:07:36.262254+00,2026-06-08 16:08:04.092952+00,2026-06-08 16:08:04.198235+00,0.105283,27.935981,
57d88c1a-df7c-4573-bb72-dce7f7fd7be8,numbered,97486,completed,sold,1,2026-06-08 16:07:36.270607+00,2026-06-08 16:08:04.167597+00,2026-06-08 16:08:04.272225+00,0.104628,28.001618,
9c15de7f-1f3d-4971-a1a8-554e15dc8a2f,numbered,15354,completed,sold,1,2026-06-08 16:07:36.279382+00,2026-06-08 16:08:04.19359+00,2026-06-08 16:08:04.29803+00,0.104440,28.018648,
ddd67cd7-b749-4d42-8d64-82bd7ab26754,numbered,23404,completed,sold,1,2026-06-08 16:07:36.287317+00,2026-06-08 16:08:04.200365+00,2026-06-08 16:08:04.306773+00,0.106408,28.019456,
cb5e2b23-026c-4a14-b3df-9c196f957e72,numbered,43337,completed,sold,1,2026-06-08 16:07:36.295578+00,2026-06-08 16:08:04.221209+00,2026-06-08 16:08:04.326497+00,0.105288,28.030919,
7d16f2c5-3ee2-410b-8755-e8b84cf72619,numbered,98327,completed,sold,1,2026-06-08 16:07:36.304003+00,2026-06-08 16:08:04.293681+00,2026-06-08 16:08:04.398468+00,0.104787,28.094465,
d1241e5b-a93d-49c8-a986-06b1be062c73,numbered,61962,completed,sold,1,2026-06-08 16:07:36.31266+00,2026-06-08 16:08:04.321363+00,2026-06-08 16:08:04.425725+00,0.104362,28.113065,
07642be1-92e3-4dcf-a999-009e030f20a7,numbered,54735,completed,sold,1,2026-06-08 16:07:36.320642+00,2026-06-08 16:08:04.333947+00,2026-06-08 16:08:04.440324+00,0.106377,28.119682,
b598a2c6-4948-4ef5-93c9-876b3a6aaefe,numbered,64355,completed,sold,1,2026-06-08 16:07:36.328982+00,2026-06-08 16:08:04.349785+00,2026-06-08 16:08:04.454338+00,0.104553,28.125356,
7071009a-27b3-461a-9ab3-df7e3ae8f1bd,numbered,88062,completed,sold,1,2026-06-08 16:07:36.337293+00,2026-06-08 16:08:04.421106+00,2026-06-08 16:08:04.525784+00,0.104678,28.188491,
e058f479-385c-445d-b4a3-2dd1a2bcf6a2,numbered,76700,completed,sold,1,2026-06-08 16:07:36.34633+00,2026-06-08 16:08:04.449778+00,2026-06-08 16:08:04.554432+00,0.104654,28.208102,
c528dde1-82e9-4eb1-a5cf-7042ca04a29a,numbered,89404,completed,sold,1,2026-06-08 16:07:36.354016+00,2026-06-08 16:08:04.46831+00,2026-06-08 16:08:04.574761+00,0.106451,28.220745,
c16ab5dc-5d08-48a9-93fc-6ef8429cc1c8,numbered,95410,completed,sold,1,2026-06-08 16:07:36.362489+00,2026-06-08 16:08:04.477607+00,2026-06-08 16:08:04.583348+00,0.105741,28.220859,
2a35d780-e994-40d6-9d68-1c385c5dd48e,numbered,53861,completed,sold,1,2026-06-08 16:07:36.370584+00,2026-06-08 16:08:04.547623+00,2026-06-08 16:08:04.652374+00,0.104751,28.281790,
f1a79ca9-7f79-462d-8ca8-d71d01c34d92,numbered,61290,completed,sold,1,2026-06-08 16:07:36.378969+00,2026-06-08 16:08:04.577644+00,2026-06-08 16:08:04.682356+00,0.104712,28.303387,
f84d7781-e371-4ec0-8648-95ace38985f5,numbered,87489,completed,sold,1,2026-06-08 16:07:36.387432+00,2026-06-08 16:08:04.600358+00,2026-06-08 16:08:04.706389+00,0.106031,28.318957,
34cd1f15-88c9-4864-a531-4df0b3b521ae,numbered,29271,completed,sold,1,2026-06-08 16:07:36.395647+00,2026-06-08 16:08:04.605533+00,2026-06-08 16:08:04.710183+00,0.104650,28.314536,
a2b0c211-0755-4d73-86d0-47e01e2990b8,numbered,84839,completed,sold,1,2026-06-08 16:07:36.404052+00,2026-06-08 16:08:04.673668+00,2026-06-08 16:08:04.778443+00,0.104775,28.374391,
fec0695b-69e8-4a91-9804-11e63b416c11,numbered,64456,completed,sold,1,2026-06-08 16:07:36.412467+00,2026-06-08 16:08:04.705048+00,2026-06-08 16:08:04.809539+00,0.104491,28.397072,
49eae2da-4ff7-43f6-a4ac-264cc0c5ef33,numbered,88511,completed,sold,1,2026-06-08 16:07:36.429061+00,2026-06-08 16:08:04.733505+00,2026-06-08 16:08:04.839216+00,0.105711,28.410155,
c6d5510c-419a-447c-b622-565f7fe7d21f,numbered,16036,completed,sold,1,2026-06-08 16:07:36.420638+00,2026-06-08 16:08:04.734032+00,2026-06-08 16:08:04.83988+00,0.105848,28.419242,
5981c50d-5165-4658-99c7-1718d50fbcf5,numbered,2748,completed,sold,1,2026-06-08 16:07:36.437617+00,2026-06-08 16:08:04.800883+00,2026-06-08 16:08:04.90597+00,0.105087,28.468353,
ad5c4028-5a84-4efc-97ba-4a20396142b2,numbered,95145,completed,sold,1,2026-06-08 16:07:36.445831+00,2026-06-08 16:08:04.831028+00,2026-06-08 16:08:04.935638+00,0.104610,28.489807,
aa24c731-0f73-484d-bd86-2db53b283a69,numbered,11139,completed,sold,1,2026-06-08 16:07:36.454174+00,2026-06-08 16:08:04.866472+00,2026-06-08 16:08:04.971612+00,0.105140,28.517438,
37f0b128-a0e7-4bbc-a001-bae4aae79a1a,numbered,33193,completed,sold,1,2026-06-08 16:07:36.463171+00,2026-06-08 16:08:04.867398+00,2026-06-08 16:08:04.972885+00,0.105487,28.509714,
36eda663-5064-493c-8fcc-fc5cf063be4c,numbered,15804,completed,sold,1,2026-06-08 16:07:36.470992+00,2026-06-08 16:08:04.928566+00,2026-06-08 16:08:05.033533+00,0.104967,28.562541,
3b5ffe10-5de9-4219-99aa-2500a8a53fad,numbered,37681,completed,sold,1,2026-06-08 16:07:36.480507+00,2026-06-08 16:08:04.956915+00,2026-06-08 16:08:05.061359+00,0.104444,28.580852,
5a0c9b5f-7076-4d34-b509-baadf1bb1291,numbered,32573,completed,sold,1,2026-06-08 16:07:36.487376+00,2026-06-08 16:08:04.996908+00,2026-06-08 16:08:05.102656+00,0.105748,28.615280,
0c0637a3-5d5b-4f8b-9fda-421065766bde,numbered,93767,completed,sold,1,2026-06-08 16:07:36.496084+00,2026-06-08 16:08:04.998355+00,2026-06-08 16:08:05.103974+00,0.105619,28.607890,
8cf77e57-7a81-4212-abf5-d49392292097,numbered,5280,completed,sold,1,2026-06-08 16:07:36.503982+00,2026-06-08 16:08:05.056599+00,2026-06-08 16:08:05.161357+00,0.104758,28.657375,
f8b92e62-ef3f-4363-bee6-f4d195ac74a8,numbered,1803,completed,sold,1,2026-06-08 16:07:36.512279+00,2026-06-08 16:08:05.083824+00,2026-06-08 16:08:05.189525+00,0.105701,28.677246,
3716b7c4-6245-4313-8f6f-a40be6656c99,numbered,72401,completed,sold,1,2026-06-08 16:07:36.528895+00,2026-06-08 16:08:05.130186+00,2026-06-08 16:08:05.236131+00,0.105945,28.707236,
c1c363e6-29a7-4b55-a4d1-56727e1cd2fe,numbered,9254,completed,sold,1,2026-06-08 16:07:36.520694+00,2026-06-08 16:08:05.132066+00,2026-06-08 16:08:05.237229+00,0.105163,28.716535,
bb8edda3-014b-4dfa-b2a6-0618cce02d93,numbered,52121,completed,sold,1,2026-06-08 16:07:36.537441+00,2026-06-08 16:08:05.182637+00,2026-06-08 16:08:05.287305+00,0.104668,28.749864,
db154374-bd6a-4b0d-a2c4-2f8535f8499a,numbered,95899,completed,sold,1,2026-06-08 16:07:36.545587+00,2026-06-08 16:08:05.211347+00,2026-06-08 16:08:05.315851+00,0.104504,28.770264,
1158e1d2-6558-4e36-baca-5d49d00cbb19,numbered,73684,completed,sold,1,2026-06-08 16:07:36.562574+00,2026-06-08 16:08:05.262929+00,2026-06-08 16:08:05.368756+00,0.105827,28.806182,
ccf0bf43-7f27-4a08-87a9-70ff71cf550c,numbered,14949,completed,sold,1,2026-06-08 16:07:36.554056+00,2026-06-08 16:08:05.26326+00,2026-06-08 16:08:05.369919+00,0.106659,28.815863,
f3030027-c07f-43db-8d28-0b9aa76eee7c,numbered,36842,completed,sold,1,2026-06-08 16:07:36.570868+00,2026-06-08 16:08:05.309085+00,2026-06-08 16:08:05.414241+00,0.105156,28.843373,
105093b8-effb-4a63-a4f5-035cfb1f57a1,numbered,54943,completed,sold,1,2026-06-08 16:07:36.579082+00,2026-06-08 16:08:05.338892+00,2026-06-08 16:08:05.443545+00,0.104653,28.864463,
a5575a37-e795-4697-bf73-0173fff95caa,numbered,86733,completed,sold,1,2026-06-08 16:07:36.587198+00,2026-06-08 16:08:05.395333+00,2026-06-08 16:08:05.50048+00,0.105147,28.913282,
1a50bc1a-c63c-430a-8c11-5cf260d1307e,numbered,89222,completed,sold,1,2026-06-08 16:07:36.59569+00,2026-06-08 16:08:05.39813+00,2026-06-08 16:08:05.504128+00,0.105998,28.908438,
e5821e29-7a22-4f56-a7be-213fb617bffb,numbered,55078,completed,sold,1,2026-06-08 16:07:36.603959+00,2026-06-08 16:08:05.435932+00,2026-06-08 16:08:05.54075+00,0.104818,28.936791,
b86755f0-2ea4-481c-b981-2be4d765a7a9,numbered,85559,completed,sold,1,2026-06-08 16:07:36.612408+00,2026-06-08 16:08:05.46549+00,2026-06-08 16:08:05.570798+00,0.105308,28.958390,
989f0e0d-2680-456b-8094-bf28e98d1b68,numbered,3086,completed,sold,1,2026-06-08 16:07:36.620804+00,2026-06-08 16:08:05.524031+00,2026-06-08 16:08:05.629223+00,0.105192,29.008419,
7b7bd005-4f95-41c4-817b-d44a07c38d3c,numbered,34364,completed,sold,1,2026-06-08 16:07:36.628855+00,2026-06-08 16:08:05.528475+00,2026-06-08 16:08:05.634166+00,0.105691,29.005311,
267b1ca7-fd47-4e42-94ed-214636a15c3f,numbered,97019,completed,sold,1,2026-06-08 16:07:36.637223+00,2026-06-08 16:08:05.562357+00,2026-06-08 16:08:05.667+00,0.104643,29.029777,
906ecef1-6d9e-4d5f-b20b-ddf80b2485d3,numbered,18107,completed,sold,1,2026-06-08 16:07:36.645626+00,2026-06-08 16:08:05.593628+00,2026-06-08 16:08:05.698187+00,0.104559,29.052561,
fc0ffab3-194f-416b-beaf-14aab0d39972,numbered,52706,completed,sold,1,2026-06-08 16:07:36.653991+00,2026-06-08 16:08:05.654225+00,2026-06-08 16:08:05.759533+00,0.105308,29.105542,
8572c2ff-b069-4921-a03d-6bff211bc3bb,numbered,11194,completed,sold,1,2026-06-08 16:07:36.662546+00,2026-06-08 16:08:05.65852+00,2026-06-08 16:08:05.764536+00,0.106016,29.101990,
b47967bd-47eb-4ffd-a79b-cf80cedfc7fd,numbered,17825,completed,sold,1,2026-06-08 16:07:36.670983+00,2026-06-08 16:08:05.688944+00,2026-06-08 16:08:05.793742+00,0.104798,29.122759,
63255ca9-044a-402f-8205-da15f81fc162,numbered,7491,completed,sold,1,2026-06-08 16:07:36.679253+00,2026-06-08 16:08:05.718916+00,2026-06-08 16:08:05.82332+00,0.104404,29.144067,
0537cbef-6a4e-4eab-86ea-79f80aef2a4e,numbered,22316,completed,sold,1,2026-06-08 16:07:36.687628+00,2026-06-08 16:08:05.785171+00,2026-06-08 16:08:05.890162+00,0.104991,29.202534,
a0ccbd0a-913a-421d-88b3-4b765121e08a,numbered,55091,completed,sold,1,2026-06-08 16:07:36.695978+00,2026-06-08 16:08:05.790433+00,2026-06-08 16:08:05.898179+00,0.107746,29.202201,
d7890722-8c5f-40b9-9f3c-b75ed771f251,numbered,236,completed,sold,1,2026-06-08 16:07:36.704064+00,2026-06-08 16:08:05.814803+00,2026-06-08 16:08:05.920184+00,0.105381,29.216120,
6b7cd7af-700f-4687-94ea-fe942cb6a320,numbered,77642,completed,sold,1,2026-06-08 16:07:36.712483+00,2026-06-08 16:08:05.844619+00,2026-06-08 16:08:05.949462+00,0.104843,29.236979,
db7f68d5-4658-4a0a-a9ee-171322ad6afa,numbered,53000,completed,sold,1,2026-06-08 16:07:36.720808+00,2026-06-08 16:08:05.913064+00,2026-06-08 16:08:06.018328+00,0.105264,29.297520,
07a45c56-34b0-42eb-9b21-87af97cada1a,numbered,3079,completed,sold,1,2026-06-08 16:07:36.729469+00,2026-06-08 16:08:05.922577+00,2026-06-08 16:08:06.028008+00,0.105431,29.298539,
4b60e79d-1786-4fe8-a8b4-d7c2a921c092,numbered,24616,completed,sold,1,2026-06-08 16:07:36.737412+00,2026-06-08 16:08:05.94168+00,2026-06-08 16:08:06.046771+00,0.105091,29.309359,
8fad2f76-645e-4f17-b08d-d638b7b0e42b,numbered,47581,completed,sold,1,2026-06-08 16:07:36.745674+00,2026-06-08 16:08:05.971713+00,2026-06-08 16:08:06.076289+00,0.104576,29.330615,
