request_id,mode,seat_id,status,result,attempts,enqueued_at,worker_started_at,completed_at,processing_seconds,end_to_end_seconds,error
eb9b2d94-f7a6-49c7-89be-0af9569e1eee,numbered,35457,completed,sold,1,2026-06-09 18:10:43.817014+00,2026-06-09 18:10:43.845428+00,2026-06-09 18:10:43.950658+00,0.105230,0.133644,
6fc57dd0-f216-452f-8fb8-cf46ef1a68ac,numbered,30832,completed,sold,1,2026-06-09 18:10:44.015024+00,2026-06-09 18:10:44.037313+00,2026-06-09 18:10:44.142156+00,0.104843,0.127132,
5effbf00-94c8-4b35-8740-2efee54df520,numbered,89450,completed,sold,1,2026-06-09 18:10:44.215118+00,2026-06-09 18:10:44.235781+00,2026-06-09 18:10:44.34078+00,0.104999,0.125662,
d9d78075-c7f0-4927-b865-d621fa3f40db,numbered,26398,completed,sold,1,2026-06-09 18:10:44.415185+00,2026-06-09 18:10:44.436236+00,2026-06-09 18:10:44.540761+00,0.104525,0.125576,
c4448b5e-e258-42c8-9497-adc063a343b9,numbered,21540,completed,sold,1,2026-06-09 18:10:44.615086+00,2026-06-09 18:10:44.636154+00,2026-06-09 18:10:44.741106+00,0.104952,0.126020,
b0d62983-c52c-439d-8016-604bfa3a6c40,numbered,19166,completed,sold,1,2026-06-09 18:10:44.816239+00,2026-06-09 18:10:44.837699+00,2026-06-09 18:10:44.942431+00,0.104732,0.126192,
668f3d19-5f69-4ebd-bce5-24de0887a23d,numbered,20603,completed,sold,1,2026-06-09 18:10:45.015224+00,2026-06-09 18:10:45.037245+00,2026-06-09 18:10:45.141783+00,0.104538,0.126559,
1a8dfbbc-b83e-4214-9ae5-de5dd5b068a6,numbered,16581,completed,sold,1,2026-06-09 18:10:45.215832+00,2026-06-09 18:10:45.236994+00,2026-06-09 18:10:45.341529+00,0.104535,0.125697,
963bfce8-5e08-49a8-8c74-0eff8556c83d,numbered,33694,completed,sold,1,2026-06-09 18:10:45.415049+00,2026-06-09 18:10:45.436333+00,2026-06-09 18:10:45.540979+00,0.104646,0.125930,
96bcd2c6-ce36-4e8d-9bf5-f5dce7e8bb49,numbered,42800,completed,sold,1,2026-06-09 18:10:45.615064+00,2026-06-09 18:10:45.636251+00,2026-06-09 18:10:45.740835+00,0.104584,0.125771,
29459999-fe27-47d5-b0f7-df671643a8de,numbered,79607,completed,sold,1,2026-06-09 18:10:45.814967+00,2026-06-09 18:10:45.835831+00,2026-06-09 18:10:45.940369+00,0.104538,0.125402,
eeb6ebfe-be05-455e-bb8f-b3f113d3f146,numbered,1827,completed,sold,1,2026-06-09 18:10:46.014971+00,2026-06-09 18:10:46.035999+00,2026-06-09 18:10:46.140861+00,0.104862,0.125890,
275d66d9-3ba2-44c6-ae65-bbdaed42fd17,numbered,93499,completed,sold,1,2026-06-09 18:10:46.215905+00,2026-06-09 18:10:46.237596+00,2026-06-09 18:10:46.341948+00,0.104352,0.126043,
9a38a3df-dc70-48b3-ba34-7dfc3d08dbe8,numbered,4814,completed,sold,1,2026-06-09 18:10:46.41493+00,2026-06-09 18:10:46.435495+00,2026-06-09 18:10:46.539941+00,0.104446,0.125011,
c3cef15a-7fc2-4cc3-b1bd-e5e0ef4adc0d,numbered,39839,completed,sold,1,2026-06-09 18:10:46.614922+00,2026-06-09 18:10:46.636035+00,2026-06-09 18:10:46.74047+00,0.104435,0.125548,
b851e661-022e-4308-8a02-a9ee1f438cc7,numbered,88313,completed,sold,1,2026-06-09 18:10:46.81494+00,2026-06-09 18:10:46.836425+00,2026-06-09 18:10:46.941176+00,0.104751,0.126236,
d0c1c9b9-2b1e-4e0d-b45f-be27e19b8f1a,numbered,153,completed,sold,1,2026-06-09 18:10:47.014991+00,2026-06-09 18:10:47.037073+00,2026-06-09 18:10:47.141786+00,0.104713,0.126795,
7b8792d0-afa3-408d-abca-888f73e116f1,numbered,4628,completed,sold,1,2026-06-09 18:10:47.214845+00,2026-06-09 18:10:47.236086+00,2026-06-09 18:10:47.340926+00,0.104840,0.126081,
4a9866bc-c0ea-4f90-8b96-fa0327b8b94c,numbered,50045,completed,sold,1,2026-06-09 18:10:47.414958+00,2026-06-09 18:10:47.443236+00,2026-06-09 18:10:47.548023+00,0.104787,0.133065,
4e1140b8-ad53-4051-8faf-5e3535924823,numbered,58977,completed,sold,1,2026-06-09 18:10:47.614857+00,2026-06-09 18:10:47.635931+00,2026-06-09 18:10:47.740824+00,0.104893,0.125967,
98a61c78-da50-48d8-a0cf-cd397ca3d121,numbered,13002,completed,sold,1,2026-06-09 18:10:47.814883+00,2026-06-09 18:10:47.837296+00,2026-06-09 18:10:47.941909+00,0.104613,0.127026,
1f40100b-052a-4019-b2e2-910ebf1e060b,numbered,78098,completed,sold,1,2026-06-09 18:10:48.01501+00,2026-06-09 18:10:48.037414+00,2026-06-09 18:10:48.142327+00,0.104913,0.127317,
b1be71c0-df40-40fb-817b-caf6bdac5e92,numbered,99436,completed,sold,1,2026-06-09 18:10:48.215218+00,2026-06-09 18:10:48.23851+00,2026-06-09 18:10:48.343378+00,0.104868,0.128160,
dda5b18e-e3df-43ee-9552-345f247858a9,numbered,59512,completed,sold,1,2026-06-09 18:10:48.414991+00,2026-06-09 18:10:48.437154+00,2026-06-09 18:10:48.541632+00,0.104478,0.126641,
8603526a-7e89-4882-a63e-2e1c58560380,numbered,56562,completed,sold,1,2026-06-09 18:10:48.614801+00,2026-06-09 18:10:48.635307+00,2026-06-09 18:10:48.739743+00,0.104436,0.124942,
effe1761-49a2-4bad-94de-7652352410ea,numbered,36854,completed,sold,1,2026-06-09 18:10:48.814799+00,2026-06-09 18:10:48.835004+00,2026-06-09 18:10:48.939357+00,0.104353,0.124558,
42a8d9db-ea22-4b80-89f8-3c5af4209b35,numbered,37832,completed,sold,1,2026-06-09 18:10:48.827154+00,2026-06-09 18:10:48.959835+00,2026-06-09 18:10:49.064887+00,0.105052,0.237733,
544ba3e6-7c88-4c7a-8f7b-26a2f125f572,numbered,64186,completed,sold,1,2026-06-09 18:10:48.839872+00,2026-06-09 18:10:49.087822+00,2026-06-09 18:10:49.192446+00,0.104624,0.352574,
ddb4089c-2044-46f9-b7a1-ee405901948c,numbered,99040,completed,sold,1,2026-06-09 18:10:48.852216+00,2026-06-09 18:10:49.213369+00,2026-06-09 18:10:49.317775+00,0.104406,0.465559,
6ffe2697-8f80-419b-b4b8-fc5c2a4e3a34,numbered,91096,completed,sold,1,2026-06-09 18:10:48.864972+00,2026-06-09 18:10:49.337288+00,2026-06-09 18:10:49.441758+00,0.104470,0.576786,
daaf4a9c-4e70-4527-8b2c-871bf1d0f1f5,numbered,55881,completed,sold,1,2026-06-09 18:10:48.877148+00,2026-06-09 18:10:49.462105+00,2026-06-09 18:10:49.566917+00,0.104812,0.689769,
32e95cfe-1968-43b4-837a-f7bd65b299e5,numbered,84035,completed,sold,1,2026-06-09 18:10:48.889789+00,2026-06-09 18:10:49.589319+00,2026-06-09 18:10:49.693761+00,0.104442,0.803972,
6cb6b328-a736-4694-b430-efcecdc62840,numbered,69234,completed,sold,1,2026-06-09 18:10:48.902192+00,2026-06-09 18:10:49.714303+00,2026-06-09 18:10:49.818675+00,0.104372,0.916483,
44957cb2-7ae3-4276-bbf6-e48d3d7f6b8c,numbered,64663,completed,sold,1,2026-06-09 18:10:48.914833+00,2026-06-09 18:10:49.839861+00,2026-06-09 18:10:49.944731+00,0.104870,1.029898,
c4da50d0-e9e6-4db7-8526-5813d3801501,numbered,60018,completed,sold,1,2026-06-09 18:10:48.927172+00,2026-06-09 18:10:49.96566+00,2026-06-09 18:10:50.070061+00,0.104401,1.142889,
46bd7284-31ed-40b8-aa17-6a06c51c1c09,numbered,40177,completed,sold,1,2026-06-09 18:10:48.93978+00,2026-06-09 18:10:50.09081+00,2026-06-09 18:10:50.195+00,0.104190,1.255220,
86ca20d0-074b-4aa8-86eb-235deda62aa2,numbered,58220,completed,sold,1,2026-06-09 18:10:48.952412+00,2026-06-09 18:10:50.216325+00,2026-06-09 18:10:50.321046+00,0.104721,1.368634,
a00a9281-a51a-4210-bad7-e35e01f93d73,numbered,99595,completed,sold,1,2026-06-09 18:10:48.964852+00,2026-06-09 18:10:50.345446+00,2026-06-09 18:10:50.450032+00,0.104586,1.485180,
ba50492a-d457-4b75-844b-ce2ab1fe4087,numbered,9834,completed,sold,1,2026-06-09 18:10:48.977097+00,2026-06-09 18:10:50.4719+00,2026-06-09 18:10:50.576841+00,0.104941,1.599744,
65bcdba8-fe51-467b-b574-7bb563225966,numbered,85456,completed,sold,1,2026-06-09 18:10:48.989773+00,2026-06-09 18:10:50.597684+00,2026-06-09 18:10:50.702171+00,0.104487,1.712398,
2bb4bfc0-cb7f-4f9f-9e3c-dcbb6130281e,numbered,32651,completed,sold,1,2026-06-09 18:10:49.0024+00,2026-06-09 18:10:50.722715+00,2026-06-09 18:10:50.827213+00,0.104498,1.824813,
aaac7c1b-0fe1-4205-923e-7bae5b50154a,numbered,89956,completed,sold,1,2026-06-09 18:10:49.014802+00,2026-06-09 18:10:50.847548+00,2026-06-09 18:10:50.951935+00,0.104387,1.937133,
bbbc1cfe-f779-483a-aec3-f64011ae5c2f,numbered,47341,completed,sold,1,2026-06-09 18:10:49.027416+00,2026-06-09 18:10:50.972294+00,2026-06-09 18:10:51.07694+00,0.104646,2.049524,
d0e744e8-de44-4e47-94cc-3393421c4be0,numbered,6172,completed,sold,1,2026-06-09 18:10:49.0399+00,2026-06-09 18:10:51.098282+00,2026-06-09 18:10:51.2029+00,0.104618,2.163000,
a24cf0bf-f1b7-4cd6-9229-7d8d4bd30291,numbered,56890,completed,sold,1,2026-06-09 18:10:49.052251+00,2026-06-09 18:10:51.225255+00,2026-06-09 18:10:51.329953+00,0.104698,2.277702,
cdfd8c70-aadc-49eb-98a8-33909561b825,numbered,22574,completed,sold,1,2026-06-09 18:10:49.064979+00,2026-06-09 18:10:51.350857+00,2026-06-09 18:10:51.455507+00,0.104650,2.390528,
1656b80a-9697-4d3a-be8f-e759dd04448e,numbered,85241,completed,sold,1,2026-06-09 18:10:49.077239+00,2026-06-09 18:10:51.477116+00,2026-06-09 18:10:51.581943+00,0.104827,2.504704,
8e9050a2-74fd-4257-afb6-9eb8e606155d,numbered,62940,completed,sold,1,2026-06-09 18:10:49.089729+00,2026-06-09 18:10:51.602952+00,2026-06-09 18:10:51.707253+00,0.104301,2.617524,
71dcb4f1-38c1-4b2f-9319-23c463b355d8,numbered,46557,completed,sold,1,2026-06-09 18:10:49.102298+00,2026-06-09 18:10:51.728521+00,2026-06-09 18:10:51.832936+00,0.104415,2.730638,
c43f5bef-2b04-43e0-bbe8-a134c1718a9c,numbered,5862,completed,sold,1,2026-06-09 18:10:49.114928+00,2026-06-09 18:10:51.853549+00,2026-06-09 18:10:51.957904+00,0.104355,2.842976,
e9113d06-3945-40bd-8a52-03a49d0404b8,numbered,49706,completed,sold,1,2026-06-09 18:10:49.127343+00,2026-06-09 18:10:51.980096+00,2026-06-09 18:10:52.085523+00,0.105427,2.958180,
adebceeb-54a7-4da1-9428-136127fa491b,numbered,7608,completed,sold,1,2026-06-09 18:10:49.140159+00,2026-06-09 18:10:52.10781+00,2026-06-09 18:10:52.212786+00,0.104976,3.072627,
7cbb04a4-d7d5-4dbd-8375-499a5d2cb420,numbered,85686,completed,sold,1,2026-06-09 18:10:49.152253+00,2026-06-09 18:10:52.233333+00,2026-06-09 18:10:52.33815+00,0.104817,3.185897,
2cfd53e9-015f-4be0-b0fd-e1fe6b43cbbc,numbered,21734,completed,sold,1,2026-06-09 18:10:49.164973+00,2026-06-09 18:10:52.359623+00,2026-06-09 18:10:52.464428+00,0.104805,3.299455,
9a32787c-7d13-4444-9365-5f8c19b3e184,numbered,93243,completed,sold,1,2026-06-09 18:10:49.177219+00,2026-06-09 18:10:52.485425+00,2026-06-09 18:10:52.590806+00,0.105381,3.413587,
0468959a-f493-4633-8be5-14073c60f197,numbered,9234,completed,sold,1,2026-06-09 18:10:49.190128+00,2026-06-09 18:10:52.611385+00,2026-06-09 18:10:52.71589+00,0.104505,3.525762,
3a7611b1-a148-48bd-bcc3-db1fcc9f67b1,numbered,25304,completed,sold,1,2026-06-09 18:10:49.202257+00,2026-06-09 18:10:52.736315+00,2026-06-09 18:10:52.840984+00,0.104669,3.638727,
b6b496eb-085f-4456-9248-d34e1d3feed4,numbered,61353,completed,sold,1,2026-06-09 18:10:49.214699+00,2026-06-09 18:10:52.864286+00,2026-06-09 18:10:52.968668+00,0.104382,3.753969,
43748f97-6a6c-400f-be1d-522ccea3f64c,numbered,13815,completed,sold,1,2026-06-09 18:10:49.227371+00,2026-06-09 18:10:52.990236+00,2026-06-09 18:10:53.094642+00,0.104406,3.867271,
fa7f882f-5390-4dc0-941b-790069707d15,numbered,32769,completed,sold,1,2026-06-09 18:10:49.239951+00,2026-06-09 18:10:53.115412+00,2026-06-09 18:10:53.219859+00,0.104447,3.979908,
5fc12ad0-1eeb-4f1d-aaa0-cb650b6eb5b6,numbered,77144,completed,sold,1,2026-06-09 18:10:49.252347+00,2026-06-09 18:10:53.241091+00,2026-06-09 18:10:53.345569+00,0.104478,4.093222,
64ec30df-8257-434d-8de8-515ec3c238f5,numbered,40075,completed,sold,1,2026-06-09 18:10:49.265053+00,2026-06-09 18:10:53.366216+00,2026-06-09 18:10:53.470369+00,0.104153,4.205316,
1da3470a-cb46-4699-bd08-4e879037f34d,numbered,74654,completed,sold,1,2026-06-09 18:10:49.277296+00,2026-06-09 18:10:53.491929+00,2026-06-09 18:10:53.596946+00,0.105017,4.319650,
f36324c3-8435-41da-9fe0-b12f9576cea6,numbered,33814,completed,sold,1,2026-06-09 18:10:49.289783+00,2026-06-09 18:10:53.620233+00,2026-06-09 18:10:53.724445+00,0.104212,4.434662,
6e77a5f7-c071-4964-8b78-fe269232de89,numbered,61547,completed,sold,1,2026-06-09 18:10:49.302304+00,2026-06-09 18:10:53.745241+00,2026-06-09 18:10:53.849661+00,0.104420,4.547357,
17eec284-9908-4673-833f-3bfda577f1c8,numbered,89822,completed,sold,1,2026-06-09 18:10:49.314897+00,2026-06-09 18:10:53.871167+00,2026-06-09 18:10:53.976639+00,0.105472,4.661742,
945abf02-6435-4ab9-b5de-9c5c27e0cf11,numbered,26888,completed,sold,1,2026-06-09 18:10:49.327067+00,2026-06-09 18:10:53.997749+00,2026-06-09 18:10:54.102469+00,0.104720,4.775402,
0e02d283-6b99-4ddf-bf54-67152438285b,numbered,84892,completed,sold,1,2026-06-09 18:10:49.339868+00,2026-06-09 18:10:54.126781+00,2026-06-09 18:10:54.23129+00,0.104509,4.891422,
14107a9f-bba1-4f1e-8638-eac1bda17858,numbered,23478,completed,sold,1,2026-06-09 18:10:49.35219+00,2026-06-09 18:10:54.254373+00,2026-06-09 18:10:54.358831+00,0.104458,5.006641,
a661aa77-2ca4-457e-940d-8f6046f4eaf0,numbered,95875,completed,sold,1,2026-06-09 18:10:49.364813+00,2026-06-09 18:10:54.380427+00,2026-06-09 18:10:54.484874+00,0.104447,5.120061,
af0caad7-137a-4137-8610-be78ed1048f5,numbered,26351,completed,sold,1,2026-06-09 18:10:49.377202+00,2026-06-09 18:10:54.509733+00,2026-06-09 18:10:54.614441+00,0.104708,5.237239,
1a7fb778-a655-4ea3-8c8e-6fb617900743,numbered,73616,completed,sold,1,2026-06-09 18:10:49.389831+00,2026-06-09 18:10:54.638479+00,2026-06-09 18:10:54.743047+00,0.104568,5.353216,
9a6949cc-fe0d-473c-a7b5-2b79a6583d2d,numbered,24568,completed,sold,1,2026-06-09 18:10:49.402245+00,2026-06-09 18:10:54.765124+00,2026-06-09 18:10:54.869903+00,0.104779,5.467658,
03ef13d8-504c-425d-8a81-3c5f9ff5d7e3,numbered,11114,completed,sold,1,2026-06-09 18:10:49.415062+00,2026-06-09 18:10:54.892145+00,2026-06-09 18:10:54.997077+00,0.104932,5.582015,
b910be82-4f74-4a28-8917-6a862c05bfe0,numbered,8838,completed,sold,1,2026-06-09 18:10:49.427337+00,2026-06-09 18:10:55.026988+00,2026-06-09 18:10:55.131347+00,0.104359,5.704010,
c3f554ba-c3fa-4097-919d-8550c0202e93,numbered,70184,completed,sold,1,2026-06-09 18:10:49.440003+00,2026-06-09 18:10:55.152215+00,2026-06-09 18:10:55.256731+00,0.104516,5.816728,
1a011220-9438-4ce3-84ca-ce2c3bba0282,numbered,95982,completed,sold,1,2026-06-09 18:10:49.452187+00,2026-06-09 18:10:55.279053+00,2026-06-09 18:10:55.383502+00,0.104449,5.931315,
0c905b73-1959-4af4-bb21-939b53265d47,numbered,45081,completed,sold,1,2026-06-09 18:10:49.464869+00,2026-06-09 18:10:55.404519+00,2026-06-09 18:10:55.509284+00,0.104765,6.044415,
17dc08ae-d62e-46a9-8047-855980967f97,numbered,672,completed,sold,1,2026-06-09 18:10:49.477335+00,2026-06-09 18:10:55.537752+00,2026-06-09 18:10:55.642444+00,0.104692,6.165109,
21bf07b8-20d1-4ac5-98be-7495c27a258a,numbered,79169,completed,sold,1,2026-06-09 18:10:49.489953+00,2026-06-09 18:10:55.663197+00,2026-06-09 18:10:55.767901+00,0.104704,6.277948,
88f0ee8d-0896-4d58-b7cf-ee09c3475fa0,numbered,60573,completed,sold,1,2026-06-09 18:10:49.502326+00,2026-06-09 18:10:55.792444+00,2026-06-09 18:10:55.896837+00,0.104393,6.394511,
8b3acc07-9063-4990-bb6a-16d58fac8244,numbered,99751,completed,sold,1,2026-06-09 18:10:49.51489+00,2026-06-09 18:10:55.924545+00,2026-06-09 18:10:56.029168+00,0.104623,6.514278,
813b05e5-2ab6-4d96-8cfd-dba3a5f454b8,numbered,67441,completed,sold,1,2026-06-09 18:10:49.52739+00,2026-06-09 18:10:56.051175+00,2026-06-09 18:10:56.155794+00,0.104619,6.628404,
96bcfaac-4837-42a1-9151-497dafe1fb57,numbered,37634,completed,sold,1,2026-06-09 18:10:49.540208+00,2026-06-09 18:10:56.180067+00,2026-06-09 18:10:56.284722+00,0.104655,6.744514,
e13c8eeb-a812-40ef-a426-009f67d891f9,numbered,60128,completed,sold,1,2026-06-09 18:10:49.552373+00,2026-06-09 18:10:56.30669+00,2026-06-09 18:10:56.411115+00,0.104425,6.858742,
50e0bf08-11ec-40a1-8a76-b9b62b94526a,numbered,79901,completed,sold,1,2026-06-09 18:10:49.565083+00,2026-06-09 18:10:56.432208+00,2026-06-09 18:10:56.536728+00,0.104520,6.971645,
8f81bd85-caf1-4f05-a21b-a4bb7b1dffde,numbered,20189,completed,sold,1,2026-06-09 18:10:49.577192+00,2026-06-09 18:10:56.558779+00,2026-06-09 18:10:56.663043+00,0.104264,7.085851,
f658d9b1-51bd-4288-8ad4-c15675ce7103,numbered,35225,completed,sold,1,2026-06-09 18:10:49.589813+00,2026-06-09 18:10:56.685372+00,2026-06-09 18:10:56.789645+00,0.104273,7.199832,
9b3f6c9c-132e-469d-a8bf-dbaf109ceb0d,numbered,68046,completed,sold,1,2026-06-09 18:10:49.602266+00,2026-06-09 18:10:56.810496+00,2026-06-09 18:10:56.914908+00,0.104412,7.312642,
53a41952-2d39-49b6-a10b-323f9fcc5fe2,numbered,53128,completed,sold,1,2026-06-09 18:10:49.614865+00,2026-06-09 18:10:56.935078+00,2026-06-09 18:10:57.039568+00,0.104490,7.424703,
4706f246-0f05-4351-b6f8-628af13bdd3a,numbered,20168,completed,sold,1,2026-06-09 18:10:49.627214+00,2026-06-09 18:10:57.064463+00,2026-06-09 18:10:57.169075+00,0.104612,7.541861,
d165eb6f-3015-4a7c-ac26-ab5b94cbd8bf,numbered,15296,completed,sold,1,2026-06-09 18:10:49.639877+00,2026-06-09 18:10:57.193799+00,2026-06-09 18:10:57.298689+00,0.104890,7.658812,
cf108b23-c0ff-4f39-824b-cf8b28b65acf,numbered,72822,completed,sold,1,2026-06-09 18:10:49.652189+00,2026-06-09 18:10:57.321556+00,2026-06-09 18:10:57.425759+00,0.104203,7.773570,
75380ab0-f45e-48a1-a965-7bed57b1670a,numbered,16532,completed,sold,1,2026-06-09 18:10:49.66505+00,2026-06-09 18:10:57.44773+00,2026-06-09 18:10:57.552332+00,0.104602,7.887282,
ae7352f5-ff8f-4fd2-a0bb-6e7512953f1b,numbered,76735,completed,sold,1,2026-06-09 18:10:49.677191+00,2026-06-09 18:10:57.574199+00,2026-06-09 18:10:57.678512+00,0.104313,8.001321,
b6c888ca-26bd-442f-b293-c3f4811e52e3,numbered,27646,completed,sold,1,2026-06-09 18:10:49.689906+00,2026-06-09 18:10:57.699875+00,2026-06-09 18:10:57.804334+00,0.104459,8.114428,
745b683d-ceb3-4271-9f64-a5b6a06e1d82,numbered,29806,completed,sold,1,2026-06-09 18:10:49.702072+00,2026-06-09 18:10:57.825264+00,2026-06-09 18:10:57.929674+00,0.104410,8.227602,
ab6d87a1-8ee5-4f25-b030-aa4dbc8ad7e2,numbered,62137,completed,sold,1,2026-06-09 18:10:49.714736+00,2026-06-09 18:10:57.950474+00,2026-06-09 18:10:58.05504+00,0.104566,8.340304,
2e939fd0-d5db-43d7-8c12-ea3bbef626c2,numbered,74837,completed,sold,1,2026-06-09 18:10:49.727381+00,2026-06-09 18:10:58.075601+00,2026-06-09 18:10:58.180276+00,0.104675,8.452895,
6ebf5552-3491-4f3b-baf6-324aad9b8d15,numbered,83590,completed,sold,1,2026-06-09 18:10:49.739934+00,2026-06-09 18:10:58.200249+00,2026-06-09 18:10:58.304744+00,0.104495,8.564810,
aefb988a-c2d3-433d-abae-c360dfbc40cc,numbered,35030,completed,sold,1,2026-06-09 18:10:49.75237+00,2026-06-09 18:10:58.326323+00,2026-06-09 18:10:58.430663+00,0.104340,8.678293,
8cdeeb45-26ac-4331-aec5-551973bb63b5,numbered,86913,completed,sold,1,2026-06-09 18:10:49.764984+00,2026-06-09 18:10:58.450903+00,2026-06-09 18:10:58.555325+00,0.104422,8.790341,
808b2384-e62a-498f-b8c4-f0179a97c438,numbered,11737,completed,sold,1,2026-06-09 18:10:49.777207+00,2026-06-09 18:10:58.576197+00,2026-06-09 18:10:58.680649+00,0.104452,8.903442,
fcaae9e5-9245-401c-83b4-c0177fdc8910,numbered,93964,completed,sold,1,2026-06-09 18:10:49.789804+00,2026-06-09 18:10:58.703874+00,2026-06-09 18:10:58.80824+00,0.104366,9.018436,
8f4dbe17-d6da-46b0-857c-e24bfccec37e,numbered,68068,completed,sold,1,2026-06-09 18:10:49.802154+00,2026-06-09 18:10:58.830249+00,2026-06-09 18:10:58.934653+00,0.104404,9.132499,
3a3393c7-f141-40d4-bcd3-693647b37c0a,numbered,23193,completed,sold,1,2026-06-09 18:10:49.81476+00,2026-06-09 18:10:58.957033+00,2026-06-09 18:10:59.061437+00,0.104404,9.246677,
955ac93a-0e49-45be-a444-9fc5a60a9c06,numbered,76346,completed,sold,1,2026-06-09 18:10:49.827086+00,2026-06-09 18:10:59.082485+00,2026-06-09 18:10:59.18691+00,0.104425,9.359824,
e3b559fa-7060-432a-9a73-bbfb6ab58620,numbered,74168,completed,sold,1,2026-06-09 18:10:49.839968+00,2026-06-09 18:10:59.208666+00,2026-06-09 18:10:59.313227+00,0.104561,9.473259,
e0f8ad01-0e60-46ff-a941-32eb37bd172d,numbered,19772,completed,sold,1,2026-06-09 18:10:49.852149+00,2026-06-09 18:10:59.334273+00,2026-06-09 18:10:59.438847+00,0.104574,9.586698,
a970444e-6db2-4557-8182-64de68dbda3f,numbered,6213,completed,sold,1,2026-06-09 18:10:49.865024+00,2026-06-09 18:10:59.460634+00,2026-06-09 18:10:59.564945+00,0.104311,9.699921,
654e5d52-dae7-4328-8219-e9b5b7bcfca6,numbered,47898,completed,sold,1,2026-06-09 18:10:49.877328+00,2026-06-09 18:10:59.587411+00,2026-06-09 18:10:59.691744+00,0.104333,9.814416,
a6759e63-8975-4c27-bc41-0dabdd5118a7,numbered,46803,completed,sold,1,2026-06-09 18:10:49.890009+00,2026-06-09 18:10:59.713398+00,2026-06-09 18:10:59.817662+00,0.104264,9.927653,
0aaad321-37f2-4603-ad3e-b162d2f1f486,numbered,64425,completed,sold,1,2026-06-09 18:10:49.902298+00,2026-06-09 18:10:59.839807+00,2026-06-09 18:10:59.944353+00,0.104546,10.042055,
578686f9-b482-4398-bcea-3300a451330d,numbered,83960,completed,sold,1,2026-06-09 18:10:49.914769+00,2026-06-09 18:10:59.966271+00,2026-06-09 18:11:00.072278+00,0.106007,10.157509,
023722cb-27db-4589-b5c0-f23a517cce0e,numbered,43260,completed,sold,1,2026-06-09 18:10:49.927247+00,2026-06-09 18:11:00.105307+00,2026-06-09 18:11:00.217004+00,0.111697,10.289757,
0aa9075c-9cb2-4dcf-9b1c-9f03cdd4da10,numbered,38234,completed,sold,1,2026-06-09 18:10:49.940118+00,2026-06-09 18:11:00.280902+00,2026-06-09 18:11:00.391765+00,0.110863,10.451647,
1b48e23a-4d32-4250-8a8a-6b85296ab64b,numbered,52208,completed,sold,1,2026-06-09 18:10:49.95224+00,2026-06-09 18:11:00.417937+00,2026-06-09 18:11:00.522506+00,0.104569,10.570266,
856f5aa3-65f5-461c-ad64-cd830145685a,numbered,37244,completed,sold,1,2026-06-09 18:10:49.964937+00,2026-06-09 18:11:00.546044+00,2026-06-09 18:11:00.650816+00,0.104772,10.685879,
69dd6b8b-cbf8-445f-a317-d233d2068563,numbered,34156,completed,sold,1,2026-06-09 18:10:49.977381+00,2026-06-09 18:11:00.673377+00,2026-06-09 18:11:00.777965+00,0.104588,10.800584,
c4fa1dc3-afc2-4ec1-aaeb-dfcbbe0f6f3d,numbered,61728,completed,sold,1,2026-06-09 18:10:49.989961+00,2026-06-09 18:11:00.799195+00,2026-06-09 18:11:00.903389+00,0.104194,10.913428,
a9c4bdbd-cf6e-4327-9623-7811b40f1678,numbered,3050,completed,sold,1,2026-06-09 18:10:50.002417+00,2026-06-09 18:11:00.923887+00,2026-06-09 18:11:01.028237+00,0.104350,11.025820,
c9b8ec45-0911-4c94-b8f9-7e6f928c45d6,numbered,17549,completed,sold,1,2026-06-09 18:10:50.014938+00,2026-06-09 18:11:01.052894+00,2026-06-09 18:11:01.157579+00,0.104685,11.142641,
dada0448-860c-47f5-875f-0c7fb9f90a3c,numbered,95085,completed,sold,1,2026-06-09 18:10:50.027401+00,2026-06-09 18:11:01.193917+00,2026-06-09 18:11:01.301215+00,0.107298,11.273814,
0995087e-7d87-4261-b5ee-eb4dc3e1af6b,numbered,56917,completed,sold,1,2026-06-09 18:10:50.039994+00,2026-06-09 18:11:01.355197+00,2026-06-09 18:11:01.465015+00,0.109818,11.425021,
a3d7b24f-1233-4178-aede-e25af2561f17,numbered,28458,completed,sold,1,2026-06-09 18:10:50.052308+00,2026-06-09 18:11:01.510466+00,2026-06-09 18:11:01.625071+00,0.114605,11.572763,
68479e9a-d649-48fe-be34-240745952870,numbered,50617,completed,sold,1,2026-06-09 18:10:50.065806+00,2026-06-09 18:11:01.68029+00,2026-06-09 18:11:01.792948+00,0.112658,11.727142,
b9877c3a-8794-4710-8e50-228b0dda7fbf,numbered,47982,completed,sold,1,2026-06-09 18:10:50.077134+00,2026-06-09 18:11:01.879335+00,2026-06-09 18:11:01.989422+00,0.110087,11.912288,
6f447a2b-8955-46c8-8bba-2a9abcaa9940,numbered,23523,completed,sold,1,2026-06-09 18:10:50.08975+00,2026-06-09 18:11:02.044592+00,2026-06-09 18:11:02.151948+00,0.107356,12.062198,
f06818ad-9470-49bc-bad6-1dff3231e2ae,numbered,59338,completed,sold,1,2026-06-09 18:10:50.1023+00,2026-06-09 18:11:02.230755+00,2026-06-09 18:11:02.346397+00,0.115642,12.244097,
a0593f21-71d8-41e7-bd1a-8dcf5827f4ee,numbered,34029,completed,sold,1,2026-06-09 18:10:50.114836+00,2026-06-09 18:11:02.475324+00,2026-06-09 18:11:02.58293+00,0.107606,12.468094,
34389eea-b08b-4450-b631-a81201e75e15,numbered,94136,completed,sold,1,2026-06-09 18:10:50.127374+00,2026-06-09 18:11:02.654742+00,2026-06-09 18:11:02.760975+00,0.106233,12.633601,
b8d11975-44d0-4780-9314-f5a8d59de626,numbered,50052,completed,sold,1,2026-06-09 18:10:50.139914+00,2026-06-09 18:11:02.848806+00,2026-06-09 18:11:02.956357+00,0.107551,12.816443,
18c7b5a4-0267-4fea-a2ef-dcade4096e51,numbered,11566,completed,sold,1,2026-06-09 18:10:50.152337+00,2026-06-09 18:11:03.109022+00,2026-06-09 18:11:03.220008+00,0.110986,13.067671,
8841723e-52aa-4efc-b06e-66f3d3a0380d,numbered,47568,completed,sold,1,2026-06-09 18:10:50.165253+00,2026-06-09 18:11:03.271427+00,2026-06-09 18:11:03.390387+00,0.118960,13.225134,
bef5dc6c-c244-4abe-ade3-64c3a5a0f6e9,numbered,1039,completed,sold,1,2026-06-09 18:10:50.177316+00,2026-06-09 18:11:03.447248+00,2026-06-09 18:11:03.554169+00,0.106921,13.376853,
9023a040-80bb-4887-b99e-35cdbd1dc688,numbered,72122,completed,sold,1,2026-06-09 18:10:50.190219+00,2026-06-09 18:11:03.583765+00,2026-06-09 18:11:03.690599+00,0.106834,13.500380,
0b0b5f45-126f-4d5f-a045-671a6c46c515,numbered,16405,completed,sold,1,2026-06-09 18:10:50.202273+00,2026-06-09 18:11:03.724384+00,2026-06-09 18:11:03.830324+00,0.105940,13.628051,
ba2ca33c-7c12-425a-a30d-b9a92140cb12,numbered,59784,completed,sold,1,2026-06-09 18:10:50.214865+00,2026-06-09 18:11:03.87765+00,2026-06-09 18:11:03.987204+00,0.109554,13.772339,
3d2a5a85-aab8-4ca8-91df-c34213e7a3e5,numbered,89516,completed,sold,1,2026-06-09 18:10:50.227271+00,2026-06-09 18:11:04.040418+00,2026-06-09 18:11:04.14616+00,0.105742,13.918889,
30747042-fd36-45a9-94d7-e368df44fc34,numbered,36741,completed,sold,1,2026-06-09 18:10:50.239931+00,2026-06-09 18:11:04.185973+00,2026-06-09 18:11:04.290977+00,0.105004,14.051046,
5352fba5-8b94-4cfd-b257-21cc6666f311,numbered,93953,completed,sold,1,2026-06-09 18:10:50.25239+00,2026-06-09 18:11:04.331942+00,2026-06-09 18:11:04.43691+00,0.104968,14.184520,
48ff3df0-49a0-4cbf-8c99-1b711dd079a4,numbered,32382,completed,sold,1,2026-06-09 18:10:50.264945+00,2026-06-09 18:11:04.464205+00,2026-06-09 18:11:04.568912+00,0.104707,14.303967,
ec3d2739-2f6f-4c9d-a3b8-961cd5441c53,numbered,41013,completed,sold,1,2026-06-09 18:10:50.277285+00,2026-06-09 18:11:04.591848+00,2026-06-09 18:11:04.696632+00,0.104784,14.419347,
f19b73f6-7bea-4e24-b974-7182cae7019a,numbered,28276,completed,sold,1,2026-06-09 18:10:50.28994+00,2026-06-09 18:11:04.721159+00,2026-06-09 18:11:04.825815+00,0.104656,14.535875,
0982952a-8fb5-4138-b7f6-2ef2c2b00e88,numbered,52425,completed,sold,1,2026-06-09 18:10:50.302301+00,2026-06-09 18:11:04.848995+00,2026-06-09 18:11:04.953824+00,0.104829,14.651523,
3efc74de-c5cc-44ec-89b0-7b443b0fdda1,numbered,32017,completed,sold,1,2026-06-09 18:10:50.314999+00,2026-06-09 18:11:04.981056+00,2026-06-09 18:11:05.08563+00,0.104574,14.770631,
765c03e5-4739-41e7-8a5f-e68f59a26407,numbered,8193,completed,sold,1,2026-06-09 18:10:50.32744+00,2026-06-09 18:11:05.107119+00,2026-06-09 18:11:05.211763+00,0.104644,14.884323,
d7ffa2b0-0c0d-4bc8-8b22-a275f3c6b117,numbered,87067,completed,sold,1,2026-06-09 18:10:50.339947+00,2026-06-09 18:11:05.234462+00,2026-06-09 18:11:05.339323+00,0.104861,14.999376,
04b416e1-55d8-4acb-aef9-a595e8b4c3af,numbered,60174,completed,sold,1,2026-06-09 18:10:50.352223+00,2026-06-09 18:11:05.363158+00,2026-06-09 18:11:05.467577+00,0.104419,15.115354,
de8751b3-daf1-48de-9d2b-2821b681da97,numbered,65927,completed,sold,1,2026-06-09 18:10:50.364915+00,2026-06-09 18:11:05.49193+00,2026-06-09 18:11:05.596789+00,0.104859,15.231874,
68983f3a-4267-4819-b44f-8289323c1183,numbered,55643,completed,sold,1,2026-06-09 18:10:50.377261+00,2026-06-09 18:11:05.620297+00,2026-06-09 18:11:05.724786+00,0.104489,15.347525,
5fb27de5-fe70-4aa6-a65f-e55c0cb8150d,numbered,69176,completed,sold,1,2026-06-09 18:10:50.389904+00,2026-06-09 18:11:05.745463+00,2026-06-09 18:11:05.850097+00,0.104634,15.460193,
8581b41a-2880-484e-916d-b8f8e3c4fbb5,numbered,37363,completed,sold,1,2026-06-09 18:10:50.402312+00,2026-06-09 18:11:05.871862+00,2026-06-09 18:11:05.977947+00,0.106085,15.575635,
e89827bd-4f50-404a-857b-0b0ce5e2960d,numbered,28784,completed,sold,1,2026-06-09 18:10:50.414838+00,2026-06-09 18:11:06.002817+00,2026-06-09 18:11:06.108329+00,0.105512,15.693491,
7a7d7884-34a1-4e55-9ac9-6f0c95bac5f6,numbered,92445,completed,sold,1,2026-06-09 18:10:50.427412+00,2026-06-09 18:11:06.129215+00,2026-06-09 18:11:06.23379+00,0.104575,15.806378,
13b645a2-4ff9-46a8-ae11-bdd4cd58bd3e,numbered,46491,completed,sold,1,2026-06-09 18:10:50.439973+00,2026-06-09 18:11:06.255143+00,2026-06-09 18:11:06.359799+00,0.104656,15.919826,
d4459f78-f962-42c6-b4b7-8c0af07af99f,numbered,24119,completed,sold,1,2026-06-09 18:10:50.452039+00,2026-06-09 18:11:06.381622+00,2026-06-09 18:11:06.486963+00,0.105341,16.034924,
849aebdb-a0f0-4ec3-abc7-73832a11c33a,numbered,40865,completed,sold,1,2026-06-09 18:10:50.465035+00,2026-06-09 18:11:06.511825+00,2026-06-09 18:11:06.616389+00,0.104564,16.151354,
4b9562c6-6210-415a-b027-c63162a3f9b8,numbered,11432,completed,sold,1,2026-06-09 18:10:50.477234+00,2026-06-09 18:11:06.63805+00,2026-06-09 18:11:06.742799+00,0.104749,16.265565,
b4838fcd-7018-418c-9c35-f842d0e8ef71,numbered,2193,completed,sold,1,2026-06-09 18:10:50.489881+00,2026-06-09 18:11:06.763703+00,2026-06-09 18:11:06.868321+00,0.104618,16.378440,
e6be6a5f-b516-4914-8a85-e2aec1d7aa78,numbered,99321,completed,sold,1,2026-06-09 18:10:50.502386+00,2026-06-09 18:11:06.890235+00,2026-06-09 18:11:06.994952+00,0.104717,16.492566,
598feae3-2813-4e9d-b1b4-0fbf908bb9ce,numbered,39918,completed,sold,1,2026-06-09 18:10:50.514945+00,2026-06-09 18:11:07.022109+00,2026-06-09 18:11:07.126621+00,0.104512,16.611676,
188193e2-5ca9-421a-9140-9a2cf5480908,numbered,63550,completed,sold,1,2026-06-09 18:10:50.527373+00,2026-06-09 18:11:07.14796+00,2026-06-09 18:11:07.252945+00,0.104985,16.725572,
0538eccb-bf45-4e21-bdaa-f8ac28e73b19,numbered,1050,completed,sold,1,2026-06-09 18:10:50.539931+00,2026-06-09 18:11:07.27431+00,2026-06-09 18:11:07.378796+00,0.104486,16.838865,
145e2a6e-9947-428e-9b01-2e2a5a7a6dbe,numbered,52603,completed,sold,1,2026-06-09 18:10:50.552212+00,2026-06-09 18:11:07.400338+00,2026-06-09 18:11:07.504948+00,0.104610,16.952736,
12fe6dec-474d-46d0-8d0e-3d7ecd64b6dd,numbered,63069,completed,sold,1,2026-06-09 18:10:50.564994+00,2026-06-09 18:11:07.525671+00,2026-06-09 18:11:07.630072+00,0.104401,17.065078,
74a227d4-ae4d-4766-b83a-326cf86dff88,numbered,81962,completed,sold,1,2026-06-09 18:10:50.57714+00,2026-06-09 18:11:07.651529+00,2026-06-09 18:11:07.756444+00,0.104915,17.179304,
c1808710-5340-42d3-91e4-8dd54224f07f,numbered,24127,completed,sold,1,2026-06-09 18:10:50.589832+00,2026-06-09 18:11:07.778453+00,2026-06-09 18:11:07.883161+00,0.104708,17.293329,
fac8bfbd-20ed-4e52-b99c-1d7548f2451c,numbered,12202,completed,sold,1,2026-06-09 18:10:50.602059+00,2026-06-09 18:11:07.913147+00,2026-06-09 18:11:08.018005+00,0.104858,17.415946,
2079bf16-e481-44ce-8a34-6e5772c885e6,numbered,65523,completed,sold,1,2026-06-09 18:10:50.61482+00,2026-06-09 18:11:08.041193+00,2026-06-09 18:11:08.145978+00,0.104785,17.531158,
aca0225a-6586-446d-8a7a-eb076fc3ec56,numbered,35849,completed,sold,1,2026-06-09 18:10:50.627326+00,2026-06-09 18:11:08.169113+00,2026-06-09 18:11:08.273853+00,0.104740,17.646527,
8bf7f41e-d5dc-48af-a66a-8f74a6d7e4b9,numbered,8746,completed,sold,1,2026-06-09 18:10:50.639883+00,2026-06-09 18:11:08.296076+00,2026-06-09 18:11:08.400814+00,0.104738,17.760931,
291ccc8a-93cd-4259-8804-d2afb928e4ae,numbered,68845,completed,sold,1,2026-06-09 18:10:50.652462+00,2026-06-09 18:11:08.423162+00,2026-06-09 18:11:08.528418+00,0.105256,17.875956,
f192ae6d-7439-4b01-aecf-7635819303e4,numbered,17700,completed,sold,1,2026-06-09 18:10:50.66495+00,2026-06-09 18:11:08.550982+00,2026-06-09 18:11:08.65556+00,0.104578,17.990610,
001694c3-0ec8-4583-8995-2f294d02ac4b,numbered,92030,completed,sold,1,2026-06-09 18:10:50.677366+00,2026-06-09 18:11:08.677441+00,2026-06-09 18:11:08.782182+00,0.104741,18.104816,
095acd47-d5e9-4126-b969-3b5845c3b783,numbered,92076,completed,sold,1,2026-06-09 18:10:50.689808+00,2026-06-09 18:11:08.803671+00,2026-06-09 18:11:08.908566+00,0.104895,18.218758,
a0905870-bde4-407e-a008-771296e8c129,numbered,39364,completed,sold,1,2026-06-09 18:10:50.702083+00,2026-06-09 18:11:08.929191+00,2026-06-09 18:11:09.03403+00,0.104839,18.331947,
35f137bf-95ab-4983-9a84-a6e06e9e94a4,numbered,73495,completed,sold,1,2026-06-09 18:10:50.714735+00,2026-06-09 18:11:09.055769+00,2026-06-09 18:11:09.160527+00,0.104758,18.445792,
e2aa8ac0-6f35-4cb6-b25c-f4d623d0d94c,numbered,77170,completed,sold,1,2026-06-09 18:10:50.72719+00,2026-06-09 18:11:09.18201+00,2026-06-09 18:11:09.286849+00,0.104839,18.559659,
afead397-262b-48be-91e6-63a1152da4e4,numbered,97256,completed,sold,1,2026-06-09 18:10:50.739968+00,2026-06-09 18:11:09.307896+00,2026-06-09 18:11:09.412772+00,0.104876,18.672804,
828f590e-d2dd-4c1d-bd42-df1546198d5c,numbered,57769,completed,sold,1,2026-06-09 18:10:50.75226+00,2026-06-09 18:11:09.434943+00,2026-06-09 18:11:09.539709+00,0.104766,18.787449,
ad1a8998-b5e8-47c4-8dfc-100554dbc545,numbered,13144,completed,sold,1,2026-06-09 18:10:50.764935+00,2026-06-09 18:11:09.560185+00,2026-06-09 18:11:09.664678+00,0.104493,18.899743,
48b206a6-44d8-45c7-92e1-61f5643df0ed,numbered,24191,completed,sold,1,2026-06-09 18:10:50.777264+00,2026-06-09 18:11:09.686364+00,2026-06-09 18:11:09.790855+00,0.104491,19.013591,
9c163409-c287-4905-b5b8-b604fe8bb09a,numbered,49453,completed,sold,1,2026-06-09 18:10:50.790081+00,2026-06-09 18:11:09.811299+00,2026-06-09 18:11:09.915698+00,0.104399,19.125617,
4d2412a0-489d-4719-852a-9b460fbbb9d8,numbered,82859,completed,sold,1,2026-06-09 18:10:50.802419+00,2026-06-09 18:11:09.937309+00,2026-06-09 18:11:10.042093+00,0.104784,19.239674,
ae171a07-fbd5-4514-a108-448665cb95d4,numbered,55605,completed,sold,1,2026-06-09 18:10:50.815248+00,2026-06-09 18:11:10.064108+00,2026-06-09 18:11:10.168856+00,0.104748,19.353608,
5a317caa-11c7-442e-b430-29675f6a42d8,numbered,21398,completed,sold,1,2026-06-09 18:10:50.827261+00,2026-06-09 18:11:10.191383+00,2026-06-09 18:11:10.296179+00,0.104796,19.468918,
ba4e034b-dcab-4bd9-8608-48f5495aa6fd,numbered,39222,completed,sold,1,2026-06-09 18:10:50.83995+00,2026-06-09 18:11:10.317666+00,2026-06-09 18:11:10.422205+00,0.104539,19.582255,
8066a801-9730-4b10-8429-0c19f61db03c,numbered,83065,completed,sold,1,2026-06-09 18:10:50.852194+00,2026-06-09 18:11:10.444238+00,2026-06-09 18:11:10.549281+00,0.105043,19.697087,
9dfc3673-1ce5-4b8f-9818-9df320d9b2dd,numbered,74121,completed,sold,1,2026-06-09 18:10:50.865027+00,2026-06-09 18:11:10.572439+00,2026-06-09 18:11:10.677372+00,0.104933,19.812345,
a9c0bd9d-8253-4450-a8c5-1713a253c80d,numbered,38280,completed,sold,1,2026-06-09 18:10:50.877321+00,2026-06-09 18:11:10.700024+00,2026-06-09 18:11:10.804779+00,0.104755,19.927458,
e94c04ad-f657-4e17-bf5f-6d26d438fb59,numbered,61496,completed,sold,1,2026-06-09 18:10:50.889864+00,2026-06-09 18:11:10.825475+00,2026-06-09 18:11:10.929767+00,0.104292,20.039903,
7e1c169b-f730-4b05-abdf-1329f483b03b,numbered,55240,completed,sold,1,2026-06-09 18:10:50.90224+00,2026-06-09 18:11:10.950731+00,2026-06-09 18:11:11.055214+00,0.104483,20.152974,
2770044f-e60f-4275-aab4-b66f308e07b6,numbered,42631,completed,sold,1,2026-06-09 18:10:50.914799+00,2026-06-09 18:11:11.076239+00,2026-06-09 18:11:11.180985+00,0.104746,20.266186,
45fefc79-62ca-4942-8327-29882c4273e4,numbered,96581,completed,sold,1,2026-06-09 18:10:50.927218+00,2026-06-09 18:11:11.202432+00,2026-06-09 18:11:11.306963+00,0.104531,20.379745,
492f1463-b7b0-45a7-a9cd-4a5eb5c4940f,numbered,61950,completed,sold,1,2026-06-09 18:10:50.939857+00,2026-06-09 18:11:11.327905+00,2026-06-09 18:11:11.432861+00,0.104956,20.493004,
1feee313-b532-4c57-a15d-6e9af2c8d6a7,numbered,12274,completed,sold,1,2026-06-09 18:10:50.952114+00,2026-06-09 18:11:11.454183+00,2026-06-09 18:11:11.558511+00,0.104328,20.606397,
3e85bfcd-f0e6-487c-a00b-d7495221a263,numbered,38615,completed,sold,1,2026-06-09 18:10:50.964803+00,2026-06-09 18:11:11.579546+00,2026-06-09 18:11:11.684245+00,0.104699,20.719442,
78d507f7-076e-4484-8f68-c3c4c970c14a,numbered,31295,completed,sold,1,2026-06-09 18:10:50.977106+00,2026-06-09 18:11:11.706214+00,2026-06-09 18:11:11.8108+00,0.104586,20.833694,
8c0b1085-7599-4c04-9b4f-6fe5b9e6ea41,numbered,23985,completed,sold,1,2026-06-09 18:10:50.989844+00,2026-06-09 18:11:11.831471+00,2026-06-09 18:11:11.935887+00,0.104416,20.946043,
7a277576-fe6f-41c0-8d05-926c7b802e67,numbered,7451,completed,sold,1,2026-06-09 18:10:51.002467+00,2026-06-09 18:11:11.95727+00,2026-06-09 18:11:12.061965+00,0.104695,21.059498,
b6642d92-dca5-4d1e-b484-ab879c3bb864,numbered,31489,completed,sold,1,2026-06-09 18:10:51.014874+00,2026-06-09 18:11:12.083197+00,2026-06-09 18:11:12.188046+00,0.104849,21.173172,
061e39cd-806d-4ba1-b98b-cbead2a7d00c,numbered,85911,completed,sold,1,2026-06-09 18:10:51.02739+00,2026-06-09 18:11:12.210617+00,2026-06-09 18:11:12.314936+00,0.104319,21.287546,
f9836de6-2c3b-4a8a-90a7-5a6130adda52,numbered,52049,completed,sold,1,2026-06-09 18:10:51.039919+00,2026-06-09 18:11:12.336253+00,2026-06-09 18:11:12.441228+00,0.104975,21.401309,
c184d0f9-4b23-4790-a00f-82d21399aa14,numbered,38479,completed,sold,1,2026-06-09 18:10:51.052262+00,2026-06-09 18:11:12.462258+00,2026-06-09 18:11:12.566979+00,0.104721,21.514717,
cd0f56aa-1b9e-46d4-9b0e-9cc21ec9a0d1,numbered,32332,completed,sold,1,2026-06-09 18:10:51.065014+00,2026-06-09 18:11:12.590708+00,2026-06-09 18:11:12.695586+00,0.104878,21.630572,
6092e7e9-51fa-4fb4-9740-c1d764817f34,numbered,10241,completed,sold,1,2026-06-09 18:10:51.077047+00,2026-06-09 18:11:12.71701+00,2026-06-09 18:11:12.821648+00,0.104638,21.744601,
dea76481-cda9-41c7-8af8-be6095fd0d16,numbered,27494,completed,sold,1,2026-06-09 18:10:51.089922+00,2026-06-09 18:11:12.842447+00,2026-06-09 18:11:12.946972+00,0.104525,21.857050,
94390d5d-4c80-4e41-8cba-297c2e1cf1cd,numbered,52440,completed,sold,1,2026-06-09 18:10:51.102272+00,2026-06-09 18:11:12.968062+00,2026-06-09 18:11:13.072501+00,0.104439,21.970229,
974ce3f8-f9ce-4168-8d11-0273a7ce1a82,numbered,81354,completed,sold,1,2026-06-09 18:10:51.114954+00,2026-06-09 18:11:13.093391+00,2026-06-09 18:11:13.197715+00,0.104324,22.082761,
b110b230-b827-4cb3-94a2-bd4568e6a7c5,numbered,97078,completed,sold,1,2026-06-09 18:10:51.127482+00,2026-06-09 18:11:13.218383+00,2026-06-09 18:11:13.322955+00,0.104572,22.195473,
b2d0e8a7-4df7-4d38-bfd8-85d0a297adea,numbered,11783,completed,sold,1,2026-06-09 18:10:51.140041+00,2026-06-09 18:11:13.344222+00,2026-06-09 18:11:13.449023+00,0.104801,22.308982,
417dc499-2c56-40e6-a3c3-eca3ca021345,numbered,98715,completed,sold,1,2026-06-09 18:10:51.152473+00,2026-06-09 18:11:13.470285+00,2026-06-09 18:11:13.574961+00,0.104676,22.422488,
ab38f6f7-262b-4c72-82bb-8697f7fcaa8b,numbered,67361,completed,sold,1,2026-06-09 18:10:51.165085+00,2026-06-09 18:11:13.596126+00,2026-06-09 18:11:13.700783+00,0.104657,22.535698,
68eebba2-89e8-429e-99bc-e2943509b674,numbered,42940,completed,sold,1,2026-06-09 18:10:51.177346+00,2026-06-09 18:11:13.72216+00,2026-06-09 18:11:13.826874+00,0.104714,22.649528,
aaa6dfa8-2876-402d-8e9e-9e13fae737e7,numbered,29955,completed,sold,1,2026-06-09 18:10:51.189815+00,2026-06-09 18:11:13.847961+00,2026-06-09 18:11:13.952711+00,0.104750,22.762896,
10848793-6768-438e-99d1-3dc78419f981,numbered,97830,completed,sold,1,2026-06-09 18:10:51.202233+00,2026-06-09 18:11:13.986321+00,2026-06-09 18:11:14.090892+00,0.104571,22.888659,
67313f87-9be7-47af-94c1-733a9384029a,numbered,74858,completed,sold,1,2026-06-09 18:10:51.214905+00,2026-06-09 18:11:14.111637+00,2026-06-09 18:11:14.216258+00,0.104621,23.001353,
5dc62cb2-6387-4959-9960-1c1937e66b86,numbered,2994,completed,sold,1,2026-06-09 18:10:51.227142+00,2026-06-09 18:11:14.238982+00,2026-06-09 18:11:14.343654+00,0.104672,23.116512,
f2c95b49-c1ec-4198-9894-7c11986b0b33,numbered,95680,completed,sold,1,2026-06-09 18:10:51.239931+00,2026-06-09 18:11:14.365317+00,2026-06-09 18:11:14.470254+00,0.104937,23.230323,
4faa2a5e-dd1b-430f-9267-0b2c9d7cd29f,numbered,30216,completed,sold,1,2026-06-09 18:10:51.252188+00,2026-06-09 18:11:14.491517+00,2026-06-09 18:11:14.596269+00,0.104752,23.344081,
72c36c54-9b9f-423f-9e74-918f19cf7a8f,numbered,4098,completed,sold,1,2026-06-09 18:10:51.264909+00,2026-06-09 18:11:14.61793+00,2026-06-09 18:11:14.722486+00,0.104556,23.457577,
96ef865d-6a75-436e-8fe7-a31144f47586,numbered,71391,completed,sold,1,2026-06-09 18:10:51.27721+00,2026-06-09 18:11:14.744105+00,2026-06-09 18:11:14.848738+00,0.104633,23.571528,
143d132d-6147-408b-8a3a-a605cef9699a,numbered,85801,completed,sold,1,2026-06-09 18:10:51.289853+00,2026-06-09 18:11:14.870938+00,2026-06-09 18:11:14.975782+00,0.104844,23.685929,
ccdd2a6b-28c8-4622-aad5-4893417fc39c,numbered,82316,completed,sold,1,2026-06-09 18:10:51.302359+00,2026-06-09 18:11:14.997592+00,2026-06-09 18:11:15.102199+00,0.104607,23.799840,
103c4c3a-bfa8-4556-a020-7dc2bf1e66a9,numbered,23158,completed,sold,1,2026-06-09 18:10:51.314918+00,2026-06-09 18:11:15.123279+00,2026-06-09 18:11:15.227555+00,0.104276,23.912637,
8b326361-95e0-44ce-a224-c20fa385caf5,numbered,97839,completed,sold,1,2026-06-09 18:10:51.327212+00,2026-06-09 18:11:15.248123+00,2026-06-09 18:11:15.352396+00,0.104273,24.025184,
2fd35329-85bc-477e-8bf5-3933e51fa456,numbered,96680,completed,sold,1,2026-06-09 18:10:51.339802+00,2026-06-09 18:11:15.373305+00,2026-06-09 18:11:15.477616+00,0.104311,24.137814,
b48f7189-8ce5-48c5-97e4-e0698b158e4f,numbered,75148,completed,sold,1,2026-06-09 18:10:51.352179+00,2026-06-09 18:11:15.499537+00,2026-06-09 18:11:15.604356+00,0.104819,24.252177,
8bc6c403-639b-45c8-87ae-e380ebc062a5,numbered,95110,completed,sold,1,2026-06-09 18:10:51.365055+00,2026-06-09 18:11:15.625297+00,2026-06-09 18:11:15.729697+00,0.104400,24.364642,
b893e692-dce8-4601-9789-66752d5249d0,numbered,60193,completed,sold,1,2026-06-09 18:10:51.377307+00,2026-06-09 18:11:15.750195+00,2026-06-09 18:11:15.854711+00,0.104516,24.477404,
f660b77e-3a98-42ac-b311-014f3f1d5317,numbered,94987,completed,sold,1,2026-06-09 18:10:51.390045+00,2026-06-09 18:11:15.875025+00,2026-06-09 18:11:15.979818+00,0.104793,24.589773,
21400afe-0fb8-4057-9238-b465a9efae18,numbered,76967,completed,sold,1,2026-06-09 18:10:51.402376+00,2026-06-09 18:11:16.001792+00,2026-06-09 18:11:16.106627+00,0.104835,24.704251,
596351d2-c8f5-47f1-bd19-868656d00ea4,numbered,30083,completed,sold,1,2026-06-09 18:10:51.414905+00,2026-06-09 18:11:16.128163+00,2026-06-09 18:11:16.233014+00,0.104851,24.818109,
a43f5101-ca47-4d61-878d-2557705b124a,numbered,16198,completed,sold,1,2026-06-09 18:10:51.427277+00,2026-06-09 18:11:16.256004+00,2026-06-09 18:11:16.360786+00,0.104782,24.933509,
49139022-6c0a-4a9b-b877-992485e92289,numbered,72227,completed,sold,1,2026-06-09 18:10:51.439965+00,2026-06-09 18:11:16.383035+00,2026-06-09 18:11:16.487549+00,0.104514,25.047584,
e93ca838-808c-4682-a3bc-d842be9abc80,numbered,16222,completed,sold,1,2026-06-09 18:10:51.452385+00,2026-06-09 18:11:16.508071+00,2026-06-09 18:11:16.612799+00,0.104728,25.160414,
f318275d-88cc-4159-b443-9679ced67c08,numbered,86895,completed,sold,1,2026-06-09 18:10:51.464759+00,2026-06-09 18:11:16.635267+00,2026-06-09 18:11:16.739854+00,0.104587,25.275095,
b9231465-b49e-40ab-994f-ffeea1f60142,numbered,98479,completed,sold,1,2026-06-09 18:10:51.477054+00,2026-06-09 18:11:16.760302+00,2026-06-09 18:11:16.864761+00,0.104459,25.387707,
35ccff25-5a37-4493-a2f1-27b0919fa553,numbered,22379,completed,sold,1,2026-06-09 18:10:51.48987+00,2026-06-09 18:11:16.886389+00,2026-06-09 18:11:16.991157+00,0.104768,25.501287,
cad09bf9-45fd-4af3-a23d-1e11c7a6e92c,numbered,70449,completed,sold,1,2026-06-09 18:10:51.502198+00,2026-06-09 18:11:17.011848+00,2026-06-09 18:11:17.116399+00,0.104551,25.614201,
beee6a2b-0a81-47f7-8fba-798ce2cbd1cd,numbered,19040,completed,sold,1,2026-06-09 18:10:51.51497+00,2026-06-09 18:11:17.137233+00,2026-06-09 18:11:17.241769+00,0.104536,25.726799,
fc45a159-08f9-463d-9a52-fccf242f320a,numbered,77829,completed,sold,1,2026-06-09 18:10:51.527367+00,2026-06-09 18:11:17.262803+00,2026-06-09 18:11:17.367304+00,0.104501,25.839937,
97bf644d-aa7e-436f-a68b-30c0ace4d119,numbered,89682,completed,sold,1,2026-06-09 18:10:51.540079+00,2026-06-09 18:11:17.388323+00,2026-06-09 18:11:17.49279+00,0.104467,25.952711,
3832f726-160f-49d9-ad58-2789692cd3b1,numbered,77528,completed,sold,1,2026-06-09 18:10:51.552466+00,2026-06-09 18:11:17.51414+00,2026-06-09 18:11:17.618658+00,0.104518,26.066192,
99579978-9606-4aa2-90df-8c0a05eaf136,numbered,39031,completed,sold,1,2026-06-09 18:10:51.565059+00,2026-06-09 18:11:17.640087+00,2026-06-09 18:11:17.744656+00,0.104569,26.179597,
0b1d1bec-c8ac-4652-86da-2d4a53bd0def,numbered,47950,completed,sold,1,2026-06-09 18:10:51.577302+00,2026-06-09 18:11:17.765238+00,2026-06-09 18:11:17.869378+00,0.104140,26.292076,
9ad10ba2-3934-4c53-b037-82a304156f65,numbered,12435,completed,sold,1,2026-06-09 18:10:51.58969+00,2026-06-09 18:11:17.890129+00,2026-06-09 18:11:17.994665+00,0.104536,26.404975,
52d2b6c9-fa04-4bab-ad0b-072bafafe936,numbered,82215,completed,sold,1,2026-06-09 18:10:51.602222+00,2026-06-09 18:11:18.021974+00,2026-06-09 18:11:18.126339+00,0.104365,26.524117,
cb1ac819-8584-41a5-871d-ea78b8479346,numbered,29312,completed,sold,1,2026-06-09 18:10:51.614863+00,2026-06-09 18:11:18.147187+00,2026-06-09 18:11:18.252044+00,0.104857,26.637181,
763fe85e-7bf6-4afa-970e-bc77e24da3da,numbered,11719,completed,sold,1,2026-06-09 18:10:51.62733+00,2026-06-09 18:11:18.273828+00,2026-06-09 18:11:18.378732+00,0.104904,26.751402,
5a6b08d4-e7be-4c1b-93ed-15ab89859ab7,numbered,27652,completed,sold,1,2026-06-09 18:10:51.640039+00,2026-06-09 18:11:18.40177+00,2026-06-09 18:11:18.50651+00,0.104740,26.866471,
4062e43e-916c-4c50-bdb4-0d7ef8b50716,numbered,24914,completed,sold,1,2026-06-09 18:10:51.652388+00,2026-06-09 18:11:18.527663+00,2026-06-09 18:11:18.632381+00,0.104718,26.979993,
0c779ab5-6758-4379-8642-041bad85bbd4,numbered,43806,completed,sold,1,2026-06-09 18:10:51.66509+00,2026-06-09 18:11:18.654304+00,2026-06-09 18:11:18.758974+00,0.104670,27.093884,
28886bca-0986-4eb0-804b-139d3f2f1f27,numbered,88242,completed,sold,1,2026-06-09 18:10:51.677376+00,2026-06-09 18:11:18.780034+00,2026-06-09 18:11:18.884842+00,0.104808,27.207466,
f79e7a4e-552e-4a79-b581-65828355abb2,numbered,28607,completed,sold,1,2026-06-09 18:10:51.689927+00,2026-06-09 18:11:18.906265+00,2026-06-09 18:11:19.012446+00,0.106181,27.322519,
9c8e08cc-dc9d-44cb-94e3-4ec13a6c0a52,numbered,61041,completed,sold,1,2026-06-09 18:10:51.702318+00,2026-06-09 18:11:19.03379+00,2026-06-09 18:11:19.138828+00,0.105038,27.436510,
5387e025-2382-4013-9f10-62d1d24a6282,numbered,56366,completed,sold,1,2026-06-09 18:10:51.71485+00,2026-06-09 18:11:19.160081+00,2026-06-09 18:11:19.264512+00,0.104431,27.549662,
2535cc64-998b-4687-8034-8c7a8b99891a,numbered,67303,completed,sold,1,2026-06-09 18:10:51.727195+00,2026-06-09 18:11:19.28502+00,2026-06-09 18:11:19.3893+00,0.104280,27.662105,
64171183-7bea-43cd-a3b7-4b3485be82f4,numbered,31840,completed,sold,1,2026-06-09 18:10:51.739954+00,2026-06-09 18:11:19.409633+00,2026-06-09 18:11:19.514008+00,0.104375,27.774054,
35c769da-f2fa-47c3-8feb-cb64efabc0a3,numbered,79167,completed,sold,1,2026-06-09 18:10:51.752259+00,2026-06-09 18:11:19.534253+00,2026-06-09 18:11:19.638739+00,0.104486,27.886480,
4ba254c5-dd18-4784-b8f3-a1c392f30f74,numbered,98867,completed,sold,1,2026-06-09 18:10:51.765037+00,2026-06-09 18:11:19.659227+00,2026-06-09 18:11:19.763675+00,0.104448,27.998638,
d3881071-01fa-42cb-a4cf-f28bfd9fe346,numbered,4574,completed,sold,1,2026-06-09 18:10:51.777251+00,2026-06-09 18:11:19.784048+00,2026-06-09 18:11:19.888744+00,0.104696,28.111493,
f86b46cc-765f-47f6-ad5c-360a5c97d17d,numbered,50330,completed,sold,1,2026-06-09 18:10:51.789911+00,2026-06-09 18:11:19.909721+00,2026-06-09 18:11:20.015081+00,0.105360,28.225170,
a3852899-89b7-4e42-a778-00283806912a,numbered,83301,completed,sold,1,2026-06-09 18:10:51.802221+00,2026-06-09 18:11:20.035836+00,2026-06-09 18:11:20.140428+00,0.104592,28.338207,
4a078882-7e75-48c8-b091-b3bec17d7f90,numbered,2991,completed,sold,1,2026-06-09 18:10:51.81477+00,2026-06-09 18:11:20.161223+00,2026-06-09 18:11:20.266146+00,0.104923,28.451376,
7ca9bcf1-3329-48ef-8802-33682df6b984,numbered,30839,completed,sold,1,2026-06-09 18:10:51.82728+00,2026-06-09 18:11:20.28734+00,2026-06-09 18:11:20.391949+00,0.104609,28.564669,
76615fc3-de48-41ea-9ad5-be225a5709a1,numbered,58810,completed,sold,1,2026-06-09 18:10:51.840101+00,2026-06-09 18:11:20.413499+00,2026-06-09 18:11:20.517961+00,0.104462,28.677860,
9a82382e-ae26-4e82-ac8a-5bbd4ca496bd,numbered,46626,completed,sold,1,2026-06-09 18:10:51.852171+00,2026-06-09 18:11:20.539619+00,2026-06-09 18:11:20.64508+00,0.105461,28.792909,
a4e038f2-df46-4690-918f-1d5241a6bdcd,numbered,47798,completed,sold,1,2026-06-09 18:10:51.865066+00,2026-06-09 18:11:20.668014+00,2026-06-09 18:11:20.77293+00,0.104916,28.907864,
84335ced-ce95-483f-8cad-e7d733b1a31f,numbered,99451,completed,sold,1,2026-06-09 18:10:51.877251+00,2026-06-09 18:11:20.794301+00,2026-06-09 18:11:20.901654+00,0.107353,29.024403,
cee873ad-a087-4077-ba39-883cf2997179,numbered,33826,completed,sold,1,2026-06-09 18:10:51.889844+00,2026-06-09 18:11:20.923788+00,2026-06-09 18:11:21.028747+00,0.104959,29.138903,
6abb3183-e9a7-4856-969a-3013b81a63af,numbered,20697,completed,sold,1,2026-06-09 18:10:51.902121+00,2026-06-09 18:11:21.049674+00,2026-06-09 18:11:21.154005+00,0.104331,29.251884,
9424caf6-6460-4437-a417-d586c7786c0b,numbered,37751,completed,sold,1,2026-06-09 18:10:51.914832+00,2026-06-09 18:11:21.175147+00,2026-06-09 18:11:21.279858+00,0.104711,29.365026,
b29a959b-b1af-43e0-9cea-71a1b10f9251,numbered,51861,completed,sold,1,2026-06-09 18:10:51.927314+00,2026-06-09 18:11:21.300715+00,2026-06-09 18:11:21.405135+00,0.104420,29.477821,
8c6567ea-cdd7-4449-9111-e3a1a242335f,numbered,40799,completed,sold,1,2026-06-09 18:10:51.939854+00,2026-06-09 18:11:21.426412+00,2026-06-09 18:11:21.531006+00,0.104594,29.591152,
0d70f4f2-fac6-4e92-b4fb-439efa144f31,numbered,9391,completed,sold,1,2026-06-09 18:10:51.95227+00,2026-06-09 18:11:21.55204+00,2026-06-09 18:11:21.656476+00,0.104436,29.704206,
c84a87aa-80cf-4eaf-aba3-532b78e9f5d0,numbered,20427,completed,sold,1,2026-06-09 18:10:51.96488+00,2026-06-09 18:11:21.677532+00,2026-06-09 18:11:21.781971+00,0.104439,29.817091,
cff64be7-a948-4b51-ba5f-0ec3b7d3bda7,numbered,47468,completed,sold,1,2026-06-09 18:10:51.977125+00,2026-06-09 18:11:21.803223+00,2026-06-09 18:11:21.907545+00,0.104322,29.930420,
fabf51d9-ee7e-481b-bfe9-70a4073abd45,numbered,23950,completed,sold,1,2026-06-09 18:10:51.989814+00,2026-06-09 18:11:21.928178+00,2026-06-09 18:11:22.032913+00,0.104735,30.043099,
dc891b62-2398-414e-9b9e-f372160a9570,numbered,88547,completed,sold,1,2026-06-09 18:10:52.003779+00,2026-06-09 18:11:22.054902+00,2026-06-09 18:11:22.159542+00,0.104640,30.155763,
bbea0caa-a9f4-4660-87ed-eca5d86e262b,numbered,54072,completed,sold,1,2026-06-09 18:10:52.014975+00,2026-06-09 18:11:22.180281+00,2026-06-09 18:11:22.284905+00,0.104624,30.269930,
b33c288a-1b92-4ae8-b5e9-6ea778936ee3,numbered,83086,completed,sold,1,2026-06-09 18:10:52.027744+00,2026-06-09 18:11:22.305601+00,2026-06-09 18:11:22.41001+00,0.104409,30.382266,
d097f42c-72cc-4f4f-811a-9d211b6e201c,numbered,79848,completed,sold,1,2026-06-09 18:10:52.039991+00,2026-06-09 18:11:22.430446+00,2026-06-09 18:11:22.534896+00,0.104450,30.494905,
40cda4d5-edfd-4e1e-b47f-ac5e841fe051,numbered,45714,completed,sold,1,2026-06-09 18:10:52.052425+00,2026-06-09 18:11:22.555765+00,2026-06-09 18:11:22.660899+00,0.105134,30.608474,
323d58a5-5fde-4111-b8b4-fc1c41f159c8,numbered,7298,completed,sold,1,2026-06-09 18:10:52.065097+00,2026-06-09 18:11:22.682398+00,2026-06-09 18:11:22.786803+00,0.104405,30.721706,
0efd1da4-82b6-4fb2-84e1-1d0b2652e3c4,numbered,90469,completed,sold,1,2026-06-09 18:10:52.077508+00,2026-06-09 18:11:22.808022+00,2026-06-09 18:11:22.913004+00,0.104982,30.835496,
f4465ce8-55b1-4bef-b5ad-b0845e4aef54,numbered,33742,completed,sold,1,2026-06-09 18:10:52.090122+00,2026-06-09 18:11:22.934435+00,2026-06-09 18:11:23.039198+00,0.104763,30.949076,
2e4b2ee4-a5a0-4368-a05f-afa4f224b6f4,numbered,69508,completed,sold,1,2026-06-09 18:10:52.102269+00,2026-06-09 18:11:23.060319+00,2026-06-09 18:11:23.164823+00,0.104504,31.062554,
cb60689c-347b-487c-9376-7dcae67589a6,numbered,9274,completed,sold,1,2026-06-09 18:10:52.115086+00,2026-06-09 18:11:23.186429+00,2026-06-09 18:11:23.291098+00,0.104669,31.176012,
4c2d733d-e564-4b1b-a504-b9d385184c12,numbered,50236,completed,sold,1,2026-06-09 18:10:52.127428+00,2026-06-09 18:11:23.313133+00,2026-06-09 18:11:23.417605+00,0.104472,31.290177,
54190c0d-ed10-4d53-a61f-e36673824618,numbered,80497,completed,sold,1,2026-06-09 18:10:52.140022+00,2026-06-09 18:11:23.438053+00,2026-06-09 18:11:23.542506+00,0.104453,31.402484,
1cd004a9-0332-40e5-91f2-449e1586803c,numbered,75279,completed,sold,1,2026-06-09 18:10:52.152265+00,2026-06-09 18:11:23.564026+00,2026-06-09 18:11:23.668726+00,0.104700,31.516461,
0dec8157-7e98-4be9-924a-e4234cfec3b0,numbered,41875,completed,sold,1,2026-06-09 18:10:52.165146+00,2026-06-09 18:11:23.689622+00,2026-06-09 18:11:23.794241+00,0.104619,31.629095,
6d703b60-ed77-40f6-bd4e-7478e23884e7,numbered,30280,completed,sold,1,2026-06-09 18:10:52.177293+00,2026-06-09 18:11:23.814693+00,2026-06-09 18:11:23.919013+00,0.104320,31.741720,
08302dd5-2f4d-4fb9-adc4-5a59568d09e9,numbered,54588,completed,sold,1,2026-06-09 18:10:52.189963+00,2026-06-09 18:11:23.938929+00,2026-06-09 18:11:24.043887+00,0.104958,31.853924,
c53c0344-f503-428d-8ba6-f3406ed4ce13,numbered,23547,completed,sold,1,2026-06-09 18:10:52.202291+00,2026-06-09 18:11:24.064856+00,2026-06-09 18:11:24.169088+00,0.104232,31.966797,
d69cbf9a-bfbb-42f6-aa0e-a263bc72eac1,numbered,72322,completed,sold,1,2026-06-09 18:10:52.214747+00,2026-06-09 18:11:24.190026+00,2026-06-09 18:11:24.294393+00,0.104367,32.079646,
7f6e11d9-097a-4d02-bb0e-690406ad9e2d,numbered,28943,completed,sold,1,2026-06-09 18:10:52.227429+00,2026-06-09 18:11:24.314973+00,2026-06-09 18:11:24.419553+00,0.104580,32.192124,
054b3234-9271-4e43-9e7d-017dd8affb94,numbered,17250,completed,sold,1,2026-06-09 18:10:52.239936+00,2026-06-09 18:11:24.441252+00,2026-06-09 18:11:24.545701+00,0.104449,32.305765,
0a703713-015e-4df7-a94a-7bfd78c6fbfe,numbered,93354,completed,sold,1,2026-06-09 18:10:52.252453+00,2026-06-09 18:11:24.566237+00,2026-06-09 18:11:24.670864+00,0.104627,32.418411,
81c1da22-8668-481d-b6fb-e783010b81cf,numbered,62302,completed,sold,1,2026-06-09 18:10:52.265172+00,2026-06-09 18:11:24.691584+00,2026-06-09 18:11:24.796153+00,0.104569,32.530981,
450eaf32-7ee1-490b-b2cb-0dab5c632bba,numbered,78138,completed,sold,1,2026-06-09 18:10:52.277359+00,2026-06-09 18:11:24.81671+00,2026-06-09 18:11:24.921238+00,0.104528,32.643879,
a7439ddf-ec79-4252-9cad-5a4c54769343,numbered,32361,completed,sold,1,2026-06-09 18:10:52.290086+00,2026-06-09 18:11:24.942455+00,2026-06-09 18:11:25.046963+00,0.104508,32.756877,
26c7426b-65ba-43da-8be0-84db48ba74c8,numbered,37416,completed,sold,1,2026-06-09 18:10:52.302275+00,2026-06-09 18:11:25.068392+00,2026-06-09 18:11:25.172878+00,0.104486,32.870603,
28d17840-6716-4086-bcb3-bc321b5c853d,numbered,4201,completed,sold,1,2026-06-09 18:10:52.314891+00,2026-06-09 18:11:25.193244+00,2026-06-09 18:11:25.297598+00,0.104354,32.982707,
b857ef2f-3c08-422d-834d-bc0e8290fa89,numbered,64052,completed,sold,1,2026-06-09 18:10:52.327407+00,2026-06-09 18:11:25.317759+00,2026-06-09 18:11:25.422491+00,0.104732,33.095084,
2d7a5a1b-8526-4a25-9af3-a2d2a2a491f1,numbered,89994,completed,sold,1,2026-06-09 18:10:52.33995+00,2026-06-09 18:11:25.442888+00,2026-06-09 18:11:25.547031+00,0.104143,33.207081,
a59c2b9e-3397-42d0-873b-71a0ff89fe2e,numbered,32975,completed,sold,1,2026-06-09 18:10:52.352327+00,2026-06-09 18:11:25.568166+00,2026-06-09 18:11:25.672894+00,0.104728,33.320567,
f8cda1c3-f9da-42a6-bedb-b29d46a63f4a,numbered,90024,completed,sold,1,2026-06-09 18:10:52.364912+00,2026-06-09 18:11:25.693794+00,2026-06-09 18:11:25.798332+00,0.104538,33.433420,
b2c8422d-81f1-4a9a-a381-5a8ec16c2bc9,numbered,10581,completed,sold,1,2026-06-09 18:10:52.377344+00,2026-06-09 18:11:25.818981+00,2026-06-09 18:11:25.923337+00,0.104356,33.545993,
dd3c0eaf-9943-4d62-910c-32b7c3661cd3,numbered,38387,completed,sold,1,2026-06-09 18:10:52.389818+00,2026-06-09 18:11:25.943718+00,2026-06-09 18:11:26.048533+00,0.104815,33.658715,
6e8cd52d-fc56-4352-a25b-5788af7fea4a,numbered,62530,completed,sold,1,2026-06-09 18:10:52.402174+00,2026-06-09 18:11:26.069517+00,2026-06-09 18:11:26.173933+00,0.104416,33.771759,
e6b052c8-461a-4f44-8546-4b8418482d2e,numbered,27846,completed,sold,1,2026-06-09 18:10:52.414835+00,2026-06-09 18:11:26.195245+00,2026-06-09 18:11:26.29988+00,0.104635,33.885045,
85f215f1-a63e-4663-8b47-82b65a617553,numbered,17664,completed,sold,1,2026-06-09 18:10:52.427287+00,2026-06-09 18:11:26.321749+00,2026-06-09 18:11:26.426226+00,0.104477,33.998939,
19426514-a7ea-483d-9cff-c2083ea14848,numbered,82392,completed,sold,1,2026-06-09 18:10:52.439849+00,2026-06-09 18:11:26.447672+00,2026-06-09 18:11:26.552859+00,0.105187,34.113010,
0aa0f5a0-d306-4f34-ab65-487b5706130f,numbered,91652,completed,sold,1,2026-06-09 18:10:52.452325+00,2026-06-09 18:11:26.574503+00,2026-06-09 18:11:26.679109+00,0.104606,34.226784,
d733ba82-7bf2-429a-a06e-a574e1e99bf4,numbered,83762,completed,sold,1,2026-06-09 18:10:52.464879+00,2026-06-09 18:11:26.700752+00,2026-06-09 18:11:26.805447+00,0.104695,34.340568,
1a08a990-45cf-4d54-b5b1-fcf59087c0c4,numbered,44904,completed,sold,1,2026-06-09 18:10:52.477127+00,2026-06-09 18:11:26.826736+00,2026-06-09 18:11:26.931139+00,0.104403,34.454012,
78a6690f-8800-4992-a895-0c498f3a2f74,numbered,87623,completed,sold,1,2026-06-09 18:10:52.489767+00,2026-06-09 18:11:26.952498+00,2026-06-09 18:11:27.057135+00,0.104637,34.567368,
7582dc19-517d-42df-a63c-88471ddbd618,numbered,48126,completed,sold,1,2026-06-09 18:10:52.502281+00,2026-06-09 18:11:27.078208+00,2026-06-09 18:11:27.182706+00,0.104498,34.680425,
3fb87bca-7417-4cc9-b8be-a8c9350fc0df,numbered,22977,completed,sold,1,2026-06-09 18:10:52.514813+00,2026-06-09 18:11:27.203692+00,2026-06-09 18:11:27.308265+00,0.104573,34.793452,
c4cad4e0-8a11-44e6-917e-d63d357e71ab,numbered,23671,completed,sold,1,2026-06-09 18:10:52.527309+00,2026-06-09 18:11:27.329233+00,2026-06-09 18:11:27.433762+00,0.104529,34.906453,
7c5015d9-4695-4038-84c1-91595bd504b1,numbered,2275,completed,sold,1,2026-06-09 18:10:52.539822+00,2026-06-09 18:11:27.45436+00,2026-06-09 18:11:27.558866+00,0.104506,35.019044,
863902f4-f96b-4552-b699-846f44c2d0c9,numbered,43823,completed,sold,1,2026-06-09 18:10:52.552319+00,2026-06-09 18:11:27.57989+00,2026-06-09 18:11:27.68458+00,0.104690,35.132261,
adbd1a8c-28c0-4326-8223-4981932c48a3,numbered,81764,completed,sold,1,2026-06-09 18:10:52.564927+00,2026-06-09 18:11:27.707588+00,2026-06-09 18:11:27.811949+00,0.104361,35.247022,
3c6ee236-9e05-4bad-befb-93b8a402a34c,numbered,34049,completed,sold,1,2026-06-09 18:10:52.57723+00,2026-06-09 18:11:27.832042+00,2026-06-09 18:11:27.936605+00,0.104563,35.359375,
f3f27ca6-7c69-4287-8ae9-d6f5d7fd1f60,numbered,75683,completed,sold,1,2026-06-09 18:10:52.589906+00,2026-06-09 18:11:27.958254+00,2026-06-09 18:11:28.062758+00,0.104504,35.472852,
21c98fe5-9073-4af2-919e-59a05bad9d9b,numbered,42474,completed,sold,1,2026-06-09 18:10:52.602185+00,2026-06-09 18:11:28.082804+00,2026-06-09 18:11:28.187266+00,0.104462,35.585081,
9c8ccc91-4af6-428f-8d85-c89628a7a762,numbered,38300,completed,sold,1,2026-06-09 18:10:52.614676+00,2026-06-09 18:11:28.208452+00,2026-06-09 18:11:28.312875+00,0.104423,35.698199,
a0ec45c8-6ee4-4f34-aa3b-e76800fd823f,numbered,42923,completed,sold,1,2026-06-09 18:10:52.627355+00,2026-06-09 18:11:28.333483+00,2026-06-09 18:11:28.437821+00,0.104338,35.810466,
a02f71b6-4f0e-4c39-a67b-d1f1487ad014,numbered,99677,completed,sold,1,2026-06-09 18:10:52.639934+00,2026-06-09 18:11:28.458369+00,2026-06-09 18:11:28.562872+00,0.104503,35.922938,
b9730cd9-3f06-4def-b9e3-52ef168e640a,numbered,44716,completed,sold,1,2026-06-09 18:10:52.65234+00,2026-06-09 18:11:28.58334+00,2026-06-09 18:11:28.687973+00,0.104633,36.035633,
772ae108-530d-43d9-9c66-8f438aea7ea2,numbered,92633,completed,sold,1,2026-06-09 18:10:52.664997+00,2026-06-09 18:11:28.708602+00,2026-06-09 18:11:28.813255+00,0.104653,36.148258,
ac116342-df6a-4a27-ba81-20cae9d18106,numbered,13881,completed,sold,1,2026-06-09 18:10:52.677369+00,2026-06-09 18:11:28.834279+00,2026-06-09 18:11:28.93888+00,0.104601,36.261511,
fde300de-d9f3-4f1d-a416-4f69a281a986,numbered,97267,completed,sold,1,2026-06-09 18:10:52.690221+00,2026-06-09 18:11:28.95987+00,2026-06-09 18:11:29.064474+00,0.104604,36.374253,
8593f9b8-20e1-470c-a194-6eae7d7176b0,numbered,31972,completed,sold,1,2026-06-09 18:10:52.70268+00,2026-06-09 18:11:29.086743+00,2026-06-09 18:11:29.191122+00,0.104379,36.488442,
e798e783-eead-476e-8d81-339e93e81762,numbered,75707,completed,sold,1,2026-06-09 18:10:52.71484+00,2026-06-09 18:11:29.211708+00,2026-06-09 18:11:29.316221+00,0.104513,36.601381,
8e2af84e-47fa-4d38-b52e-8382e1f86b54,numbered,992,completed,sold,1,2026-06-09 18:10:52.727176+00,2026-06-09 18:11:29.337147+00,2026-06-09 18:11:29.441894+00,0.104747,36.714718,
e7ba2df1-dbdc-4045-aa0a-e9bd87cc3847,numbered,46810,completed,sold,1,2026-06-09 18:10:52.739725+00,2026-06-09 18:11:29.462712+00,2026-06-09 18:11:29.567059+00,0.104347,36.827334,
ea2c438d-ad3d-4a9e-9da8-d60ec14ba7cf,numbered,56068,completed,sold,1,2026-06-09 18:10:52.752501+00,2026-06-09 18:11:29.5891+00,2026-06-09 18:11:29.693785+00,0.104685,36.941284,
8bb6e903-48f5-4e23-b284-6e84c554a0d9,numbered,75063,completed,sold,1,2026-06-09 18:10:52.764912+00,2026-06-09 18:11:29.714807+00,2026-06-09 18:11:29.819313+00,0.104506,37.054401,
bd0f8f28-487f-4c6a-9262-e0d6eff2622a,numbered,19646,completed,sold,1,2026-06-09 18:10:52.777355+00,2026-06-09 18:11:29.840044+00,2026-06-09 18:11:29.944519+00,0.104475,37.167164,
ed991ca8-cfd6-42c1-a10e-dd7a100e300c,numbered,51756,completed,sold,1,2026-06-09 18:10:52.791886+00,2026-06-09 18:11:29.965706+00,2026-06-09 18:11:30.070521+00,0.104815,37.278635,
b77f7463-0a52-470c-ac11-d39ed9178e44,numbered,30249,completed,sold,1,2026-06-09 18:10:52.802296+00,2026-06-09 18:11:30.093015+00,2026-06-09 18:11:30.197707+00,0.104692,37.395411,
0f0ce846-7205-4358-ade9-b3c53655e9b3,numbered,15752,completed,sold,1,2026-06-09 18:10:52.814837+00,2026-06-09 18:11:30.218868+00,2026-06-09 18:11:30.323293+00,0.104425,37.508456,
89ea3357-1392-49bc-913c-7940501ff7cd,numbered,26444,completed,sold,1,2026-06-09 18:10:52.827238+00,2026-06-09 18:11:30.343973+00,2026-06-09 18:11:30.448548+00,0.104575,37.621310,
8136ca9a-fe9e-4398-b15b-cd78bb9ff06b,numbered,96342,completed,sold,1,2026-06-09 18:10:52.83993+00,2026-06-09 18:11:30.469739+00,2026-06-09 18:11:30.574868+00,0.105129,37.734938,
67e9f316-6879-4031-a3de-3293f3646855,numbered,98104,completed,sold,1,2026-06-09 18:10:52.852282+00,2026-06-09 18:11:30.596554+00,2026-06-09 18:11:30.701351+00,0.104797,37.849069,
ae709313-d941-4e04-b1fa-fd159d29df9c,numbered,26736,completed,sold,1,2026-06-09 18:10:52.864865+00,2026-06-09 18:11:30.723713+00,2026-06-09 18:11:30.828849+00,0.105136,37.963984,
22bc0cee-39fe-4a28-a4d6-f9b5555a6f02,numbered,86214,completed,sold,1,2026-06-09 18:10:52.877243+00,2026-06-09 18:11:30.850311+00,2026-06-09 18:11:30.954779+00,0.104468,38.077536,
c496c2cf-306d-4277-ae81-187f2d509907,numbered,46015,completed,sold,1,2026-06-09 18:10:52.889905+00,2026-06-09 18:11:30.975945+00,2026-06-09 18:11:31.081179+00,0.105234,38.191274,
394ee30b-c511-42c7-9c58-6d3361db9ff8,numbered,29220,completed,sold,1,2026-06-09 18:10:52.90228+00,2026-06-09 18:11:31.101752+00,2026-06-09 18:11:31.206465+00,0.104713,38.304185,
cb34111d-b1aa-467e-85ef-a238075f45b1,numbered,47364,completed,sold,1,2026-06-09 18:10:52.91478+00,2026-06-09 18:11:31.227678+00,2026-06-09 18:11:31.332103+00,0.104425,38.417323,
a2f72586-36a1-47ce-a6c9-572ff6b64eae,numbered,55768,completed,sold,1,2026-06-09 18:10:52.927313+00,2026-06-09 18:11:31.353455+00,2026-06-09 18:11:31.458017+00,0.104562,38.530704,
b790f841-cfbe-4b71-8457-274a5d9fea53,numbered,71660,completed,sold,1,2026-06-09 18:10:52.939813+00,2026-06-09 18:11:31.479224+00,2026-06-09 18:11:31.583881+00,0.104657,38.644068,
db43df9a-7078-48f0-9e2c-809b696440ef,numbered,18038,completed,sold,1,2026-06-09 18:10:52.952344+00,2026-06-09 18:11:31.605491+00,2026-06-09 18:11:31.7099+00,0.104409,38.757556,
adc54e5a-39e3-4b38-be6b-1304ea1cdf7c,numbered,6602,completed,sold,1,2026-06-09 18:10:52.964902+00,2026-06-09 18:11:31.730529+00,2026-06-09 18:11:31.835066+00,0.104537,38.870164,
270b28f9-bcba-49ea-bf31-b2d55ecc114d,numbered,51716,completed,sold,1,2026-06-09 18:10:52.97716+00,2026-06-09 18:11:31.855675+00,2026-06-09 18:11:31.960261+00,0.104586,38.983101,
543b359e-7bc6-4251-b101-1833c3abfa30,numbered,8464,completed,sold,1,2026-06-09 18:10:52.989611+00,2026-06-09 18:11:31.982782+00,2026-06-09 18:11:32.087529+00,0.104747,39.097918,
5814beb3-edb0-437a-b40c-c7e000bcd510,numbered,62428,completed,sold,1,2026-06-09 18:10:53.002331+00,2026-06-09 18:11:32.109272+00,2026-06-09 18:11:32.214001+00,0.104729,39.211670,
6c1a2c81-2ebf-4206-bf87-35dbd92e851f,numbered,11698,completed,sold,1,2026-06-09 18:10:53.014916+00,2026-06-09 18:11:32.234676+00,2026-06-09 18:11:32.339055+00,0.104379,39.324139,
209f6115-16c0-49ba-bbb5-b28fd5821de3,numbered,90245,completed,sold,1,2026-06-09 18:10:53.027394+00,2026-06-09 18:11:32.360218+00,2026-06-09 18:11:32.464974+00,0.104756,39.437580,
cca12aee-c909-45dd-ac93-fe4812f93c93,numbered,49358,completed,sold,1,2026-06-09 18:10:53.039897+00,2026-06-09 18:11:32.485558+00,2026-06-09 18:11:32.591644+00,0.106086,39.551747,
0b27951e-5ac4-4607-8499-afa97828c4d4,numbered,44299,completed,sold,1,2026-06-09 18:10:53.05227+00,2026-06-09 18:11:32.61737+00,2026-06-09 18:11:32.721914+00,0.104544,39.669644,
85cbd5fc-980c-4808-aa02-84687ca2651a,numbered,65610,completed,sold,1,2026-06-09 18:10:53.064895+00,2026-06-09 18:11:32.745551+00,2026-06-09 18:11:32.850243+00,0.104692,39.785348,
84447f2f-aeec-45da-9a56-651f066eb227,numbered,96266,completed,sold,1,2026-06-09 18:10:53.077208+00,2026-06-09 18:11:32.874397+00,2026-06-09 18:11:32.979073+00,0.104676,39.901865,
4d4568c7-8bf1-4694-a49c-f8866f09dd0a,numbered,74535,completed,sold,1,2026-06-09 18:10:53.089729+00,2026-06-09 18:11:32.99997+00,2026-06-09 18:11:33.104861+00,0.104891,40.015132,
fa8df54d-43c3-4d61-bbf4-7ca51dde50b0,numbered,6450,completed,sold,1,2026-06-09 18:10:53.102191+00,2026-06-09 18:11:33.1254+00,2026-06-09 18:11:33.229689+00,0.104289,40.127498,
4dcf955d-3fac-4538-94a1-e78abf8fce75,numbered,8406,completed,sold,1,2026-06-09 18:10:53.114712+00,2026-06-09 18:11:33.251242+00,2026-06-09 18:11:33.355913+00,0.104671,40.241201,
9ac71f7e-3647-4a44-86e6-24f3604f3858,numbered,19591,completed,sold,1,2026-06-09 18:10:53.127247+00,2026-06-09 18:11:33.376038+00,2026-06-09 18:11:33.480717+00,0.104679,40.353470,
414ed55f-295c-40c0-b547-c40dc4f6118e,numbered,77638,completed,sold,1,2026-06-09 18:10:53.139979+00,2026-06-09 18:11:33.501685+00,2026-06-09 18:11:33.606194+00,0.104509,40.466215,
ebddff1a-077a-4138-96a1-1d3e7bfd6ab9,numbered,85163,completed,sold,1,2026-06-09 18:10:53.152284+00,2026-06-09 18:11:33.627172+00,2026-06-09 18:11:33.731844+00,0.104672,40.579560,
ad83c41d-a21e-44a7-88a2-70a3076883ad,numbered,72672,completed,sold,1,2026-06-09 18:10:53.165046+00,2026-06-09 18:11:33.753327+00,2026-06-09 18:11:33.85786+00,0.104533,40.692814,
d719095b-e574-4901-8c3f-288844d2a3df,numbered,39911,completed,sold,1,2026-06-09 18:10:53.177351+00,2026-06-09 18:11:33.879022+00,2026-06-09 18:11:33.983592+00,0.104570,40.806241,
86b5e21a-baa0-44df-aa16-cfc6f01fff48,numbered,40165,completed,sold,1,2026-06-09 18:10:53.189874+00,2026-06-09 18:11:34.004239+00,2026-06-09 18:11:34.108945+00,0.104706,40.919071,
7628aeba-fe28-4c51-b28f-80f4a88ff0c2,numbered,16104,completed,sold,1,2026-06-09 18:10:53.202423+00,2026-06-09 18:11:34.129767+00,2026-06-09 18:11:34.23444+00,0.104673,41.032017,
30f77860-d3e5-4857-b5cf-ab7036d15a8b,numbered,86532,completed,sold,1,2026-06-09 18:10:53.214827+00,2026-06-09 18:11:34.254995+00,2026-06-09 18:11:34.35933+00,0.104335,41.144503,
2d7edab5-b780-49ee-9b2f-fc5f90964a11,numbered,2145,completed,sold,1,2026-06-09 18:10:53.227215+00,2026-06-09 18:11:34.379956+00,2026-06-09 18:11:34.484758+00,0.104802,41.257543,
f3289e00-3dd2-4bea-ab76-4de252e5a25f,numbered,5812,completed,sold,1,2026-06-09 18:10:53.239938+00,2026-06-09 18:11:34.50555+00,2026-06-09 18:11:34.610216+00,0.104666,41.370278,
82e1f6f7-a249-4891-a43b-a7302c2ddf0e,numbered,28090,completed,sold,1,2026-06-09 18:10:53.252464+00,2026-06-09 18:11:34.630367+00,2026-06-09 18:11:34.734828+00,0.104461,41.482364,
570c3bcc-6d47-41ed-9425-fe022baf89b6,numbered,6511,completed,sold,1,2026-06-09 18:10:53.265058+00,2026-06-09 18:11:34.756237+00,2026-06-09 18:11:34.861205+00,0.104968,41.596147,
9c30a7cc-e6df-4ea1-afdb-1c3f1dd0e7e3,numbered,24097,completed,sold,1,2026-06-09 18:10:53.277375+00,2026-06-09 18:11:34.884187+00,2026-06-09 18:11:34.988877+00,0.104690,41.711502,
f4f073b7-ac80-4df4-b555-dcded21fc985,numbered,54589,completed,sold,1,2026-06-09 18:10:53.289933+00,2026-06-09 18:11:35.0113+00,2026-06-09 18:11:35.116179+00,0.104879,41.826246,
d1ac6665-acfe-4edc-b7b2-a87409a20150,numbered,88920,completed,sold,1,2026-06-09 18:10:53.302369+00,2026-06-09 18:11:35.136653+00,2026-06-09 18:11:35.240908+00,0.104255,41.938539,
79566340-33dd-4149-bb42-0eb864227ad6,numbered,82314,completed,sold,1,2026-06-09 18:10:53.314822+00,2026-06-09 18:11:35.261046+00,2026-06-09 18:11:35.365456+00,0.104410,42.050634,
9b0f981b-16bc-4060-beb4-f5dec7c912b6,numbered,2008,completed,sold,1,2026-06-09 18:10:53.327415+00,2026-06-09 18:11:35.385698+00,2026-06-09 18:11:35.4902+00,0.104502,42.162785,
1e665f7e-bdc7-45d3-8446-400be74d8733,numbered,31622,completed,sold,1,2026-06-09 18:10:53.340005+00,2026-06-09 18:11:35.513579+00,2026-06-09 18:11:35.617882+00,0.104303,42.277877,
f7fe6bbe-442f-409d-8991-f9cf74f66bee,numbered,90020,completed,sold,1,2026-06-09 18:10:53.352781+00,2026-06-09 18:11:35.638116+00,2026-06-09 18:11:35.742901+00,0.104785,42.390120,
f4f46d70-fb6a-48ef-a569-2ab6c0d3b17c,numbered,37590,completed,sold,1,2026-06-09 18:10:53.364699+00,2026-06-09 18:11:35.763107+00,2026-06-09 18:11:35.867464+00,0.104357,42.502765,
5565efff-7088-4f50-9b1c-9d7e35bb5563,numbered,36325,completed,sold,1,2026-06-09 18:10:53.377355+00,2026-06-09 18:11:35.888162+00,2026-06-09 18:11:35.992771+00,0.104609,42.615416,
baf9eafc-b49b-4891-9198-79bce4fae1ea,numbered,75656,completed,sold,1,2026-06-09 18:10:53.389878+00,2026-06-09 18:11:36.016343+00,2026-06-09 18:11:36.121094+00,0.104751,42.731216,
af05d617-de47-4468-b306-4b6f3854e6e3,numbered,13068,completed,sold,1,2026-06-09 18:10:53.402337+00,2026-06-09 18:11:36.143815+00,2026-06-09 18:11:36.248263+00,0.104448,42.845926,
9e61818a-1b36-41d9-99eb-7728920dd704,numbered,65295,completed,sold,1,2026-06-09 18:10:53.414845+00,2026-06-09 18:11:36.269142+00,2026-06-09 18:11:36.373554+00,0.104412,42.958709,
11302702-be13-4cc8-9d5b-173373ab0556,numbered,40496,completed,sold,1,2026-06-09 18:10:53.427303+00,2026-06-09 18:11:36.394419+00,2026-06-09 18:11:36.498941+00,0.104522,43.071638,
b9b05366-f801-4389-8a4a-a746dbd0bf2c,numbered,62572,completed,sold,1,2026-06-09 18:10:53.439865+00,2026-06-09 18:11:36.520182+00,2026-06-09 18:11:36.62452+00,0.104338,43.184655,
112c2c99-c4ca-466e-beba-8357bd39ee94,numbered,86746,completed,sold,1,2026-06-09 18:10:53.452171+00,2026-06-09 18:11:36.645493+00,2026-06-09 18:11:36.749951+00,0.104458,43.297780,
7dfd1ebc-90cb-4ade-8357-d6e4b3365ce4,numbered,44420,completed,sold,1,2026-06-09 18:10:53.464946+00,2026-06-09 18:11:36.771077+00,2026-06-09 18:11:36.875709+00,0.104632,43.410763,
a616d4e7-b803-49b8-b330-88e48556fb40,numbered,90380,completed,sold,1,2026-06-09 18:10:53.477338+00,2026-06-09 18:11:36.897546+00,2026-06-09 18:11:37.002334+00,0.104788,43.524996,
68d885e9-8d88-4c72-99d7-28a08efc5347,numbered,25717,completed,sold,1,2026-06-09 18:10:53.489736+00,2026-06-09 18:11:37.024803+00,2026-06-09 18:11:37.129656+00,0.104853,43.639920,
8c13da3b-8db7-4594-a228-67d25db39d94,numbered,15200,completed,sold,1,2026-06-09 18:10:53.502686+00,2026-06-09 18:11:37.152034+00,2026-06-09 18:11:37.256799+00,0.104765,43.754113,
912bc7d2-9d11-4586-ab13-9962e19d2409,numbered,78217,completed,sold,1,2026-06-09 18:10:53.515616+00,2026-06-09 18:11:37.277352+00,2026-06-09 18:11:37.381738+00,0.104386,43.866122,
338670b0-bc75-406c-8ba8-ac8b882300c7,numbered,84130,completed,sold,1,2026-06-09 18:10:53.527285+00,2026-06-09 18:11:37.402872+00,2026-06-09 18:11:37.507112+00,0.104240,43.979827,
685acfaf-64a8-4861-9bb6-5053414408c9,numbered,75982,completed,sold,1,2026-06-09 18:10:53.539783+00,2026-06-09 18:11:37.5273+00,2026-06-09 18:11:37.63186+00,0.104560,44.092077,
f24e4a69-2a59-499d-ae0f-ddc576ae4d87,numbered,51598,completed,sold,1,2026-06-09 18:10:53.552278+00,2026-06-09 18:11:37.653165+00,2026-06-09 18:11:37.757817+00,0.104652,44.205539,
499f224d-fa1e-446a-a0d1-66466ea3935c,numbered,64914,completed,sold,1,2026-06-09 18:10:53.564913+00,2026-06-09 18:11:37.778788+00,2026-06-09 18:11:37.883369+00,0.104581,44.318456,
00244b1a-8312-4d14-94f2-ef0ef7ed9917,numbered,27356,completed,sold,1,2026-06-09 18:10:53.577341+00,2026-06-09 18:11:37.904303+00,2026-06-09 18:11:38.009346+00,0.105043,44.432005,
32a35945-31ef-4224-9c09-036d5054c29a,numbered,50728,completed,sold,1,2026-06-09 18:10:53.589949+00,2026-06-09 18:11:38.032157+00,2026-06-09 18:11:38.137711+00,0.105554,44.547762,
3fc496c7-b6b3-4d69-8644-d30143107f1f,numbered,61542,completed,sold,1,2026-06-09 18:10:53.602198+00,2026-06-09 18:11:38.158919+00,2026-06-09 18:11:38.263551+00,0.104632,44.661353,
0974aaa6-5805-4eea-9070-83a4eb1030b7,numbered,38460,completed,sold,1,2026-06-09 18:10:53.614921+00,2026-06-09 18:11:38.284435+00,2026-06-09 18:11:38.388993+00,0.104558,44.774072,
9fb8f0d8-76e3-40ef-b305-0b252627bcf6,numbered,58541,completed,sold,1,2026-06-09 18:10:53.627201+00,2026-06-09 18:11:38.410717+00,2026-06-09 18:11:38.515152+00,0.104435,44.887951,
44bf9d88-3873-4042-b0fa-2dfc374e1897,numbered,93070,completed,sold,1,2026-06-09 18:10:53.639962+00,2026-06-09 18:11:38.535862+00,2026-06-09 18:11:38.640757+00,0.104895,45.000795,
ff4807a5-647b-4fa5-b846-ab26356e57c1,numbered,44272,completed,sold,1,2026-06-09 18:10:53.65237+00,2026-06-09 18:11:38.661707+00,2026-06-09 18:11:38.766329+00,0.104622,45.113959,
614f41db-78aa-41d9-9836-98e852fb89d1,numbered,76092,completed,sold,1,2026-06-09 18:10:53.665027+00,2026-06-09 18:11:38.787637+00,2026-06-09 18:11:38.892501+00,0.104864,45.227474,
e7b4086e-1a9e-4604-b39a-646845d4a7cd,numbered,34892,completed,sold,1,2026-06-09 18:10:53.677361+00,2026-06-09 18:11:38.914549+00,2026-06-09 18:11:39.019444+00,0.104895,45.342083,
1d809575-def3-480d-a92d-d62cdc2aa7a0,numbered,54877,completed,sold,1,2026-06-09 18:10:53.689987+00,2026-06-09 18:11:39.040086+00,2026-06-09 18:11:39.144895+00,0.104809,45.454908,
febcadbe-6b90-4349-bed7-8cfac23b04c3,numbered,41449,completed,sold,1,2026-06-09 18:10:53.702206+00,2026-06-09 18:11:39.168711+00,2026-06-09 18:11:39.273575+00,0.104864,45.571369,
4e1e3a65-2e26-4cd7-86ef-5c469eb230d0,numbered,5656,completed,sold,1,2026-06-09 18:10:53.714938+00,2026-06-09 18:11:39.294922+00,2026-06-09 18:11:39.399453+00,0.104531,45.684515,
9e12e180-e6c7-468b-bc41-1c3aab9c0f52,numbered,30907,completed,sold,1,2026-06-09 18:10:53.72718+00,2026-06-09 18:11:39.419927+00,2026-06-09 18:11:39.524483+00,0.104556,45.797303,
16723eff-8753-4825-8bb9-16d3fd51fc97,numbered,89885,completed,sold,1,2026-06-09 18:10:53.739857+00,2026-06-09 18:11:39.545373+00,2026-06-09 18:11:39.649789+00,0.104416,45.909932,
c103b32e-c209-4a30-938b-066d6becbb2c,numbered,48488,completed,sold,1,2026-06-09 18:10:53.752196+00,2026-06-09 18:11:39.670939+00,2026-06-09 18:11:39.775691+00,0.104752,46.023495,
27e0f17b-2138-442b-81dd-e0d7c9b0117d,numbered,27108,completed,sold,1,2026-06-09 18:10:53.764945+00,2026-06-09 18:11:39.796817+00,2026-06-09 18:11:39.901634+00,0.104817,46.136689,
ec4222ed-0a26-4f38-a55d-2b9179a7e747,numbered,39888,completed,sold,1,2026-06-09 18:10:53.777282+00,2026-06-09 18:11:39.92286+00,2026-06-09 18:11:40.029194+00,0.106334,46.251912,
80c38960-e21b-425e-98a6-20fef19462cd,numbered,22122,completed,sold,1,2026-06-09 18:10:53.789926+00,2026-06-09 18:11:40.051339+00,2026-06-09 18:11:40.156001+00,0.104662,46.366075,
9ecad937-53d2-47cd-8cc9-b1ad2f13f274,numbered,21191,completed,sold,1,2026-06-09 18:10:53.802129+00,2026-06-09 18:11:40.177774+00,2026-06-09 18:11:40.283065+00,0.105291,46.480936,
ff4eecae-d89a-4045-8deb-9f5b090bc207,numbered,9810,completed,sold,1,2026-06-09 18:10:53.81487+00,2026-06-09 18:11:40.304194+00,2026-06-09 18:11:40.408842+00,0.104648,46.593972,
c7d61422-a632-4e62-a807-52483d39ab11,numbered,75114,completed,sold,1,2026-06-09 18:10:53.820005+00,2026-06-09 18:11:40.430179+00,2026-06-09 18:11:40.534688+00,0.104509,46.714683,
9387f12f-22fa-4431-8fc1-467fd2c53f69,numbered,64313,completed,sold,1,2026-06-09 18:10:53.824895+00,2026-06-09 18:11:40.555714+00,2026-06-09 18:11:40.660778+00,0.105064,46.835883,
95238a50-e236-46fd-8322-00464c96f4e0,numbered,2650,completed,sold,1,2026-06-09 18:10:53.829955+00,2026-06-09 18:11:40.682756+00,2026-06-09 18:11:40.787642+00,0.104886,46.957687,
6cdfd6ab-46e8-4ee7-91b0-2b605d18cfc6,numbered,64705,completed,sold,1,2026-06-09 18:10:53.834929+00,2026-06-09 18:11:40.809558+00,2026-06-09 18:11:40.914332+00,0.104774,47.079403,
aaa3fda4-17a9-4927-b727-d64fbe24376d,numbered,27806,completed,sold,1,2026-06-09 18:10:53.83998+00,2026-06-09 18:11:40.936543+00,2026-06-09 18:11:41.041378+00,0.104835,47.201398,
b934367a-87ac-4b8a-a23c-c800a8a9f370,numbered,1176,completed,sold,1,2026-06-09 18:10:53.844915+00,2026-06-09 18:11:41.063107+00,2026-06-09 18:11:41.167853+00,0.104746,47.322938,
d8b7aacd-2c30-4fe7-9b23-7af24a6edb0e,numbered,90347,completed,sold,1,2026-06-09 18:10:53.849755+00,2026-06-09 18:11:41.190856+00,2026-06-09 18:11:41.295667+00,0.104811,47.445912,
19cca2ee-fa85-45a8-9436-58fa52cea98a,numbered,98619,completed,sold,1,2026-06-09 18:10:53.856001+00,2026-06-09 18:11:41.316305+00,2026-06-09 18:11:41.420884+00,0.104579,47.564883,
3e8b76ab-0aee-4c15-b4ad-8e0c382125f2,numbered,94801,completed,sold,1,2026-06-09 18:10:53.860897+00,2026-06-09 18:11:41.442275+00,2026-06-09 18:11:41.547118+00,0.104843,47.686221,
0532ca2d-07c6-42ca-9814-ede4ae6f347c,numbered,51315,completed,sold,1,2026-06-09 18:10:53.865841+00,2026-06-09 18:11:41.567948+00,2026-06-09 18:11:41.672775+00,0.104827,47.806934,
e5669938-446f-41e8-934c-9d784e201c41,numbered,61968,completed,sold,1,2026-06-09 18:10:53.870712+00,2026-06-09 18:11:41.694224+00,2026-06-09 18:11:41.798951+00,0.104727,47.928239,
530bf3eb-c661-497e-9460-6a27f206fb82,numbered,79448,completed,sold,1,2026-06-09 18:10:53.875678+00,2026-06-09 18:11:41.82072+00,2026-06-09 18:11:41.925425+00,0.104705,48.049747,
2b7888a3-3c22-45dd-8448-e84df1c0d4b7,numbered,60304,completed,sold,1,2026-06-09 18:10:53.880532+00,2026-06-09 18:11:41.946344+00,2026-06-09 18:11:42.051056+00,0.104712,48.170524,
e9107b3a-6a86-4bb7-b7d2-32568ef39a1f,numbered,7367,completed,sold,1,2026-06-09 18:10:53.885276+00,2026-06-09 18:11:42.073672+00,2026-06-09 18:11:42.178714+00,0.105042,48.293438,
b9dcc927-3f1b-4c7b-817b-7806e36a9b89,numbered,99343,completed,sold,1,2026-06-09 18:10:53.890146+00,2026-06-09 18:11:42.199891+00,2026-06-09 18:11:42.304394+00,0.104503,48.414248,
0d81ef80-4d04-4161-9fb8-887460a086dd,numbered,38987,completed,sold,1,2026-06-09 18:10:53.895041+00,2026-06-09 18:11:42.325179+00,2026-06-09 18:11:42.429644+00,0.104465,48.534603,
2bdcdef9-62a9-4d15-8245-0a8ddde9e7ef,numbered,58311,completed,sold,1,2026-06-09 18:10:53.900009+00,2026-06-09 18:11:42.451577+00,2026-06-09 18:11:42.556008+00,0.104431,48.655999,
a33d5d5f-7add-42da-b8aa-39a2e3fe7909,numbered,73825,completed,sold,1,2026-06-09 18:10:53.904887+00,2026-06-09 18:11:42.577146+00,2026-06-09 18:11:42.681858+00,0.104712,48.776971,
6a81e9b4-6c46-4c46-a61c-bddcadf9a920,numbered,20147,completed,sold,1,2026-06-09 18:10:53.909939+00,2026-06-09 18:11:42.704055+00,2026-06-09 18:11:42.808897+00,0.104842,48.898958,
c1ba04d5-71fd-47a7-b144-ea2e98c6196b,numbered,42454,completed,sold,1,2026-06-09 18:10:53.914827+00,2026-06-09 18:11:42.830748+00,2026-06-09 18:11:42.935947+00,0.105199,49.021120,
ed6095cd-3156-4409-a457-d39c94b51e94,numbered,34027,completed,sold,1,2026-06-09 18:10:53.919816+00,2026-06-09 18:11:42.959421+00,2026-06-09 18:11:43.065104+00,0.105683,49.145288,
eaa1345a-bfab-4dce-9cfa-7d5872577fb6,numbered,93223,completed,sold,1,2026-06-09 18:10:53.92482+00,2026-06-09 18:11:43.088353+00,2026-06-09 18:11:43.192924+00,0.104571,49.268104,
c6b55c15-09f7-4f73-997f-295004a540d3,numbered,72939,completed,sold,1,2026-06-09 18:10:53.929852+00,2026-06-09 18:11:43.215343+00,2026-06-09 18:11:43.319938+00,0.104595,49.390086,
81334730-71c2-4368-924f-9b7a0eb4b547,numbered,86317,completed,sold,1,2026-06-09 18:10:53.934705+00,2026-06-09 18:11:43.341865+00,2026-06-09 18:11:43.446393+00,0.104528,49.511688,
9550f759-0051-46b8-93ab-c147cd92be25,numbered,31129,completed,sold,1,2026-06-09 18:10:53.939872+00,2026-06-09 18:11:43.467011+00,2026-06-09 18:11:43.571683+00,0.104672,49.631811,
852a8f9a-d2bd-423c-beaf-9c8d4a2f1cb9,numbered,43637,completed,sold,1,2026-06-09 18:10:53.944835+00,2026-06-09 18:11:43.594402+00,2026-06-09 18:11:43.698899+00,0.104497,49.754064,
a3d7abbd-6554-416b-8fae-2cdc255347e4,numbered,61903,completed,sold,1,2026-06-09 18:10:53.949778+00,2026-06-09 18:11:43.719591+00,2026-06-09 18:11:43.824135+00,0.104544,49.874357,
71055f11-10b9-49ea-8ba4-b87926abadca,numbered,50172,completed,sold,1,2026-06-09 18:10:53.954725+00,2026-06-09 18:11:43.846315+00,2026-06-09 18:11:43.951484+00,0.105169,49.996759,
97bdcc5c-6ed3-4b99-9dcc-737eac4c6293,numbered,69071,completed,sold,1,2026-06-09 18:10:53.959882+00,2026-06-09 18:11:43.973735+00,2026-06-09 18:11:44.078254+00,0.104519,50.118372,
43742c5a-fad2-420d-9fcd-db5ad183dc38,numbered,13707,completed,sold,1,2026-06-09 18:10:53.964811+00,2026-06-09 18:11:44.099034+00,2026-06-09 18:11:44.203636+00,0.104602,50.238825,
df2c8632-2d01-4d75-a1c7-3bab846d73bb,numbered,4185,completed,sold,1,2026-06-09 18:10:53.969745+00,2026-06-09 18:11:44.224147+00,2026-06-09 18:11:44.328458+00,0.104311,50.358713,
3a6ba982-124e-4332-b4d4-e563294ebc68,numbered,29595,completed,sold,1,2026-06-09 18:10:53.974706+00,2026-06-09 18:11:44.350057+00,2026-06-09 18:11:44.45475+00,0.104693,50.480044,
7eee01dd-9822-48cf-91ba-6bf77e183578,numbered,78268,completed,sold,1,2026-06-09 18:10:53.979935+00,2026-06-09 18:11:44.47572+00,2026-06-09 18:11:44.580442+00,0.104722,50.600507,
670f90a2-0b6a-4f8c-894f-b3bc71b4135e,numbered,50833,completed,sold,1,2026-06-09 18:10:53.985505+00,2026-06-09 18:11:44.602757+00,2026-06-09 18:11:44.707278+00,0.104521,50.721773,
1b91160d-edc2-43bd-b6fe-6dc89c3da15d,numbered,12412,completed,sold,1,2026-06-09 18:10:53.990414+00,2026-06-09 18:11:44.728192+00,2026-06-09 18:11:44.832917+00,0.104725,50.842503,
3f009d80-d2ef-471b-981f-b7ef006a3956,numbered,71707,completed,sold,1,2026-06-09 18:10:53.995515+00,2026-06-09 18:11:44.853571+00,2026-06-09 18:11:44.958084+00,0.104513,50.962569,
e0e42fd8-31b4-48d0-85f1-c7ef93d9932d,numbered,2636,completed,sold,1,2026-06-09 18:10:54.0002+00,2026-06-09 18:11:44.979134+00,2026-06-09 18:11:45.084446+00,0.105312,51.084246,
a459e3bf-6b46-4b36-8e30-0997b56bb3ed,numbered,71471,completed,sold,1,2026-06-09 18:10:54.00576+00,2026-06-09 18:11:45.111369+00,2026-06-09 18:11:45.216036+00,0.104667,51.210276,
4d8bc7e3-b4c3-47f8-beeb-7e73fb62a36d,numbered,34453,completed,sold,1,2026-06-09 18:10:54.01093+00,2026-06-09 18:11:45.237596+00,2026-06-09 18:11:45.342145+00,0.104549,51.331215,
fb4757d7-c6ee-4a7c-94f1-85917bfe66cf,numbered,46784,completed,sold,1,2026-06-09 18:10:54.015986+00,2026-06-09 18:11:45.363168+00,2026-06-09 18:11:45.467711+00,0.104543,51.451725,
22396664-f8e1-49a9-8a79-0d4ac119cf06,numbered,24010,completed,sold,1,2026-06-09 18:10:54.020993+00,2026-06-09 18:11:45.488667+00,2026-06-09 18:11:45.592995+00,0.104328,51.572002,
c7a13f4e-66e3-4935-b12a-ce14c5f7aed5,numbered,66580,completed,sold,1,2026-06-09 18:10:54.025868+00,2026-06-09 18:11:45.613844+00,2026-06-09 18:11:45.718428+00,0.104584,51.692560,
a991be64-8021-4248-961a-23d97de6a235,numbered,10063,completed,sold,1,2026-06-09 18:10:54.03077+00,2026-06-09 18:11:45.739001+00,2026-06-09 18:11:45.843546+00,0.104545,51.812776,
183ab7c0-007a-470c-a75f-6d09bdfafec1,numbered,62136,completed,sold,1,2026-06-09 18:10:54.035908+00,2026-06-09 18:11:45.865279+00,2026-06-09 18:11:45.969788+00,0.104509,51.933880,
ba0f9fbe-c81f-4627-9807-f3368e7e6856,numbered,219,completed,sold,1,2026-06-09 18:10:54.040806+00,2026-06-09 18:11:45.990817+00,2026-06-09 18:11:46.095371+00,0.104554,52.054565,
88cc6cd0-0fe1-448a-bda4-f35eff693a89,numbered,31853,completed,sold,1,2026-06-09 18:10:54.045731+00,2026-06-09 18:11:46.116198+00,2026-06-09 18:11:46.220934+00,0.104736,52.175203,
a16b5c66-5571-4111-9c84-3375d596425b,numbered,6406,completed,sold,1,2026-06-09 18:10:54.050711+00,2026-06-09 18:11:46.241532+00,2026-06-09 18:11:46.34609+00,0.104558,52.295379,
5fba2e9a-bdf4-4b26-9cad-5b6fcfcd32cb,numbered,76973,completed,sold,1,2026-06-09 18:10:54.055704+00,2026-06-09 18:11:46.36698+00,2026-06-09 18:11:46.471327+00,0.104347,52.415623,
0f448e9f-e824-438a-8d0e-503fcd9e0dc1,numbered,15474,completed,sold,1,2026-06-09 18:10:54.060611+00,2026-06-09 18:11:46.491531+00,2026-06-09 18:11:46.596204+00,0.104673,52.535593,
f64b6e57-9c03-44e4-9dac-c51d2a0c01c6,numbered,97365,completed,sold,1,2026-06-09 18:10:54.065801+00,2026-06-09 18:11:46.617796+00,2026-06-09 18:11:46.722323+00,0.104527,52.656522,
ecaaa2d4-9c5a-4f05-a11d-c9b6d870e5d8,numbered,61888,completed,sold,1,2026-06-09 18:10:54.070722+00,2026-06-09 18:11:46.743559+00,2026-06-09 18:11:46.848185+00,0.104626,52.777463,
135af07e-7ba4-4d0f-939d-262ee98e0a4c,numbered,47915,completed,sold,1,2026-06-09 18:10:54.075746+00,2026-06-09 18:11:46.868343+00,2026-06-09 18:11:46.972955+00,0.104612,52.897209,
50d7a5a8-fc8c-4ec9-8d9f-163be3867db7,numbered,44983,completed,sold,1,2026-06-09 18:10:54.080756+00,2026-06-09 18:11:46.994711+00,2026-06-09 18:11:47.099097+00,0.104386,53.018341,
ecc19ebb-7f76-40ba-b4eb-a5ee98934c3b,numbered,9491,completed,sold,1,2026-06-09 18:10:54.085739+00,2026-06-09 18:11:47.120497+00,2026-06-09 18:11:47.225216+00,0.104719,53.139477,
020b9eb6-b80a-4bb0-88e5-29aa49169a87,numbered,20257,completed,sold,1,2026-06-09 18:10:54.090635+00,2026-06-09 18:11:47.246118+00,2026-06-09 18:11:47.350819+00,0.104701,53.260184,
3963b619-50e5-4f70-9e71-e8af422c9dce,numbered,71558,completed,sold,1,2026-06-09 18:10:54.0959+00,2026-06-09 18:11:47.371861+00,2026-06-09 18:11:47.476428+00,0.104567,53.380528,
a5e5dd55-4b45-4b7c-901d-0c27ca978a19,numbered,71958,completed,sold,1,2026-06-09 18:10:54.100886+00,2026-06-09 18:11:47.4973+00,2026-06-09 18:11:47.601815+00,0.104515,53.500929,
6c049f4d-15b4-4e5c-9359-bd8a1776c19b,numbered,7765,completed,sold,1,2026-06-09 18:10:54.105963+00,2026-06-09 18:11:47.622448+00,2026-06-09 18:11:47.72695+00,0.104502,53.620987,
c0f0ea57-2d7a-4952-a2d1-59fe9e617b0d,numbered,84929,completed,sold,1,2026-06-09 18:10:54.111211+00,2026-06-09 18:11:47.746809+00,2026-06-09 18:11:47.85118+00,0.104371,53.739969,
21401c0d-12a6-40ae-8473-55c72b15d11b,numbered,28244,completed,sold,1,2026-06-09 18:10:54.116138+00,2026-06-09 18:11:47.871186+00,2026-06-09 18:11:47.975586+00,0.104400,53.859448,
2470a36d-6649-47ee-83f7-5c158ccc73ce,numbered,74371,completed,sold,1,2026-06-09 18:10:54.12106+00,2026-06-09 18:11:47.998039+00,2026-06-09 18:11:48.102784+00,0.104745,53.981724,
c7a892f5-647f-4974-ba08-e931977e19a2,numbered,53724,completed,sold,1,2026-06-09 18:10:54.125971+00,2026-06-09 18:11:48.124005+00,2026-06-09 18:11:48.231951+00,0.107946,54.105980,
46014a2a-a82e-40fe-af1e-307c435d699d,numbered,28712,completed,sold,1,2026-06-09 18:10:54.130919+00,2026-06-09 18:11:48.253711+00,2026-06-09 18:11:48.358727+00,0.105016,54.227808,
67a3dae1-4fff-45b4-9935-34a89d51b18d,numbered,33711,completed,sold,1,2026-06-09 18:10:54.135887+00,2026-06-09 18:11:48.37938+00,2026-06-09 18:11:48.483864+00,0.104484,54.347977,
b870b20d-64ff-4476-8619-a42faab6a3ef,numbered,80309,completed,sold,1,2026-06-09 18:10:54.140861+00,2026-06-09 18:11:48.505445+00,2026-06-09 18:11:48.610259+00,0.104814,54.469398,
098eaba0-eccf-4d4a-b549-3d63eb011caa,numbered,49315,completed,sold,1,2026-06-09 18:10:54.145975+00,2026-06-09 18:11:48.63136+00,2026-06-09 18:11:48.736061+00,0.104701,54.590086,
b109fcbf-447e-40e8-aa62-dfd943f08151,numbered,3008,completed,sold,1,2026-06-09 18:10:54.151072+00,2026-06-09 18:11:48.756526+00,2026-06-09 18:11:48.860974+00,0.104448,54.709902,
af8977c9-0211-4878-bc7c-7d7a20b998d8,numbered,92104,completed,sold,1,2026-06-09 18:10:54.15623+00,2026-06-09 18:11:48.88174+00,2026-06-09 18:11:48.986199+00,0.104459,54.829969,
71c546bd-0efc-4e49-8c57-e7ff41a9c37e,numbered,16933,completed,sold,1,2026-06-09 18:10:54.161457+00,2026-06-09 18:11:49.007276+00,2026-06-09 18:11:49.112188+00,0.104912,54.950731,
caf6d876-83b9-48ce-bff0-0e9c84de5ff3,numbered,1079,completed,sold,1,2026-06-09 18:10:54.166657+00,2026-06-09 18:11:49.134265+00,2026-06-09 18:11:49.239+00,0.104735,55.072343,
24c021a9-568a-40b1-adfc-ddb5dd26bd36,numbered,15918,completed,sold,1,2026-06-09 18:10:54.171871+00,2026-06-09 18:11:49.260418+00,2026-06-09 18:11:49.365079+00,0.104661,55.193208,
0f75736c-0bb8-4f2f-930a-544d163f14b5,numbered,69509,completed,sold,1,2026-06-09 18:10:54.177002+00,2026-06-09 18:11:49.386127+00,2026-06-09 18:11:49.490726+00,0.104599,55.313724,
2121cf4d-d985-407e-83a8-9df5f6819a9d,numbered,88726,completed,sold,1,2026-06-09 18:10:54.182155+00,2026-06-09 18:11:49.511048+00,2026-06-09 18:11:49.615496+00,0.104448,55.433341,
03d98e97-40af-4f63-bb5a-7d6033f6031d,numbered,56293,completed,sold,1,2026-06-09 18:10:54.187358+00,2026-06-09 18:11:49.636363+00,2026-06-09 18:11:49.74076+00,0.104397,55.553402,
a5b09d14-020c-4c35-a2f8-250d93c9b90d,numbered,35081,completed,sold,1,2026-06-09 18:10:54.192513+00,2026-06-09 18:11:49.761437+00,2026-06-09 18:11:49.865702+00,0.104265,55.673189,
cb86c6ee-a189-419c-ba68-e3a8711a052b,numbered,89519,completed,sold,1,2026-06-09 18:10:54.197807+00,2026-06-09 18:11:49.886761+00,2026-06-09 18:11:49.991516+00,0.104755,55.793709,
73c13532-8464-41a7-bf32-a01cf05ef169,numbered,72907,completed,sold,1,2026-06-09 18:10:54.202855+00,2026-06-09 18:11:50.013232+00,2026-06-09 18:11:50.117591+00,0.104359,55.914736,
ab18bef0-604d-4975-bf25-19737610e33a,numbered,27622,completed,sold,1,2026-06-09 18:10:54.207905+00,2026-06-09 18:11:50.138887+00,2026-06-09 18:11:50.243565+00,0.104678,56.035660,
11fb342c-22a8-4a3c-9dfb-dc9ceb152a28,numbered,76436,completed,sold,1,2026-06-09 18:10:54.212906+00,2026-06-09 18:11:50.26401+00,2026-06-09 18:11:50.368769+00,0.104759,56.155863,
ed29f4f4-b959-4ab9-a1af-62b05d42a4c5,numbered,86260,completed,sold,1,2026-06-09 18:10:54.217938+00,2026-06-09 18:11:50.390145+00,2026-06-09 18:11:50.495328+00,0.105183,56.277390,
54de8e80-baa1-4c28-8ecf-c0dce03c5236,numbered,18747,completed,sold,1,2026-06-09 18:10:54.223009+00,2026-06-09 18:11:50.516253+00,2026-06-09 18:11:50.620873+00,0.104620,56.397864,
6039111a-068f-456c-be12-6e53ad20435a,numbered,7624,completed,sold,1,2026-06-09 18:10:54.22801+00,2026-06-09 18:11:50.642508+00,2026-06-09 18:11:50.747544+00,0.105036,56.519534,
f8864b5c-6687-46d6-b23e-19ecb26735f4,numbered,50999,completed,sold,1,2026-06-09 18:10:54.233201+00,2026-06-09 18:11:50.768351+00,2026-06-09 18:11:50.873024+00,0.104673,56.639823,
dd89caf8-2ac3-436c-b259-f116eb9a1cbb,numbered,5309,completed,sold,1,2026-06-09 18:10:54.238454+00,2026-06-09 18:11:50.898718+00,2026-06-09 18:11:51.003394+00,0.104676,56.764940,
01d24eaf-8971-4b8b-92cb-a09b2669e019,numbered,37712,completed,sold,1,2026-06-09 18:10:54.243524+00,2026-06-09 18:11:51.024359+00,2026-06-09 18:11:51.128994+00,0.104635,56.885470,
45eda188-5a24-40d4-808e-2175e109aa51,numbered,85711,completed,sold,1,2026-06-09 18:10:54.24849+00,2026-06-09 18:11:51.150401+00,2026-06-09 18:11:51.254989+00,0.104588,57.006499,
3d30fabd-1c15-4cb9-91aa-3c72c28cc5a5,numbered,82226,completed,sold,1,2026-06-09 18:10:54.25372+00,2026-06-09 18:11:51.276106+00,2026-06-09 18:11:51.38093+00,0.104824,57.127210,
165706a5-0ae1-4bbc-afb2-98f20433d98f,numbered,4880,completed,sold,1,2026-06-09 18:10:54.258929+00,2026-06-09 18:11:51.401638+00,2026-06-09 18:11:51.506142+00,0.104504,57.247213,
98a62310-4cbe-4999-a2a0-9c3bf5934395,numbered,53080,completed,sold,1,2026-06-09 18:10:54.264183+00,2026-06-09 18:11:51.527041+00,2026-06-09 18:11:51.631713+00,0.104672,57.367530,
2e9a7743-6aaa-4411-9ec3-159d4a312f8d,numbered,1962,completed,sold,1,2026-06-09 18:10:54.269148+00,2026-06-09 18:11:51.652711+00,2026-06-09 18:11:51.757054+00,0.104343,57.487906,
d6faa3aa-85c9-4e73-937e-012545016c9a,numbered,61129,completed,sold,1,2026-06-09 18:10:54.274184+00,2026-06-09 18:11:51.77784+00,2026-06-09 18:11:51.882847+00,0.105007,57.608663,
8cd9a766-3db6-462c-a465-83716b191c55,numbered,97773,completed,sold,1,2026-06-09 18:10:54.279188+00,2026-06-09 18:11:51.903731+00,2026-06-09 18:11:52.009475+00,0.105744,57.730287,
d6c0d7d6-0001-4b16-970b-5b71154bcc19,numbered,62709,completed,sold,1,2026-06-09 18:10:54.284171+00,2026-06-09 18:11:52.031295+00,2026-06-09 18:11:52.135799+00,0.104504,57.851628,
85c9a914-27c3-4413-8a31-b34ee334d620,numbered,4032,completed,sold,1,2026-06-09 18:10:54.289216+00,2026-06-09 18:11:52.159651+00,2026-06-09 18:11:52.264455+00,0.104804,57.975239,
b2e544d8-b36c-49d1-85d0-2f5c9083d6e8,numbered,43402,completed,sold,1,2026-06-09 18:10:54.294098+00,2026-06-09 18:11:52.286173+00,2026-06-09 18:11:52.390733+00,0.104560,58.096635,
d2af4fcf-4bf1-4880-a515-d8415c5f7e7b,numbered,51719,completed,sold,1,2026-06-09 18:10:54.299122+00,2026-06-09 18:11:52.412098+00,2026-06-09 18:11:52.516647+00,0.104549,58.217525,
a01bdcb8-875f-490b-8dfe-503a2bacb8c4,numbered,49500,completed,sold,1,2026-06-09 18:10:54.304318+00,2026-06-09 18:11:52.536527+00,2026-06-09 18:11:52.640916+00,0.104389,58.336598,
cb7b154a-b426-42f9-a02f-6b3c251bee9f,numbered,9651,completed,sold,1,2026-06-09 18:10:54.309374+00,2026-06-09 18:11:52.661867+00,2026-06-09 18:11:52.76641+00,0.104543,58.457036,
6191aa4a-f33f-4409-af82-e712e9282225,numbered,19690,completed,sold,1,2026-06-09 18:10:54.314505+00,2026-06-09 18:11:52.786956+00,2026-06-09 18:11:52.891295+00,0.104339,58.576790,
eb9b3930-e3d6-4667-aa1a-f0a589c0e28e,numbered,71666,completed,sold,1,2026-06-09 18:10:54.319739+00,2026-06-09 18:11:52.913785+00,2026-06-09 18:11:53.018+00,0.104215,58.698261,
9ed94476-c8a8-444f-8891-f4fbd80ea036,numbered,70474,completed,sold,1,2026-06-09 18:10:54.32484+00,2026-06-09 18:11:53.039151+00,2026-06-09 18:11:53.143899+00,0.104748,58.819059,
a5266d2f-81af-461c-b8f7-73976076c42c,numbered,87765,completed,sold,1,2026-06-09 18:10:54.329898+00,2026-06-09 18:11:53.165919+00,2026-06-09 18:11:53.270869+00,0.104950,58.940971,
68ff7ada-2793-4d21-a277-745d1bf0b2b5,numbered,70310,completed,sold,1,2026-06-09 18:10:54.334923+00,2026-06-09 18:11:53.292511+00,2026-06-09 18:11:53.396943+00,0.104432,59.062020,
09007ed9-fa3f-4e4f-b1f2-ff956020d15a,numbered,13005,completed,sold,1,2026-06-09 18:10:54.340038+00,2026-06-09 18:11:53.418453+00,2026-06-09 18:11:53.522906+00,0.104453,59.182868,
21795957-7581-43f0-a73d-f5b5191ba556,numbered,74485,completed,sold,1,2026-06-09 18:10:54.345177+00,2026-06-09 18:11:53.545966+00,2026-06-09 18:11:53.650798+00,0.104832,59.305621,
dbaea755-6ec6-4f3a-8daa-a0aa2524c309,numbered,38951,completed,sold,1,2026-06-09 18:10:54.350025+00,2026-06-09 18:11:53.67172+00,2026-06-09 18:11:53.776372+00,0.104652,59.426347,
05d58be3-9af7-46ce-ae5a-14e6d9d2bb32,numbered,90883,completed,sold,1,2026-06-09 18:10:54.354966+00,2026-06-09 18:11:53.796678+00,2026-06-09 18:11:53.901378+00,0.104700,59.546412,
d8acbdc0-0644-40ce-afc7-588ca252672b,numbered,89348,completed,sold,1,2026-06-09 18:10:54.359981+00,2026-06-09 18:11:53.921346+00,2026-06-09 18:11:54.025902+00,0.104556,59.665921,
f2008f24-7854-4ec8-bb34-b4ccf7a151de,numbered,80647,completed,sold,1,2026-06-09 18:10:54.364859+00,2026-06-09 18:11:54.046862+00,2026-06-09 18:11:54.151316+00,0.104454,59.786457,
39dddbe3-07e8-4a56-a39b-cd5fd6aa7208,numbered,18112,completed,sold,1,2026-06-09 18:10:54.369951+00,2026-06-09 18:11:54.1728+00,2026-06-09 18:11:54.277373+00,0.104573,59.907422,
ecd95706-31ef-4dd3-9b25-b1a0476788ed,numbered,21709,completed,sold,1,2026-06-09 18:10:54.374689+00,2026-06-09 18:11:54.298291+00,2026-06-09 18:11:54.40288+00,0.104589,60.028191,
6d42fab3-346f-4a7e-a71d-48c8bb8f3c97,numbered,71257,completed,sold,1,2026-06-09 18:10:54.379916+00,2026-06-09 18:11:54.42371+00,2026-06-09 18:11:54.528351+00,0.104641,60.148435,
9bea99dc-d4b6-4750-9465-75bfa9c2aafa,numbered,42921,completed,sold,1,2026-06-09 18:10:54.384929+00,2026-06-09 18:11:54.550092+00,2026-06-09 18:11:54.65486+00,0.104768,60.269931,
e50d8dce-2a4d-439e-98c5-d25e1925f90d,numbered,69535,completed,sold,1,2026-06-09 18:10:54.390256+00,2026-06-09 18:11:54.675948+00,2026-06-09 18:11:54.780638+00,0.104690,60.390382,
51900936-d6bb-4d35-8a88-5bc302b90769,numbered,87790,completed,sold,1,2026-06-09 18:10:54.395136+00,2026-06-09 18:11:54.801837+00,2026-06-09 18:11:54.906567+00,0.104730,60.511431,
16367143-c262-4537-b2a8-1a048461eefd,numbered,43137,completed,sold,1,2026-06-09 18:10:54.400495+00,2026-06-09 18:11:54.927499+00,2026-06-09 18:11:55.0324+00,0.104901,60.631905,
17a89156-7322-4098-9cff-810b4878463b,numbered,38702,completed,sold,1,2026-06-09 18:10:54.405951+00,2026-06-09 18:11:55.053662+00,2026-06-09 18:11:55.158532+00,0.104870,60.752581,
930ddf7c-2694-4e2b-bdc5-f0919ee1bca5,numbered,63006,completed,sold,1,2026-06-09 18:10:54.410938+00,2026-06-09 18:11:55.183308+00,2026-06-09 18:11:55.288041+00,0.104733,60.877103,
f54d718d-6456-49d3-bc41-020ad82d470b,numbered,44908,completed,sold,1,2026-06-09 18:10:54.416023+00,2026-06-09 18:11:55.308147+00,2026-06-09 18:11:55.412434+00,0.104287,60.996411,
35688fbe-5d24-4205-8962-9f4f86eea868,numbered,87831,completed,sold,1,2026-06-09 18:10:54.420957+00,2026-06-09 18:11:55.433379+00,2026-06-09 18:11:55.538003+00,0.104624,61.117046,
789ab927-37e2-4e0f-9430-08f1eb03fc67,numbered,626,completed,sold,1,2026-06-09 18:10:54.425938+00,2026-06-09 18:11:55.559266+00,2026-06-09 18:11:55.664027+00,0.104761,61.238089,
0c73a192-426f-4695-a835-ef7ceb2c8676,numbered,50434,completed,sold,1,2026-06-09 18:10:54.430851+00,2026-06-09 18:11:55.685259+00,2026-06-09 18:11:55.78949+00,0.104231,61.358639,
a3e0e8e2-de25-4bcb-b959-fa2e2819c271,numbered,69413,completed,sold,1,2026-06-09 18:10:54.43568+00,2026-06-09 18:11:55.810361+00,2026-06-09 18:11:55.914502+00,0.104141,61.478822,
5642721a-6bb5-43a1-b391-6fe2ca3b32c9,numbered,73426,completed,sold,1,2026-06-09 18:10:54.440518+00,2026-06-09 18:11:55.935007+00,2026-06-09 18:11:56.039651+00,0.104644,61.599133,
8a80e27b-6e78-4449-955e-e52a722574f1,numbered,57325,completed,sold,1,2026-06-09 18:10:54.445276+00,2026-06-09 18:11:56.061239+00,2026-06-09 18:11:56.16578+00,0.104541,61.720504,
2b3219f4-7574-41e5-b2c7-0bdc17165fec,numbered,43845,completed,sold,1,2026-06-09 18:10:54.450112+00,2026-06-09 18:11:56.186088+00,2026-06-09 18:11:56.290456+00,0.104368,61.840344,
5d9ded2d-cf87-452a-8e82-4adb1a6853c0,numbered,37327,completed,sold,1,2026-06-09 18:10:54.454815+00,2026-06-09 18:11:56.310957+00,2026-06-09 18:11:56.415391+00,0.104434,61.960576,
bc0c4c1b-e7b8-4854-a39b-294f3bf568d1,numbered,86550,completed,sold,1,2026-06-09 18:10:54.459623+00,2026-06-09 18:11:56.435765+00,2026-06-09 18:11:56.540311+00,0.104546,62.080688,
3da42fba-2c8d-4a75-b234-5da388a9aa41,numbered,65675,completed,sold,1,2026-06-09 18:10:54.464435+00,2026-06-09 18:11:56.56077+00,2026-06-09 18:11:56.665481+00,0.104711,62.201046,
13ff8a35-856b-4ed6-a214-6cb553e2c328,numbered,54775,completed,sold,1,2026-06-09 18:10:54.469124+00,2026-06-09 18:11:56.686868+00,2026-06-09 18:11:56.791347+00,0.104479,62.322223,
a423e246-70ae-4aa5-95df-fd3270342da5,numbered,2494,completed,sold,1,2026-06-09 18:10:54.473915+00,2026-06-09 18:11:56.811938+00,2026-06-09 18:11:56.916777+00,0.104839,62.442862,
8cfbee0d-1a20-4e6b-b161-a6107eedbac0,numbered,67904,completed,sold,1,2026-06-09 18:10:54.478784+00,2026-06-09 18:11:56.937737+00,2026-06-09 18:11:57.042525+00,0.104788,62.563741,
ad465074-a92f-4f8b-9e88-d847bc1aa544,numbered,36521,completed,sold,1,2026-06-09 18:10:54.483898+00,2026-06-09 18:11:57.063919+00,2026-06-09 18:11:57.168579+00,0.104660,62.684681,
90c88414-cdcd-4b2d-93da-9c69ac745fb7,numbered,5847,completed,sold,1,2026-06-09 18:10:54.489053+00,2026-06-09 18:11:57.190812+00,2026-06-09 18:11:57.295536+00,0.104724,62.806483,
78fee4e6-305c-4df1-a54b-784ad60037c5,numbered,71966,completed,sold,1,2026-06-09 18:10:54.493923+00,2026-06-09 18:11:57.317357+00,2026-06-09 18:11:57.421993+00,0.104636,62.928070,
cc0911de-762a-4c6f-bc2f-ff00702b51fb,numbered,9530,completed,sold,1,2026-06-09 18:10:54.498833+00,2026-06-09 18:11:57.443116+00,2026-06-09 18:11:57.547395+00,0.104279,63.048562,
ecf5b4fa-aa9b-4c8b-a2b6-8d872f6d9635,numbered,88662,completed,sold,1,2026-06-09 18:10:54.503781+00,2026-06-09 18:11:57.56886+00,2026-06-09 18:11:57.673162+00,0.104302,63.169381,
8c3fe632-4df0-49da-8bd1-4f9128be927b,numbered,98946,completed,sold,1,2026-06-09 18:10:54.508693+00,2026-06-09 18:11:57.694715+00,2026-06-09 18:11:57.799181+00,0.104466,63.290488,
fdbdf240-5eba-4691-8151-b7174e39ae4c,numbered,55705,completed,sold,1,2026-06-09 18:10:54.513825+00,2026-06-09 18:11:57.819304+00,2026-06-09 18:11:57.923704+00,0.104400,63.409879,
62ef43da-21fd-4653-a130-fd616f122c40,numbered,67781,completed,sold,1,2026-06-09 18:10:54.518873+00,2026-06-09 18:11:57.943314+00,2026-06-09 18:11:58.047645+00,0.104331,63.528772,
c9d6a124-f253-4b0f-bad1-b10b97616a92,numbered,24515,completed,sold,1,2026-06-09 18:10:54.523804+00,2026-06-09 18:11:58.073231+00,2026-06-09 18:11:58.177739+00,0.104508,63.653935,
d954ea56-06ca-4898-9e9c-76324fae6a3d,numbered,81940,completed,sold,1,2026-06-09 18:10:54.528897+00,2026-06-09 18:11:58.198177+00,2026-06-09 18:11:58.302523+00,0.104346,63.773626,
a9b51c56-ff99-498f-b0ac-cbdb89eba6da,numbered,73291,completed,sold,1,2026-06-09 18:10:54.533941+00,2026-06-09 18:11:58.323176+00,2026-06-09 18:11:58.427788+00,0.104612,63.893847,
07e978ba-0494-4c2b-9d40-477eab2258b2,numbered,58229,completed,sold,1,2026-06-09 18:10:54.538951+00,2026-06-09 18:11:58.44895+00,2026-06-09 18:11:58.553715+00,0.104765,64.014764,
fd6e92b9-09a1-4663-9e74-450a7030a3ae,numbered,37522,completed,sold,1,2026-06-09 18:10:54.544057+00,2026-06-09 18:11:58.574311+00,2026-06-09 18:11:58.678982+00,0.104671,64.134925,
8ec634cc-7bdc-4a7a-af6d-de1fa072de3b,numbered,68490,completed,sold,1,2026-06-09 18:10:54.549135+00,2026-06-09 18:11:58.70039+00,2026-06-09 18:11:58.804891+00,0.104501,64.255756,
c88279f4-92b7-4465-90d4-0f18ef38e428,numbered,56188,completed,sold,1,2026-06-09 18:10:54.554206+00,2026-06-09 18:11:58.825688+00,2026-06-09 18:11:58.930223+00,0.104535,64.376017,
0c521271-5bd9-4ebe-8a59-c35d4901ed88,numbered,19232,completed,sold,1,2026-06-09 18:10:54.55919+00,2026-06-09 18:11:58.951087+00,2026-06-09 18:11:59.055549+00,0.104462,64.496359,
ce316639-1ec4-45a2-a88b-1e546c0fad1f,numbered,72299,completed,sold,1,2026-06-09 18:10:54.564074+00,2026-06-09 18:11:59.075783+00,2026-06-09 18:11:59.18046+00,0.104677,64.616386,
4efc8dcb-6d1e-42f2-850e-413b0a766d0f,numbered,43192,completed,sold,1,2026-06-09 18:10:54.569033+00,2026-06-09 18:11:59.20248+00,2026-06-09 18:11:59.307503+00,0.105023,64.738470,
a096c185-f3c5-47e8-bb25-f1889f7313bd,numbered,39940,completed,sold,1,2026-06-09 18:10:54.574057+00,2026-06-09 18:11:59.328601+00,2026-06-09 18:11:59.433325+00,0.104724,64.859268,
93a7d860-bccd-4b91-89ab-48b4b3dca95a,numbered,62272,completed,sold,1,2026-06-09 18:10:54.579066+00,2026-06-09 18:11:59.455477+00,2026-06-09 18:11:59.560278+00,0.104801,64.981212,
199ed655-eac9-404b-a494-6f7da7ef2073,numbered,49316,completed,sold,1,2026-06-09 18:10:54.583933+00,2026-06-09 18:11:59.580393+00,2026-06-09 18:11:59.684873+00,0.104480,65.100940,
b16ed5df-84eb-40c3-bbdb-d70b3d85a764,numbered,75609,completed,sold,1,2026-06-09 18:10:54.589064+00,2026-06-09 18:11:59.705241+00,2026-06-09 18:11:59.80975+00,0.104509,65.220686,
afefdb16-dd95-4d21-90c9-c6a248c9dea1,numbered,43045,completed,sold,1,2026-06-09 18:10:54.594026+00,2026-06-09 18:11:59.830537+00,2026-06-09 18:11:59.934886+00,0.104349,65.340860,
22dbe57a-e71c-45f8-8c96-99a4c082e1d1,numbered,25229,completed,sold,1,2026-06-09 18:10:54.598949+00,2026-06-09 18:11:59.955102+00,2026-06-09 18:12:00.067021+00,0.111919,65.468072,
6f3841c0-dbaa-40f9-8b7f-632e379951a1,numbered,40272,completed,sold,1,2026-06-09 18:10:54.603842+00,2026-06-09 18:12:00.116306+00,2026-06-09 18:12:00.222914+00,0.106608,65.619072,
fbb23a00-a34b-4943-9706-38df79bb5a4b,numbered,29302,completed,sold,1,2026-06-09 18:10:54.60876+00,2026-06-09 18:12:00.247869+00,2026-06-09 18:12:00.352891+00,0.105022,65.744131,
83521842-7daf-4ace-8657-9edfdc751092,numbered,41224,completed,sold,1,2026-06-09 18:10:54.613706+00,2026-06-09 18:12:00.373898+00,2026-06-09 18:12:00.478979+00,0.105081,65.865273,
bf9546ed-bdc2-46f9-b8ec-1b884efc2555,numbered,87841,completed,sold,1,2026-06-09 18:10:54.622971+00,2026-06-09 18:12:00.500252+00,2026-06-09 18:12:00.604926+00,0.104674,65.981955,
f2b8d140-55d1-4be1-a47c-e78214190932,numbered,48979,completed,sold,1,2026-06-09 18:10:54.627898+00,2026-06-09 18:12:00.625707+00,2026-06-09 18:12:00.730298+00,0.104591,66.102400,
be397754-bdd6-4e44-bfe2-56bca9119f59,numbered,97101,completed,sold,1,2026-06-09 18:10:54.632854+00,2026-06-09 18:12:00.751008+00,2026-06-09 18:12:00.855471+00,0.104463,66.222617,
d9471f74-5669-46f3-9dda-57784d94868e,numbered,97693,completed,sold,1,2026-06-09 18:10:54.637858+00,2026-06-09 18:12:00.875544+00,2026-06-09 18:12:00.980329+00,0.104785,66.342471,
04ac3992-43cb-461a-b98b-bc0372bbc4f5,numbered,35095,completed,sold,1,2026-06-09 18:10:54.643015+00,2026-06-09 18:12:01.001237+00,2026-06-09 18:12:01.106079+00,0.104842,66.463064,
1e10e507-cb1d-4471-a4d8-4bb592eaa8b7,numbered,20977,completed,sold,1,2026-06-09 18:10:54.647918+00,2026-06-09 18:12:01.139408+00,2026-06-09 18:12:01.248529+00,0.109121,66.600611,
d9bce1dd-fa79-4db4-97ba-d43dae411beb,numbered,55586,completed,sold,1,2026-06-09 18:10:54.652728+00,2026-06-09 18:12:01.311467+00,2026-06-09 18:12:01.418559+00,0.107092,66.765831,
bc69e217-458f-410f-9482-0eddb869e976,numbered,90246,completed,sold,1,2026-06-09 18:10:54.657771+00,2026-06-09 18:12:01.527166+00,2026-06-09 18:12:01.632059+00,0.104893,66.974288,
036e674d-da24-4fce-8ec1-b1f483e9ed32,numbered,96036,completed,sold,1,2026-06-09 18:10:54.662753+00,2026-06-09 18:12:01.731861+00,2026-06-09 18:12:01.864572+00,0.132711,67.201819,
fa529d20-1fda-4760-a4ba-b8775b1c43c2,numbered,72462,completed,sold,1,2026-06-09 18:10:54.66787+00,2026-06-09 18:12:01.961577+00,2026-06-09 18:12:02.072205+00,0.110628,67.404335,
153f8cd3-ce41-41c2-9726-4c4408f23e8a,numbered,72182,completed,sold,1,2026-06-09 18:10:54.672909+00,2026-06-09 18:12:02.12954+00,2026-06-09 18:12:02.23879+00,0.109250,67.565881,
9b7d6e66-a12e-4b26-a7dd-463a70e0ad61,numbered,46334,completed,sold,1,2026-06-09 18:10:54.677848+00,2026-06-09 18:12:02.272871+00,2026-06-09 18:12:02.378721+00,0.105850,67.700873,
10f1297f-2f48-4e98-8fb4-f51e7223207c,numbered,77919,completed,sold,1,2026-06-09 18:10:54.682959+00,2026-06-09 18:12:02.416879+00,2026-06-09 18:12:02.52868+00,0.111801,67.845721,
2ab99d34-1f30-41d7-8d26-a55d4f7838ee,numbered,57237,completed,sold,1,2026-06-09 18:10:54.689014+00,2026-06-09 18:12:02.577574+00,2026-06-09 18:12:02.684212+00,0.106638,67.995198,
44b697df-f6f2-45f5-9586-2901e4431006,numbered,22362,completed,sold,1,2026-06-09 18:10:54.694131+00,2026-06-09 18:12:02.726293+00,2026-06-09 18:12:02.842068+00,0.115775,68.147937,
96805530-7592-4415-80c2-f053f34d9b03,numbered,29040,completed,sold,1,2026-06-09 18:10:54.699005+00,2026-06-09 18:12:02.911921+00,2026-06-09 18:12:03.017407+00,0.105486,68.318402,
aa0fa7f4-66a9-4ea7-927e-990cd3283c79,numbered,77325,completed,sold,1,2026-06-09 18:10:54.703871+00,2026-06-09 18:12:03.063071+00,2026-06-09 18:12:03.173905+00,0.110834,68.470034,
a3095b3f-89ea-4535-afba-36c8d5818861,numbered,36276,completed,sold,1,2026-06-09 18:10:54.708811+00,2026-06-09 18:12:03.217836+00,2026-06-09 18:12:03.322534+00,0.104698,68.613723,
78787725-0862-4d18-b041-45e495c9e146,numbered,16499,completed,sold,1,2026-06-09 18:10:54.713856+00,2026-06-09 18:12:03.358174+00,2026-06-09 18:12:03.464284+00,0.106110,68.750428,
13931d25-2da0-449b-9c9a-68181e99bb16,numbered,73535,completed,sold,1,2026-06-09 18:10:54.718781+00,2026-06-09 18:12:03.504386+00,2026-06-09 18:12:03.611009+00,0.106623,68.892228,
f3421f4e-03ca-49f8-9e67-37af279103cf,numbered,11464,completed,sold,1,2026-06-09 18:10:54.72371+00,2026-06-09 18:12:03.723961+00,2026-06-09 18:12:03.830399+00,0.106438,69.106689,
412bebc3-0e42-4ff2-9023-fc947f0b3520,numbered,86182,completed,sold,1,2026-06-09 18:10:54.728782+00,2026-06-09 18:12:03.900041+00,2026-06-09 18:12:04.005868+00,0.105827,69.277086,
4325e8f3-51d9-4323-9eb2-2cc6c9a0694a,numbered,50070,completed,sold,1,2026-06-09 18:10:54.733749+00,2026-06-09 18:12:04.076218+00,2026-06-09 18:12:04.194413+00,0.118195,69.460664,
b3e56283-e1db-43c6-b5e2-694ea1839568,numbered,25335,completed,sold,1,2026-06-09 18:10:54.738782+00,2026-06-09 18:12:04.247594+00,2026-06-09 18:12:04.353199+00,0.105605,69.614417,
5b8497bd-9c74-4b11-9279-5c4dca933aba,numbered,41703,completed,sold,1,2026-06-09 18:10:54.743719+00,2026-06-09 18:12:04.380352+00,2026-06-09 18:12:04.485407+00,0.105055,69.741688,
7d843d94-0f64-4492-98c7-6a1f516f2c8b,numbered,10162,completed,sold,1,2026-06-09 18:10:54.749357+00,2026-06-09 18:12:04.507712+00,2026-06-09 18:12:04.612353+00,0.104641,69.862996,
79c7cefd-bfdb-4ba4-b147-4873a39b53ce,numbered,76794,completed,sold,1,2026-06-09 18:10:54.754266+00,2026-06-09 18:12:04.63237+00,2026-06-09 18:12:04.737422+00,0.105052,69.983156,
15b30ab5-ea3e-4a37-9668-0892e64841e1,numbered,4410,completed,sold,1,2026-06-09 18:10:54.759214+00,2026-06-09 18:12:04.757946+00,2026-06-09 18:12:04.862978+00,0.105032,70.103764,
6c1da7f6-c6d3-4931-bdf6-5156f6f8ff19,numbered,81021,completed,sold,1,2026-06-09 18:10:54.764032+00,2026-06-09 18:12:04.889514+00,2026-06-09 18:12:04.994388+00,0.104874,70.230356,
fe2876d7-75d5-4df0-8456-73bd4f47b47b,numbered,79033,completed,sold,1,2026-06-09 18:10:54.768873+00,2026-06-09 18:12:05.022808+00,2026-06-09 18:12:05.127773+00,0.104965,70.358900,
e3fd4f2d-b857-4ef1-abff-d18fe64c32c6,numbered,30348,completed,sold,1,2026-06-09 18:10:54.773876+00,2026-06-09 18:12:05.149594+00,2026-06-09 18:12:05.254351+00,0.104757,70.480475,
5756879c-feb0-4bfb-a99c-70f543968d1a,numbered,29070,completed,sold,1,2026-06-09 18:10:54.778689+00,2026-06-09 18:12:05.276094+00,2026-06-09 18:12:05.381127+00,0.105033,70.602438,
1ffe4c77-102d-46de-a0cd-089389c88698,numbered,11731,completed,sold,1,2026-06-09 18:10:54.783808+00,2026-06-09 18:12:05.402896+00,2026-06-09 18:12:05.50759+00,0.104694,70.723782,
3300cd3a-2c5a-41a2-b818-b3b3191d4fb1,numbered,6467,completed,sold,1,2026-06-09 18:10:54.788678+00,2026-06-09 18:12:05.529119+00,2026-06-09 18:12:05.633808+00,0.104689,70.845130,
cb0c7ce9-f3ef-41b0-84b4-024081be77eb,numbered,87289,completed,sold,1,2026-06-09 18:10:54.793832+00,2026-06-09 18:12:05.654273+00,2026-06-09 18:12:05.758844+00,0.104571,70.965012,
a242a558-a414-40e4-952b-86de5405ccff,numbered,3367,completed,sold,1,2026-06-09 18:10:54.7987+00,2026-06-09 18:12:05.779059+00,2026-06-09 18:12:05.883503+00,0.104444,71.084803,
a23de15f-777f-43ba-9528-c0717efc1504,numbered,42972,completed,sold,1,2026-06-09 18:10:54.80387+00,2026-06-09 18:12:05.904438+00,2026-06-09 18:12:06.009218+00,0.104780,71.205348,
50eeb02f-d710-4403-b511-420bb5efc23c,numbered,29940,completed,sold,1,2026-06-09 18:10:54.80879+00,2026-06-09 18:12:06.030312+00,2026-06-09 18:12:06.135103+00,0.104791,71.326313,
f827b52f-5880-4ec9-9405-a4547c144875,numbered,9191,completed,sold,1,2026-06-09 18:10:54.813895+00,2026-06-09 18:12:06.155861+00,2026-06-09 18:12:06.260466+00,0.104605,71.446571,
2d3b64a7-311a-445e-b671-867f0e105113,numbered,85744,completed,sold,1,2026-06-09 18:10:54.818879+00,2026-06-09 18:12:06.281416+00,2026-06-09 18:12:06.385893+00,0.104477,71.567014,
ac12be26-841d-4573-8cbf-f8536976eecc,numbered,83940,completed,sold,1,2026-06-09 18:10:54.82387+00,2026-06-09 18:12:06.406193+00,2026-06-09 18:12:06.510847+00,0.104654,71.686977,
7ca5ad2c-8436-48e2-b2c3-4c6e0062270d,numbered,90524,completed,sold,1,2026-06-09 18:10:54.828838+00,2026-06-09 18:12:06.531119+00,2026-06-09 18:12:06.635916+00,0.104797,71.807078,
e8931e6b-322d-4c9f-920c-352f6b00548e,numbered,62399,completed,sold,1,2026-06-09 18:10:54.833854+00,2026-06-09 18:12:06.657346+00,2026-06-09 18:12:06.761778+00,0.104432,71.927924,
5a0ccbb1-e712-4303-b4c2-904a19211b14,numbered,86814,completed,sold,1,2026-06-09 18:10:54.838736+00,2026-06-09 18:12:06.782416+00,2026-06-09 18:12:06.887022+00,0.104606,72.048286,
3d7cb2d5-8c12-4ca5-906b-f9094d42bacf,numbered,42526,completed,sold,1,2026-06-09 18:10:54.843894+00,2026-06-09 18:12:06.907139+00,2026-06-09 18:12:07.011771+00,0.104632,72.167877,
ed2e8369-b313-4c61-86a9-61f723a823de,numbered,53303,completed,sold,1,2026-06-09 18:10:54.848898+00,2026-06-09 18:12:07.033907+00,2026-06-09 18:12:07.138964+00,0.105057,72.290066,
cce06a99-3af4-4264-8c8c-996fc3f4e421,numbered,68616,completed,sold,1,2026-06-09 18:10:54.853919+00,2026-06-09 18:12:07.15965+00,2026-06-09 18:12:07.264397+00,0.104747,72.410478,
ec383df3-e8e5-4987-9bf6-cb23bd91a3b8,numbered,85946,completed,sold,1,2026-06-09 18:10:54.858919+00,2026-06-09 18:12:07.285234+00,2026-06-09 18:12:07.389931+00,0.104697,72.531012,
651890c9-73df-4ec1-a451-8f0c2174b443,numbered,8437,completed,sold,1,2026-06-09 18:10:54.863899+00,2026-06-09 18:12:07.41381+00,2026-06-09 18:12:07.518674+00,0.104864,72.654775,
0ec9ff3a-acce-4c67-9ce0-039e6a9054ff,numbered,41817,completed,sold,1,2026-06-09 18:10:54.868881+00,2026-06-09 18:12:07.539945+00,2026-06-09 18:12:07.644975+00,0.105030,72.776094,
ba2be0dc-8386-428f-b273-e820f3e1f672,numbered,91961,completed,sold,1,2026-06-09 18:10:54.874149+00,2026-06-09 18:12:07.666375+00,2026-06-09 18:12:07.770886+00,0.104511,72.896737,
ba7186e7-e2e9-4fc2-8ce3-85f2418c4c11,numbered,84849,completed,sold,1,2026-06-09 18:10:54.879693+00,2026-06-09 18:12:07.791095+00,2026-06-09 18:12:07.895464+00,0.104369,73.015771,
909eacff-0990-4595-9ac6-ac77eb866aec,numbered,11855,completed,sold,1,2026-06-09 18:10:54.884792+00,2026-06-09 18:12:07.916432+00,2026-06-09 18:12:08.021169+00,0.104737,73.136377,
18ae72d0-ef56-4a66-8721-e2c12144256c,numbered,38908,completed,sold,1,2026-06-09 18:10:54.889788+00,2026-06-09 18:12:08.042059+00,2026-06-09 18:12:08.146378+00,0.104319,73.256590,
5ebb4843-f619-4f2f-827b-8476ac1cb28f,numbered,70485,completed,sold,1,2026-06-09 18:10:54.894703+00,2026-06-09 18:12:08.166701+00,2026-06-09 18:12:08.271186+00,0.104485,73.376483,
aaf314f0-4e91-43a9-b7d7-b4b534f34320,numbered,28914,completed,sold,1,2026-06-09 18:10:54.899692+00,2026-06-09 18:12:08.292767+00,2026-06-09 18:12:08.397428+00,0.104661,73.497736,
cfdfd8eb-a6a3-44b0-82b7-22e6cf74fe95,numbered,50178,completed,sold,1,2026-06-09 18:10:54.904734+00,2026-06-09 18:12:08.41872+00,2026-06-09 18:12:08.523613+00,0.104893,73.618879,
1ce0c98b-9bb0-4a1a-9bdd-b8e1cf466de1,numbered,39862,completed,sold,1,2026-06-09 18:10:54.909714+00,2026-06-09 18:12:08.544319+00,2026-06-09 18:12:08.648988+00,0.104669,73.739274,
8a23868d-3b94-430f-bf33-64e36098de55,numbered,89255,completed,sold,1,2026-06-09 18:10:54.914725+00,2026-06-09 18:12:08.670502+00,2026-06-09 18:12:08.775043+00,0.104541,73.860318,
a3d20d5b-3b5d-45b3-95cc-03aba7ebfe3d,numbered,51438,completed,sold,1,2026-06-09 18:10:54.91977+00,2026-06-09 18:12:08.795547+00,2026-06-09 18:12:08.900015+00,0.104468,73.980245,
594cd19c-7675-4416-856b-b16c867f485d,numbered,28285,completed,sold,1,2026-06-09 18:10:54.924826+00,2026-06-09 18:12:08.92066+00,2026-06-09 18:12:09.025452+00,0.104792,74.100626,
cb79c289-961c-47ab-9cb5-61924420f955,numbered,22715,completed,sold,1,2026-06-09 18:10:54.929802+00,2026-06-09 18:12:09.04671+00,2026-06-09 18:12:09.151225+00,0.104515,74.221423,
c77e863b-8827-469d-8040-6285e547307e,numbered,85251,completed,sold,1,2026-06-09 18:10:54.934852+00,2026-06-09 18:12:09.172538+00,2026-06-09 18:12:09.277298+00,0.104760,74.342446,
0350996e-240d-404a-81bc-385d681d5e23,numbered,58614,completed,sold,1,2026-06-09 18:10:54.939737+00,2026-06-09 18:12:09.298827+00,2026-06-09 18:12:09.403458+00,0.104631,74.463721,
15dbf439-bfca-4d12-8f93-9fc390bc14ea,numbered,55437,completed,sold,1,2026-06-09 18:10:54.944844+00,2026-06-09 18:12:09.424062+00,2026-06-09 18:12:09.528549+00,0.104487,74.583705,
1af346c2-8f96-4046-bdad-454eef02306a,numbered,98444,completed,sold,1,2026-06-09 18:10:54.94987+00,2026-06-09 18:12:09.549384+00,2026-06-09 18:12:09.653866+00,0.104482,74.703996,
8116505c-c843-4f50-82c5-5fdc4e4c44a1,numbered,27909,completed,sold,1,2026-06-09 18:10:54.954749+00,2026-06-09 18:12:09.67511+00,2026-06-09 18:12:09.779838+00,0.104728,74.825089,
e5f0a76b-405f-4ebb-b426-d9a46cdd6609,numbered,86650,completed,sold,1,2026-06-09 18:10:54.959794+00,2026-06-09 18:12:09.801258+00,2026-06-09 18:12:09.905751+00,0.104493,74.945957,
b93114b7-3c88-4f9a-bfd6-69bbef8d12d7,numbered,63975,completed,sold,1,2026-06-09 18:10:54.964828+00,2026-06-09 18:12:09.926531+00,2026-06-09 18:12:10.03153+00,0.104999,75.066702,
31b5cc50-c90c-4940-943b-852714e003eb,numbered,11979,completed,sold,1,2026-06-09 18:10:54.969772+00,2026-06-09 18:12:10.052403+00,2026-06-09 18:12:10.156763+00,0.104360,75.186991,
86da153a-b6ad-46fc-a629-5d14a746e70f,numbered,98508,completed,sold,1,2026-06-09 18:10:54.974675+00,2026-06-09 18:12:10.177652+00,2026-06-09 18:12:10.28275+00,0.105098,75.308075,
0269162e-4def-4361-a42e-ce214ed1c347,numbered,24269,completed,sold,1,2026-06-09 18:10:54.979685+00,2026-06-09 18:12:10.304123+00,2026-06-09 18:12:10.40886+00,0.104737,75.429175,
22d5c9e8-7bf9-4fa9-b912-8d31d54eed0d,numbered,9766,completed,sold,1,2026-06-09 18:10:54.984729+00,2026-06-09 18:12:10.430064+00,2026-06-09 18:12:10.534864+00,0.104800,75.550135,
7e187493-a294-4c51-aa66-b81a2c8bd7ad,numbered,23767,completed,sold,1,2026-06-09 18:10:54.989645+00,2026-06-09 18:12:10.556399+00,2026-06-09 18:12:10.661208+00,0.104809,75.671563,
3141d0eb-e11a-4d33-8bf8-631c8b99b333,numbered,42122,completed,sold,1,2026-06-09 18:10:54.99471+00,2026-06-09 18:12:10.682923+00,2026-06-09 18:12:10.788137+00,0.105214,75.793427,
eaddb083-827e-4f49-9f4e-9d2b1b547f46,numbered,80960,completed,sold,1,2026-06-09 18:10:54.999806+00,2026-06-09 18:12:10.809049+00,2026-06-09 18:12:10.913947+00,0.104898,75.914141,
f317355d-19f5-4b36-a9ca-71c4c805bd11,numbered,50267,completed,sold,1,2026-06-09 18:10:55.005255+00,2026-06-09 18:12:10.935231+00,2026-06-09 18:12:11.040217+00,0.104986,76.034962,
2bb228a4-68e4-40e4-b98b-93c67be26fc2,numbered,2058,completed,sold,1,2026-06-09 18:10:55.010278+00,2026-06-09 18:12:11.061855+00,2026-06-09 18:12:11.16652+00,0.104665,76.156242,
9ae3058e-a22f-492c-b667-514640f1ca56,numbered,13849,completed,sold,1,2026-06-09 18:10:55.015257+00,2026-06-09 18:12:11.188157+00,2026-06-09 18:12:11.29286+00,0.104703,76.277603,
58b2d6c4-3550-4126-a8b1-96a2401f85e9,numbered,30939,completed,sold,1,2026-06-09 18:10:55.020334+00,2026-06-09 18:12:11.314512+00,2026-06-09 18:12:11.41929+00,0.104778,76.398956,
704e211c-b35e-4107-a4e5-f8eb4f54d3b9,numbered,79216,completed,sold,1,2026-06-09 18:10:55.025394+00,2026-06-09 18:12:11.44102+00,2026-06-09 18:12:11.545873+00,0.104853,76.520479,
eba5fcf3-a899-45d2-a18f-e6a1c5036591,numbered,6912,completed,sold,1,2026-06-09 18:10:55.030377+00,2026-06-09 18:12:11.568584+00,2026-06-09 18:12:11.673396+00,0.104812,76.643019,
f3fd2c08-3c1f-4fd4-bc1c-40c350a4000c,numbered,20149,completed,sold,1,2026-06-09 18:10:55.035544+00,2026-06-09 18:12:11.694723+00,2026-06-09 18:12:11.798961+00,0.104238,76.763417,
b1782983-a768-4e78-8c78-afe9473fc20e,numbered,65304,completed,sold,1,2026-06-09 18:10:55.040826+00,2026-06-09 18:12:11.819209+00,2026-06-09 18:12:11.923938+00,0.104729,76.883112,
4fd48994-805a-4d37-93f1-ca96332aea2e,numbered,41797,completed,sold,1,2026-06-09 18:10:55.045971+00,2026-06-09 18:12:11.944158+00,2026-06-09 18:12:12.048996+00,0.104838,77.003025,
101c6d76-ea01-4040-9e9c-aa7d3873c880,numbered,62413,completed,sold,1,2026-06-09 18:10:55.050921+00,2026-06-09 18:12:12.069381+00,2026-06-09 18:12:12.174039+00,0.104658,77.123118,
67838d7a-67e4-45a6-8821-7381128e4c26,numbered,5107,completed,sold,1,2026-06-09 18:10:55.055865+00,2026-06-09 18:12:12.19498+00,2026-06-09 18:12:12.299453+00,0.104473,77.243588,
a1b0f800-b66c-4aa4-bd62-96ecaa9af261,numbered,16883,completed,sold,1,2026-06-09 18:10:55.06073+00,2026-06-09 18:12:12.320234+00,2026-06-09 18:12:12.424808+00,0.104574,77.364078,
fea544b0-3950-494c-b47a-ae8039c80c39,numbered,46393,completed,sold,1,2026-06-09 18:10:55.065937+00,2026-06-09 18:12:12.446375+00,2026-06-09 18:12:12.550977+00,0.104602,77.485040,
d7f5b5d4-5a14-46f4-8db8-4d0b5fd12b56,numbered,40217,completed,sold,1,2026-06-09 18:10:55.070971+00,2026-06-09 18:12:12.571627+00,2026-06-09 18:12:12.6761+00,0.104473,77.605129,
e4536233-dd76-418a-9161-230d11c94954,numbered,45006,completed,sold,1,2026-06-09 18:10:55.075915+00,2026-06-09 18:12:12.69702+00,2026-06-09 18:12:12.801474+00,0.104454,77.725559,
e7777e78-3e1d-4d03-80d5-1f60538066f8,numbered,24539,completed,sold,1,2026-06-09 18:10:55.080826+00,2026-06-09 18:12:12.822166+00,2026-06-09 18:12:12.926999+00,0.104833,77.846173,
cf857931-c27a-4a06-a963-82f2d44e51aa,numbered,61083,completed,sold,1,2026-06-09 18:10:55.085722+00,2026-06-09 18:12:12.948177+00,2026-06-09 18:12:13.052948+00,0.104771,77.967226,
00f9951d-05cc-4f46-b9b8-4ac857ea94d0,numbered,96047,completed,sold,1,2026-06-09 18:10:55.091055+00,2026-06-09 18:12:13.074262+00,2026-06-09 18:12:13.178898+00,0.104636,78.087843,
b3db98f0-eac6-4037-8ee8-58f43af009c2,numbered,72836,completed,sold,1,2026-06-09 18:10:55.095898+00,2026-06-09 18:12:13.200424+00,2026-06-09 18:12:13.305208+00,0.104784,78.209310,
3d79a7c0-c1c7-4f7f-a6d9-471e5e87eb07,numbered,31645,completed,sold,1,2026-06-09 18:10:55.10077+00,2026-06-09 18:12:13.327605+00,2026-06-09 18:12:13.432461+00,0.104856,78.331691,
ce0ed81b-8162-4f98-a4e8-5f1372c4bd06,numbered,48740,completed,sold,1,2026-06-09 18:10:55.105659+00,2026-06-09 18:12:13.455009+00,2026-06-09 18:12:13.559821+00,0.104812,78.454162,
7d8ac0f9-c604-4437-b287-5eb78681659b,numbered,43025,completed,sold,1,2026-06-09 18:10:55.110655+00,2026-06-09 18:12:13.582259+00,2026-06-09 18:12:13.686954+00,0.104695,78.576299,
b96b4253-798f-42aa-af91-12ce5e19227e,numbered,8739,completed,sold,1,2026-06-09 18:10:55.115527+00,2026-06-09 18:12:13.708346+00,2026-06-09 18:12:13.812979+00,0.104633,78.697452,
b9a9d65f-d614-4e3a-8f06-e6d59c8a7101,numbered,36748,completed,sold,1,2026-06-09 18:10:55.120512+00,2026-06-09 18:12:13.834391+00,2026-06-09 18:12:13.938898+00,0.104507,78.818386,
ff8b2d22-f66d-4a96-9a54-66c121b81b4a,numbered,18618,completed,sold,1,2026-06-09 18:10:55.125447+00,2026-06-09 18:12:13.959862+00,2026-06-09 18:12:14.064501+00,0.104639,78.939054,
0d9c7fc0-7bbb-423e-b77d-bb1e70ca7f6d,numbered,58738,completed,sold,1,2026-06-09 18:10:55.130297+00,2026-06-09 18:12:14.085757+00,2026-06-09 18:12:14.190523+00,0.104766,79.060226,
ec0ce780-2e6c-481b-9499-998705b40efa,numbered,88757,completed,sold,1,2026-06-09 18:10:55.13526+00,2026-06-09 18:12:14.212731+00,2026-06-09 18:12:14.317433+00,0.104702,79.182173,
5664d943-a23a-4ea3-8a6b-d3db94d12984,numbered,59746,completed,sold,1,2026-06-09 18:10:55.140231+00,2026-06-09 18:12:14.338494+00,2026-06-09 18:12:14.443429+00,0.104935,79.303198,
5013e2b1-dee6-43d8-817e-38d9242852d2,numbered,65720,completed,sold,1,2026-06-09 18:10:55.144964+00,2026-06-09 18:12:14.465024+00,2026-06-09 18:12:14.569575+00,0.104551,79.424611,
670f7ea3-56aa-4f1a-82cb-1162b1fe02e8,numbered,76696,completed,sold,1,2026-06-09 18:10:55.149781+00,2026-06-09 18:12:14.591911+00,2026-06-09 18:12:14.69692+00,0.105009,79.547139,
ace46f0e-80fb-44b3-b80c-f11435c7d917,numbered,64741,completed,sold,1,2026-06-09 18:10:55.15447+00,2026-06-09 18:12:14.717436+00,2026-06-09 18:12:14.821897+00,0.104461,79.667427,
68c8d9df-0c68-4c2e-af67-fa526d8034c2,numbered,43148,completed,sold,1,2026-06-09 18:10:55.159174+00,2026-06-09 18:12:14.843127+00,2026-06-09 18:12:14.948033+00,0.104906,79.788859,
736b38e5-ca71-4879-85d1-91a55aa02dc4,numbered,96095,completed,sold,1,2026-06-09 18:10:55.163865+00,2026-06-09 18:12:14.971619+00,2026-06-09 18:12:15.076456+00,0.104837,79.912591,
7ac9b5f4-02da-4a2a-8ea0-dee2fd6aa565,numbered,4547,completed,sold,1,2026-06-09 18:10:55.168627+00,2026-06-09 18:12:15.09744+00,2026-06-09 18:12:15.202274+00,0.104834,80.033647,
34901752-6ca9-4607-b933-06382e3709c8,numbered,53690,completed,sold,1,2026-06-09 18:10:55.173253+00,2026-06-09 18:12:15.224295+00,2026-06-09 18:12:15.328988+00,0.104693,80.155735,
409457d3-f271-49d8-8b89-bec76386d78f,numbered,96491,completed,sold,1,2026-06-09 18:10:55.178+00,2026-06-09 18:12:15.350286+00,2026-06-09 18:12:15.45496+00,0.104674,80.276960,
d3182c87-9801-4a8f-baf4-8e1dfde1daaf,numbered,24388,completed,sold,1,2026-06-09 18:10:55.182947+00,2026-06-09 18:12:15.475753+00,2026-06-09 18:12:15.58025+00,0.104497,80.397303,
afbda9b3-9005-4606-b9a3-31cf9647264b,numbered,35027,completed,sold,1,2026-06-09 18:10:55.187863+00,2026-06-09 18:12:15.601567+00,2026-06-09 18:12:15.706414+00,0.104847,80.518551,
e007a7fd-0228-4ecf-9c07-e46743911242,numbered,8839,completed,sold,1,2026-06-09 18:10:55.193251+00,2026-06-09 18:12:15.72802+00,2026-06-09 18:12:15.832485+00,0.104465,80.639234,
6893714e-502f-44e8-8b24-d717e3d2fc32,numbered,21804,completed,sold,1,2026-06-09 18:10:55.198151+00,2026-06-09 18:12:15.853216+00,2026-06-09 18:12:15.957632+00,0.104416,80.759481,
a4aa312f-622b-4a25-b89e-cdc25a5f063f,numbered,1042,completed,sold,1,2026-06-09 18:10:55.203016+00,2026-06-09 18:12:15.979706+00,2026-06-09 18:12:16.084778+00,0.105072,80.881762,
75158d87-878e-4f77-9fd2-73970cd37cfa,numbered,17593,completed,sold,1,2026-06-09 18:10:55.20811+00,2026-06-09 18:12:16.105992+00,2026-06-09 18:12:16.210756+00,0.104764,81.002646,
4dded7b3-5ae1-48a5-aee1-a052e61845b7,numbered,30733,completed,sold,1,2026-06-09 18:10:55.212933+00,2026-06-09 18:12:16.232304+00,2026-06-09 18:12:16.337069+00,0.104765,81.124136,
4e554913-3ea3-41e7-94c4-7ae00d26d77e,numbered,11091,completed,sold,1,2026-06-09 18:10:55.217788+00,2026-06-09 18:12:16.359273+00,2026-06-09 18:12:16.464096+00,0.104823,81.246308,
09c4836b-4aa6-4cb7-99f6-8ef07bd29b11,numbered,76257,completed,sold,1,2026-06-09 18:10:55.222646+00,2026-06-09 18:12:16.484983+00,2026-06-09 18:12:16.589953+00,0.104970,81.367307,
91269c92-f96b-42c2-bcac-0b367dbebb2c,numbered,65362,completed,sold,1,2026-06-09 18:10:55.227858+00,2026-06-09 18:12:16.610621+00,2026-06-09 18:12:16.715176+00,0.104555,81.487318,
35f4147e-7b86-4a71-991f-83c7cca70192,numbered,67883,completed,sold,1,2026-06-09 18:10:55.232824+00,2026-06-09 18:12:16.736337+00,2026-06-09 18:12:16.84093+00,0.104593,81.608106,
fdd655c8-da8b-4b41-845d-39ac40d9ee49,numbered,49793,completed,sold,1,2026-06-09 18:10:55.237609+00,2026-06-09 18:12:16.862094+00,2026-06-09 18:12:16.966951+00,0.104857,81.729342,
b2ba9d59-8a85-4e92-9b74-f22929052d74,numbered,48086,completed,sold,1,2026-06-09 18:10:55.24235+00,2026-06-09 18:12:16.988046+00,2026-06-09 18:12:17.092435+00,0.104389,81.850085,
5b7ecb21-1eaf-40fd-959f-bb9c1977f358,numbered,48318,completed,sold,1,2026-06-09 18:10:55.247086+00,2026-06-09 18:12:17.11339+00,2026-06-09 18:12:17.217804+00,0.104414,81.970718,
634ac2e7-0aee-4bfe-afe9-f041be4acfb0,numbered,10392,completed,sold,1,2026-06-09 18:10:55.251938+00,2026-06-09 18:12:17.238569+00,2026-06-09 18:12:17.343222+00,0.104653,82.091284,
411f2f4f-0e2b-4abf-9fc2-4cd2a1dc24f5,numbered,45385,completed,sold,1,2026-06-09 18:10:55.256966+00,2026-06-09 18:12:17.363917+00,2026-06-09 18:12:17.469165+00,0.105248,82.212199,
01a7fefd-aeaa-4a1b-a65e-838549243558,numbered,58866,completed,sold,1,2026-06-09 18:10:55.262929+00,2026-06-09 18:12:17.491106+00,2026-06-09 18:12:17.595741+00,0.104635,82.332812,
73a9dba8-a6cb-4685-b025-1c13f06dff09,numbered,88013,completed,sold,1,2026-06-09 18:10:55.26795+00,2026-06-09 18:12:17.615546+00,2026-06-09 18:12:17.720014+00,0.104468,82.452064,
bf5e2511-fe49-4f3d-b65c-9ac0f0ccf885,numbered,77519,completed,sold,1,2026-06-09 18:10:55.273084+00,2026-06-09 18:12:17.740609+00,2026-06-09 18:12:17.845143+00,0.104534,82.572059,
2cda7205-e2e4-4516-a5f2-65f2b86caef9,numbered,86731,completed,sold,1,2026-06-09 18:10:55.278015+00,2026-06-09 18:12:17.866281+00,2026-06-09 18:12:17.970799+00,0.104518,82.692784,
78152761-a9f6-4dc9-860a-c6d200368592,numbered,32898,completed,sold,1,2026-06-09 18:10:55.282839+00,2026-06-09 18:12:17.992474+00,2026-06-09 18:12:18.097198+00,0.104724,82.814359,
985cd888-f333-46ee-a320-133dd6839609,numbered,54154,completed,sold,1,2026-06-09 18:10:55.287907+00,2026-06-09 18:12:18.118917+00,2026-06-09 18:12:18.223528+00,0.104611,82.935621,
e7a7db08-728f-4adf-b5a1-01ad14ff067d,numbered,66394,completed,sold,1,2026-06-09 18:10:55.292781+00,2026-06-09 18:12:18.244606+00,2026-06-09 18:12:18.349263+00,0.104657,83.056482,
12da65a8-1cb8-4730-bddb-9f21c3e2f824,numbered,63756,completed,sold,1,2026-06-09 18:10:55.297755+00,2026-06-09 18:12:18.370971+00,2026-06-09 18:12:18.475683+00,0.104712,83.177928,
6732b0c7-39a9-4fd3-bbfc-1a20202dacd2,numbered,32735,completed,sold,1,2026-06-09 18:10:55.302672+00,2026-06-09 18:12:18.500035+00,2026-06-09 18:12:18.604811+00,0.104776,83.302139,
437d13b0-ff94-4e91-9f7b-b9a364fb6aa0,numbered,7814,completed,sold,1,2026-06-09 18:10:55.307773+00,2026-06-09 18:12:18.625589+00,2026-06-09 18:12:18.730132+00,0.104543,83.422359,
f9d0a859-7f96-449c-bea3-634b78fcca71,numbered,91262,completed,sold,1,2026-06-09 18:10:55.312692+00,2026-06-09 18:12:18.751099+00,2026-06-09 18:12:18.855862+00,0.104763,83.543170,
b0a45889-c656-4cc9-848d-946473d741a4,numbered,83767,completed,sold,1,2026-06-09 18:10:55.317913+00,2026-06-09 18:12:18.877209+00,2026-06-09 18:12:18.981722+00,0.104513,83.663809,
bf721960-5512-46e4-a80d-36fdd9de4716,numbered,82559,completed,sold,1,2026-06-09 18:10:55.32273+00,2026-06-09 18:12:19.002759+00,2026-06-09 18:12:19.107873+00,0.105114,83.785143,
4d08bbae-8b53-4008-a7a7-f172473bcb8f,numbered,51526,completed,sold,1,2026-06-09 18:10:55.328416+00,2026-06-09 18:12:19.129325+00,2026-06-09 18:12:19.234098+00,0.104773,83.905682,
8e9de74a-0726-4706-b955-7f98b5f193d0,numbered,43903,completed,sold,1,2026-06-09 18:10:55.333438+00,2026-06-09 18:12:19.261686+00,2026-06-09 18:12:19.366397+00,0.104711,84.032959,
39708c8a-1222-4a76-a0ba-788b980a6737,numbered,8038,completed,sold,1,2026-06-09 18:10:55.338627+00,2026-06-09 18:12:19.388102+00,2026-06-09 18:12:19.492855+00,0.104753,84.154228,
63b1dbd2-eb8c-4a6f-946a-590fe6d9fd44,numbered,61431,completed,sold,1,2026-06-09 18:10:55.343898+00,2026-06-09 18:12:19.515681+00,2026-06-09 18:12:19.620439+00,0.104758,84.276541,
a046c7fc-7c9e-4831-b492-f896d756e95d,numbered,61595,completed,sold,1,2026-06-09 18:10:55.348967+00,2026-06-09 18:12:19.641737+00,2026-06-09 18:12:19.746353+00,0.104616,84.397386,
6cb4efc8-b46a-43f2-a48a-e52f79eea9d1,numbered,23582,completed,sold,1,2026-06-09 18:10:55.353913+00,2026-06-09 18:12:19.76715+00,2026-06-09 18:12:19.871619+00,0.104469,84.517706,
d30d92d5-dd26-43e3-aeda-49b8e3671b14,numbered,94760,completed,sold,1,2026-06-09 18:10:55.358772+00,2026-06-09 18:12:19.892235+00,2026-06-09 18:12:19.997084+00,0.104849,84.638312,
b0e577e6-49bc-45c6-a9f8-01008d80b241,numbered,14875,completed,sold,1,2026-06-09 18:10:55.36404+00,2026-06-09 18:12:20.022374+00,2026-06-09 18:12:20.127121+00,0.104747,84.763081,
4a0461f4-ca81-4a2a-bc8c-76723f7fae3c,numbered,31415,completed,sold,1,2026-06-09 18:10:55.369186+00,2026-06-09 18:12:20.148159+00,2026-06-09 18:12:20.25281+00,0.104651,84.883624,
3be045bb-2d61-4887-92f9-d99ebb575c9e,numbered,50704,completed,sold,1,2026-06-09 18:10:55.374135+00,2026-06-09 18:12:20.274169+00,2026-06-09 18:12:20.379074+00,0.104905,85.004939,
36848183-4cda-45ca-8e62-d06012706016,numbered,49075,completed,sold,1,2026-06-09 18:10:55.379035+00,2026-06-09 18:12:20.400143+00,2026-06-09 18:12:20.50453+00,0.104387,85.125495,
8f429e6b-3952-4260-a259-b7931cb77b3a,numbered,75396,completed,sold,1,2026-06-09 18:10:55.384001+00,2026-06-09 18:12:20.526075+00,2026-06-09 18:12:20.6308+00,0.104725,85.246799,
ce1160dd-183a-4605-be9e-00024197e996,numbered,42119,completed,sold,1,2026-06-09 18:10:55.389417+00,2026-06-09 18:12:20.652044+00,2026-06-09 18:12:20.756725+00,0.104681,85.367308,
1dc5c5d4-3062-471b-951e-fd3f38b9d7b3,numbered,51641,completed,sold,1,2026-06-09 18:10:55.394078+00,2026-06-09 18:12:20.777637+00,2026-06-09 18:12:20.88271+00,0.105073,85.488632,
9fdb9cb7-453f-4bfd-84bf-b52486b7d808,numbered,27971,completed,sold,1,2026-06-09 18:10:55.398842+00,2026-06-09 18:12:20.903977+00,2026-06-09 18:12:21.008925+00,0.104948,85.610083,
a27f5077-26fa-4564-90d9-d3197b2de853,numbered,9696,completed,sold,1,2026-06-09 18:10:55.403802+00,2026-06-09 18:12:21.030203+00,2026-06-09 18:12:21.134917+00,0.104714,85.731115,
cc6d90e9-2796-4ac1-aac0-871fb941baf0,numbered,10607,completed,sold,1,2026-06-09 18:10:55.408698+00,2026-06-09 18:12:21.155645+00,2026-06-09 18:12:21.26042+00,0.104775,85.851722,
017b5364-e629-4dfa-9905-29bd1c3e0d7e,numbered,79427,completed,sold,1,2026-06-09 18:10:55.41386+00,2026-06-09 18:12:21.281484+00,2026-06-09 18:12:21.386009+00,0.104525,85.972149,
222a8ea0-58b0-4723-8296-81387c5ccd10,numbered,7429,completed,sold,1,2026-06-09 18:10:55.418987+00,2026-06-09 18:12:21.407403+00,2026-06-09 18:12:21.512278+00,0.104875,86.093291,
322c001a-5125-4b43-96f6-8595b8805c16,numbered,87613,completed,sold,1,2026-06-09 18:10:55.423861+00,2026-06-09 18:12:21.533897+00,2026-06-09 18:12:21.638662+00,0.104765,86.214801,
527a83ca-e105-495f-88de-a196c32da830,numbered,75123,completed,sold,1,2026-06-09 18:10:55.43379+00,2026-06-09 18:12:21.660163+00,2026-06-09 18:12:21.765003+00,0.104840,86.331213,
75c36b1e-9f6c-456e-a235-befcef81aeeb,numbered,83292,completed,sold,1,2026-06-09 18:10:55.439995+00,2026-06-09 18:12:21.786107+00,2026-06-09 18:12:21.890509+00,0.104402,86.450514,
d7318753-19a4-426c-b9bd-47136fd6071e,numbered,3619,completed,sold,1,2026-06-09 18:10:55.445086+00,2026-06-09 18:12:21.911803+00,2026-06-09 18:12:22.017006+00,0.105203,86.571920,
497624a2-b3ad-427e-ba62-949a78bdcc19,numbered,27371,completed,sold,1,2026-06-09 18:10:55.450026+00,2026-06-09 18:12:22.038987+00,2026-06-09 18:12:22.143589+00,0.104602,86.693563,
9dbaa55f-8221-41ff-8b7b-e2fdad15ec68,numbered,26967,completed,sold,1,2026-06-09 18:10:55.454931+00,2026-06-09 18:12:22.16436+00,2026-06-09 18:12:22.269008+00,0.104648,86.814077,
b68f43e9-23ca-479d-abbb-801a67f74c99,numbered,41545,completed,sold,1,2026-06-09 18:10:55.459926+00,2026-06-09 18:12:22.290211+00,2026-06-09 18:12:22.39457+00,0.104359,86.934644,
57615bd4-e12d-4c46-912a-09c3fe19b9d3,numbered,10658,completed,sold,1,2026-06-09 18:10:55.464887+00,2026-06-09 18:12:22.415553+00,2026-06-09 18:12:22.519912+00,0.104359,87.055025,
9f76cc49-a9a9-4fe8-90ed-b0f9aa7a155c,numbered,65814,completed,sold,1,2026-06-09 18:10:55.470053+00,2026-06-09 18:12:22.541087+00,2026-06-09 18:12:22.645639+00,0.104552,87.175586,
fa11196b-f0c6-4d8d-a1ce-d02d75c89e05,numbered,36727,completed,sold,1,2026-06-09 18:10:55.474981+00,2026-06-09 18:12:22.666502+00,2026-06-09 18:12:22.77089+00,0.104388,87.295909,
2cbf937e-0272-43db-879f-c038ecdd2d8f,numbered,47419,completed,sold,1,2026-06-09 18:10:55.480024+00,2026-06-09 18:12:22.791416+00,2026-06-09 18:12:22.895839+00,0.104423,87.415815,
33de4844-35a8-478f-934d-f53273ea454d,numbered,13457,completed,sold,1,2026-06-09 18:10:55.485098+00,2026-06-09 18:12:22.916146+00,2026-06-09 18:12:23.021002+00,0.104856,87.535904,
1b4a3888-60db-4abd-adc3-8e9eec3a6bea,numbered,94401,completed,sold,1,2026-06-09 18:10:55.490015+00,2026-06-09 18:12:23.044345+00,2026-06-09 18:12:23.149012+00,0.104667,87.658997,
3e00af84-ffd8-4ab4-9e65-106cb1c365db,numbered,88030,completed,sold,1,2026-06-09 18:10:55.494878+00,2026-06-09 18:12:23.170331+00,2026-06-09 18:12:23.275071+00,0.104740,87.780193,
81cb2fc0-f910-4a2f-8deb-04f7d9f310ad,numbered,89500,completed,sold,1,2026-06-09 18:10:55.499753+00,2026-06-09 18:12:23.298365+00,2026-06-09 18:12:23.402864+00,0.104499,87.903111,
d4ad9d67-96f1-4e52-9aa6-d1596a1b6ad3,numbered,25494,completed,sold,1,2026-06-09 18:10:55.504894+00,2026-06-09 18:12:23.42368+00,2026-06-09 18:12:23.528427+00,0.104747,88.023533,
9bc9dbdc-ae1f-4fd5-abf2-e820fe18fd2b,numbered,66049,completed,sold,1,2026-06-09 18:10:55.510047+00,2026-06-09 18:12:23.549449+00,2026-06-09 18:12:23.654125+00,0.104676,88.144078,
37f60a7c-e87f-41f1-8023-8ba47be2fc37,numbered,18599,completed,sold,1,2026-06-09 18:10:55.515577+00,2026-06-09 18:12:23.674736+00,2026-06-09 18:12:23.779154+00,0.104418,88.263577,
331ca9da-a85a-431e-8c6c-a992b06572d7,numbered,59939,completed,sold,1,2026-06-09 18:10:55.520893+00,2026-06-09 18:12:23.799778+00,2026-06-09 18:12:23.904789+00,0.105011,88.383896,
2c7a4749-d355-4c31-89a3-79fa4356e710,numbered,3538,completed,sold,1,2026-06-09 18:10:55.525973+00,2026-06-09 18:12:23.925819+00,2026-06-09 18:12:24.030451+00,0.104632,88.504478,
2e698b08-265d-4469-86d6-dc9ffe1e3b0d,numbered,33212,completed,sold,1,2026-06-09 18:10:55.530804+00,2026-06-09 18:12:24.051814+00,2026-06-09 18:12:24.156662+00,0.104848,88.625858,
573f6458-a49d-4756-9d57-8709213f4047,numbered,98517,completed,sold,1,2026-06-09 18:10:55.535891+00,2026-06-09 18:12:24.177486+00,2026-06-09 18:12:24.282132+00,0.104646,88.746241,
35e5fa72-f475-4129-993b-05a90b4a8deb,numbered,84425,completed,sold,1,2026-06-09 18:10:55.540831+00,2026-06-09 18:12:24.303084+00,2026-06-09 18:12:24.407851+00,0.104767,88.867020,
4520ca0f-dbcc-4f8c-a3e3-c4315a273728,numbered,10909,completed,sold,1,2026-06-09 18:10:55.545817+00,2026-06-09 18:12:24.428339+00,2026-06-09 18:12:24.532819+00,0.104480,88.987002,
e0bdc4e8-b92c-4546-ad85-295c5187af68,numbered,31077,completed,sold,1,2026-06-09 18:10:55.550691+00,2026-06-09 18:12:24.553378+00,2026-06-09 18:12:24.657785+00,0.104407,89.107094,
83b1a780-30d7-4ae8-8683-ec877a1852ae,numbered,38191,completed,sold,1,2026-06-09 18:10:55.55576+00,2026-06-09 18:12:24.678326+00,2026-06-09 18:12:24.782807+00,0.104481,89.227047,
75fa73a0-abc1-4208-a67d-f3f3c8fa93cb,numbered,6516,completed,sold,1,2026-06-09 18:10:55.560707+00,2026-06-09 18:12:24.803681+00,2026-06-09 18:12:24.908303+00,0.104622,89.347596,
a466f78d-c1dc-4b7c-b572-1434bfb16c42,numbered,99462,completed,sold,1,2026-06-09 18:10:55.565819+00,2026-06-09 18:12:24.929103+00,2026-06-09 18:12:25.03375+00,0.104647,89.467931,
0b377353-e137-4278-90f6-639ded64a7d9,numbered,70318,completed,sold,1,2026-06-09 18:10:55.570735+00,2026-06-09 18:12:25.055063+00,2026-06-09 18:12:25.160094+00,0.105031,89.589359,
7a74a4c4-8759-4c57-aa0a-689369faa0a0,numbered,52555,completed,sold,1,2026-06-09 18:10:55.575814+00,2026-06-09 18:12:25.181137+00,2026-06-09 18:12:25.285621+00,0.104484,89.709807,
efef4fff-b834-4a07-b640-b3cce197f87b,numbered,49288,completed,sold,1,2026-06-09 18:10:55.580701+00,2026-06-09 18:12:25.311056+00,2026-06-09 18:12:25.415714+00,0.104658,89.835013,
c61cfa03-5cce-4cde-9d4d-724dd9404372,numbered,25967,completed,sold,1,2026-06-09 18:10:55.58589+00,2026-06-09 18:12:25.436778+00,2026-06-09 18:12:25.541304+00,0.104526,89.955414,
992cdf29-45e8-42c3-96f5-caaa365260a1,numbered,24852,completed,sold,1,2026-06-09 18:10:55.591125+00,2026-06-09 18:12:25.562046+00,2026-06-09 18:12:25.666916+00,0.104870,90.075791,
30edf659-5e0a-4718-ae21-c7c217a9ef6f,numbered,73328,completed,sold,1,2026-06-09 18:10:55.596091+00,2026-06-09 18:12:25.687965+00,2026-06-09 18:12:25.792394+00,0.104429,90.196303,
6a29bfe3-57e1-48cc-8c3a-f37a664c4336,numbered,33782,completed,sold,1,2026-06-09 18:10:55.601049+00,2026-06-09 18:12:25.813168+00,2026-06-09 18:12:25.917998+00,0.104830,90.316949,
67c6608d-7d70-4295-b557-2ed2fbe38e1c,numbered,75634,completed,sold,1,2026-06-09 18:10:55.605984+00,2026-06-09 18:12:25.939566+00,2026-06-09 18:12:26.044307+00,0.104741,90.438323,
90a0c151-31f4-45df-b8c3-84d39f7f7587,numbered,89838,completed,sold,1,2026-06-09 18:10:55.611006+00,2026-06-09 18:12:26.065719+00,2026-06-09 18:12:26.170269+00,0.104550,90.559263,
cf4818cd-ff21-40da-b5ac-a6bebcad436b,numbered,4689,completed,sold,1,2026-06-09 18:10:55.615896+00,2026-06-09 18:12:26.19111+00,2026-06-09 18:12:26.295614+00,0.104504,90.679718,
a38fda19-a018-464f-9824-c20f78418d27,numbered,36760,completed,sold,1,2026-06-09 18:10:55.621157+00,2026-06-09 18:12:26.316376+00,2026-06-09 18:12:26.420975+00,0.104599,90.799818,
51801f35-c479-4568-946a-af122e38218f,numbered,91640,completed,sold,1,2026-06-09 18:10:55.626075+00,2026-06-09 18:12:26.441819+00,2026-06-09 18:12:26.546393+00,0.104574,90.920318,
783d1c7d-081f-42c1-a403-63c93e241482,numbered,88468,completed,sold,1,2026-06-09 18:10:55.631042+00,2026-06-09 18:12:26.566847+00,2026-06-09 18:12:26.671031+00,0.104184,91.039989,
5ac00691-0c46-42b7-95cb-84a816d3fd49,numbered,72041,completed,sold,1,2026-06-09 18:10:55.636103+00,2026-06-09 18:12:26.691938+00,2026-06-09 18:12:26.797102+00,0.105164,91.160999,
dfac57db-3fe2-4552-a821-49bf3021dfb1,numbered,6102,completed,sold,1,2026-06-09 18:10:55.641091+00,2026-06-09 18:12:26.818255+00,2026-06-09 18:12:26.922914+00,0.104659,91.281823,
12b3abd3-47dc-436a-8185-03e7f49f4634,numbered,23072,completed,sold,1,2026-06-09 18:10:55.646192+00,2026-06-09 18:12:26.94417+00,2026-06-09 18:12:27.049592+00,0.105422,91.403400,
d5a33d82-57d9-4344-b27d-b08749041845,numbered,21765,completed,sold,1,2026-06-09 18:10:55.651241+00,2026-06-09 18:12:27.071075+00,2026-06-09 18:12:27.175602+00,0.104527,91.524361,
2057c6ad-f1ec-40c8-9959-f5c2b09068d7,numbered,88210,completed,sold,1,2026-06-09 18:10:55.656025+00,2026-06-09 18:12:27.196398+00,2026-06-09 18:12:27.300863+00,0.104465,91.644838,
b37cc0d1-f8ef-4559-a791-5a5b47809952,numbered,72475,completed,sold,1,2026-06-09 18:10:55.660938+00,2026-06-09 18:12:27.322222+00,2026-06-09 18:12:27.42664+00,0.104418,91.765702,
686ec872-75d0-4f63-858f-8c37fbae616a,numbered,47276,completed,sold,1,2026-06-09 18:10:55.665779+00,2026-06-09 18:12:27.448357+00,2026-06-09 18:12:27.552964+00,0.104607,91.887185,
f305e190-fad6-4343-9094-267c2b1393f1,numbered,55943,completed,sold,1,2026-06-09 18:10:55.670798+00,2026-06-09 18:12:27.574347+00,2026-06-09 18:12:27.679203+00,0.104856,92.008405,
14bf71ca-8e28-4625-9020-a3523f3594c6,numbered,49947,completed,sold,1,2026-06-09 18:10:55.675808+00,2026-06-09 18:12:27.701127+00,2026-06-09 18:12:27.805932+00,0.104805,92.130124,
a7a5c7a6-aa9c-481d-a27c-44e728b4310a,numbered,98644,completed,sold,1,2026-06-09 18:10:55.680817+00,2026-06-09 18:12:27.830121+00,2026-06-09 18:12:27.934859+00,0.104738,92.254042,
3c62fc42-74b7-4dc4-b745-b85d460e90fd,numbered,66516,completed,sold,1,2026-06-09 18:10:55.685794+00,2026-06-09 18:12:27.95598+00,2026-06-09 18:12:28.060726+00,0.104746,92.374932,
e790d2b6-09c9-4b7e-a3cb-c1ee8aa6bd6f,numbered,19275,completed,sold,1,2026-06-09 18:10:55.690735+00,2026-06-09 18:12:28.082366+00,2026-06-09 18:12:28.186915+00,0.104549,92.496180,
a0ee28dc-0a2e-4924-ad35-fd367efae7c1,numbered,11809,completed,sold,1,2026-06-09 18:10:55.69588+00,2026-06-09 18:12:28.207631+00,2026-06-09 18:12:28.312138+00,0.104507,92.616258,
61ce7d9d-dad9-47de-b88d-96ebadbc155b,numbered,36290,completed,sold,1,2026-06-09 18:10:55.700801+00,2026-06-09 18:12:28.33306+00,2026-06-09 18:12:28.437505+00,0.104445,92.736704,
6a90c35d-a53d-475d-8966-dee6f68f5f05,numbered,52478,completed,sold,1,2026-06-09 18:10:55.705868+00,2026-06-09 18:12:28.458193+00,2026-06-09 18:12:28.562813+00,0.104620,92.856945,
fd09d6b6-14cd-4b7b-af1f-ce0be2573765,numbered,6441,completed,sold,1,2026-06-09 18:10:55.710727+00,2026-06-09 18:12:28.583868+00,2026-06-09 18:12:28.688378+00,0.104510,92.977651,
a094906c-e592-42d6-89ed-75341294f1a5,numbered,21003,completed,sold,1,2026-06-09 18:10:55.715868+00,2026-06-09 18:12:28.708445+00,2026-06-09 18:12:28.813165+00,0.104720,93.097297,
bd8c9954-32e3-40cf-a89e-2a77dee109e9,numbered,30398,completed,sold,1,2026-06-09 18:10:55.720836+00,2026-06-09 18:12:28.8337+00,2026-06-09 18:12:28.938204+00,0.104504,93.217368,
14ac49fd-b1d7-490a-8d7c-d34bf3f387b0,numbered,6464,completed,sold,1,2026-06-09 18:10:55.725782+00,2026-06-09 18:12:28.959091+00,2026-06-09 18:12:29.063591+00,0.104500,93.337809,
55935ce9-d422-451b-a995-ae2456e58a69,numbered,65569,completed,sold,1,2026-06-09 18:10:55.730625+00,2026-06-09 18:12:29.083627+00,2026-06-09 18:12:29.188235+00,0.104608,93.457610,
33939e57-e754-48e0-90a1-f90e897ed05c,numbered,94301,completed,sold,1,2026-06-09 18:10:55.73588+00,2026-06-09 18:12:29.209466+00,2026-06-09 18:12:29.314124+00,0.104658,93.578244,
62144528-c038-4f97-9f79-9d24187d1bb0,numbered,319,completed,sold,1,2026-06-09 18:10:55.740855+00,2026-06-09 18:12:29.334527+00,2026-06-09 18:12:29.43882+00,0.104293,93.697965,
97c6c161-847f-4400-89ee-70665810eb3f,numbered,37359,completed,sold,1,2026-06-09 18:10:55.745973+00,2026-06-09 18:12:29.460155+00,2026-06-09 18:12:29.564851+00,0.104696,93.818878,
f3a3d603-bc9c-4b47-a023-5026a1793ff9,numbered,18403,completed,sold,1,2026-06-09 18:10:55.750976+00,2026-06-09 18:12:29.586717+00,2026-06-09 18:12:29.691368+00,0.104651,93.940392,
f97c780c-22fc-4ec9-ae0e-30cbdd8a5bec,numbered,5407,completed,sold,1,2026-06-09 18:10:55.756282+00,2026-06-09 18:12:29.712118+00,2026-06-09 18:12:29.817015+00,0.104897,94.060733,
5ee3fde2-fe93-4df2-8c10-ee5cac569f9b,numbered,61845,completed,sold,1,2026-06-09 18:10:55.761184+00,2026-06-09 18:12:29.838157+00,2026-06-09 18:12:29.942853+00,0.104696,94.181669,
f2ebda1e-db85-48b7-86a0-147725ba729f,numbered,31233,completed,sold,1,2026-06-09 18:10:55.76611+00,2026-06-09 18:12:29.963094+00,2026-06-09 18:12:30.06769+00,0.104596,94.301580,
44ff948a-293d-43b8-8edf-6e4145cde095,numbered,70394,completed,sold,1,2026-06-09 18:10:55.771331+00,2026-06-09 18:12:30.089144+00,2026-06-09 18:12:30.193532+00,0.104388,94.422201,
38188859-b1aa-4080-bc87-4f1c98dad0d7,numbered,31157,completed,sold,1,2026-06-09 18:10:55.776823+00,2026-06-09 18:12:30.213789+00,2026-06-09 18:12:30.31838+00,0.104591,94.541557,
ffe18c80-a7b2-48ad-8510-b4fab788bfec,numbered,94156,completed,sold,1,2026-06-09 18:10:55.781792+00,2026-06-09 18:12:30.338703+00,2026-06-09 18:12:30.442971+00,0.104268,94.661179,
bfa996a9-bf2d-46e2-9a68-d8b39ffc7c71,numbered,40772,completed,sold,1,2026-06-09 18:10:55.786702+00,2026-06-09 18:12:30.463454+00,2026-06-09 18:12:30.568196+00,0.104742,94.781494,
c2126afe-a1a1-4bf1-9ed3-6fd65d836f07,numbered,74163,completed,sold,1,2026-06-09 18:10:55.791748+00,2026-06-09 18:12:30.590453+00,2026-06-09 18:12:30.695134+00,0.104681,94.903386,
01c7c77f-0e65-43d4-be8d-49b4f996c21f,numbered,81555,completed,sold,1,2026-06-09 18:10:55.796851+00,2026-06-09 18:12:30.715557+00,2026-06-09 18:12:30.820365+00,0.104808,95.023514,
e52ee2a1-defd-40b0-a8ea-762d29a553a4,numbered,76909,completed,sold,1,2026-06-09 18:10:55.801993+00,2026-06-09 18:12:30.841014+00,2026-06-09 18:12:30.945689+00,0.104675,95.143696,
e6102952-b05b-428d-b93c-231becb54459,numbered,61261,completed,sold,1,2026-06-09 18:10:55.806919+00,2026-06-09 18:12:30.966941+00,2026-06-09 18:12:31.071607+00,0.104666,95.264688,
e09d879d-1ce0-465e-953a-65f76563b606,numbered,11930,completed,sold,1,2026-06-09 18:10:55.811862+00,2026-06-09 18:12:31.092434+00,2026-06-09 18:12:31.197152+00,0.104718,95.385290,
3d6a62fc-2816-4ebb-b386-bf403b1af6f4,numbered,50235,completed,sold,1,2026-06-09 18:10:55.816807+00,2026-06-09 18:12:31.218121+00,2026-06-09 18:12:31.322826+00,0.104705,95.506019,
0c5e6777-13b4-44c9-87fb-72e3e77c7893,numbered,44062,completed,sold,1,2026-06-09 18:10:55.821927+00,2026-06-09 18:12:31.343762+00,2026-06-09 18:12:31.448796+00,0.105034,95.626869,
8752f95c-8b3e-4584-b4f9-1c255d7cdea8,numbered,76286,completed,sold,1,2026-06-09 18:10:55.826913+00,2026-06-09 18:12:31.471127+00,2026-06-09 18:12:31.575643+00,0.104516,95.748730,
da8409e9-4b16-4469-8aca-0179203a3189,numbered,92962,completed,sold,1,2026-06-09 18:10:55.832007+00,2026-06-09 18:12:31.596139+00,2026-06-09 18:12:31.700814+00,0.104675,95.868807,
1489be80-9db8-4d39-9e8a-8ebc18761431,numbered,2886,completed,sold,1,2026-06-09 18:10:55.836928+00,2026-06-09 18:12:31.721929+00,2026-06-09 18:12:31.826558+00,0.104629,95.989630,
05851a14-86f2-42f7-9bdb-63a2ef1d665e,numbered,55213,completed,sold,1,2026-06-09 18:10:55.842053+00,2026-06-09 18:12:31.848174+00,2026-06-09 18:12:31.952994+00,0.104820,96.110941,
987dbfbe-a174-478e-b187-97b36e455209,numbered,23693,completed,sold,1,2026-06-09 18:10:55.847037+00,2026-06-09 18:12:31.974322+00,2026-06-09 18:12:32.078539+00,0.104217,96.231502,
2ecc7be0-cf88-4ce7-928e-84700ecc7b59,numbered,27600,completed,sold,1,2026-06-09 18:10:55.851778+00,2026-06-09 18:12:32.099099+00,2026-06-09 18:12:32.203594+00,0.104495,96.351816,
c2202062-de73-43d3-9d01-f11fb065489f,numbered,57056,completed,sold,1,2026-06-09 18:10:55.856838+00,2026-06-09 18:12:32.225645+00,2026-06-09 18:12:32.330364+00,0.104719,96.473526,
ea5ae9b9-d521-4abc-aa87-bca00225fb32,numbered,65255,completed,sold,1,2026-06-09 18:10:55.86176+00,2026-06-09 18:12:32.352398+00,2026-06-09 18:12:32.456986+00,0.104588,96.595226,
7195728c-a4a9-430d-828c-a677aef535a7,numbered,43860,completed,sold,1,2026-06-09 18:10:55.866731+00,2026-06-09 18:12:32.477414+00,2026-06-09 18:12:32.581789+00,0.104375,96.715058,
006a01ff-437e-40f5-beab-2fcec5905f25,numbered,37201,completed,sold,1,2026-06-09 18:10:55.871801+00,2026-06-09 18:12:32.602999+00,2026-06-09 18:12:32.707862+00,0.104863,96.836061,
816f746e-c4c7-49e8-a8ea-28d90b3e946c,numbered,95709,completed,sold,1,2026-06-09 18:10:55.876853+00,2026-06-09 18:12:32.730073+00,2026-06-09 18:12:32.834868+00,0.104795,96.958015,
32070b7d-c93e-4bdd-b208-57aee389149a,numbered,87995,completed,sold,1,2026-06-09 18:10:55.881752+00,2026-06-09 18:12:32.856177+00,2026-06-09 18:12:32.960893+00,0.104716,97.079141,
003dd17a-8f06-46dd-b530-ea7349389bef,numbered,88272,completed,sold,1,2026-06-09 18:10:55.886743+00,2026-06-09 18:12:32.982987+00,2026-06-09 18:12:33.087495+00,0.104508,97.200752,
42b50c22-017f-4fed-9a35-f97dff1f793f,numbered,72397,completed,sold,1,2026-06-09 18:10:55.89192+00,2026-06-09 18:12:33.109097+00,2026-06-09 18:12:33.213818+00,0.104721,97.321898,
debfd19d-5b76-4e58-8fad-d39819a3488a,numbered,45898,completed,sold,1,2026-06-09 18:10:55.89695+00,2026-06-09 18:12:33.23434+00,2026-06-09 18:12:33.338921+00,0.104581,97.441971,
f832bec2-af2c-4f5d-8d51-819391dc0eee,numbered,70922,completed,sold,1,2026-06-09 18:10:55.902684+00,2026-06-09 18:12:33.359652+00,2026-06-09 18:12:33.464398+00,0.104746,97.561714,
65bb96df-00f0-4b1d-9a90-b336867f608a,numbered,70871,completed,sold,1,2026-06-09 18:10:55.907854+00,2026-06-09 18:12:33.485385+00,2026-06-09 18:12:33.590481+00,0.105096,97.682627,
a8344e29-870a-4be9-b201-0065c60b4ab6,numbered,48319,completed,sold,1,2026-06-09 18:10:55.912842+00,2026-06-09 18:12:33.611829+00,2026-06-09 18:12:33.716732+00,0.104903,97.803890,
4821e93d-b5f0-4c02-9f54-16b24ab83236,numbered,75424,completed,sold,1,2026-06-09 18:10:55.91792+00,2026-06-09 18:12:33.739155+00,2026-06-09 18:12:33.843973+00,0.104818,97.926053,
c42e9916-32c8-43d5-b20e-b4e3cd99088a,numbered,52413,completed,sold,1,2026-06-09 18:10:55.922822+00,2026-06-09 18:12:33.865116+00,2026-06-09 18:12:33.96951+00,0.104394,98.046688,
a528f4e1-ae41-4eec-b5aa-be5e2280cbf2,numbered,38861,completed,sold,1,2026-06-09 18:10:55.927814+00,2026-06-09 18:12:33.990779+00,2026-06-09 18:12:34.095144+00,0.104365,98.167330,
2a3c426e-cfc5-403a-a7ee-cd95340f51c8,numbered,60514,completed,sold,1,2026-06-09 18:10:55.932868+00,2026-06-09 18:12:34.116621+00,2026-06-09 18:12:34.221199+00,0.104578,98.288331,
70a6b400-5ce8-414d-aaac-fad9235e209a,numbered,5202,completed,sold,1,2026-06-09 18:10:55.937817+00,2026-06-09 18:12:34.241231+00,2026-06-09 18:12:34.346819+00,0.105588,98.409002,
1b01de4d-58f7-4945-b53f-50ebfea61bb1,numbered,32733,completed,sold,1,2026-06-09 18:10:55.942718+00,2026-06-09 18:12:34.368173+00,2026-06-09 18:12:34.473018+00,0.104845,98.530300,
77bbe460-21dd-4cce-9ae4-172a4cf8a1e2,numbered,22673,completed,sold,1,2026-06-09 18:10:55.947853+00,2026-06-09 18:12:34.493747+00,2026-06-09 18:12:34.59809+00,0.104343,98.650237,
7a48bb8d-640e-4386-bdd4-14bc32caadd1,numbered,82700,completed,sold,1,2026-06-09 18:10:55.952731+00,2026-06-09 18:12:34.618335+00,2026-06-09 18:12:34.722517+00,0.104182,98.769786,
1ec8038c-4532-45e1-afc5-b287bcce6c21,numbered,57500,completed,sold,1,2026-06-09 18:10:55.957751+00,2026-06-09 18:12:34.742914+00,2026-06-09 18:12:34.847446+00,0.104532,98.889695,
454f75ad-7803-44ee-902b-c98eff77d81f,numbered,17708,completed,sold,1,2026-06-09 18:10:55.962674+00,2026-06-09 18:12:34.869535+00,2026-06-09 18:12:34.97437+00,0.104835,99.011696,
df127e56-a481-45ce-9349-eceffed6fc76,numbered,13982,completed,sold,1,2026-06-09 18:10:55.967732+00,2026-06-09 18:12:34.997501+00,2026-06-09 18:12:35.102211+00,0.104710,99.134479,
a6d157ad-da5c-4421-b85e-291f5cd1ae4b,numbered,99253,completed,sold,1,2026-06-09 18:10:55.972837+00,2026-06-09 18:12:35.123853+00,2026-06-09 18:12:35.228548+00,0.104695,99.255711,
1a72a4a5-26e8-4478-8e0b-6436186033c0,numbered,98293,completed,sold,1,2026-06-09 18:10:55.977755+00,2026-06-09 18:12:35.250687+00,2026-06-09 18:12:35.355395+00,0.104708,99.377640,
def35547-1b47-4402-bd42-4736527fb456,numbered,3292,completed,sold,1,2026-06-09 18:10:55.98274+00,2026-06-09 18:12:35.376691+00,2026-06-09 18:12:35.481206+00,0.104515,99.498466,
e494e796-c21d-4f8c-8559-7e26f2c4ba92,numbered,28173,completed,sold,1,2026-06-09 18:10:55.987812+00,2026-06-09 18:12:35.502449+00,2026-06-09 18:12:35.607507+00,0.105058,99.619695,
c8ebfc9b-3e42-41e7-803d-8781e8523b1f,numbered,25858,completed,sold,1,2026-06-09 18:10:55.99266+00,2026-06-09 18:12:35.628823+00,2026-06-09 18:12:35.733471+00,0.104648,99.740811,
40d6dfb7-13e0-4a20-a3a5-1c1f8d6a4c07,numbered,19506,completed,sold,1,2026-06-09 18:10:55.997625+00,2026-06-09 18:12:35.754512+00,2026-06-09 18:12:35.859146+00,0.104634,99.861521,
1380a65b-4110-42d8-aaf0-feaec6d0e8ee,numbered,17480,completed,sold,1,2026-06-09 18:10:56.002757+00,2026-06-09 18:12:35.880406+00,2026-06-09 18:12:35.985102+00,0.104696,99.982345,
59ea529b-810f-4837-91c7-24cdf0e40508,numbered,44443,completed,sold,1,2026-06-09 18:10:56.007984+00,2026-06-09 18:12:36.008154+00,2026-06-09 18:12:36.113065+00,0.104911,100.105081,
edc43802-a7bd-4753-9593-b6b0e894bf30,numbered,5478,completed,sold,1,2026-06-09 18:10:56.012947+00,2026-06-09 18:12:36.134487+00,2026-06-09 18:12:36.239017+00,0.104530,100.226070,
25db879e-47ff-4db5-bc4c-137513d307b4,numbered,73876,completed,sold,1,2026-06-09 18:10:56.017987+00,2026-06-09 18:12:36.260115+00,2026-06-09 18:12:36.364544+00,0.104429,100.346557,
6479ea98-7b1c-4fc3-ad4d-64efddfb8142,numbered,13765,completed,sold,1,2026-06-09 18:10:56.023182+00,2026-06-09 18:12:36.385484+00,2026-06-09 18:12:36.490274+00,0.104790,100.467092,
57ae2c30-1781-49a7-8cd2-320a72a1d3e6,numbered,12227,completed,sold,1,2026-06-09 18:10:56.027969+00,2026-06-09 18:12:36.512137+00,2026-06-09 18:12:36.616503+00,0.104366,100.588534,
c44b36bf-57f3-4e01-ad82-5c68229ad382,numbered,64960,completed,sold,1,2026-06-09 18:10:56.033023+00,2026-06-09 18:12:36.637571+00,2026-06-09 18:12:36.7422+00,0.104629,100.709177,
0d7bf1e0-4b9b-4754-aa26-9d568a5db22e,numbered,4531,completed,sold,1,2026-06-09 18:10:56.038698+00,2026-06-09 18:12:36.762781+00,2026-06-09 18:12:36.867016+00,0.104235,100.828318,
eead2059-7847-4023-8d12-7866c0e65e1e,numbered,28981,completed,sold,1,2026-06-09 18:10:56.043853+00,2026-06-09 18:12:36.888323+00,2026-06-09 18:12:36.992794+00,0.104471,100.948941,
8a8f3a29-78d4-4fa1-92fe-77f77a828b3b,numbered,19038,completed,sold,1,2026-06-09 18:10:56.048923+00,2026-06-09 18:12:37.014832+00,2026-06-09 18:12:37.119363+00,0.104531,101.070440,
2976f32b-9fe9-4c62-b737-85e0e630aa12,numbered,5619,completed,sold,1,2026-06-09 18:10:56.05396+00,2026-06-09 18:12:37.139791+00,2026-06-09 18:12:37.244551+00,0.104760,101.190591,
1787a108-2a86-4239-9357-3cda008e9afd,numbered,51073,completed,sold,1,2026-06-09 18:10:56.05877+00,2026-06-09 18:12:37.265663+00,2026-06-09 18:12:37.370274+00,0.104611,101.311504,
e0215913-cd01-42e9-a7dd-2408a4c36e6f,numbered,17919,completed,sold,1,2026-06-09 18:10:56.063845+00,2026-06-09 18:12:37.391052+00,2026-06-09 18:12:37.495644+00,0.104592,101.431799,
04f43a92-ee8b-42cc-ad1e-a5deccc389f1,numbered,91178,completed,sold,1,2026-06-09 18:10:56.068787+00,2026-06-09 18:12:37.517043+00,2026-06-09 18:12:37.621918+00,0.104875,101.553131,
1ab78057-e831-4f22-b364-42063396081d,numbered,68710,completed,sold,1,2026-06-09 18:10:56.073854+00,2026-06-09 18:12:37.643138+00,2026-06-09 18:12:37.747892+00,0.104754,101.674038,
11bf291b-d890-45b3-84f6-9c889507ec67,numbered,91856,completed,sold,1,2026-06-09 18:10:56.078756+00,2026-06-09 18:12:37.76937+00,2026-06-09 18:12:37.873836+00,0.104466,101.795080,
2e8e8933-667b-4175-9290-cb08016815a5,numbered,1841,completed,sold,1,2026-06-09 18:10:56.083812+00,2026-06-09 18:12:37.894983+00,2026-06-09 18:12:37.999625+00,0.104642,101.915813,
095614c8-6486-40b7-94f8-0ff35d38ee77,numbered,75928,completed,sold,1,2026-06-09 18:10:56.088718+00,2026-06-09 18:12:38.026956+00,2026-06-09 18:12:38.131548+00,0.104592,102.042830,
03fca0b2-fc32-4ecf-bcb3-c4077574b06a,numbered,85427,completed,sold,1,2026-06-09 18:10:56.093859+00,2026-06-09 18:12:38.152345+00,2026-06-09 18:12:38.256944+00,0.104599,102.163085,
5ccca264-7a97-4a05-912d-ee7e76e8e1b4,numbered,33437,completed,sold,1,2026-06-09 18:10:56.098696+00,2026-06-09 18:12:38.280271+00,2026-06-09 18:12:38.385145+00,0.104874,102.286449,
4fbc45ca-988a-41be-b6eb-4332bb8a8507,numbered,25523,completed,sold,1,2026-06-09 18:10:56.103839+00,2026-06-09 18:12:38.406334+00,2026-06-09 18:12:38.510912+00,0.104578,102.407073,
4d773d0a-7b84-44bd-81fa-7f2b2ca0c6b4,numbered,26041,completed,sold,1,2026-06-09 18:10:56.108818+00,2026-06-09 18:12:38.532129+00,2026-06-09 18:12:38.636731+00,0.104602,102.527913,
258c9d5a-88fd-4d7a-b673-0528eb07723b,numbered,99306,completed,sold,1,2026-06-09 18:10:56.11378+00,2026-06-09 18:12:38.657887+00,2026-06-09 18:12:38.76269+00,0.104803,102.648910,
540bceae-6688-4f27-8d47-dd8f24f9833d,numbered,29777,completed,sold,1,2026-06-09 18:10:56.118968+00,2026-06-09 18:12:38.784179+00,2026-06-09 18:12:38.888939+00,0.104760,102.769971,
92ea2591-2f0a-4538-84de-88ea2aeed692,numbered,5544,completed,sold,1,2026-06-09 18:10:56.123805+00,2026-06-09 18:12:38.910177+00,2026-06-09 18:12:39.014765+00,0.104588,102.890960,
7042c8cf-a467-473a-8be1-f0a96523d4c0,numbered,37555,completed,sold,1,2026-06-09 18:10:56.128889+00,2026-06-09 18:12:39.036245+00,2026-06-09 18:12:39.14113+00,0.104885,103.012241,
cb5e1a9b-73af-45b5-bb8e-3de1ed1b37a1,numbered,45701,completed,sold,1,2026-06-09 18:10:56.133839+00,2026-06-09 18:12:39.162116+00,2026-06-09 18:12:39.266834+00,0.104718,103.132995,
2d5ae05f-3207-4940-b5a3-0ad750b3dd9f,numbered,5194,completed,sold,1,2026-06-09 18:10:56.138802+00,2026-06-09 18:12:39.287763+00,2026-06-09 18:12:39.392265+00,0.104502,103.253463,
6a622908-8e07-451f-87b9-3f76e7589064,numbered,5919,completed,sold,1,2026-06-09 18:10:56.143806+00,2026-06-09 18:12:39.413169+00,2026-06-09 18:12:39.517826+00,0.104657,103.374020,
32942488-3df8-476b-9b45-393cf0f74d0d,numbered,86089,completed,sold,1,2026-06-09 18:10:56.148718+00,2026-06-09 18:12:39.539261+00,2026-06-09 18:12:39.644147+00,0.104886,103.495429,
ce9bd302-f1bb-4e68-8b20-da7fed630899,numbered,29643,completed,sold,1,2026-06-09 18:10:56.153707+00,2026-06-09 18:12:39.665665+00,2026-06-09 18:12:39.770413+00,0.104748,103.616706,
6fcff6d4-cf93-43d6-b659-4b14d9d2c21a,numbered,13205,completed,sold,1,2026-06-09 18:10:56.158955+00,2026-06-09 18:12:39.792039+00,2026-06-09 18:12:39.896907+00,0.104868,103.737952,
ce33bfa0-8a45-4c80-aa66-abc98146a852,numbered,78646,completed,sold,1,2026-06-09 18:10:56.164336+00,2026-06-09 18:12:39.917531+00,2026-06-09 18:12:40.02307+00,0.105539,103.858734,
c6f61336-87ad-435b-ad32-cecb58933df0,numbered,14496,completed,sold,1,2026-06-09 18:10:56.169323+00,2026-06-09 18:12:40.045636+00,2026-06-09 18:12:40.150228+00,0.104592,103.980905,
ca6985f2-291e-4add-a265-dbac11aa2a6f,numbered,34548,completed,sold,1,2026-06-09 18:10:56.174373+00,2026-06-09 18:12:40.171826+00,2026-06-09 18:12:40.276512+00,0.104686,104.102139,
22e0709e-a263-4bf5-b45f-9c464e4008ff,numbered,97115,completed,sold,1,2026-06-09 18:10:56.179262+00,2026-06-09 18:12:40.29762+00,2026-06-09 18:12:40.402043+00,0.104423,104.222781,
f92db642-7203-428d-9b1a-b17ae88daa41,numbered,78466,completed,sold,1,2026-06-09 18:10:56.184305+00,2026-06-09 18:12:40.42298+00,2026-06-09 18:12:40.52755+00,0.104570,104.343245,
2d8ba7a5-6c01-459d-a04e-7e15c6e554cb,numbered,35304,completed,sold,1,2026-06-09 18:10:56.189842+00,2026-06-09 18:12:40.548167+00,2026-06-09 18:12:40.652746+00,0.104579,104.462904,
2b45dfec-a579-4650-809e-c4aa73b246bb,numbered,72005,completed,sold,1,2026-06-09 18:10:56.194731+00,2026-06-09 18:12:40.674451+00,2026-06-09 18:12:40.779554+00,0.105103,104.584823,
308d5936-c91f-4773-82d8-be3c03857f6d,numbered,51491,completed,sold,1,2026-06-09 18:10:56.200024+00,2026-06-09 18:12:40.799867+00,2026-06-09 18:12:40.904327+00,0.104460,104.704303,
a7be1e57-f7ec-4f51-b749-7c4b8ebf5966,numbered,68697,completed,sold,1,2026-06-09 18:10:56.205222+00,2026-06-09 18:12:40.925044+00,2026-06-09 18:12:41.029661+00,0.104617,104.824439,
1cca0fe9-4b50-48dd-b159-6a9fc0379c75,numbered,27406,completed,sold,1,2026-06-09 18:10:56.21026+00,2026-06-09 18:12:41.050811+00,2026-06-09 18:12:41.155738+00,0.104927,104.945478,
6be667b8-d393-494a-be7e-9368c584a409,numbered,55609,completed,sold,1,2026-06-09 18:10:56.215258+00,2026-06-09 18:12:41.176384+00,2026-06-09 18:12:41.28094+00,0.104556,105.065682,
79ec0201-320d-426d-8b95-beb4940f138a,numbered,18772,completed,sold,1,2026-06-09 18:10:56.220328+00,2026-06-09 18:12:41.302185+00,2026-06-09 18:12:41.40676+00,0.104575,105.186432,
76fe4ae9-7e4a-4f27-be54-0efefa49cecb,numbered,78115,completed,sold,1,2026-06-09 18:10:56.225148+00,2026-06-09 18:12:41.426922+00,2026-06-09 18:12:41.531505+00,0.104583,105.306357,
8a6a4cec-9974-40fc-927d-0bf78ad6c0c4,numbered,82356,completed,sold,1,2026-06-09 18:10:56.229993+00,2026-06-09 18:12:41.553471+00,2026-06-09 18:12:41.658231+00,0.104760,105.428238,
3fac37f9-8d4f-4b28-8204-c6f7acbd47d2,numbered,21104,completed,sold,1,2026-06-09 18:10:56.234902+00,2026-06-09 18:12:41.680154+00,2026-06-09 18:12:41.784936+00,0.104782,105.550034,
d6293e7e-a05d-40d6-99c6-af41fb1efec5,numbered,94611,completed,sold,1,2026-06-09 18:10:56.239845+00,2026-06-09 18:12:41.805896+00,2026-06-09 18:12:41.910672+00,0.104776,105.670827,
8bbeb6ba-b801-4c68-92b0-59e64a4afce1,numbered,93864,completed,sold,1,2026-06-09 18:10:56.244752+00,2026-06-09 18:12:41.932022+00,2026-06-09 18:12:42.037363+00,0.105341,105.792611,
f2040687-bfe7-4767-8313-b118334f4962,numbered,84098,completed,sold,1,2026-06-09 18:10:56.249674+00,2026-06-09 18:12:42.061319+00,2026-06-09 18:12:42.166346+00,0.105027,105.916672,
49272865-97f0-493a-9024-03becafad82c,numbered,79274,completed,sold,1,2026-06-09 18:10:56.254745+00,2026-06-09 18:12:42.189309+00,2026-06-09 18:12:42.294197+00,0.104888,106.039452,
066c5ff0-e6dd-4eb1-bd6f-2a1f6b9dcda8,numbered,61031,completed,sold,1,2026-06-09 18:10:56.25983+00,2026-06-09 18:12:42.315311+00,2026-06-09 18:12:42.419982+00,0.104671,106.160152,
1c51e850-7706-4c6f-9971-5e136e01b5fc,numbered,7260,completed,sold,1,2026-06-09 18:10:56.264771+00,2026-06-09 18:12:42.443947+00,2026-06-09 18:12:42.549146+00,0.105199,106.284375,
6e7ff703-1bfc-46b4-96da-093de0b4b901,numbered,23197,completed,sold,1,2026-06-09 18:10:56.269939+00,2026-06-09 18:12:42.570783+00,2026-06-09 18:12:42.675493+00,0.104710,106.405554,
2345721c-29e6-4e41-8129-0368a4c0dd48,numbered,87294,completed,sold,1,2026-06-09 18:10:56.274787+00,2026-06-09 18:12:42.695904+00,2026-06-09 18:12:42.80038+00,0.104476,106.525593,
b2d54e5c-46cf-4993-8b6e-ae7ed43d8c04,numbered,74218,completed,sold,1,2026-06-09 18:10:56.279987+00,2026-06-09 18:12:42.821004+00,2026-06-09 18:12:42.925601+00,0.104597,106.645614,
e7854f42-8046-45cb-805a-94e98d1aa350,numbered,83044,completed,sold,1,2026-06-09 18:10:56.284861+00,2026-06-09 18:12:42.94609+00,2026-06-09 18:12:43.050758+00,0.104668,106.765897,
6c49a170-3f9e-4580-8a99-9eb0ef88ed3c,numbered,66866,completed,sold,1,2026-06-09 18:10:56.290736+00,2026-06-09 18:12:43.071087+00,2026-06-09 18:12:43.175567+00,0.104480,106.884831,
148adbcd-c3b8-4369-a0a9-1d4c3676875e,numbered,48407,completed,sold,1,2026-06-09 18:10:56.295756+00,2026-06-09 18:12:43.196218+00,2026-06-09 18:12:43.300944+00,0.104726,107.005188,
8522c48a-6ee7-4b6a-9635-a16b45867fb9,numbered,34838,completed,sold,1,2026-06-09 18:10:56.300549+00,2026-06-09 18:12:43.321772+00,2026-06-09 18:12:43.426221+00,0.104449,107.125672,
766ef574-1511-45e7-96c7-d3ff064372f9,numbered,38031,completed,sold,1,2026-06-09 18:10:56.305384+00,2026-06-09 18:12:43.446906+00,2026-06-09 18:12:43.551626+00,0.104720,107.246242,
e50421f0-8ec5-46d6-8725-0097bdc59d8e,numbered,36878,completed,sold,1,2026-06-09 18:10:56.310231+00,2026-06-09 18:12:43.574996+00,2026-06-09 18:12:43.679808+00,0.104812,107.369577,
42849778-eb3c-408a-a4cc-053805558a27,numbered,4617,completed,sold,1,2026-06-09 18:10:56.315232+00,2026-06-09 18:12:43.701747+00,2026-06-09 18:12:43.806312+00,0.104565,107.491080,
8bfec307-3969-4548-849b-43e0a16d25a0,numbered,70702,completed,sold,1,2026-06-09 18:10:56.320363+00,2026-06-09 18:12:43.826875+00,2026-06-09 18:12:43.93148+00,0.104605,107.611117,
84973784-ac78-40d2-9fa0-9f8b39d1475a,numbered,82810,completed,sold,1,2026-06-09 18:10:56.325324+00,2026-06-09 18:12:43.959615+00,2026-06-09 18:12:44.064498+00,0.104883,107.739174,
5de29bc1-ae87-43eb-9a33-20e8c883fa75,numbered,4793,completed,sold,1,2026-06-09 18:10:56.330292+00,2026-06-09 18:12:44.085616+00,2026-06-09 18:12:44.19026+00,0.104644,107.859968,
ce08abbb-c47a-4045-be9b-acd375483ebc,numbered,11248,completed,sold,1,2026-06-09 18:10:56.33554+00,2026-06-09 18:12:44.210982+00,2026-06-09 18:12:44.315446+00,0.104464,107.979906,
cc49cb8f-5457-4fab-bbb6-4d2e5e0e7351,numbered,55356,completed,sold,1,2026-06-09 18:10:56.340816+00,2026-06-09 18:12:44.336297+00,2026-06-09 18:12:44.440756+00,0.104459,108.099940,
151c7937-1977-47f7-9d24-564001f01269,numbered,69779,completed,sold,1,2026-06-09 18:10:56.345915+00,2026-06-09 18:12:44.461462+00,2026-06-09 18:12:44.566161+00,0.104699,108.220246,
b55682b3-dc50-49b9-b27a-466f18ca1c96,numbered,12181,completed,sold,1,2026-06-09 18:10:56.350859+00,2026-06-09 18:12:44.58729+00,2026-06-09 18:12:44.692148+00,0.104858,108.341289,
59d2f988-2476-4b68-8cc3-33f879734330,numbered,88365,completed,sold,1,2026-06-09 18:10:56.355871+00,2026-06-09 18:12:44.713278+00,2026-06-09 18:12:44.817865+00,0.104587,108.461994,
dc6127bb-b041-4b0a-a629-1861d50f4b18,numbered,13228,completed,sold,1,2026-06-09 18:10:56.360916+00,2026-06-09 18:12:44.839868+00,2026-06-09 18:12:44.944641+00,0.104773,108.583725,
3456fe52-5c44-4736-a765-006d42aeb229,numbered,34140,completed,sold,1,2026-06-09 18:10:56.365898+00,2026-06-09 18:12:44.966416+00,2026-06-09 18:12:45.071489+00,0.105073,108.705591,
c34c52c4-001c-4a9e-b8f8-16ff8350b1de,numbered,80262,completed,sold,1,2026-06-09 18:10:56.370727+00,2026-06-09 18:12:45.094211+00,2026-06-09 18:12:45.199078+00,0.104867,108.828351,
c4fbdc39-069c-4576-bb6f-045d8faf5eeb,numbered,58867,completed,sold,1,2026-06-09 18:10:56.375751+00,2026-06-09 18:12:45.220265+00,2026-06-09 18:12:45.324916+00,0.104651,108.949165,
087d4edb-3649-4598-ab87-964eab5d3ada,numbered,9629,completed,sold,1,2026-06-09 18:10:56.380519+00,2026-06-09 18:12:45.346504+00,2026-06-09 18:12:45.451404+00,0.104900,109.070885,
c97cad73-767c-4937-bddf-59328afd0543,numbered,62845,completed,sold,1,2026-06-09 18:10:56.385335+00,2026-06-09 18:12:45.471519+00,2026-06-09 18:12:45.576513+00,0.104994,109.191178,
93c6584e-c3fa-48dc-abfc-f7a8855a462a,numbered,56920,completed,sold,1,2026-06-09 18:10:56.390231+00,2026-06-09 18:12:45.598826+00,2026-06-09 18:12:45.703627+00,0.104801,109.313396,
753101ac-e650-4420-9351-7c59b512b2ca,numbered,83143,completed,sold,1,2026-06-09 18:10:56.395166+00,2026-06-09 18:12:45.723908+00,2026-06-09 18:12:45.828395+00,0.104487,109.433229,
8f7145b5-fc60-423b-8157-e6472c3860f3,numbered,92353,completed,sold,1,2026-06-09 18:10:56.40018+00,2026-06-09 18:12:45.849349+00,2026-06-09 18:12:45.954075+00,0.104726,109.553895,
87eb2e8a-0a58-4622-a1fe-d05511e54ce3,numbered,63837,completed,sold,1,2026-06-09 18:10:56.405108+00,2026-06-09 18:12:45.976691+00,2026-06-09 18:12:46.082184+00,0.105493,109.677076,
5ecf8ffb-7626-437e-b3f2-166d6a54806b,numbered,1752,completed,sold,1,2026-06-09 18:10:56.410087+00,2026-06-09 18:12:46.104+00,2026-06-09 18:12:46.208805+00,0.104805,109.798718,
805b197a-f4c1-47e5-b622-0d879688149a,numbered,13819,completed,sold,1,2026-06-09 18:10:56.415253+00,2026-06-09 18:12:46.230478+00,2026-06-09 18:12:46.335559+00,0.105081,109.920306,
2e1c4e44-e210-4ac8-b689-d0a9e213a803,numbered,61211,completed,sold,1,2026-06-09 18:10:56.420172+00,2026-06-09 18:12:46.357605+00,2026-06-09 18:12:46.462224+00,0.104619,110.042052,
effb3a38-55fd-4d28-821c-f9d267c2b00d,numbered,1055,completed,sold,1,2026-06-09 18:10:56.425366+00,2026-06-09 18:12:46.483912+00,2026-06-09 18:12:46.589471+00,0.105559,110.164105,
88e130ad-d314-4437-ad3f-f217f4f5a5b3,numbered,40592,completed,sold,1,2026-06-09 18:10:56.43044+00,2026-06-09 18:12:46.610284+00,2026-06-09 18:12:46.714675+00,0.104391,110.284235,
b3ffcd87-46c1-4595-97b3-4799a2b3fada,numbered,83983,completed,sold,1,2026-06-09 18:10:56.435722+00,2026-06-09 18:12:46.735008+00,2026-06-09 18:12:46.839429+00,0.104421,110.403707,
c13ba04e-fe87-49c1-a795-ff8d2867d21b,numbered,68990,completed,sold,1,2026-06-09 18:10:56.440921+00,2026-06-09 18:12:46.859908+00,2026-06-09 18:12:46.964831+00,0.104923,110.523910,
44b19692-34aa-411a-81e3-af17510b0fc4,numbered,5735,completed,sold,1,2026-06-09 18:10:56.445948+00,2026-06-09 18:12:46.986341+00,2026-06-09 18:12:47.090989+00,0.104648,110.645041,
7429ee5a-5654-4aec-8a0a-5d300268e75e,numbered,33991,completed,sold,1,2026-06-09 18:10:56.4509+00,2026-06-09 18:12:47.111677+00,2026-06-09 18:12:47.216279+00,0.104602,110.765379,
c5982700-041d-4cf0-afde-a0928f8fcb4b,numbered,92838,completed,sold,1,2026-06-09 18:10:56.455824+00,2026-06-09 18:12:47.237126+00,2026-06-09 18:12:47.341715+00,0.104589,110.885891,
787aed07-447f-4266-84ae-80ed61b83afe,numbered,82056,completed,sold,1,2026-06-09 18:10:56.461174+00,2026-06-09 18:12:47.363134+00,2026-06-09 18:12:47.467815+00,0.104681,111.006641,
8c924119-9675-4f2f-bc44-4b65316d612f,numbered,6307,completed,sold,1,2026-06-09 18:10:56.466063+00,2026-06-09 18:12:47.488488+00,2026-06-09 18:12:47.593099+00,0.104611,111.127036,
958de3ff-7255-44da-ae02-b92f9ddb6857,numbered,56502,completed,sold,1,2026-06-09 18:10:56.471083+00,2026-06-09 18:12:47.614379+00,2026-06-09 18:12:47.719088+00,0.104709,111.248005,
e2e2689d-a8bf-44bd-a411-7b3b7293b73d,numbered,19122,completed,sold,1,2026-06-09 18:10:56.476098+00,2026-06-09 18:12:47.740142+00,2026-06-09 18:12:47.845034+00,0.104892,111.368936,
e9871b25-233b-467c-9b26-08e2e99e7caf,numbered,46258,completed,sold,1,2026-06-09 18:10:56.481286+00,2026-06-09 18:12:47.866869+00,2026-06-09 18:12:47.971692+00,0.104823,111.490406,
171e5645-762b-4f02-825a-ad3100853221,numbered,54069,completed,sold,1,2026-06-09 18:10:56.486457+00,2026-06-09 18:12:47.994075+00,2026-06-09 18:12:48.098995+00,0.104920,111.612538,
c63c5b49-8703-419d-bb21-bbb6b20cffe6,numbered,92118,completed,sold,1,2026-06-09 18:10:56.492744+00,2026-06-09 18:12:48.120954+00,2026-06-09 18:12:48.225721+00,0.104767,111.732977,
dd1c9232-559d-4068-8797-b8678073f76b,numbered,39314,completed,sold,1,2026-06-09 18:10:56.4979+00,2026-06-09 18:12:48.24806+00,2026-06-09 18:12:48.353058+00,0.104998,111.855158,
174445d4-63db-4093-a585-f9155f2a9d4d,numbered,54410,completed,sold,1,2026-06-09 18:10:56.502993+00,2026-06-09 18:12:48.374521+00,2026-06-09 18:12:48.479155+00,0.104634,111.976162,
3264be63-22da-43ca-b294-b7087d132fd4,numbered,30853,completed,sold,1,2026-06-09 18:10:56.508026+00,2026-06-09 18:12:48.50016+00,2026-06-09 18:12:48.604543+00,0.104383,112.096517,
d9ae906f-83cb-4f05-a80d-c2cfba36377a,numbered,57740,completed,sold,1,2026-06-09 18:10:56.51309+00,2026-06-09 18:12:48.625534+00,2026-06-09 18:12:48.730132+00,0.104598,112.217042,
59024a21-34e3-4a96-8684-756489be8f71,numbered,31623,completed,sold,1,2026-06-09 18:10:56.518172+00,2026-06-09 18:12:48.750729+00,2026-06-09 18:12:48.855161+00,0.104432,112.336989,
a89a3459-13ee-40c5-8e7b-97c0289532db,numbered,68586,completed,sold,1,2026-06-09 18:10:56.523173+00,2026-06-09 18:12:48.875767+00,2026-06-09 18:12:48.980516+00,0.104749,112.457343,
e2019d6b-1231-4b97-a8c6-84600c188b7c,numbered,14337,completed,sold,1,2026-06-09 18:10:56.528117+00,2026-06-09 18:12:49.001016+00,2026-06-09 18:12:49.105563+00,0.104547,112.577446,
1b05060f-feef-4186-8a1f-471089f52378,numbered,77374,completed,sold,1,2026-06-09 18:10:56.5332+00,2026-06-09 18:12:49.125574+00,2026-06-09 18:12:49.23003+00,0.104456,112.696830,
23f9d30d-7d6b-4336-ad2f-17a51a3a2f32,numbered,91261,completed,sold,1,2026-06-09 18:10:56.538144+00,2026-06-09 18:12:49.250876+00,2026-06-09 18:12:49.355576+00,0.104700,112.817432,
0fd60481-b71d-4cf5-aff1-54c51a52f448,numbered,86355,completed,sold,1,2026-06-09 18:10:56.543125+00,2026-06-09 18:12:49.377488+00,2026-06-09 18:12:49.482031+00,0.104543,112.938906,
f536d40f-cb0c-494a-a2d5-2d8bf72ff83c,numbered,44883,completed,sold,1,2026-06-09 18:10:56.548139+00,2026-06-09 18:12:49.50307+00,2026-06-09 18:12:49.607643+00,0.104573,113.059504,
e9645863-32aa-4c8b-bc06-d4ed646bfdf9,numbered,81649,completed,sold,1,2026-06-09 18:10:56.553053+00,2026-06-09 18:12:49.630326+00,2026-06-09 18:12:49.734953+00,0.104627,113.181900,
420ac534-6f2b-42a8-9e72-0554e7840230,numbered,89042,completed,sold,1,2026-06-09 18:10:56.557929+00,2026-06-09 18:12:49.756237+00,2026-06-09 18:12:49.860865+00,0.104628,113.302936,
e23a9f9a-a147-4aaa-8e18-af3c3c1152a7,numbered,24522,completed,sold,1,2026-06-09 18:10:56.562835+00,2026-06-09 18:12:49.88207+00,2026-06-09 18:12:49.987145+00,0.105075,113.424310,
d0866e0f-1b56-4523-ad71-7589b1d4745a,numbered,68533,completed,sold,1,2026-06-09 18:10:56.567822+00,2026-06-09 18:12:50.017528+00,2026-06-09 18:12:50.122796+00,0.105268,113.554974,
5c3c675a-058d-4dc7-b34f-6e3fe79188b9,numbered,31745,completed,sold,1,2026-06-09 18:10:56.572794+00,2026-06-09 18:12:50.145026+00,2026-06-09 18:12:50.249821+00,0.104795,113.677027,
1eb17cf5-273d-4a05-85cd-8ff39ed5f33f,numbered,72805,completed,sold,1,2026-06-09 18:10:56.577759+00,2026-06-09 18:12:50.271306+00,2026-06-09 18:12:50.375925+00,0.104619,113.798166,
e0b6d4cb-b8c1-4995-8c78-0f0448dd59c1,numbered,26503,completed,sold,1,2026-06-09 18:10:56.582847+00,2026-06-09 18:12:50.397783+00,2026-06-09 18:12:50.502465+00,0.104682,113.919618,
a398830c-bc84-480c-9aca-8778189d68b2,numbered,3363,completed,sold,1,2026-06-09 18:10:56.588098+00,2026-06-09 18:12:50.523594+00,2026-06-09 18:12:50.6283+00,0.104706,114.040202,
09f34346-1428-4096-a8f5-fec610019c43,numbered,20541,completed,sold,1,2026-06-09 18:10:56.593198+00,2026-06-09 18:12:50.649186+00,2026-06-09 18:12:50.753709+00,0.104523,114.160511,
c88a2aac-8c23-4e6e-b0f8-eb87b8004583,numbered,567,completed,sold,1,2026-06-09 18:10:56.598696+00,2026-06-09 18:12:50.774838+00,2026-06-09 18:12:50.879597+00,0.104759,114.280901,
3df4ea21-ed83-4dec-8b13-64940099c489,numbered,9503,completed,sold,1,2026-06-09 18:10:56.604056+00,2026-06-09 18:12:50.901755+00,2026-06-09 18:12:51.007067+00,0.105312,114.403011,
434f8de5-27e0-4af6-8799-dbd33a4543dd,numbered,96333,completed,sold,1,2026-06-09 18:10:56.609188+00,2026-06-09 18:12:51.02835+00,2026-06-09 18:12:51.133007+00,0.104657,114.523819,
d88c97fa-e46e-4464-898b-5c23e1114e5b,numbered,85168,completed,sold,1,2026-06-09 18:10:56.614794+00,2026-06-09 18:12:51.155031+00,2026-06-09 18:12:51.259782+00,0.104751,114.644988,
bde1251e-f3a9-4e3e-b393-d7e6d2202641,numbered,256,completed,sold,1,2026-06-09 18:10:56.619853+00,2026-06-09 18:12:51.281499+00,2026-06-09 18:12:51.386136+00,0.104637,114.766283,
94c62e46-d65c-4c3d-92f9-1e204d0e790e,numbered,158,completed,sold,1,2026-06-09 18:10:56.624765+00,2026-06-09 18:12:51.407273+00,2026-06-09 18:12:51.512062+00,0.104789,114.887297,
fc809bc8-8862-4d29-89f4-2fa4df407371,numbered,62613,completed,sold,1,2026-06-09 18:10:56.629768+00,2026-06-09 18:12:51.533907+00,2026-06-09 18:12:51.63893+00,0.105023,115.009162,
4c5371ef-c099-425d-b843-cc2289508245,numbered,43134,completed,sold,1,2026-06-09 18:10:56.634723+00,2026-06-09 18:12:51.660033+00,2026-06-09 18:12:51.764754+00,0.104721,115.130031,
11fb49cb-e990-401c-b11b-c6bf7ad3fe8c,numbered,3424,completed,sold,1,2026-06-09 18:10:56.639821+00,2026-06-09 18:12:51.785405+00,2026-06-09 18:12:51.890024+00,0.104619,115.250203,
6a70b129-705f-43d0-8807-737b2ef323b7,numbered,77878,completed,sold,1,2026-06-09 18:10:56.64483+00,2026-06-09 18:12:51.911745+00,2026-06-09 18:12:52.016783+00,0.105038,115.371953,
8ab61ab9-ffb2-4dcd-bb67-9ebd0e10bed6,numbered,77411,completed,sold,1,2026-06-09 18:10:56.649752+00,2026-06-09 18:12:52.040541+00,2026-06-09 18:12:52.145675+00,0.105134,115.495923,
d868f6e9-5741-4dff-bf8e-df288d0bf7ba,numbered,13871,completed,sold,1,2026-06-09 18:10:56.654715+00,2026-06-09 18:12:52.166895+00,2026-06-09 18:12:52.271732+00,0.104837,115.617017,
3f235cef-2df6-4404-b232-c930c37fd89e,numbered,64170,completed,sold,1,2026-06-09 18:10:56.659684+00,2026-06-09 18:12:52.293072+00,2026-06-09 18:12:52.39796+00,0.104888,115.738276,
b9db5b59-d451-461b-bf3e-50f654f23aa2,numbered,38875,completed,sold,1,2026-06-09 18:10:56.664684+00,2026-06-09 18:12:52.41866+00,2026-06-09 18:12:52.523163+00,0.104503,115.858479,
ef54d4f3-9684-40b1-a2db-1717442fa331,numbered,42519,completed,sold,1,2026-06-09 18:10:56.669652+00,2026-06-09 18:12:52.543897+00,2026-06-09 18:12:52.648965+00,0.105068,115.979313,
44e7c57a-a683-4847-91fe-60ba079756ae,numbered,53515,completed,sold,1,2026-06-09 18:10:56.674484+00,2026-06-09 18:12:52.670318+00,2026-06-09 18:12:52.774856+00,0.104538,116.100372,
5ab45c12-aa20-4a66-9ed2-dfc2468b4ae7,numbered,3068,completed,sold,1,2026-06-09 18:10:56.679704+00,2026-06-09 18:12:52.79537+00,2026-06-09 18:12:52.900224+00,0.104854,116.220520,
8b8091fe-66eb-424c-be98-ba880ac03004,numbered,14213,completed,sold,1,2026-06-09 18:10:56.6848+00,2026-06-09 18:12:52.920006+00,2026-06-09 18:12:53.024759+00,0.104753,116.339959,
759a3ea3-a8e5-415f-99ed-7d90dc5fca17,numbered,47995,completed,sold,1,2026-06-09 18:10:56.689717+00,2026-06-09 18:12:53.045743+00,2026-06-09 18:12:53.150539+00,0.104796,116.460822,
621119ee-8bc8-44a8-88d6-5ac9d48ef7f6,numbered,21940,completed,sold,1,2026-06-09 18:10:56.694595+00,2026-06-09 18:12:53.170901+00,2026-06-09 18:12:53.275423+00,0.104522,116.580828,
49cf8287-7285-4e3b-8f9a-e97322e20f41,numbered,63905,completed,sold,1,2026-06-09 18:10:56.699317+00,2026-06-09 18:12:53.296564+00,2026-06-09 18:12:53.401103+00,0.104539,116.701786,
a6357179-de4c-4938-97ec-21132b01c58f,numbered,55774,completed,sold,1,2026-06-09 18:10:56.704252+00,2026-06-09 18:12:53.421479+00,2026-06-09 18:12:53.52701+00,0.105531,116.822758,
0f259434-b987-4e7d-8f02-57aca922635f,numbered,34880,completed,sold,1,2026-06-09 18:10:56.709023+00,2026-06-09 18:12:53.548379+00,2026-06-09 18:12:53.65358+00,0.105201,116.944557,
b9761df1-db6e-4ee0-b3f8-1c066c88caa5,numbered,87180,completed,sold,1,2026-06-09 18:10:56.714034+00,2026-06-09 18:12:53.674467+00,2026-06-09 18:12:53.778931+00,0.104464,117.064897,
7267d525-d4cb-4c01-b825-4a3615854f4d,numbered,94058,completed,sold,1,2026-06-09 18:10:56.719037+00,2026-06-09 18:12:53.798842+00,2026-06-09 18:12:53.903183+00,0.104341,117.184146,
73841a3d-e298-41fe-b182-34a0c9574da0,numbered,49517,completed,sold,1,2026-06-09 18:10:56.723893+00,2026-06-09 18:12:53.924148+00,2026-06-09 18:12:54.028866+00,0.104718,117.304973,
ae4af061-577c-4a6e-aa0a-da26ecab4f48,numbered,57021,completed,sold,1,2026-06-09 18:10:56.72883+00,2026-06-09 18:12:54.05047+00,2026-06-09 18:12:54.155171+00,0.104701,117.426341,
a07d9e5e-02aa-4b33-b151-eeb806de659f,numbered,4617,completed,seat_unavailable,1,2026-06-09 18:10:56.733738+00,2026-06-09 18:12:54.177007+00,2026-06-09 18:12:54.279823+00,0.102816,117.546085,
92b0240e-8daf-44bc-bc9a-ca34b2823e05,numbered,69885,completed,sold,1,2026-06-09 18:10:56.738688+00,2026-06-09 18:12:54.301266+00,2026-06-09 18:12:54.405872+00,0.104606,117.667184,
b5fc6243-c207-4b54-a2c8-cec020fa9c9d,numbered,56488,completed,sold,1,2026-06-09 18:10:56.743825+00,2026-06-09 18:12:54.426882+00,2026-06-09 18:12:54.531217+00,0.104335,117.787392,
91a59837-929f-49fe-8709-06373154d72f,numbered,63659,completed,sold,1,2026-06-09 18:10:56.748849+00,2026-06-09 18:12:54.552058+00,2026-06-09 18:12:54.656787+00,0.104729,117.907938,
5ddf9a20-9db5-4a78-ae0e-a5030bb8981b,numbered,58469,completed,sold,1,2026-06-09 18:10:56.753914+00,2026-06-09 18:12:54.6782+00,2026-06-09 18:12:54.782834+00,0.104634,118.028920,
eb6f129a-2062-4a7e-8727-1dfcef2ef80a,numbered,85132,completed,sold,1,2026-06-09 18:10:56.75883+00,2026-06-09 18:12:54.803758+00,2026-06-09 18:12:54.90834+00,0.104582,118.149510,
01f0a2f2-f69a-4793-b4ee-c4fc3ae4a96e,numbered,51093,completed,sold,1,2026-06-09 18:10:56.763954+00,2026-06-09 18:12:54.92922+00,2026-06-09 18:12:55.034036+00,0.104816,118.270082,
8d8df9c0-149e-485b-9377-a57f8b1f1908,numbered,62211,completed,sold,1,2026-06-09 18:10:56.768888+00,2026-06-09 18:12:55.055234+00,2026-06-09 18:12:55.160079+00,0.104845,118.391191,
cf5ffd5b-c23e-43c2-9742-f8282cc5fb48,numbered,45833,completed,sold,1,2026-06-09 18:10:56.773815+00,2026-06-09 18:12:55.181382+00,2026-06-09 18:12:55.286094+00,0.104712,118.512279,
0a75c115-98a9-4050-bf8a-ba147828dc18,numbered,25760,completed,sold,1,2026-06-09 18:10:56.778653+00,2026-06-09 18:12:55.307095+00,2026-06-09 18:12:55.411724+00,0.104629,118.633071,
d2361a86-eed3-46b7-b6cb-f9278ea33d98,numbered,26522,completed,sold,1,2026-06-09 18:10:56.783864+00,2026-06-09 18:12:55.433331+00,2026-06-09 18:12:55.537815+00,0.104484,118.753951,
dc9dbc81-c941-4fff-9303-d069211618a6,numbered,86237,completed,sold,1,2026-06-09 18:10:56.788719+00,2026-06-09 18:12:55.559531+00,2026-06-09 18:12:55.664113+00,0.104582,118.875394,
96cc9ae5-21f4-49cf-bf4c-556f5f151b04,numbered,41592,completed,sold,1,2026-06-09 18:10:56.793938+00,2026-06-09 18:12:55.685172+00,2026-06-09 18:12:55.789664+00,0.104492,118.995726,
e5de33d4-fe22-4c2f-a860-fa1d617a6456,numbered,63647,completed,sold,1,2026-06-09 18:10:56.798867+00,2026-06-09 18:12:55.809903+00,2026-06-09 18:12:55.914225+00,0.104322,119.115358,
1b55e3a9-9685-4795-9ca1-a59722ea67f1,numbered,83047,completed,sold,1,2026-06-09 18:10:56.803864+00,2026-06-09 18:12:55.936014+00,2026-06-09 18:12:56.041369+00,0.105355,119.237505,
03356e49-3216-404a-906f-b5b8b6b9ab68,numbered,20941,completed,sold,1,2026-06-09 18:10:56.808888+00,2026-06-09 18:12:56.062365+00,2026-06-09 18:12:56.167122+00,0.104757,119.358234,
96f5037f-b37f-4b21-a572-061ed0e4da27,numbered,21211,completed,sold,1,2026-06-09 18:10:56.813868+00,2026-06-09 18:12:56.190327+00,2026-06-09 18:12:56.294881+00,0.104554,119.481013,
407eedbf-6fee-42d6-9bb6-11790fae205a,numbered,7376,completed,sold,1,2026-06-09 18:10:56.81875+00,2026-06-09 18:12:56.315984+00,2026-06-09 18:12:56.420774+00,0.104790,119.602024,
923e535b-e760-4aef-b335-e28712918942,numbered,69369,completed,sold,1,2026-06-09 18:10:56.823902+00,2026-06-09 18:12:56.442242+00,2026-06-09 18:12:56.546755+00,0.104513,119.722853,
cb97832f-6a74-4918-919e-2887fc9f3a42,numbered,11286,completed,sold,1,2026-06-09 18:10:56.82883+00,2026-06-09 18:12:56.567596+00,2026-06-09 18:12:56.671945+00,0.104349,119.843115,
8911dced-c330-42f7-a305-7e94d288945c,numbered,58458,completed,sold,1,2026-06-09 18:10:56.833807+00,2026-06-09 18:12:56.692607+00,2026-06-09 18:12:56.797148+00,0.104541,119.963341,
933b37d6-ca86-44c5-a1d9-14ab1d04480b,numbered,14472,completed,sold,1,2026-06-09 18:10:56.838681+00,2026-06-09 18:12:56.818096+00,2026-06-09 18:12:56.922859+00,0.104763,120.084178,
098f669f-4245-415f-b7fb-bf05bffd20b2,numbered,48361,completed,sold,1,2026-06-09 18:10:56.843792+00,2026-06-09 18:12:56.943713+00,2026-06-09 18:12:57.048309+00,0.104596,120.204517,
4cd91361-1edd-4285-a06c-68d760c620c4,numbered,32205,completed,sold,1,2026-06-09 18:10:56.848828+00,2026-06-09 18:12:57.069088+00,2026-06-09 18:12:57.173948+00,0.104860,120.325120,
934e57a4-9c42-4e2c-9a12-5dee429d8e66,numbered,62238,completed,sold,1,2026-06-09 18:10:56.853757+00,2026-06-09 18:12:57.195164+00,2026-06-09 18:12:57.30001+00,0.104846,120.446253,
94912383-d887-402e-88c4-45742f4676f8,numbered,75532,completed,sold,1,2026-06-09 18:10:56.858641+00,2026-06-09 18:12:57.321168+00,2026-06-09 18:12:57.425809+00,0.104641,120.567168,
3f704e05-7dad-4a66-8b2c-bb1e4c76f7c6,numbered,55426,completed,sold,1,2026-06-09 18:10:56.863779+00,2026-06-09 18:12:57.44674+00,2026-06-09 18:12:57.551652+00,0.104912,120.687873,
ec37cbdc-a36b-474e-84be-962730778d5a,numbered,99466,completed,sold,1,2026-06-09 18:10:56.868654+00,2026-06-09 18:12:57.573288+00,2026-06-09 18:12:57.677996+00,0.104708,120.809342,
3bfab7be-6603-4989-bad9-96332bf9cbae,numbered,7016,completed,sold,1,2026-06-09 18:10:56.873645+00,2026-06-09 18:12:57.699305+00,2026-06-09 18:12:57.803911+00,0.104606,120.930266,
9fb53f47-b3d6-4baf-b21c-017e046bb27a,numbered,77103,completed,sold,1,2026-06-09 18:10:56.87849+00,2026-06-09 18:12:57.824262+00,2026-06-09 18:12:57.929063+00,0.104801,121.050573,
653f2b83-14ce-48cc-b959-db116eb512e4,numbered,61981,completed,sold,1,2026-06-09 18:10:56.883699+00,2026-06-09 18:12:57.950763+00,2026-06-09 18:12:58.055634+00,0.104871,121.171935,
cbbe4002-8a61-421d-9828-b7a9afa7e0ae,numbered,67960,completed,sold,1,2026-06-09 18:10:56.888892+00,2026-06-09 18:12:58.076246+00,2026-06-09 18:12:58.180919+00,0.104673,121.292027,
68558322-3a68-4254-bb8b-6dc3711239c9,numbered,64364,completed,sold,1,2026-06-09 18:10:56.893863+00,2026-06-09 18:12:58.202754+00,2026-06-09 18:12:58.307327+00,0.104573,121.413464,
6d718b48-c4fe-49f2-b152-f47e5795cd24,numbered,13737,completed,sold,1,2026-06-09 18:10:56.89876+00,2026-06-09 18:12:58.328405+00,2026-06-09 18:12:58.432999+00,0.104594,121.534239,
ff1f9cb9-bba8-4592-9c58-ad45c97f2302,numbered,26566,completed,sold,1,2026-06-09 18:10:56.903833+00,2026-06-09 18:12:58.45449+00,2026-06-09 18:12:58.559208+00,0.104718,121.655375,
face4af6-c5b3-4ba7-800d-e66605bda2df,numbered,65624,completed,sold,1,2026-06-09 18:10:56.908849+00,2026-06-09 18:12:58.580162+00,2026-06-09 18:12:58.684873+00,0.104711,121.776024,
effa0a19-2039-4848-b5b3-f0886e5ac3b0,numbered,86039,completed,sold,1,2026-06-09 18:10:56.913854+00,2026-06-09 18:12:58.705698+00,2026-06-09 18:12:58.810178+00,0.104480,121.896324,
937ac00c-f63a-49a1-93e9-1dfa5673347f,numbered,69120,completed,sold,1,2026-06-09 18:10:56.918798+00,2026-06-09 18:12:58.830034+00,2026-06-09 18:12:58.934349+00,0.104315,122.015551,
c853e659-c7f7-4752-9ff6-65f4e7c85595,numbered,61058,completed,sold,1,2026-06-09 18:10:56.923797+00,2026-06-09 18:12:58.955135+00,2026-06-09 18:12:59.059811+00,0.104676,122.136014,
a3cc1274-e049-4003-a127-f92c1e7b0888,numbered,27298,completed,sold,1,2026-06-09 18:10:56.92874+00,2026-06-09 18:12:59.082387+00,2026-06-09 18:12:59.187034+00,0.104647,122.258294,
26efa45c-fa4e-48f9-a4c8-a7690e1615c0,numbered,33728,completed,sold,1,2026-06-09 18:10:56.93382+00,2026-06-09 18:12:59.207976+00,2026-06-09 18:12:59.312892+00,0.104916,122.379072,
9cd01063-2b4b-43bb-a509-7ab81983929d,numbered,9321,completed,sold,1,2026-06-09 18:10:56.938651+00,2026-06-09 18:12:59.333878+00,2026-06-09 18:12:59.438385+00,0.104507,122.499734,
87a6d7a9-22f5-4dff-a9cf-789938b34583,numbered,2461,completed,sold,1,2026-06-09 18:10:56.94377+00,2026-06-09 18:12:59.460047+00,2026-06-09 18:12:59.564794+00,0.104747,122.621024,
8381976a-f799-442f-9529-27a499e27222,numbered,84566,completed,sold,1,2026-06-09 18:10:56.948845+00,2026-06-09 18:12:59.586191+00,2026-06-09 18:12:59.691508+00,0.105317,122.742663,
8a1576ce-07f0-49f4-97d1-63eb84d2d008,numbered,49460,completed,sold,1,2026-06-09 18:10:56.953921+00,2026-06-09 18:12:59.712745+00,2026-06-09 18:12:59.817671+00,0.104926,122.863750,
821fd017-359e-481c-8bcb-56acd96bd9be,numbered,68711,completed,sold,1,2026-06-09 18:10:56.958722+00,2026-06-09 18:12:59.838413+00,2026-06-09 18:12:59.942907+00,0.104494,122.984185,
658c67de-0b6f-4300-9cc0-0b6a9a7194dd,numbered,39215,completed,sold,1,2026-06-09 18:10:56.963854+00,2026-06-09 18:12:59.963535+00,2026-06-09 18:13:00.069847+00,0.106312,123.105993,
3c71150f-0ba7-4668-9acc-7a1426cc3e8e,numbered,17518,completed,sold,1,2026-06-09 18:10:56.968931+00,2026-06-09 18:13:00.107041+00,2026-06-09 18:13:00.219527+00,0.112486,123.250596,
104bc204-faed-46ba-8560-648e4d711c76,numbered,58866,completed,seat_unavailable,1,2026-06-09 18:10:56.973997+00,2026-06-09 18:13:00.255526+00,2026-06-09 18:13:00.358563+00,0.103037,123.384566,
684c786c-653a-4641-b5bc-982c28060a3d,numbered,74522,completed,sold,1,2026-06-09 18:10:56.978994+00,2026-06-09 18:13:00.381244+00,2026-06-09 18:13:00.486505+00,0.105261,123.507511,
bf4229e0-8673-4c52-b866-9ab8fb052db3,numbered,35905,completed,sold,1,2026-06-09 18:10:56.983891+00,2026-06-09 18:13:00.508125+00,2026-06-09 18:13:00.612765+00,0.104640,123.628874,
a16f1805-2867-4d7f-9628-8d80a6e9537a,numbered,52199,completed,sold,1,2026-06-09 18:10:56.988894+00,2026-06-09 18:13:00.63411+00,2026-06-09 18:13:00.738528+00,0.104418,123.749634,
0bd0cb53-f1f9-4e95-8e22-4de4a1656a0d,numbered,25085,completed,sold,1,2026-06-09 18:10:56.994032+00,2026-06-09 18:13:00.759611+00,2026-06-09 18:13:00.864327+00,0.104716,123.870295,
87955cc2-8265-4dd2-8a50-2e0843a3fe36,numbered,60686,completed,sold,1,2026-06-09 18:10:56.998987+00,2026-06-09 18:13:00.885329+00,2026-06-09 18:13:00.98972+00,0.104391,123.990733,
b6210b7f-936a-4e95-95af-9869153962ad,numbered,7941,completed,sold,1,2026-06-09 18:10:57.003937+00,2026-06-09 18:13:01.011132+00,2026-06-09 18:13:01.116215+00,0.105083,124.112278,
a995c764-1cbc-4cfb-a33c-35b446b43086,numbered,62860,completed,sold,1,2026-06-09 18:10:57.008855+00,2026-06-09 18:13:01.173595+00,2026-06-09 18:13:01.27963+00,0.106035,124.270775,
bcb56a9a-34ed-409e-8b68-ffbd3ad1d48c,numbered,42043,completed,sold,1,2026-06-09 18:10:57.013912+00,2026-06-09 18:13:01.315787+00,2026-06-09 18:13:01.424324+00,0.108537,124.410412,
8cbef33b-6a90-42f7-b239-d795a2a6522c,numbered,49765,completed,sold,1,2026-06-09 18:10:57.019046+00,2026-06-09 18:13:01.487191+00,2026-06-09 18:13:01.597562+00,0.110371,124.578516,
9251f54b-e345-49e6-b440-7a6a6acfb22c,numbered,39642,completed,sold,1,2026-06-09 18:10:57.023994+00,2026-06-09 18:13:01.658206+00,2026-06-09 18:13:01.766944+00,0.108738,124.742950,
2770a628-dbb4-4288-b6fd-3061db116535,numbered,72817,completed,sold,1,2026-06-09 18:10:57.029035+00,2026-06-09 18:13:01.84691+00,2026-06-09 18:13:01.956969+00,0.110059,124.927934,
152b011b-5a13-4940-8e55-74433641525c,numbered,49832,completed,sold,1,2026-06-09 18:10:57.034255+00,2026-06-09 18:13:02.043134+00,2026-06-09 18:13:02.151851+00,0.108717,125.117596,
c0114eed-d289-43d0-8125-0288ff537df0,numbered,85768,completed,sold,1,2026-06-09 18:10:57.03924+00,2026-06-09 18:13:02.235987+00,2026-06-09 18:13:02.342128+00,0.106141,125.302888,
7a6e9462-a69e-472e-b39a-2a7259d979ea,numbered,75778,completed,sold,1,2026-06-09 18:10:57.044341+00,2026-06-09 18:13:02.384997+00,2026-06-09 18:13:02.492014+00,0.107017,125.447673,
08565fae-94cf-434c-a835-ceeeb6998698,numbered,52,completed,sold,1,2026-06-09 18:10:57.049133+00,2026-06-09 18:13:02.543334+00,2026-06-09 18:13:02.650943+00,0.107609,125.601810,
711b21c8-5a73-4446-a101-cf8cb51ef813,numbered,2805,completed,sold,1,2026-06-09 18:10:57.053945+00,2026-06-09 18:13:02.697506+00,2026-06-09 18:13:02.809179+00,0.111673,125.755234,
d4142c5d-1d2c-45ad-8841-3054e94862f3,numbered,89216,completed,sold,1,2026-06-09 18:10:57.05879+00,2026-06-09 18:13:02.957188+00,2026-06-09 18:13:03.064587+00,0.107399,126.005797,
93fb7946-b068-4302-9191-a3f6a6d3134d,numbered,23910,completed,sold,1,2026-06-09 18:10:57.063711+00,2026-06-09 18:13:03.099186+00,2026-06-09 18:13:03.204533+00,0.105347,126.140822,
6916c12c-7c90-40d1-9b1e-f7fd7f921192,numbered,24064,completed,sold,1,2026-06-09 18:10:57.068415+00,2026-06-09 18:13:03.231087+00,2026-06-09 18:13:03.336153+00,0.105066,126.267738,
cf61eaef-9aaf-4d8a-b178-cc4b8cc264fa,numbered,34090,completed,sold,1,2026-06-09 18:10:57.073098+00,2026-06-09 18:13:03.360539+00,2026-06-09 18:13:03.465465+00,0.104926,126.392367,
01ab513e-b5ce-491f-8e77-8bdeb5407473,numbered,84989,completed,sold,1,2026-06-09 18:10:57.077901+00,2026-06-09 18:13:03.490848+00,2026-06-09 18:13:03.596076+00,0.105228,126.518175,
ef88a0b0-dab0-4da7-9e83-ac3df803942e,numbered,81944,completed,sold,1,2026-06-09 18:10:57.08277+00,2026-06-09 18:13:03.633091+00,2026-06-09 18:13:03.739235+00,0.106144,126.656465,
63072b65-10f7-45f0-8f06-a5f97d671e56,numbered,83222,completed,sold,1,2026-06-09 18:10:57.087844+00,2026-06-09 18:13:03.816196+00,2026-06-09 18:13:03.922315+00,0.106119,126.834471,
53a7bcc0-0e60-4b03-a6b8-7d530b871550,numbered,42286,completed,sold,1,2026-06-09 18:10:57.092936+00,2026-06-09 18:13:03.989986+00,2026-06-09 18:13:04.094931+00,0.104945,127.001995,
9ef439f7-d730-46b1-a5a0-f9feacdd8e4c,numbered,73917,completed,sold,1,2026-06-09 18:10:57.097988+00,2026-06-09 18:13:04.127949+00,2026-06-09 18:13:04.233321+00,0.105372,127.135333,
5b24de7b-1277-4aa5-8ff8-37abfad38a2f,numbered,86804,completed,sold,1,2026-06-09 18:10:57.102838+00,2026-06-09 18:13:04.260927+00,2026-06-09 18:13:04.365995+00,0.105068,127.263157,
4d3b2f60-58f0-4649-992f-7458b9395d27,numbered,64605,completed,sold,1,2026-06-09 18:10:57.107878+00,2026-06-09 18:13:04.398123+00,2026-06-09 18:13:04.50709+00,0.108967,127.399212,
f507e83d-f4d7-4d1d-80b9-76303e2078b6,numbered,69366,completed,sold,1,2026-06-09 18:10:57.112893+00,2026-06-09 18:13:04.540125+00,2026-06-09 18:13:04.645094+00,0.104969,127.532201,
a6d61ce6-e37a-4367-97a5-6dc5e2c838c1,numbered,60709,completed,sold,1,2026-06-09 18:10:57.118046+00,2026-06-09 18:13:04.666265+00,2026-06-09 18:13:04.770916+00,0.104651,127.652870,
4826efe5-3ef8-41fa-ac8c-03ffadb88543,numbered,54937,completed,sold,1,2026-06-09 18:10:57.122987+00,2026-06-09 18:13:04.792149+00,2026-06-09 18:13:04.896718+00,0.104569,127.773731,
dc2cb0c8-571b-411d-b8fe-89841dcf866b,numbered,48786,completed,sold,1,2026-06-09 18:10:57.127918+00,2026-06-09 18:13:04.923719+00,2026-06-09 18:13:05.028987+00,0.105268,127.901069,
5ea3b1c6-f6ff-4f10-b7f4-f69cd178fc81,numbered,42568,completed,sold,1,2026-06-09 18:10:57.132842+00,2026-06-09 18:13:05.051085+00,2026-06-09 18:13:05.155656+00,0.104571,128.022814,
dd26201e-f00c-40c4-9533-d0820fc66f9d,numbered,69048,completed,sold,1,2026-06-09 18:10:57.137755+00,2026-06-09 18:13:05.17889+00,2026-06-09 18:13:05.284289+00,0.105399,128.146534,
4c5b6060-ce9d-4d70-aa57-282ba9ff6a89,numbered,30053,completed,sold,1,2026-06-09 18:10:57.142672+00,2026-06-09 18:13:05.307348+00,2026-06-09 18:13:05.412082+00,0.104734,128.269410,
1325013d-f464-46ab-9b52-feeb268166bb,numbered,72702,completed,sold,1,2026-06-09 18:10:57.14786+00,2026-06-09 18:13:05.43414+00,2026-06-09 18:13:05.538488+00,0.104348,128.390628,
9b5754fd-cad7-48f3-8ae5-97cf4f2cd4f6,numbered,55652,completed,sold,1,2026-06-09 18:10:57.152905+00,2026-06-09 18:13:05.559324+00,2026-06-09 18:13:05.663897+00,0.104573,128.510992,
ad5a882b-d499-470f-9582-684024638cdb,numbered,60757,completed,sold,1,2026-06-09 18:10:57.157952+00,2026-06-09 18:13:05.685772+00,2026-06-09 18:13:05.790641+00,0.104869,128.632689,
8f564940-1d12-40d2-bd49-1b2ced4ad9e3,numbered,38149,completed,sold,1,2026-06-09 18:10:57.162995+00,2026-06-09 18:13:05.813348+00,2026-06-09 18:13:05.918096+00,0.104748,128.755101,
605fdd4e-c119-466f-9e80-fbd6f8089338,numbered,56045,completed,sold,1,2026-06-09 18:10:57.16806+00,2026-06-09 18:13:05.939063+00,2026-06-09 18:13:06.043902+00,0.104839,128.875842,
a642e320-a222-493a-95bf-f8c815470f2c,numbered,5957,completed,sold,1,2026-06-09 18:10:57.172989+00,2026-06-09 18:13:06.065427+00,2026-06-09 18:13:06.169943+00,0.104516,128.996954,
fad9d7c5-7ac2-48ca-9148-0ac73f625e06,numbered,37062,completed,sold,1,2026-06-09 18:10:57.177894+00,2026-06-09 18:13:06.192061+00,2026-06-09 18:13:06.297018+00,0.104957,129.119124,
ea165f3e-8bbb-4305-9662-13804f906b63,numbered,59600,completed,sold,1,2026-06-09 18:10:57.1828+00,2026-06-09 18:13:06.317452+00,2026-06-09 18:13:06.421937+00,0.104485,129.239137,
ae7e2070-de6d-49de-8b2b-a68b2acf2082,numbered,36603,completed,sold,1,2026-06-09 18:10:57.188063+00,2026-06-09 18:13:06.443176+00,2026-06-09 18:13:06.547934+00,0.104758,129.359871,
2c83f7e2-7d9f-42b4-b403-89fc240a313d,numbered,90972,completed,sold,1,2026-06-09 18:10:57.19296+00,2026-06-09 18:13:06.57046+00,2026-06-09 18:13:06.675141+00,0.104681,129.482181,
3883f714-10c0-4de1-9d4e-c329819ef9b4,numbered,41955,completed,sold,1,2026-06-09 18:10:57.198205+00,2026-06-09 18:13:06.695879+00,2026-06-09 18:13:06.800478+00,0.104599,129.602273,
9688a098-c966-489a-b550-60a89dd482ef,numbered,17759,completed,sold,1,2026-06-09 18:10:57.203189+00,2026-06-09 18:13:06.823602+00,2026-06-09 18:13:06.928199+00,0.104597,129.725010,
b284e8f5-b360-46b8-83be-e684c5c8a34d,numbered,23589,completed,sold,1,2026-06-09 18:10:57.208195+00,2026-06-09 18:13:06.950561+00,2026-06-09 18:13:07.055558+00,0.104997,129.847363,
78206e2f-c71f-4696-9eac-ad30b9bd6c69,numbered,27841,completed,sold,1,2026-06-09 18:10:57.213046+00,2026-06-09 18:13:07.076742+00,2026-06-09 18:13:07.181533+00,0.104791,129.968487,
bc329c22-8186-4ce2-a784-173e0b2b2364,numbered,4045,completed,sold,1,2026-06-09 18:10:57.21798+00,2026-06-09 18:13:07.203122+00,2026-06-09 18:13:07.307748+00,0.104626,130.089768,
1bb6c6a0-6598-4514-a986-80120330bde1,numbered,41576,completed,sold,1,2026-06-09 18:10:57.222753+00,2026-06-09 18:13:07.329176+00,2026-06-09 18:13:07.433876+00,0.104700,130.211123,
a5a49297-20e3-4f6e-bda5-699ab3f2c442,numbered,24571,completed,sold,1,2026-06-09 18:10:57.227789+00,2026-06-09 18:13:07.45498+00,2026-06-09 18:13:07.559842+00,0.104862,130.332053,
1432fabf-c10c-4136-b2fc-79a9f746e3c3,numbered,22933,completed,sold,1,2026-06-09 18:10:57.232727+00,2026-06-09 18:13:07.581233+00,2026-06-09 18:13:07.685951+00,0.104718,130.453224,
7c047bee-fc1b-462f-9b8e-c9e4b7c883e3,numbered,33978,completed,sold,1,2026-06-09 18:10:57.237761+00,2026-06-09 18:13:07.707352+00,2026-06-09 18:13:07.811997+00,0.104645,130.574236,
31a157a4-23ce-4cef-9ef1-d72ae277f82d,numbered,86572,completed,sold,1,2026-06-09 18:10:57.242605+00,2026-06-09 18:13:07.832081+00,2026-06-09 18:13:07.936669+00,0.104588,130.694064,
24fa1dbf-0eb7-485c-950b-3c450b47c1ff,numbered,63552,completed,sold,1,2026-06-09 18:10:57.247299+00,2026-06-09 18:13:07.957192+00,2026-06-09 18:13:08.061812+00,0.104620,130.814513,
578ad5f2-308b-428d-8ef5-d4da5038a932,numbered,43458,completed,sold,1,2026-06-09 18:10:57.252152+00,2026-06-09 18:13:08.083215+00,2026-06-09 18:13:08.187915+00,0.104700,130.935763,
ed5a1908-fbcc-4eb3-9470-7785bdbe2300,numbered,66644,completed,sold,1,2026-06-09 18:10:57.25681+00,2026-06-09 18:13:08.211103+00,2026-06-09 18:13:08.315516+00,0.104413,131.058706,
538c50ad-bb60-478e-827a-c9d42a53654c,numbered,16557,completed,sold,1,2026-06-09 18:10:57.261754+00,2026-06-09 18:13:08.335817+00,2026-06-09 18:13:08.4417+00,0.105883,131.179946,
83a6cddf-80b6-4a9d-af80-2675064afa37,numbered,57143,completed,sold,1,2026-06-09 18:10:57.266732+00,2026-06-09 18:13:08.464716+00,2026-06-09 18:13:08.57117+00,0.106454,131.304438,
6fe5aedf-69e8-4422-8c87-df41abe74c42,numbered,53547,completed,sold,1,2026-06-09 18:10:57.271745+00,2026-06-09 18:13:08.593528+00,2026-06-09 18:13:08.6989+00,0.105372,131.427155,
98c5ff5c-e794-4b92-a324-96d07134087d,numbered,88268,completed,sold,1,2026-06-09 18:10:57.276529+00,2026-06-09 18:13:08.7202+00,2026-06-09 18:13:08.824947+00,0.104747,131.548418,
7969be46-e1c4-4bcf-8ad2-fcd1a733a3de,numbered,76630,completed,sold,1,2026-06-09 18:10:57.281237+00,2026-06-09 18:13:08.846843+00,2026-06-09 18:13:08.951593+00,0.104750,131.670356,
8ae48ff3-2dbe-41b3-a70c-238d50da27e6,numbered,73673,completed,sold,1,2026-06-09 18:10:57.285997+00,2026-06-09 18:13:08.972304+00,2026-06-09 18:13:09.077144+00,0.104840,131.791147,
968c3518-9e6a-4d23-8750-23d434f3c513,numbered,6716,completed,sold,1,2026-06-09 18:10:57.290857+00,2026-06-09 18:13:09.099186+00,2026-06-09 18:13:09.204003+00,0.104817,131.913146,
99e134b8-9d2f-46f0-aa0e-9cf8bad90c6a,numbered,91670,completed,sold,1,2026-06-09 18:10:57.29585+00,2026-06-09 18:13:09.227653+00,2026-06-09 18:13:09.33242+00,0.104767,132.036570,
e480fc16-ad2c-457a-baf6-0b640d501d03,numbered,33610,completed,sold,1,2026-06-09 18:10:57.300967+00,2026-06-09 18:13:09.354415+00,2026-06-09 18:13:09.459164+00,0.104749,132.158197,
ff01fe1c-b949-4c78-b8d7-1e9aabd0b234,numbered,64292,completed,sold,1,2026-06-09 18:10:57.306211+00,2026-06-09 18:13:09.480173+00,2026-06-09 18:13:09.584925+00,0.104752,132.278714,
fbbfd513-c8cb-45bd-8600-2eed4d2943ff,numbered,59318,completed,sold,1,2026-06-09 18:10:57.31134+00,2026-06-09 18:13:09.606332+00,2026-06-09 18:13:09.710952+00,0.104620,132.399612,
2b978b44-f1f7-40b8-9c69-acc12a864c61,numbered,80765,completed,sold,1,2026-06-09 18:10:57.316305+00,2026-06-09 18:13:09.731838+00,2026-06-09 18:13:09.836876+00,0.105038,132.520571,
f7b12338-b4cc-4cf1-9569-00c3aee887aa,numbered,90237,completed,sold,1,2026-06-09 18:10:57.321225+00,2026-06-09 18:13:09.85842+00,2026-06-09 18:13:09.963628+00,0.105208,132.642403,
d59be282-2f22-44c3-96d9-f4a08977c490,numbered,58050,completed,sold,1,2026-06-09 18:10:57.326039+00,2026-06-09 18:13:09.984157+00,2026-06-09 18:13:10.089299+00,0.105142,132.763260,
2f11acfe-fd71-480a-8df1-285cb44318ae,numbered,13758,completed,sold,1,2026-06-09 18:10:57.331081+00,2026-06-09 18:13:10.109568+00,2026-06-09 18:13:10.21398+00,0.104412,132.882899,
600df306-e2a1-4c2f-a007-855abb2695dc,numbered,96583,completed,sold,1,2026-06-09 18:10:57.335962+00,2026-06-09 18:13:10.234908+00,2026-06-09 18:13:10.339655+00,0.104747,133.003693,
e7603c77-81b0-4e0c-9952-7931a248223c,numbered,67079,completed,sold,1,2026-06-09 18:10:57.340884+00,2026-06-09 18:13:10.360704+00,2026-06-09 18:13:10.466276+00,0.105572,133.125392,
82290d21-a93a-49fc-a175-214c9103f313,numbered,16665,completed,sold,1,2026-06-09 18:10:57.345954+00,2026-06-09 18:13:10.495373+00,2026-06-09 18:13:10.600581+00,0.105208,133.254627,
fa674cae-17f1-4d33-bc1c-abf9fcd7ff2f,numbered,45862,completed,sold,1,2026-06-09 18:10:57.350681+00,2026-06-09 18:13:10.62379+00,2026-06-09 18:13:10.729398+00,0.105608,133.378717,
465e8f84-246e-4a6f-8dde-eb2c0095ede8,numbered,87661,completed,sold,1,2026-06-09 18:10:57.355438+00,2026-06-09 18:13:10.751137+00,2026-06-09 18:13:10.855726+00,0.104589,133.500288,
8bd6c5bf-7f45-495e-b6fc-5c586925e259,numbered,46053,completed,sold,1,2026-06-09 18:10:57.360149+00,2026-06-09 18:13:10.877584+00,2026-06-09 18:13:10.982416+00,0.104832,133.622267,
0d98905e-4c64-4dad-bee5-9effb94151ee,numbered,66046,completed,sold,1,2026-06-09 18:10:57.364931+00,2026-06-09 18:13:11.003398+00,2026-06-09 18:13:11.108066+00,0.104668,133.743135,
1d934eae-4243-46cd-8011-f5941b316eab,numbered,80239,completed,sold,1,2026-06-09 18:10:57.36972+00,2026-06-09 18:13:11.129516+00,2026-06-09 18:13:11.234817+00,0.105301,133.865097,
addc20c1-648c-4155-af56-40f698af8c60,numbered,7582,completed,sold,1,2026-06-09 18:10:57.374457+00,2026-06-09 18:13:11.25604+00,2026-06-09 18:13:11.360563+00,0.104523,133.986106,
f61bf0fb-00be-4ff9-9d68-c55b41731fde,numbered,96076,completed,sold,1,2026-06-09 18:10:57.3792+00,2026-06-09 18:13:11.381505+00,2026-06-09 18:13:11.486092+00,0.104587,134.106892,
0712c89b-f885-4c90-90b4-16e7ceca09aa,numbered,1854,completed,sold,1,2026-06-09 18:10:57.384107+00,2026-06-09 18:13:11.506786+00,2026-06-09 18:13:11.611687+00,0.104901,134.227580,
0c474bd1-c4b0-4cf0-9d34-f08d1bd8b741,numbered,77000,completed,sold,1,2026-06-09 18:10:57.389322+00,2026-06-09 18:13:11.6338+00,2026-06-09 18:13:11.738758+00,0.104958,134.349436,
7ccea44a-2d8f-41a4-a583-1511f528da8d,numbered,7124,completed,sold,1,2026-06-09 18:10:57.394183+00,2026-06-09 18:13:11.760474+00,2026-06-09 18:13:11.865375+00,0.104901,134.471192,
26768fab-fac0-4af1-8893-8c13fd6c39d3,numbered,77579,completed,sold,1,2026-06-09 18:10:57.398882+00,2026-06-09 18:13:11.888406+00,2026-06-09 18:13:11.992801+00,0.104395,134.593919,
6fa81a32-620a-4647-99e2-b379d8ddf2b0,numbered,60020,completed,sold,1,2026-06-09 18:10:57.403747+00,2026-06-09 18:13:12.015217+00,2026-06-09 18:13:12.119814+00,0.104597,134.716067,
b31ef085-4892-439b-92aa-a8e8fcfdcf40,numbered,16759,completed,sold,1,2026-06-09 18:10:57.408433+00,2026-06-09 18:13:12.141486+00,2026-06-09 18:13:12.246037+00,0.104551,134.837604,
3e16b55b-92e3-41dc-a9e7-91f494935e67,numbered,57552,completed,sold,1,2026-06-09 18:10:57.413165+00,2026-06-09 18:13:12.267038+00,2026-06-09 18:13:12.371887+00,0.104849,134.958722,
873e605a-1325-4453-a608-4bc985a99c16,numbered,27783,completed,sold,1,2026-06-09 18:10:57.417977+00,2026-06-09 18:13:12.393074+00,2026-06-09 18:13:12.498493+00,0.105419,135.080516,
c9d4ff0f-524d-4fae-9bd2-573daa988c80,numbered,26271,completed,sold,1,2026-06-09 18:10:57.422767+00,2026-06-09 18:13:12.523287+00,2026-06-09 18:13:12.628086+00,0.104799,135.205319,
fb1bb7f7-f7a2-43fe-b563-4cfb441a63cc,numbered,65769,completed,sold,1,2026-06-09 18:10:57.427724+00,2026-06-09 18:13:12.64998+00,2026-06-09 18:13:12.754829+00,0.104849,135.327105,
1843f9fc-1514-4943-9616-cb30900ca341,numbered,13330,completed,sold,1,2026-06-09 18:10:57.432547+00,2026-06-09 18:13:12.77614+00,2026-06-09 18:13:12.880974+00,0.104834,135.448427,
66c02e86-5260-4965-a71b-0e0dfb0f18fc,numbered,33156,completed,sold,1,2026-06-09 18:10:57.43734+00,2026-06-09 18:13:12.901592+00,2026-06-09 18:13:13.006887+00,0.105295,135.569547,
665fdf2a-2a2c-4330-a288-104bbe62444e,numbered,13312,completed,sold,1,2026-06-09 18:10:57.442044+00,2026-06-09 18:13:13.028236+00,2026-06-09 18:13:13.132937+00,0.104701,135.690893,
0e4f5d22-55ce-45a9-a020-25f41980e148,numbered,25083,completed,sold,1,2026-06-09 18:10:57.446743+00,2026-06-09 18:13:13.153667+00,2026-06-09 18:13:13.258516+00,0.104849,135.811773,
1e8e8ce3-0a1f-4ac7-ad21-bb25cec50752,numbered,29276,completed,sold,1,2026-06-09 18:10:57.451842+00,2026-06-09 18:13:13.27916+00,2026-06-09 18:13:13.383918+00,0.104758,135.932076,
fe51cf74-4c77-457b-9055-8d3548c32507,numbered,39132,completed,sold,1,2026-06-09 18:10:57.456719+00,2026-06-09 18:13:13.405559+00,2026-06-09 18:13:13.510071+00,0.104512,136.053352,
a5f0ae23-5fc7-4fb5-ad1b-ba8b9ced9e37,numbered,64939,completed,sold,1,2026-06-09 18:10:57.461486+00,2026-06-09 18:13:13.531941+00,2026-06-09 18:13:13.637323+00,0.105382,136.175837,
3c0e35a1-b120-4822-b307-19c1245dd8c4,numbered,94222,completed,sold,1,2026-06-09 18:10:57.466205+00,2026-06-09 18:13:13.662297+00,2026-06-09 18:13:13.766915+00,0.104618,136.300710,
82015ea9-db61-4232-a68a-d4d80139c3b4,numbered,59818,completed,sold,1,2026-06-09 18:10:57.470998+00,2026-06-09 18:13:13.789638+00,2026-06-09 18:13:13.894554+00,0.104916,136.423556,
efdf9880-3e13-414d-94b0-c1ab6862fd0f,numbered,4778,completed,sold,1,2026-06-09 18:10:57.475919+00,2026-06-09 18:13:13.918864+00,2026-06-09 18:13:14.023501+00,0.104637,136.547582,
dc0051eb-d0b0-4ae0-aa57-3056157771f6,numbered,85624,completed,sold,1,2026-06-09 18:10:57.48072+00,2026-06-09 18:13:14.046412+00,2026-06-09 18:13:14.150894+00,0.104482,136.670174,
29724d8b-5610-449e-9cc5-1c519be64fb5,numbered,91372,completed,sold,1,2026-06-09 18:10:57.485628+00,2026-06-09 18:13:14.171538+00,2026-06-09 18:13:14.276497+00,0.104959,136.790869,
0bf7a807-346b-43a0-888a-45b545bc7ee1,numbered,35999,completed,sold,1,2026-06-09 18:10:57.490513+00,2026-06-09 18:13:14.296537+00,2026-06-09 18:13:14.400949+00,0.104412,136.910436,
27265c2f-ad4d-4ee0-be05-86aea7ab67f1,numbered,62224,completed,sold,1,2026-06-09 18:10:57.495307+00,2026-06-09 18:13:14.42084+00,2026-06-09 18:13:14.525345+00,0.104505,137.030038,
2d8b891d-27e1-4b2a-b3fa-5377050314e3,numbered,35112,completed,sold,1,2026-06-09 18:10:57.500181+00,2026-06-09 18:13:14.555229+00,2026-06-09 18:13:14.660025+00,0.104796,137.159844,
8440cc89-9c4d-470c-b672-d73bd9a364e1,numbered,95992,completed,sold,1,2026-06-09 18:10:57.504921+00,2026-06-09 18:13:14.6916+00,2026-06-09 18:13:14.79617+00,0.104570,137.291249,
4b200f1a-4adc-4ba9-b915-b36e84c72001,numbered,7284,completed,sold,1,2026-06-09 18:10:57.509822+00,2026-06-09 18:13:14.824096+00,2026-06-09 18:13:14.928949+00,0.104853,137.419127,
cd9365f1-cd0f-4889-846f-bed683e75517,numbered,57788,completed,sold,1,2026-06-09 18:10:57.514762+00,2026-06-09 18:13:14.956002+00,2026-06-09 18:13:15.060884+00,0.104882,137.546122,
5892c255-53c3-4bcd-9041-509bdd5277d0,numbered,18305,completed,sold,1,2026-06-09 18:10:57.519789+00,2026-06-09 18:13:15.085837+00,2026-06-09 18:13:15.19085+00,0.105013,137.671061,
0595c1d2-2229-46d2-9028-92ec9fbc82ab,numbered,89603,completed,sold,1,2026-06-09 18:10:57.524662+00,2026-06-09 18:13:15.212112+00,2026-06-09 18:13:15.31641+00,0.104298,137.791748,
faffb1d9-bffb-44f5-a277-b6a767e37eb8,numbered,59175,completed,sold,1,2026-06-09 18:10:57.529674+00,2026-06-09 18:13:15.341749+00,2026-06-09 18:13:15.44669+00,0.104941,137.917016,
66024bab-7fcd-4b79-a3bd-459605d39147,numbered,71426,completed,sold,1,2026-06-09 18:10:57.534721+00,2026-06-09 18:13:15.467267+00,2026-06-09 18:13:15.571717+00,0.104450,138.036996,
8782ab77-7053-4647-84e6-c66d330a31d6,numbered,34380,completed,sold,1,2026-06-09 18:10:57.539537+00,2026-06-09 18:13:15.595045+00,2026-06-09 18:13:15.699703+00,0.104658,138.160166,
fc44c75d-c8c0-4e4a-b154-172092b44a51,numbered,1497,completed,sold,1,2026-06-09 18:10:57.544723+00,2026-06-09 18:13:15.720097+00,2026-06-09 18:13:15.824501+00,0.104404,138.279778,
218392de-a426-431c-872c-8b37e7962d89,numbered,27367,completed,sold,1,2026-06-09 18:10:57.549635+00,2026-06-09 18:13:15.84522+00,2026-06-09 18:13:15.949924+00,0.104704,138.400289,
3ba494af-eb70-436b-a84d-924fbcd2ec2e,numbered,81979,completed,sold,1,2026-06-09 18:10:57.554482+00,2026-06-09 18:13:15.970998+00,2026-06-09 18:13:16.075391+00,0.104393,138.520909,
19a99ff8-0b5c-4afb-9a6d-67401fcf8803,numbered,58187,completed,sold,1,2026-06-09 18:10:57.559282+00,2026-06-09 18:13:16.095554+00,2026-06-09 18:13:16.200108+00,0.104554,138.640826,
9475c917-eff0-4790-b02f-9702964f730d,numbered,80408,completed,sold,1,2026-06-09 18:10:57.563982+00,2026-06-09 18:13:16.222237+00,2026-06-09 18:13:16.326801+00,0.104564,138.762819,
b0b0543a-3e3e-49c7-a6a0-9c3a4894bcd4,numbered,66386,completed,sold,1,2026-06-09 18:10:57.568869+00,2026-06-09 18:13:16.348425+00,2026-06-09 18:13:16.452881+00,0.104456,138.884012,
ff391cda-7dd6-4824-b828-78f254b49710,numbered,24013,completed,sold,1,2026-06-09 18:10:57.573698+00,2026-06-09 18:13:16.473216+00,2026-06-09 18:13:16.578402+00,0.105186,139.004704,
3f6e9735-3255-4aa5-95d6-32315036c014,numbered,57876,completed,sold,1,2026-06-09 18:10:57.578448+00,2026-06-09 18:13:16.60075+00,2026-06-09 18:13:16.70547+00,0.104720,139.127022,
098e4c61-e6bf-4e89-acd1-0a7fb45e3326,numbered,76036,completed,sold,1,2026-06-09 18:10:57.583147+00,2026-06-09 18:13:16.72616+00,2026-06-09 18:13:16.831009+00,0.104849,139.247862,
b9464d22-965e-4ab5-9c86-c42403a1e5a6,numbered,49926,completed,sold,1,2026-06-09 18:10:57.588884+00,2026-06-09 18:13:16.851919+00,2026-06-09 18:13:16.956987+00,0.105068,139.368103,
9d7cb8e3-a99a-41bc-a94d-a0945c6f55df,numbered,90365,completed,sold,1,2026-06-09 18:10:57.593834+00,2026-06-09 18:13:16.977323+00,2026-06-09 18:13:17.082333+00,0.105010,139.488499,
8c2bb77b-03b5-4024-a19b-c293f6e2ece2,numbered,34252,completed,sold,1,2026-06-09 18:10:57.598744+00,2026-06-09 18:13:17.104295+00,2026-06-09 18:13:17.209007+00,0.104712,139.610263,
a3b29fb8-73e6-4bf3-9413-9c94acf898a8,numbered,19449,completed,sold,1,2026-06-09 18:10:57.603819+00,2026-06-09 18:13:17.229225+00,2026-06-09 18:13:17.333841+00,0.104616,139.730022,
6d40a3e5-8e1f-4531-8de7-a2926026cacf,numbered,87719,completed,sold,1,2026-06-09 18:10:57.608733+00,2026-06-09 18:13:17.353817+00,2026-06-09 18:13:17.458568+00,0.104751,139.849835,
091eed83-331c-498a-a814-f789ede4eb97,numbered,9262,completed,sold,1,2026-06-09 18:10:57.61365+00,2026-06-09 18:13:17.479074+00,2026-06-09 18:13:17.583674+00,0.104600,139.970024,
85285a3e-5017-4d85-a562-029955fb294a,numbered,92187,completed,sold,1,2026-06-09 18:10:57.619027+00,2026-06-09 18:13:17.604229+00,2026-06-09 18:13:17.708843+00,0.104614,140.089816,
61ce2bde-cfac-4874-9d57-2c05680fb9a6,numbered,96955,completed,sold,1,2026-06-09 18:10:57.623788+00,2026-06-09 18:13:17.72947+00,2026-06-09 18:13:17.834123+00,0.104653,140.210335,
df505c6a-6d46-4930-8479-ed6fa5646f43,numbered,94004,completed,sold,1,2026-06-09 18:10:57.628694+00,2026-06-09 18:13:17.854636+00,2026-06-09 18:13:17.959201+00,0.104565,140.330507,
93719948-089d-4cfd-b4c7-8e0035a8ead1,numbered,98050,completed,sold,1,2026-06-09 18:10:57.633692+00,2026-06-09 18:13:17.980469+00,2026-06-09 18:13:18.085242+00,0.104773,140.451550,
87246fda-0f6c-4bbb-beb4-3fd76e590de8,numbered,40666,completed,sold,1,2026-06-09 18:10:57.638691+00,2026-06-09 18:13:18.106008+00,2026-06-09 18:13:18.210893+00,0.104885,140.572202,
e804c5fd-9a34-4d19-a95f-a73c0c2d87a7,numbered,87810,completed,sold,1,2026-06-09 18:10:57.643757+00,2026-06-09 18:13:18.231818+00,2026-06-09 18:13:18.336531+00,0.104713,140.692774,
d91d297e-5b94-4060-ad2f-2e5db924f1e7,numbered,72292,completed,sold,1,2026-06-09 18:10:57.648757+00,2026-06-09 18:13:18.35711+00,2026-06-09 18:13:18.461652+00,0.104542,140.812895,
df926768-0745-4f51-925a-2b43ec42cf46,numbered,12345,completed,sold,1,2026-06-09 18:10:57.653796+00,2026-06-09 18:13:18.482226+00,2026-06-09 18:13:18.586943+00,0.104717,140.933147,
9778b348-01c0-4235-b0bd-d46b9249ac16,numbered,21624,completed,sold,1,2026-06-09 18:10:57.658399+00,2026-06-09 18:13:18.609985+00,2026-06-09 18:13:18.714673+00,0.104688,141.056274,
44ecd6f5-260b-40a4-89bd-903c51e01441,numbered,47685,completed,sold,1,2026-06-09 18:10:57.663234+00,2026-06-09 18:13:18.735745+00,2026-06-09 18:13:18.840809+00,0.105064,141.177575,
06402f42-52be-4feb-abbd-0eae383c7202,numbered,31937,completed,sold,1,2026-06-09 18:10:57.667999+00,2026-06-09 18:13:18.862204+00,2026-06-09 18:13:18.96671+00,0.104506,141.298711,
ebbc452e-e524-4047-b28b-d4f9b2637522,numbered,66715,completed,sold,1,2026-06-09 18:10:57.673053+00,2026-06-09 18:13:18.98876+00,2026-06-09 18:13:19.093346+00,0.104586,141.420293,
45b765e1-068f-463c-8b82-8d340e163f01,numbered,185,completed,sold,1,2026-06-09 18:10:57.677966+00,2026-06-09 18:13:19.116807+00,2026-06-09 18:13:19.221208+00,0.104401,141.543242,
e27db2a7-cb72-4382-b78a-c4fd028b34c3,numbered,71491,completed,sold,1,2026-06-09 18:10:57.683021+00,2026-06-09 18:13:19.241856+00,2026-06-09 18:13:19.346172+00,0.104316,141.663151,
a8333b8b-af1f-45e6-8d3f-bfaa4765944f,numbered,71101,completed,sold,1,2026-06-09 18:10:57.687932+00,2026-06-09 18:13:19.366708+00,2026-06-09 18:13:19.471491+00,0.104783,141.783559,
b38aef2b-6276-4bbf-8447-88764c99c7d6,numbered,11185,completed,sold,1,2026-06-09 18:10:57.692712+00,2026-06-09 18:13:19.492092+00,2026-06-09 18:13:19.596504+00,0.104412,141.903792,
1a4bc0a2-e931-44a6-997e-c7c0a6b27f97,numbered,17002,completed,sold,1,2026-06-09 18:10:57.697595+00,2026-06-09 18:13:19.617135+00,2026-06-09 18:13:19.721737+00,0.104602,142.024142,
2c0e241b-be54-46f2-8dbf-63338b41b7c5,numbered,92967,completed,sold,1,2026-06-09 18:10:57.702391+00,2026-06-09 18:13:19.742311+00,2026-06-09 18:13:19.8467+00,0.104389,142.144309,
9487b0d2-84d7-42da-9bca-c7320ba1a413,numbered,60570,completed,sold,1,2026-06-09 18:10:57.707247+00,2026-06-09 18:13:19.86674+00,2026-06-09 18:13:19.971409+00,0.104669,142.264162,
d91f2b64-61f3-4e99-bd88-dfaa48fa0892,numbered,5944,completed,sold,1,2026-06-09 18:10:57.712077+00,2026-06-09 18:13:19.994182+00,2026-06-09 18:13:20.098873+00,0.104691,142.386796,
f5fd3a40-ba5e-4273-bdd5-f92b36dbc081,numbered,79520,completed,sold,1,2026-06-09 18:10:57.717011+00,2026-06-09 18:13:20.119061+00,2026-06-09 18:13:20.223966+00,0.104905,142.506955,
c114ed17-2150-4a14-9b67-fc23a7a32d12,numbered,60405,completed,sold,1,2026-06-09 18:10:57.721846+00,2026-06-09 18:13:20.243539+00,2026-06-09 18:13:20.347891+00,0.104352,142.626045,
5aa3f623-97ff-483b-ba44-eb740afac636,numbered,1442,completed,sold,1,2026-06-09 18:10:57.726643+00,2026-06-09 18:13:20.369305+00,2026-06-09 18:13:20.473867+00,0.104562,142.747224,
be50f29a-755b-4b55-acae-622c5a925106,numbered,14328,completed,sold,1,2026-06-09 18:10:57.731528+00,2026-06-09 18:13:20.494168+00,2026-06-09 18:13:20.598738+00,0.104570,142.867210,
dd9a60f0-da3c-4b29-b93a-113af15c92c5,numbered,22729,completed,sold,1,2026-06-09 18:10:57.736284+00,2026-06-09 18:13:20.62075+00,2026-06-09 18:13:20.725749+00,0.104999,142.989465,
bb2052fe-7520-4691-83fb-b16830379f20,numbered,80558,completed,sold,1,2026-06-09 18:10:57.741153+00,2026-06-09 18:13:20.746069+00,2026-06-09 18:13:20.850422+00,0.104353,143.109269,
8b770302-a106-4c13-af8e-72e27fe71822,numbered,81859,completed,sold,1,2026-06-09 18:10:57.74589+00,2026-06-09 18:13:20.871189+00,2026-06-09 18:13:20.975717+00,0.104528,143.229827,
2cadf79a-9249-4b1a-846e-81e9777185c7,numbered,83430,completed,sold,1,2026-06-09 18:10:57.750692+00,2026-06-09 18:13:20.997084+00,2026-06-09 18:13:21.101531+00,0.104447,143.350839,
b3b6ba71-a2d5-4c17-92f3-b4762ac40e33,numbered,14081,completed,sold,1,2026-06-09 18:10:57.755805+00,2026-06-09 18:13:21.121759+00,2026-06-09 18:13:21.226173+00,0.104414,143.470368,
4c53fe49-5836-4e8a-807e-7ab102e5404a,numbered,68305,completed,sold,1,2026-06-09 18:10:57.760686+00,2026-06-09 18:13:21.246842+00,2026-06-09 18:13:21.351467+00,0.104625,143.590781,
f92824bf-3eea-4afd-8f75-a9713e1b7ba3,numbered,85031,completed,sold,1,2026-06-09 18:10:57.76564+00,2026-06-09 18:13:21.371148+00,2026-06-09 18:13:21.475498+00,0.104350,143.709858,
cec3064e-6ab0-4508-8afb-fdfdec4b0cd7,numbered,59713,completed,sold,1,2026-06-09 18:10:57.770786+00,2026-06-09 18:13:21.495394+00,2026-06-09 18:13:21.600125+00,0.104731,143.829339,
562b919d-6e02-4ba1-ae45-5a6e56fff2f4,numbered,75771,completed,sold,1,2026-06-09 18:10:57.775879+00,2026-06-09 18:13:21.620219+00,2026-06-09 18:13:21.724864+00,0.104645,143.948985,
ea131a14-f97f-4d28-b649-599fb39caab0,numbered,64849,completed,sold,1,2026-06-09 18:10:57.780802+00,2026-06-09 18:13:21.744652+00,2026-06-09 18:13:21.848833+00,0.104181,144.068031,
6caa18bc-60c8-4822-8e74-de4d77e4ad7f,numbered,50454,completed,sold,1,2026-06-09 18:10:57.785799+00,2026-06-09 18:13:21.868377+00,2026-06-09 18:13:21.972997+00,0.104620,144.187198,
a77606f5-e422-4b7c-8b72-3df22a670937,numbered,96516,completed,sold,1,2026-06-09 18:10:57.79069+00,2026-06-09 18:13:21.993275+00,2026-06-09 18:13:22.097998+00,0.104723,144.307308,
f9850e51-9efd-490b-8fab-2adfa8c1f772,numbered,51152,completed,sold,1,2026-06-09 18:10:57.795893+00,2026-06-09 18:13:22.118192+00,2026-06-09 18:13:22.222535+00,0.104343,144.426642,
74c36115-1b23-47d2-b53e-3cf2b2c35bf7,numbered,22319,completed,sold,1,2026-06-09 18:10:57.80084+00,2026-06-09 18:13:22.243146+00,2026-06-09 18:13:22.347751+00,0.104605,144.546911,
909cb8c4-8db7-4c28-8f81-9f3f579dfdf2,numbered,28556,completed,sold,1,2026-06-09 18:10:57.805754+00,2026-06-09 18:13:22.37026+00,2026-06-09 18:13:22.475078+00,0.104818,144.669324,
559a2400-e2ac-4027-9b96-60d236ab8a3a,numbered,47591,completed,sold,1,2026-06-09 18:10:57.81044+00,2026-06-09 18:13:22.500266+00,2026-06-09 18:13:22.604908+00,0.104642,144.794468,
4d230ece-33f9-452b-8f6d-1da8df4d9c1a,numbered,17765,completed,sold,1,2026-06-09 18:10:57.815191+00,2026-06-09 18:13:22.625039+00,2026-06-09 18:13:22.729759+00,0.104720,144.914568,
b41738ba-fafd-4f32-a713-d579d5898fbe,numbered,35952,completed,sold,1,2026-06-09 18:10:57.819881+00,2026-06-09 18:13:22.750464+00,2026-06-09 18:13:22.855386+00,0.104922,145.035505,
bb14cf0f-0c90-4451-9d9a-aea444db628e,numbered,1856,completed,sold,1,2026-06-09 18:10:57.824834+00,2026-06-09 18:13:22.875907+00,2026-06-09 18:13:22.980815+00,0.104908,145.155981,
42a17041-8c10-4081-ac72-221da2a98175,numbered,54197,completed,sold,1,2026-06-09 18:10:57.829902+00,2026-06-09 18:13:23.001562+00,2026-06-09 18:13:23.106051+00,0.104489,145.276149,
28cedc88-a710-4829-ab6d-0e56c54b44f0,numbered,10631,completed,sold,1,2026-06-09 18:10:57.834665+00,2026-06-09 18:13:23.126191+00,2026-06-09 18:13:23.230684+00,0.104493,145.396019,
ef2751c2-ff15-4985-a14b-ca0ef48ce7cc,numbered,54223,completed,sold,1,2026-06-09 18:10:57.839422+00,2026-06-09 18:13:23.250686+00,2026-06-09 18:13:23.355127+00,0.104441,145.515705,
12fa0263-80b9-46a3-a801-43fcc5c9d4f6,numbered,58227,completed,sold,1,2026-06-09 18:10:57.844154+00,2026-06-09 18:13:23.375385+00,2026-06-09 18:13:23.480126+00,0.104741,145.635972,
ad13d121-e2d7-4b8d-8cd4-9241523f71e1,numbered,19859,completed,sold,1,2026-06-09 18:10:57.848875+00,2026-06-09 18:13:23.500655+00,2026-06-09 18:13:23.605451+00,0.104796,145.756576,
6ab7ddba-261d-4682-99c6-21f6e18efc99,numbered,44820,completed,sold,1,2026-06-09 18:10:57.853772+00,2026-06-09 18:13:23.62501+00,2026-06-09 18:13:23.729247+00,0.104237,145.875475,
ce503b79-e67f-4c6c-bcaa-7e7c29a4a58a,numbered,80435,completed,sold,1,2026-06-09 18:10:57.858649+00,2026-06-09 18:13:23.749105+00,2026-06-09 18:13:23.853701+00,0.104596,145.995052,
7612c11e-4597-4673-b56a-9ea1952c91ea,numbered,60436,completed,sold,1,2026-06-09 18:10:57.86384+00,2026-06-09 18:13:23.873681+00,2026-06-09 18:13:23.978899+00,0.105218,146.115059,
b96441e4-95d4-4deb-956d-8a79b41cf7a7,numbered,72333,completed,sold,1,2026-06-09 18:10:57.86888+00,2026-06-09 18:13:23.999121+00,2026-06-09 18:13:24.103885+00,0.104764,146.235005,
44671a41-47cd-445c-9059-bd730420bc42,numbered,34303,completed,sold,1,2026-06-09 18:10:57.874292+00,2026-06-09 18:13:24.124146+00,2026-06-09 18:13:24.228796+00,0.104650,146.354504,
423024a7-5244-4502-a05a-f63c49214f48,numbered,19553,completed,sold,1,2026-06-09 18:10:57.879177+00,2026-06-09 18:13:24.249379+00,2026-06-09 18:13:24.354261+00,0.104882,146.475084,
b4032217-ef71-4e4c-810c-0cb381511fbd,numbered,27145,completed,sold,1,2026-06-09 18:10:57.88401+00,2026-06-09 18:13:24.374513+00,2026-06-09 18:13:24.479182+00,0.104669,146.595172,
82a96174-29bf-4a51-b8c6-140f13b3e0a4,numbered,45122,completed,sold,1,2026-06-09 18:10:57.888952+00,2026-06-09 18:13:24.499735+00,2026-06-09 18:13:24.604582+00,0.104847,146.715630,
a9ceaf7d-cb18-4a5f-8dab-4da49985ea1e,numbered,33102,completed,sold,1,2026-06-09 18:10:57.893921+00,2026-06-09 18:13:24.62419+00,2026-06-09 18:13:24.729081+00,0.104891,146.835160,
a16693fe-243b-45b0-b649-5676cf69c2b6,numbered,34660,completed,sold,1,2026-06-09 18:10:57.898717+00,2026-06-09 18:13:24.750295+00,2026-06-09 18:13:24.85492+00,0.104625,146.956203,
7a0c3b1a-5040-46b3-9c63-e39f55b0de62,numbered,80025,completed,sold,1,2026-06-09 18:10:57.903844+00,2026-06-09 18:13:24.874453+00,2026-06-09 18:13:24.978853+00,0.104400,147.075009,
49a6bd8e-7427-428a-b4bc-2f79ab1a117d,numbered,76291,completed,sold,1,2026-06-09 18:10:57.90871+00,2026-06-09 18:13:24.999212+00,2026-06-09 18:13:25.10377+00,0.104558,147.195060,
a590ec25-ec4f-40ec-bc3d-11da5d1358db,numbered,90565,completed,sold,1,2026-06-09 18:10:57.913267+00,2026-06-09 18:13:25.12405+00,2026-06-09 18:13:25.228524+00,0.104474,147.315257,
9478dc64-2ecb-464f-bb09-a158b3b75ce4,numbered,1585,completed,sold,1,2026-06-09 18:10:57.918093+00,2026-06-09 18:13:25.248617+00,2026-06-09 18:13:25.353438+00,0.104821,147.435345,
0bb6d30a-f637-47eb-a0b2-c6141563ecb6,numbered,68123,completed,sold,1,2026-06-09 18:10:57.922869+00,2026-06-09 18:13:25.374097+00,2026-06-09 18:13:25.47946+00,0.105363,147.556591,
c50e0e46-3ed3-4fc0-a288-cb63ff01ff25,numbered,6235,completed,sold,1,2026-06-09 18:10:57.927912+00,2026-06-09 18:13:25.50067+00,2026-06-09 18:13:25.60527+00,0.104600,147.677358,
9fcb3a3e-02af-484e-91f6-026a71bdf9e2,numbered,6258,completed,sold,1,2026-06-09 18:10:57.933053+00,2026-06-09 18:13:25.62533+00,2026-06-09 18:13:25.729823+00,0.104493,147.796770,
01bf5fe9-9020-4ed6-8a98-9b97e1ad4d3b,numbered,57593,completed,sold,1,2026-06-09 18:10:57.93818+00,2026-06-09 18:13:25.749262+00,2026-06-09 18:13:25.853524+00,0.104262,147.915344,
51b8b1bb-3c8b-4005-97a8-a8b26572e8e0,numbered,2710,completed,sold,1,2026-06-09 18:10:57.942979+00,2026-06-09 18:13:25.873565+00,2026-06-09 18:13:25.978722+00,0.105157,148.035743,
29eff08b-f15a-4061-a324-a16e8c9b9ef4,numbered,57297,completed,sold,1,2026-06-09 18:10:57.947956+00,2026-06-09 18:13:26.001371+00,2026-06-09 18:13:26.106204+00,0.104833,148.158248,
6849a001-53d7-4b22-b107-1dda81a1a9ea,numbered,88997,completed,sold,1,2026-06-09 18:10:57.952812+00,2026-06-09 18:13:26.127086+00,2026-06-09 18:13:26.231729+00,0.104643,148.278917,
782e05ac-1f03-4580-b399-66cdd3c80f01,numbered,74682,completed,sold,1,2026-06-09 18:10:57.957917+00,2026-06-09 18:13:26.251422+00,2026-06-09 18:13:26.355978+00,0.104556,148.398061,
84ad01c3-f8d0-42e8-8403-3be8c9cc3b6e,numbered,69336,completed,sold,1,2026-06-09 18:10:57.962925+00,2026-06-09 18:13:26.37635+00,2026-06-09 18:13:26.480871+00,0.104521,148.517946,
307ab863-4d0a-41f4-85c5-37c45b8a9061,numbered,36605,completed,sold,1,2026-06-09 18:10:57.96787+00,2026-06-09 18:13:26.501077+00,2026-06-09 18:13:26.605766+00,0.104689,148.637896,
95d7c712-d3c4-45c9-8ef3-2bffad1d2f23,numbered,77465,completed,sold,1,2026-06-09 18:10:57.972788+00,2026-06-09 18:13:26.625954+00,2026-06-09 18:13:26.730694+00,0.104740,148.757906,
5e652f00-96e0-493c-a5ec-8e813ecb2f9b,numbered,23618,completed,sold,1,2026-06-09 18:10:57.977795+00,2026-06-09 18:13:26.752173+00,2026-06-09 18:13:26.857047+00,0.104874,148.879252,
3e94248c-cf22-498c-91df-4e629487654f,numbered,33863,completed,sold,1,2026-06-09 18:10:57.982682+00,2026-06-09 18:13:26.878463+00,2026-06-09 18:13:26.98358+00,0.105117,149.000898,
70161d0f-28f8-4c80-af37-63d0ceadf034,numbered,27655,completed,sold,1,2026-06-09 18:10:57.987836+00,2026-06-09 18:13:27.005413+00,2026-06-09 18:13:27.110063+00,0.104650,149.122227,
3f507b55-0e8b-4a93-88b8-050d690e9925,numbered,82719,completed,sold,1,2026-06-09 18:10:57.993054+00,2026-06-09 18:13:27.130195+00,2026-06-09 18:13:27.235067+00,0.104872,149.242013,
2da3ecce-9760-4123-a418-da589c43d14c,numbered,50062,completed,sold,1,2026-06-09 18:10:57.997903+00,2026-06-09 18:13:27.255558+00,2026-06-09 18:13:27.360086+00,0.104528,149.362183,
3a68f5cf-7897-4f72-bdba-68f8f8d358e4,numbered,73278,completed,sold,1,2026-06-09 18:10:58.00277+00,2026-06-09 18:13:27.380387+00,2026-06-09 18:13:27.484843+00,0.104456,149.482073,
56428843-2aba-421a-8b1d-7211c0d6886e,numbered,66311,completed,sold,1,2026-06-09 18:10:58.007874+00,2026-06-09 18:13:27.505518+00,2026-06-09 18:13:27.610169+00,0.104651,149.602295,
da51f761-3c69-4df6-88c9-9f04961e4e20,numbered,92816,completed,sold,1,2026-06-09 18:10:58.01279+00,2026-06-09 18:13:27.63102+00,2026-06-09 18:13:27.735647+00,0.104627,149.722857,
26105de4-9273-479a-be78-86a1fcf098d4,numbered,80704,completed,sold,1,2026-06-09 18:10:58.017771+00,2026-06-09 18:13:27.756922+00,2026-06-09 18:13:27.861659+00,0.104737,149.843888,
961749c7-ee31-45d7-a234-00e3d357e416,numbered,15099,completed,sold,1,2026-06-09 18:10:58.022683+00,2026-06-09 18:13:27.882451+00,2026-06-09 18:13:27.987233+00,0.104782,149.964550,
61aa1715-f632-4772-a91b-a576e68cdcac,numbered,25731,completed,sold,1,2026-06-09 18:10:58.027859+00,2026-06-09 18:13:28.009656+00,2026-06-09 18:13:28.114255+00,0.104599,150.086396,
d59b8119-920b-414e-83e0-73d391936790,numbered,90593,completed,sold,1,2026-06-09 18:10:58.032777+00,2026-06-09 18:13:28.134769+00,2026-06-09 18:13:28.239064+00,0.104295,150.206287,
3ea0d198-bb18-483e-877f-6ba6dcffcc37,numbered,76903,completed,sold,1,2026-06-09 18:10:58.037843+00,2026-06-09 18:13:28.26042+00,2026-06-09 18:13:28.365053+00,0.104633,150.327210,
7456135f-8c06-4701-a710-9b4a7104c5e0,numbered,57367,completed,sold,1,2026-06-09 18:10:58.042757+00,2026-06-09 18:13:28.388062+00,2026-06-09 18:13:28.493513+00,0.105451,150.450756,
f2c5b530-f364-4565-b2a7-0f7ee4595f24,numbered,68543,completed,sold,1,2026-06-09 18:10:58.047716+00,2026-06-09 18:13:28.513828+00,2026-06-09 18:13:28.618264+00,0.104436,150.570548,
5d03511e-c55e-46cb-8c46-b9f43e9b68c3,numbered,78397,completed,sold,1,2026-06-09 18:10:58.052863+00,2026-06-09 18:13:28.638868+00,2026-06-09 18:13:28.743619+00,0.104751,150.690756,
48207a1b-e53f-44e4-9ccb-b22ae7dfda35,numbered,65255,completed,seat_unavailable,1,2026-06-09 18:10:58.057875+00,2026-06-09 18:13:28.764405+00,2026-06-09 18:13:28.867206+00,0.102801,150.809331,
dbd86574-dad2-4a2a-8c16-f1c46c733fe7,numbered,13136,completed,sold,1,2026-06-09 18:10:58.062905+00,2026-06-09 18:13:28.887569+00,2026-06-09 18:13:28.992153+00,0.104584,150.929248,
3acb9b82-6820-41a5-bbe3-73a0d8909d8c,numbered,72772,completed,sold,1,2026-06-09 18:10:58.068053+00,2026-06-09 18:13:29.013679+00,2026-06-09 18:13:29.11807+00,0.104391,151.050017,
1123f063-8692-4c51-8449-2050ac94ad9a,numbered,36951,completed,sold,1,2026-06-09 18:10:58.073138+00,2026-06-09 18:13:29.138862+00,2026-06-09 18:13:29.243469+00,0.104607,151.170331,
84820d35-a610-4f4d-9688-069bb24af310,numbered,47132,completed,sold,1,2026-06-09 18:10:58.078106+00,2026-06-09 18:13:29.265519+00,2026-06-09 18:13:29.370136+00,0.104617,151.292030,
e1ccd73f-2a0c-4e39-b4da-5f96b0a6fa4f,numbered,67414,completed,sold,1,2026-06-09 18:10:58.082882+00,2026-06-09 18:13:29.390404+00,2026-06-09 18:13:29.494863+00,0.104459,151.411981,
a5e2bd70-4eba-4a28-9844-9556f31697c6,numbered,74303,completed,sold,1,2026-06-09 18:10:58.087993+00,2026-06-09 18:13:29.515119+00,2026-06-09 18:13:29.619755+00,0.104636,151.531762,
bbe31ebc-c7ab-45b5-8dcb-9b408d8a4e73,numbered,60255,completed,sold,1,2026-06-09 18:10:58.092929+00,2026-06-09 18:13:29.640383+00,2026-06-09 18:13:29.74517+00,0.104787,151.652241,
9d375ad8-d146-4301-a1e9-f3bb2e6b9fda,numbered,5577,completed,sold,1,2026-06-09 18:10:58.097897+00,2026-06-09 18:13:29.76563+00,2026-06-09 18:13:29.870114+00,0.104484,151.772217,
4a33bc9e-5332-4d78-be06-4ba8c5a12871,numbered,86162,completed,sold,1,2026-06-09 18:10:58.102892+00,2026-06-09 18:13:29.890258+00,2026-06-09 18:13:29.994922+00,0.104664,151.892030,
73c4b047-cc10-4725-9990-9564ca0831ce,numbered,81811,completed,sold,1,2026-06-09 18:10:58.107701+00,2026-06-09 18:13:30.017099+00,2026-06-09 18:13:30.121767+00,0.104668,152.014066,
3b05c296-fb07-40e7-a3d3-2c1a34f39403,numbered,17334,completed,sold,1,2026-06-09 18:10:58.112487+00,2026-06-09 18:13:30.14155+00,2026-06-09 18:13:30.246035+00,0.104485,152.133548,
3e0f154f-7b7e-46ad-b370-c36d4e3d41e9,numbered,834,completed,sold,1,2026-06-09 18:10:58.117188+00,2026-06-09 18:13:30.266524+00,2026-06-09 18:13:30.371342+00,0.104818,152.254154,
272e2eb0-5c10-4731-b62a-37bac8cb83d4,numbered,36916,completed,sold,1,2026-06-09 18:10:58.12197+00,2026-06-09 18:13:30.391847+00,2026-06-09 18:13:30.496476+00,0.104629,152.374506,
96aaf531-e5a7-424b-a1cf-0fe766161ef8,numbered,6103,completed,sold,1,2026-06-09 18:10:58.126951+00,2026-06-09 18:13:30.517152+00,2026-06-09 18:13:30.621526+00,0.104374,152.494575,
802fcfb1-22f4-4d56-bb4f-8e948ea2ca51,numbered,29959,completed,sold,1,2026-06-09 18:10:58.131844+00,2026-06-09 18:13:30.641902+00,2026-06-09 18:13:30.746801+00,0.104899,152.614957,
2a19bc49-85dc-4ed8-88c0-2171e757f42d,numbered,79159,completed,sold,1,2026-06-09 18:10:58.136741+00,2026-06-09 18:13:30.768082+00,2026-06-09 18:13:30.872808+00,0.104726,152.736067,
a3c55ac1-189b-43ba-af64-ea4a854cd207,numbered,17226,completed,sold,1,2026-06-09 18:10:58.141799+00,2026-06-09 18:13:30.893816+00,2026-06-09 18:13:30.998905+00,0.105089,152.857106,
f0b21f16-27fd-4c25-a088-513c2af35787,numbered,59870,completed,sold,1,2026-06-09 18:10:58.146854+00,2026-06-09 18:13:31.020451+00,2026-06-09 18:13:31.124947+00,0.104496,152.978093,
821fbb89-ba58-43e2-9ce3-8cc273adc2e6,numbered,3305,completed,sold,1,2026-06-09 18:10:58.151841+00,2026-06-09 18:13:31.145606+00,2026-06-09 18:13:31.250124+00,0.104518,153.098283,
078215c2-a414-413e-855a-e0f81f7bd90d,numbered,39541,completed,sold,1,2026-06-09 18:10:58.156973+00,2026-06-09 18:13:31.271433+00,2026-06-09 18:13:31.376223+00,0.104790,153.219250,
667ace64-efcb-466a-84d5-e98df7dbd018,numbered,39423,completed,sold,1,2026-06-09 18:10:58.162076+00,2026-06-09 18:13:31.396605+00,2026-06-09 18:13:31.501348+00,0.104743,153.339272,
8df8baba-a435-4d9a-b674-0f025ef9705e,numbered,28024,completed,sold,1,2026-06-09 18:10:58.166967+00,2026-06-09 18:13:31.522026+00,2026-06-09 18:13:31.626423+00,0.104397,153.459456,
580998c3-a535-4142-a99c-e206068239c9,numbered,64501,completed,sold,1,2026-06-09 18:10:58.173177+00,2026-06-09 18:13:31.646397+00,2026-06-09 18:13:31.750849+00,0.104452,153.577672,
b8fd58e0-bbfd-4b84-8ef4-b28b69605690,numbered,6254,completed,sold,1,2026-06-09 18:10:58.178144+00,2026-06-09 18:13:31.771038+00,2026-06-09 18:13:31.875894+00,0.104856,153.697750,
f1671498-9d81-4e41-b3a6-a9886b4ddd4b,numbered,18737,completed,sold,1,2026-06-09 18:10:58.183358+00,2026-06-09 18:13:31.897644+00,2026-06-09 18:13:32.002764+00,0.105120,153.819406,
9d9f2e9f-53b2-4fe3-a9c3-df7adb6c8f84,numbered,84052,completed,sold,1,2026-06-09 18:10:58.188501+00,2026-06-09 18:13:32.024786+00,2026-06-09 18:13:32.12949+00,0.104704,153.940989,
44faa6e0-121b-4994-8390-d46849193ea4,numbered,66608,completed,sold,1,2026-06-09 18:10:58.193727+00,2026-06-09 18:13:32.149422+00,2026-06-09 18:13:32.253795+00,0.104373,154.060068,
13b1d24b-ee1b-4e2a-8e02-834ce8a94558,numbered,33383,completed,sold,1,2026-06-09 18:10:58.198693+00,2026-06-09 18:13:32.274494+00,2026-06-09 18:13:32.379013+00,0.104519,154.180320,
494dcd55-f439-4f02-86d6-31f580c80bf9,numbered,27039,completed,sold,1,2026-06-09 18:10:58.203894+00,2026-06-09 18:13:32.399677+00,2026-06-09 18:13:32.504283+00,0.104606,154.300389,
e94a4ce8-3a48-48b0-afa0-e98783c46e10,numbered,58829,completed,sold,1,2026-06-09 18:10:58.20902+00,2026-06-09 18:13:32.525179+00,2026-06-09 18:13:32.629777+00,0.104598,154.420757,
3670ce1f-1d0d-46e3-8d1e-dc65b6c8d45b,numbered,8785,completed,sold,1,2026-06-09 18:10:58.213949+00,2026-06-09 18:13:32.65118+00,2026-06-09 18:13:32.755882+00,0.104702,154.541933,
8ca47860-3d75-444f-a2da-6ee3e2493b81,numbered,56224,completed,sold,1,2026-06-09 18:10:58.218837+00,2026-06-09 18:13:32.776817+00,2026-06-09 18:13:32.882224+00,0.105407,154.663387,
4cc4e17d-e152-4e2f-b746-a0893d6d34ff,numbered,57216,completed,sold,1,2026-06-09 18:10:58.224214+00,2026-06-09 18:13:32.906192+00,2026-06-09 18:13:33.011391+00,0.105199,154.787177,
c31a0154-2177-4faf-b4d9-268924b02262,numbered,79138,completed,sold,1,2026-06-09 18:10:58.229827+00,2026-06-09 18:13:33.033343+00,2026-06-09 18:13:33.138066+00,0.104723,154.908239,
542e46d7-1713-4b3d-ac90-7088957da0ae,numbered,47044,completed,sold,1,2026-06-09 18:10:58.234992+00,2026-06-09 18:13:33.15919+00,2026-06-09 18:13:33.263788+00,0.104598,155.028796,
a743e65c-3621-4bb0-aede-2addb49805d8,numbered,48707,completed,sold,1,2026-06-09 18:10:58.240051+00,2026-06-09 18:13:33.285282+00,2026-06-09 18:13:33.389946+00,0.104664,155.149895,
103c021a-9e79-4f0b-9535-3f7c4e204aeb,numbered,63534,completed,sold,1,2026-06-09 18:10:58.245204+00,2026-06-09 18:13:33.411216+00,2026-06-09 18:13:33.515891+00,0.104675,155.270687,
39a8a66e-c052-49c7-9075-56fc8aaecbe4,numbered,21697,completed,sold,1,2026-06-09 18:10:58.250179+00,2026-06-09 18:13:33.536437+00,2026-06-09 18:13:33.640884+00,0.104447,155.390705,
0613981d-a281-451b-8b80-be8d264dab14,numbered,78499,completed,sold,1,2026-06-09 18:10:58.255184+00,2026-06-09 18:13:33.661653+00,2026-06-09 18:13:33.766082+00,0.104429,155.510898,
c93f91d8-3849-45fe-9c04-ec3201ff4dcf,numbered,81804,completed,sold,1,2026-06-09 18:10:58.260094+00,2026-06-09 18:13:33.786718+00,2026-06-09 18:13:33.891265+00,0.104547,155.631171,
52eaa48b-00cd-4cb9-9c68-f891921e14b6,numbered,60813,completed,sold,1,2026-06-09 18:10:58.26499+00,2026-06-09 18:13:33.916459+00,2026-06-09 18:13:34.020989+00,0.104530,155.755999,
dab92ed4-2491-4d25-ab02-2794aea9e710,numbered,96063,completed,sold,1,2026-06-09 18:10:58.270107+00,2026-06-09 18:13:34.045142+00,2026-06-09 18:13:34.149833+00,0.104691,155.879726,
3e76d217-7522-4472-9624-7e148563c66f,numbered,37562,completed,sold,1,2026-06-09 18:10:58.274987+00,2026-06-09 18:13:34.17047+00,2026-06-09 18:13:34.275075+00,0.104605,156.000088,
153772e3-ed13-4ce1-964c-56c3d30570fb,numbered,35740,completed,sold,1,2026-06-09 18:10:58.279955+00,2026-06-09 18:13:34.296122+00,2026-06-09 18:13:34.400906+00,0.104784,156.120951,
0b16d5a9-c9e8-4bf0-ad1e-d1ca471f5908,numbered,57890,completed,sold,1,2026-06-09 18:10:58.284814+00,2026-06-09 18:13:34.422758+00,2026-06-09 18:13:34.527342+00,0.104584,156.242528,
6b6d1cf7-8715-4dfe-8e7b-52c7b89cc338,numbered,64040,completed,sold,1,2026-06-09 18:10:58.289779+00,2026-06-09 18:13:34.548328+00,2026-06-09 18:13:34.653287+00,0.104959,156.363508,
8980ea93-f3dc-4cca-85d5-52478ce20e11,numbered,71727,completed,sold,1,2026-06-09 18:10:58.2947+00,2026-06-09 18:13:34.675089+00,2026-06-09 18:13:34.779942+00,0.104853,156.485242,
849f1ceb-0464-458a-a4b3-e5bded1006f6,numbered,43831,completed,sold,1,2026-06-09 18:10:58.299808+00,2026-06-09 18:13:34.801197+00,2026-06-09 18:13:34.906271+00,0.105074,156.606463,
595a2ab1-86f4-4f44-99c2-59733e7044d4,numbered,85220,completed,sold,1,2026-06-09 18:10:58.30482+00,2026-06-09 18:13:34.928045+00,2026-06-09 18:13:35.032488+00,0.104443,156.727668,
8bd0f8c5-f0d6-4acd-bd57-fee77c9c6a53,numbered,68499,completed,sold,1,2026-06-09 18:10:58.310921+00,2026-06-09 18:13:35.053434+00,2026-06-09 18:13:35.157866+00,0.104432,156.846945,
67a9672a-99f4-4f1d-89a8-748135a98e9f,numbered,59833,completed,sold,1,2026-06-09 18:10:58.31582+00,2026-06-09 18:13:35.178275+00,2026-06-09 18:13:35.282898+00,0.104623,156.967078,
4d84820d-aa32-4076-bba0-f940e9e3adbc,numbered,6119,completed,sold,1,2026-06-09 18:10:58.320799+00,2026-06-09 18:13:35.30385+00,2026-06-09 18:13:35.408826+00,0.104976,157.088027,
d6ac1808-afbb-4e10-bc28-46ddeeab40af,numbered,94388,completed,sold,1,2026-06-09 18:10:58.325662+00,2026-06-09 18:13:35.429769+00,2026-06-09 18:13:35.534283+00,0.104514,157.208621,
df3a912f-1e89-416f-a384-b7b35c970cfb,numbered,74894,completed,sold,1,2026-06-09 18:10:58.331768+00,2026-06-09 18:13:35.554241+00,2026-06-09 18:13:35.658825+00,0.104584,157.327057,
8f200ebb-75cc-4b48-b056-1426f10b06c5,numbered,68156,completed,sold,1,2026-06-09 18:10:58.337863+00,2026-06-09 18:13:35.679307+00,2026-06-09 18:13:35.783869+00,0.104562,157.446006,
e9e172ea-ae54-4499-9567-d90e6468873c,numbered,64535,completed,sold,1,2026-06-09 18:10:58.342957+00,2026-06-09 18:13:35.804185+00,2026-06-09 18:13:35.908769+00,0.104584,157.565812,
4cc649e4-0aea-4ded-a2f4-4038751258e6,numbered,44781,completed,sold,1,2026-06-09 18:10:58.348001+00,2026-06-09 18:13:35.929058+00,2026-06-09 18:13:36.033549+00,0.104491,157.685548,
8a360891-6191-42a0-b267-686272c1a7f9,numbered,57615,completed,sold,1,2026-06-09 18:10:58.35304+00,2026-06-09 18:13:36.054902+00,2026-06-09 18:13:36.159527+00,0.104625,157.806487,
e092999d-1358-4393-ab8f-ec45f5dd9606,numbered,84667,completed,sold,1,2026-06-09 18:10:58.357941+00,2026-06-09 18:13:36.182203+00,2026-06-09 18:13:36.286853+00,0.104650,157.928912,
ea627c1b-e17c-4c91-b128-41c52bf7c858,numbered,95184,completed,sold,1,2026-06-09 18:10:58.362948+00,2026-06-09 18:13:36.307765+00,2026-06-09 18:13:36.412286+00,0.104521,158.049338,
899fbd32-d76c-4be8-9fdd-5aa85fd47c32,numbered,79787,completed,sold,1,2026-06-09 18:10:58.367942+00,2026-06-09 18:13:36.433542+00,2026-06-09 18:13:36.538384+00,0.104842,158.170442,
06028475-965b-44e3-949d-8d6b8a3a2036,numbered,18555,completed,sold,1,2026-06-09 18:10:58.372765+00,2026-06-09 18:13:36.559125+00,2026-06-09 18:13:36.663633+00,0.104508,158.290868,
9caba5c1-f85e-41ba-8b3d-d0fd618e581b,numbered,29653,completed,sold,1,2026-06-09 18:10:58.377641+00,2026-06-09 18:13:36.684204+00,2026-06-09 18:13:36.788872+00,0.104668,158.411231,
611cb8eb-24aa-405e-93d5-a1e9c5b073fa,numbered,95131,completed,sold,1,2026-06-09 18:10:58.382511+00,2026-06-09 18:13:36.809398+00,2026-06-09 18:13:36.914105+00,0.104707,158.531594,
d54d19bd-10eb-4dfd-9591-aba2e97ec0ff,numbered,42123,completed,sold,1,2026-06-09 18:10:58.387832+00,2026-06-09 18:13:36.93603+00,2026-06-09 18:13:37.041045+00,0.105015,158.653213,
30e8e796-deea-4bdb-aa8c-a88ec91ae5ec,numbered,44299,completed,seat_unavailable,1,2026-06-09 18:10:58.392842+00,2026-06-09 18:13:37.062714+00,2026-06-09 18:13:37.165403+00,0.102689,158.772561,
04044387-8092-4d0d-bd2c-38964126ecc8,numbered,56901,completed,sold,1,2026-06-09 18:10:58.397748+00,2026-06-09 18:13:37.186534+00,2026-06-09 18:13:37.291086+00,0.104552,158.893338,
fdd4485e-7f94-4994-83e1-70ca0a285be8,numbered,60802,completed,sold,1,2026-06-09 18:10:58.40273+00,2026-06-09 18:13:37.311711+00,2026-06-09 18:13:37.416243+00,0.104532,159.013513,
474c9923-6521-4a68-8269-97e021f8f782,numbered,50764,completed,sold,1,2026-06-09 18:10:58.407774+00,2026-06-09 18:13:37.436086+00,2026-06-09 18:13:37.540339+00,0.104253,159.132565,
fdfd5f4b-6ff4-4802-b9ba-f7820bad5883,numbered,89506,completed,sold,1,2026-06-09 18:10:58.412628+00,2026-06-09 18:13:37.560332+00,2026-06-09 18:13:37.664894+00,0.104562,159.252266,
6c34a96d-4e76-45a1-912a-1560591aa5ff,numbered,85541,completed,sold,1,2026-06-09 18:10:58.417797+00,2026-06-09 18:13:37.685624+00,2026-06-09 18:13:37.789927+00,0.104303,159.372130,
5713b2b2-d995-48b7-871f-78d6aa477086,numbered,97389,completed,sold,1,2026-06-09 18:10:58.422788+00,2026-06-09 18:13:37.810293+00,2026-06-09 18:13:37.914746+00,0.104453,159.491958,
43246b11-4bd4-429d-bbdb-3f3e0ee835db,numbered,19496,completed,sold,1,2026-06-09 18:10:58.428137+00,2026-06-09 18:13:37.935662+00,2026-06-09 18:13:38.040288+00,0.104626,159.612151,
039df8ef-003d-4b70-8d54-283cdc5b1141,numbered,99889,completed,sold,1,2026-06-09 18:10:58.433386+00,2026-06-09 18:13:38.061163+00,2026-06-09 18:13:38.165924+00,0.104761,159.732538,
5cd02925-229b-42d0-be83-c0360001ca6e,numbered,46754,completed,sold,1,2026-06-09 18:10:58.438402+00,2026-06-09 18:13:38.18673+00,2026-06-09 18:13:38.291164+00,0.104434,159.852762,
1e0e5968-f03d-4b60-9501-f462a1221b65,numbered,33551,completed,sold,1,2026-06-09 18:10:58.443362+00,2026-06-09 18:13:38.31165+00,2026-06-09 18:13:38.416143+00,0.104493,159.972781,
f4501a00-fc5a-4a33-863f-8d0d3ec9b448,numbered,73676,completed,sold,1,2026-06-09 18:10:58.448514+00,2026-06-09 18:13:38.436262+00,2026-06-09 18:13:38.541006+00,0.104744,160.092492,
1922f306-0423-4558-b066-aecd403115b7,numbered,39193,completed,sold,1,2026-06-09 18:10:58.454104+00,2026-06-09 18:13:38.561642+00,2026-06-09 18:13:38.666005+00,0.104363,160.211901,
e7171beb-7d01-4117-bc4e-8420bb04cd5d,numbered,13281,completed,sold,1,2026-06-09 18:10:58.458965+00,2026-06-09 18:13:38.686202+00,2026-06-09 18:13:38.790544+00,0.104342,160.331579,
f5fc136b-1c1d-46be-bb8a-93fae3e96519,numbered,12334,completed,sold,1,2026-06-09 18:10:58.463969+00,2026-06-09 18:13:38.810424+00,2026-06-09 18:13:38.914957+00,0.104533,160.450988,
de8bc47f-fd71-47d8-b623-b45a02ba7aa9,numbered,63285,completed,sold,1,2026-06-09 18:10:58.468952+00,2026-06-09 18:13:38.936472+00,2026-06-09 18:13:39.040926+00,0.104454,160.571974,
75d91ab7-f9c5-46c5-b9af-45f85d2c6907,numbered,82830,completed,sold,1,2026-06-09 18:10:58.473831+00,2026-06-09 18:13:39.061922+00,2026-06-09 18:13:39.166845+00,0.104923,160.693014,
339c8c9d-ccc0-4469-b03f-34782718c3a4,numbered,32448,completed,sold,1,2026-06-09 18:10:58.478731+00,2026-06-09 18:13:39.187818+00,2026-06-09 18:13:39.2922+00,0.104382,160.813469,
d6fa344c-90ef-4ceb-912d-282c73876475,numbered,96754,completed,sold,1,2026-06-09 18:10:58.483839+00,2026-06-09 18:13:39.313559+00,2026-06-09 18:13:39.418187+00,0.104628,160.934348,
973e0b73-f848-45ae-9e04-0e17fc53cba6,numbered,71752,completed,sold,1,2026-06-09 18:10:58.488783+00,2026-06-09 18:13:39.438745+00,2026-06-09 18:13:39.543177+00,0.104432,161.054394,
1d1ee631-f023-4abb-a409-9bc96792f344,numbered,79256,completed,sold,1,2026-06-09 18:10:58.493897+00,2026-06-09 18:13:39.564268+00,2026-06-09 18:13:39.669027+00,0.104759,161.175130,
307766de-01ae-47ce-be85-fc44cc4fea1f,numbered,47493,completed,sold,1,2026-06-09 18:10:58.49878+00,2026-06-09 18:13:39.691858+00,2026-06-09 18:13:39.796296+00,0.104438,161.297516,
60fc87da-2942-4526-9a72-094396e220fa,numbered,79919,completed,sold,1,2026-06-09 18:10:58.50394+00,2026-06-09 18:13:39.816159+00,2026-06-09 18:13:39.920411+00,0.104252,161.416471,
73b8b697-bb43-49ec-bb1b-7fd5bfeae15e,numbered,99671,completed,sold,1,2026-06-09 18:10:58.508854+00,2026-06-09 18:13:39.941565+00,2026-06-09 18:13:40.046735+00,0.105170,161.537881,
b448783c-0b83-46bf-af6b-614d1c0c3547,numbered,70809,completed,sold,1,2026-06-09 18:10:58.513749+00,2026-06-09 18:13:40.068817+00,2026-06-09 18:13:40.173543+00,0.104726,161.659794,
2b421344-b5ed-4eec-afae-7a9561a5ae2e,numbered,98930,completed,sold,1,2026-06-09 18:10:58.518629+00,2026-06-09 18:13:40.194935+00,2026-06-09 18:13:40.299705+00,0.104770,161.781076,
ae723e35-4654-429c-a8c8-20df47ae1d79,numbered,93930,completed,sold,1,2026-06-09 18:10:58.523824+00,2026-06-09 18:13:40.320329+00,2026-06-09 18:13:40.424503+00,0.104174,161.900679,
b0878942-c8f4-4109-8172-a2f342ff60dc,numbered,70830,completed,sold,1,2026-06-09 18:10:58.528827+00,2026-06-09 18:13:40.445878+00,2026-06-09 18:13:40.550426+00,0.104548,162.021599,
6aac9404-1392-4af7-a4a4-199f14dea66e,numbered,86121,completed,sold,1,2026-06-09 18:10:58.533829+00,2026-06-09 18:13:40.571586+00,2026-06-09 18:13:40.676116+00,0.104530,162.142287,
369380c4-0442-4b9b-a45c-f32dd50eb565,numbered,95982,completed,seat_unavailable,1,2026-06-09 18:10:58.538886+00,2026-06-09 18:13:40.696205+00,2026-06-09 18:13:40.798916+00,0.102711,162.260030,
39deafff-f6e1-4ed5-977f-154f6299c910,numbered,86429,completed,sold,1,2026-06-09 18:10:58.543849+00,2026-06-09 18:13:40.819152+00,2026-06-09 18:13:40.923979+00,0.104827,162.380130,
8e12eef8-988e-481d-9758-05a802931046,numbered,99836,completed,sold,1,2026-06-09 18:10:58.548874+00,2026-06-09 18:13:40.946147+00,2026-06-09 18:13:41.050967+00,0.104820,162.502093,
f0038924-3d03-49bb-bd3f-b1495a6c9b8a,numbered,46947,completed,sold,1,2026-06-09 18:10:58.553873+00,2026-06-09 18:13:41.071871+00,2026-06-09 18:13:41.17705+00,0.105179,162.623177,
6c8610a0-d277-43d7-9aaf-9ab1e4f4b2c8,numbered,16794,completed,sold,1,2026-06-09 18:10:58.559029+00,2026-06-09 18:13:41.199201+00,2026-06-09 18:13:41.303817+00,0.104616,162.744788,
e3b02585-005d-4fb6-aa32-3dcf97912fc7,numbered,41698,completed,sold,1,2026-06-09 18:10:58.563937+00,2026-06-09 18:13:41.324593+00,2026-06-09 18:13:41.429103+00,0.104510,162.865166,
52ae81eb-d5e5-4736-922d-475ea9789054,numbered,19499,completed,sold,1,2026-06-09 18:10:58.568881+00,2026-06-09 18:13:41.451041+00,2026-06-09 18:13:41.555875+00,0.104834,162.986994,
c30aff17-6c5d-4990-aa21-68da07ffdfe5,numbered,64645,completed,sold,1,2026-06-09 18:10:58.573927+00,2026-06-09 18:13:41.577165+00,2026-06-09 18:13:41.681739+00,0.104574,163.107812,
1e237f24-f3af-419e-8432-836d4b6889dd,numbered,37815,completed,sold,1,2026-06-09 18:10:58.578877+00,2026-06-09 18:13:41.701673+00,2026-06-09 18:13:41.80635+00,0.104677,163.227473,
635cb493-82e6-4d92-95a7-a2ae6b948b95,numbered,58112,completed,sold,1,2026-06-09 18:10:58.584013+00,2026-06-09 18:13:41.827079+00,2026-06-09 18:13:41.931457+00,0.104378,163.347444,
f4dc5107-7122-4ea6-a3a3-dfe5acdeaa85,numbered,52817,completed,sold,1,2026-06-09 18:10:58.590102+00,2026-06-09 18:13:41.95129+00,2026-06-09 18:13:42.055965+00,0.104675,163.465863,
b4ed6661-7a2a-48a1-8014-d1b5e9b8c744,numbered,22968,completed,sold,1,2026-06-09 18:10:58.594829+00,2026-06-09 18:13:42.084478+00,2026-06-09 18:13:42.18906+00,0.104582,163.594231,
e3e9d292-5868-44a2-a82d-ab0d216ab9d0,numbered,7206,completed,sold,1,2026-06-09 18:10:58.599763+00,2026-06-09 18:13:42.209605+00,2026-06-09 18:13:42.314032+00,0.104427,163.714269,
00933fb3-1761-413d-8165-d883b19b7333,numbered,72002,completed,sold,1,2026-06-09 18:10:58.604707+00,2026-06-09 18:13:42.335059+00,2026-06-09 18:13:42.439638+00,0.104579,163.834931,
dfc55341-ef10-4d47-8f50-c43bf3a940bb,numbered,23675,completed,sold,1,2026-06-09 18:10:58.609764+00,2026-06-09 18:13:42.460609+00,2026-06-09 18:13:42.565507+00,0.104898,163.955743,
5977fcaf-cca2-46b8-8dbf-f6818ed27b72,numbered,43561,completed,sold,1,2026-06-09 18:10:58.614688+00,2026-06-09 18:13:42.587117+00,2026-06-09 18:13:42.692014+00,0.104897,164.077326,
c045c8f2-fbd6-47d0-999c-9b3dda8457de,numbered,93219,completed,sold,1,2026-06-09 18:10:58.619865+00,2026-06-09 18:13:42.71342+00,2026-06-09 18:13:42.817784+00,0.104364,164.197919,
5e0dce27-66ce-41fd-b301-917a45caedbd,numbered,75341,completed,sold,1,2026-06-09 18:10:58.624876+00,2026-06-09 18:13:42.838567+00,2026-06-09 18:13:42.943134+00,0.104567,164.318258,
249afc96-bcaf-407f-94c4-9e5696465d14,numbered,57261,completed,sold,1,2026-06-09 18:10:58.629906+00,2026-06-09 18:13:42.964432+00,2026-06-09 18:13:43.069238+00,0.104806,164.439332,
84ed7ae5-36aa-4908-b466-5c15def20a9e,numbered,98356,completed,sold,1,2026-06-09 18:10:58.634782+00,2026-06-09 18:13:43.090187+00,2026-06-09 18:13:43.194868+00,0.104681,164.560086,
459dfa64-1ce3-49bb-928e-381fe9e7dd61,numbered,38801,completed,sold,1,2026-06-09 18:10:58.639812+00,2026-06-09 18:13:43.216036+00,2026-06-09 18:13:43.320765+00,0.104729,164.680953,
ecefd2e4-27d7-452c-9cc5-8ac651c6ece6,numbered,40675,completed,sold,1,2026-06-09 18:10:58.644754+00,2026-06-09 18:13:43.341758+00,2026-06-09 18:13:43.446396+00,0.104638,164.801642,
55acdecf-ab6b-4cc3-80c5-499000d3f330,numbered,90124,completed,sold,1,2026-06-09 18:10:58.649584+00,2026-06-09 18:13:43.46693+00,2026-06-09 18:13:43.571507+00,0.104577,164.921923,
a61a9d3b-5410-461f-832a-6db91e16a998,numbered,94287,completed,sold,1,2026-06-09 18:10:58.654179+00,2026-06-09 18:13:43.592607+00,2026-06-09 18:13:43.697082+00,0.104475,165.042903,
f5684343-2cf4-406e-af75-1e3287dba566,numbered,16728,completed,sold,1,2026-06-09 18:10:58.658808+00,2026-06-09 18:13:43.718071+00,2026-06-09 18:13:43.822838+00,0.104767,165.164030,
5d7fc071-4a7d-465d-be90-9d321db3126a,numbered,43058,completed,sold,1,2026-06-09 18:10:58.663826+00,2026-06-09 18:13:43.843811+00,2026-06-09 18:13:43.948332+00,0.104521,165.284506,
fc8ca05e-a296-45ca-b944-6b87d29800f6,numbered,62695,completed,sold,1,2026-06-09 18:10:58.668462+00,2026-06-09 18:13:43.968137+00,2026-06-09 18:13:44.072449+00,0.104312,165.403987,
0c948374-17b6-4b77-b412-7bbc71cad1cb,numbered,86395,completed,sold,1,2026-06-09 18:10:58.673198+00,2026-06-09 18:13:44.093093+00,2026-06-09 18:13:44.197533+00,0.104440,165.524335,
7547ff66-c82a-485e-89ab-4bb62198686d,numbered,6254,completed,seat_unavailable,1,2026-06-09 18:10:58.678051+00,2026-06-09 18:13:44.218416+00,2026-06-09 18:13:44.321198+00,0.102782,165.643147,
0716378e-facb-4357-9ffb-cc8bc371ae2c,numbered,16489,completed,sold,1,2026-06-09 18:10:58.683047+00,2026-06-09 18:13:44.342945+00,2026-06-09 18:13:44.44762+00,0.104675,165.764573,
a3b5be38-7b62-4227-9934-17c9c486d534,numbered,29624,completed,sold,1,2026-06-09 18:10:58.688212+00,2026-06-09 18:13:44.468692+00,2026-06-09 18:13:44.573507+00,0.104815,165.885295,
693db96b-888d-4f0e-ac93-cbbaafdd6c4b,numbered,8558,completed,sold,1,2026-06-09 18:10:58.693208+00,2026-06-09 18:13:44.595408+00,2026-06-09 18:13:44.699808+00,0.104400,166.006600,
54499e60-741c-4c53-9116-e3ef228982ef,numbered,74646,completed,sold,1,2026-06-09 18:10:58.698245+00,2026-06-09 18:13:44.721055+00,2026-06-09 18:13:44.825699+00,0.104644,166.127454,
3f61fafa-5416-4b41-b06b-7fd71be2ad87,numbered,73036,completed,sold,1,2026-06-09 18:10:58.703144+00,2026-06-09 18:13:44.84643+00,2026-06-09 18:13:44.950847+00,0.104417,166.247703,
fbf64ed6-75c1-4729-b781-6eb7c66cdbc5,numbered,67105,completed,sold,1,2026-06-09 18:10:58.708054+00,2026-06-09 18:13:44.971617+00,2026-06-09 18:13:45.077245+00,0.105628,166.369191,
81f88bdf-7f92-4ea1-bec8-f39b4c7a2a54,numbered,30994,completed,sold,1,2026-06-09 18:10:58.71288+00,2026-06-09 18:13:45.112189+00,2026-06-09 18:13:45.217016+00,0.104827,166.504136,
53e7196f-df40-49b5-91db-039bab20b039,numbered,7268,completed,sold,1,2026-06-09 18:10:58.717726+00,2026-06-09 18:13:45.238941+00,2026-06-09 18:13:45.343569+00,0.104628,166.625843,
9e134853-e903-40d3-96de-138c79e1ba2d,numbered,61464,completed,sold,1,2026-06-09 18:10:58.722447+00,2026-06-09 18:13:45.363944+00,2026-06-09 18:13:45.468442+00,0.104498,166.745995,
1f85a81a-90af-4caf-bc69-e499358acac4,numbered,20794,completed,sold,1,2026-06-09 18:10:58.727564+00,2026-06-09 18:13:45.489404+00,2026-06-09 18:13:45.594126+00,0.104722,166.866562,
d5ff682a-9552-44f2-b75c-2c823d1de926,numbered,80242,completed,sold,1,2026-06-09 18:10:58.733072+00,2026-06-09 18:13:45.614938+00,2026-06-09 18:13:45.7196+00,0.104662,166.986528,
448d0f84-f14d-4caf-82d4-bd32fff1f0bf,numbered,27578,completed,sold,1,2026-06-09 18:10:58.738227+00,2026-06-09 18:13:45.739879+00,2026-06-09 18:13:45.844556+00,0.104677,167.106329,
804626c7-b8f9-494b-b44c-7fff0a1c1423,numbered,77775,completed,sold,1,2026-06-09 18:10:58.743368+00,2026-06-09 18:13:45.866113+00,2026-06-09 18:13:45.970957+00,0.104844,167.227589,
d40e9b17-001c-4be5-b265-3198d9ed4c5b,numbered,38175,completed,sold,1,2026-06-09 18:10:58.748365+00,2026-06-09 18:13:45.993236+00,2026-06-09 18:13:46.097916+00,0.104680,167.349551,
b04e0a31-ff1f-4607-ab12-35af76c79324,numbered,23818,completed,sold,1,2026-06-09 18:10:58.753432+00,2026-06-09 18:13:46.118987+00,2026-06-09 18:13:46.223469+00,0.104482,167.470037,
a97d0b5d-5ef0-4b1e-be28-89f8d0b2da5e,numbered,63139,completed,sold,1,2026-06-09 18:10:58.758668+00,2026-06-09 18:13:46.244302+00,2026-06-09 18:13:46.349153+00,0.104851,167.590485,
ab055698-7a5a-42e9-b325-5c4341779e04,numbered,84788,completed,sold,1,2026-06-09 18:10:58.763916+00,2026-06-09 18:13:46.370671+00,2026-06-09 18:13:46.475293+00,0.104622,167.711377,
bb7cd423-de4c-4244-b5fe-ec701d79019f,numbered,24717,completed,sold,1,2026-06-09 18:10:58.769149+00,2026-06-09 18:13:46.496067+00,2026-06-09 18:13:46.600921+00,0.104854,167.831772,
66286279-c94d-4b0d-a5f3-4ac931c83a54,numbered,96620,completed,sold,1,2026-06-09 18:10:58.774134+00,2026-06-09 18:13:46.622158+00,2026-06-09 18:13:46.726828+00,0.104670,167.952694,
2e8984fb-552d-4db5-9f9d-c252661aedec,numbered,24904,completed,sold,1,2026-06-09 18:10:58.779103+00,2026-06-09 18:13:46.750152+00,2026-06-09 18:13:46.854859+00,0.104707,168.075756,
234a687b-b2e8-4798-9a2c-0846bb60a3c8,numbered,53610,completed,sold,1,2026-06-09 18:10:58.78427+00,2026-06-09 18:13:46.875568+00,2026-06-09 18:13:46.980389+00,0.104821,168.196119,
b3d571b4-513d-4caa-9b13-23873464b19f,numbered,72455,completed,sold,1,2026-06-09 18:10:58.789274+00,2026-06-09 18:13:47.002473+00,2026-06-09 18:13:47.107392+00,0.104919,168.318118,
06a0443a-ecd5-45f9-93ea-3a0a4bdc2be1,numbered,72113,completed,sold,1,2026-06-09 18:10:58.794253+00,2026-06-09 18:13:47.128742+00,2026-06-09 18:13:47.233646+00,0.104904,168.439393,
e76618fc-608b-4a13-a7de-09cfcc7cd908,numbered,55629,completed,sold,1,2026-06-09 18:10:58.799296+00,2026-06-09 18:13:47.254898+00,2026-06-09 18:13:47.359589+00,0.104691,168.560293,
ff1d96ed-e0ee-490e-b847-b1fba9a860ec,numbered,22346,completed,sold,1,2026-06-09 18:10:58.804146+00,2026-06-09 18:13:47.380361+00,2026-06-09 18:13:47.485085+00,0.104724,168.680939,
e01c6ee5-b31f-4751-9947-2a63924b259b,numbered,59615,completed,sold,1,2026-06-09 18:10:58.809074+00,2026-06-09 18:13:47.506457+00,2026-06-09 18:13:47.611097+00,0.104640,168.802023,
fbb081c5-3ad5-4dc4-a8d5-d354673045be,numbered,61193,completed,sold,1,2026-06-09 18:10:58.813976+00,2026-06-09 18:13:47.631714+00,2026-06-09 18:13:47.736289+00,0.104575,168.922313,
91c98d5a-1354-49a4-9dfa-2f49a2a121e4,numbered,31348,completed,sold,1,2026-06-09 18:10:58.819017+00,2026-06-09 18:13:47.758468+00,2026-06-09 18:13:47.863127+00,0.104659,169.044110,
f262936b-a8d7-42ee-a3f8-0605573347f5,numbered,74573,completed,sold,1,2026-06-09 18:10:58.824378+00,2026-06-09 18:13:47.883721+00,2026-06-09 18:13:47.988571+00,0.104850,169.164193,
2881c6ca-3a94-47ff-b388-44be46cdd9db,numbered,6260,completed,sold,1,2026-06-09 18:10:58.829696+00,2026-06-09 18:13:48.009766+00,2026-06-09 18:13:48.114297+00,0.104531,169.284601,
e650c6c0-692c-4e64-8ae6-b9eb914cb4ae,numbered,32700,completed,sold,1,2026-06-09 18:10:58.83474+00,2026-06-09 18:13:48.135311+00,2026-06-09 18:13:48.240154+00,0.104843,169.405414,
24185239-4b2e-4e1e-a639-b180cfc743be,numbered,20037,completed,sold,1,2026-06-09 18:10:58.840162+00,2026-06-09 18:13:48.261163+00,2026-06-09 18:13:48.365632+00,0.104469,169.525470,
182400d0-4cfb-44cf-9a3e-dadbc05aac04,numbered,74522,completed,seat_unavailable,1,2026-06-09 18:10:58.845225+00,2026-06-09 18:13:48.386405+00,2026-06-09 18:13:48.489038+00,0.102633,169.643813,
a96b7310-b70a-4af8-8042-df4dcf01b0be,numbered,38041,completed,sold,1,2026-06-09 18:10:58.850183+00,2026-06-09 18:13:48.510399+00,2026-06-09 18:13:48.615373+00,0.104974,169.765190,
e169f60b-0742-4541-b2b3-63f7a9df0f6c,numbered,17291,completed,sold,1,2026-06-09 18:10:58.854991+00,2026-06-09 18:13:48.636438+00,2026-06-09 18:13:48.741055+00,0.104617,169.886064,
3e9809e9-6492-49cc-b73e-6136e3ca29b1,numbered,59830,completed,sold,1,2026-06-09 18:10:58.859935+00,2026-06-09 18:13:48.764102+00,2026-06-09 18:13:48.869057+00,0.104955,170.009122,
a34125c7-9104-46bd-96b8-ff75354e3cce,numbered,86579,completed,sold,1,2026-06-09 18:10:58.864931+00,2026-06-09 18:13:48.89075+00,2026-06-09 18:13:48.995187+00,0.104437,170.130256,
579a10d6-580c-441b-8e3c-5c6c0852f5b1,numbered,64991,completed,sold,1,2026-06-09 18:10:58.869973+00,2026-06-09 18:13:49.016765+00,2026-06-09 18:13:49.122254+00,0.105489,170.252281,
62ed1a3f-61bf-440d-ac5e-cbb41532df6c,numbered,40677,completed,sold,1,2026-06-09 18:10:58.874706+00,2026-06-09 18:13:49.144035+00,2026-06-09 18:13:49.248446+00,0.104411,170.373740,
1cbc1d75-c739-424d-a253-56aa7ca8babc,numbered,14223,completed,sold,1,2026-06-09 18:10:58.879747+00,2026-06-09 18:13:49.272035+00,2026-06-09 18:13:49.376935+00,0.104900,170.497188,
3aeee9b3-8e46-41f8-9654-05afa15940db,numbered,17490,completed,sold,1,2026-06-09 18:10:58.884535+00,2026-06-09 18:13:49.398411+00,2026-06-09 18:13:49.502881+00,0.104470,170.618346,
0d89d6c9-257a-4c1b-8803-def5f415bbad,numbered,84882,completed,sold,1,2026-06-09 18:10:58.889318+00,2026-06-09 18:13:49.525179+00,2026-06-09 18:13:49.62988+00,0.104701,170.740562,
90844584-6986-4cdd-93f2-f711ecdc54cb,numbered,7959,completed,sold,1,2026-06-09 18:10:58.894029+00,2026-06-09 18:13:49.652151+00,2026-06-09 18:13:49.756637+00,0.104486,170.862608,
b46824ea-0fda-4502-8da0-24a18659eb70,numbered,26311,completed,sold,1,2026-06-09 18:10:58.899+00,2026-06-09 18:13:49.777522+00,2026-06-09 18:13:49.882123+00,0.104601,170.983123,
5092ac97-3fef-42ce-b876-b3eb93889f88,numbered,85042,completed,sold,1,2026-06-09 18:10:58.904094+00,2026-06-09 18:13:49.903902+00,2026-06-09 18:13:50.009057+00,0.105155,171.104963,
013b6844-6427-4b3c-8fe9-5705440a2895,numbered,41437,completed,sold,1,2026-06-09 18:10:58.909051+00,2026-06-09 18:13:50.030848+00,2026-06-09 18:13:50.135381+00,0.104533,171.226330,
e1c7b694-5d1c-487c-950d-bfb8f80e1c32,numbered,16741,completed,sold,1,2026-06-09 18:10:58.914303+00,2026-06-09 18:13:50.155672+00,2026-06-09 18:13:50.260385+00,0.104713,171.346082,
1d231f87-d97d-482d-92a9-614e91d288c0,numbered,54684,completed,sold,1,2026-06-09 18:10:58.919522+00,2026-06-09 18:13:50.282544+00,2026-06-09 18:13:50.387492+00,0.104948,171.467970,
c0a9901d-c910-48d3-84f1-b695b77ccb5e,numbered,53108,completed,sold,1,2026-06-09 18:10:58.924835+00,2026-06-09 18:13:50.408229+00,2026-06-09 18:13:50.512965+00,0.104736,171.588130,
1232efe0-0a00-44d1-9bad-dbb51585a64c,numbered,78999,completed,sold,1,2026-06-09 18:10:58.930083+00,2026-06-09 18:13:50.534165+00,2026-06-09 18:13:50.639034+00,0.104869,171.708951,
d1c8d4d5-b900-4ca2-bdfd-058bbe8867f3,numbered,74916,completed,sold,1,2026-06-09 18:10:58.935038+00,2026-06-09 18:13:50.660543+00,2026-06-09 18:13:50.765526+00,0.104983,171.830488,
9774f1f0-b255-457d-b041-49332d3e545b,numbered,86784,completed,sold,1,2026-06-09 18:10:58.940912+00,2026-06-09 18:13:50.786993+00,2026-06-09 18:13:50.89175+00,0.104757,171.950838,
bc4c2779-e6a6-44f1-a131-6552c2ebb91f,numbered,94841,completed,sold,1,2026-06-09 18:10:58.946244+00,2026-06-09 18:13:50.912523+00,2026-06-09 18:13:51.017229+00,0.104706,172.070985,
6361e18c-9250-4612-b4a7-b010a48de095,numbered,83668,completed,sold,1,2026-06-09 18:10:58.951352+00,2026-06-09 18:13:51.040111+00,2026-06-09 18:13:51.147059+00,0.106948,172.195707,
97654e79-89c3-42fc-b953-3533fcb61ec5,numbered,50202,completed,sold,1,2026-06-09 18:10:58.956409+00,2026-06-09 18:13:51.171166+00,2026-06-09 18:13:51.276354+00,0.105188,172.319945,
cf66b47b-01d7-42ca-8fe1-241d7ec4eab8,numbered,98320,completed,sold,1,2026-06-09 18:10:58.961234+00,2026-06-09 18:13:51.298508+00,2026-06-09 18:13:51.403413+00,0.104905,172.442179,
40cf3d84-d125-4ead-b70a-faa4f36fc425,numbered,28708,completed,sold,1,2026-06-09 18:10:58.966266+00,2026-06-09 18:13:51.424379+00,2026-06-09 18:13:51.52903+00,0.104651,172.562764,
b2dd6ef4-159d-4512-bad0-e3dbc00dfcf7,numbered,28435,completed,sold,1,2026-06-09 18:10:58.971117+00,2026-06-09 18:13:51.55055+00,2026-06-09 18:13:51.655577+00,0.105027,172.684460,
a1822bb3-d355-4130-a002-26999af550bb,numbered,28442,completed,sold,1,2026-06-09 18:10:58.976004+00,2026-06-09 18:13:51.676746+00,2026-06-09 18:13:51.781164+00,0.104418,172.805160,
f20b844a-d9da-4cc2-bad8-c5e7cfba3a6c,numbered,88001,completed,sold,1,2026-06-09 18:10:58.98077+00,2026-06-09 18:13:51.80149+00,2026-06-09 18:13:51.906006+00,0.104516,172.925236,
fab05c1e-2f64-4757-a71a-65868c0386f1,numbered,99897,completed,sold,1,2026-06-09 18:10:58.985963+00,2026-06-09 18:13:51.927064+00,2026-06-09 18:13:52.031484+00,0.104420,173.045521,
fe43cf13-edd4-468e-93c9-accf2f316262,numbered,15236,completed,sold,1,2026-06-09 18:10:58.990784+00,2026-06-09 18:13:52.052423+00,2026-06-09 18:13:52.157076+00,0.104653,173.166292,
89b0f212-257f-4266-af14-6a4bf6e2fbb9,numbered,9696,completed,seat_unavailable,1,2026-06-09 18:10:58.99602+00,2026-06-09 18:13:52.178074+00,2026-06-09 18:13:52.280874+00,0.102800,173.284854,
67dc5585-66d6-488d-8d79-33ae231ed3c4,numbered,96949,completed,sold,1,2026-06-09 18:10:59.001031+00,2026-06-09 18:13:52.302076+00,2026-06-09 18:13:52.406515+00,0.104439,173.405484,
72ab0aac-b869-4e34-a95a-e1c53fc3ab9f,numbered,18344,completed,sold,1,2026-06-09 18:10:59.006307+00,2026-06-09 18:13:52.427036+00,2026-06-09 18:13:52.53147+00,0.104434,173.525163,
838f06e8-d5d6-41f8-9af8-e7b79b631e30,numbered,41386,completed,sold,1,2026-06-09 18:10:59.011257+00,2026-06-09 18:13:52.551601+00,2026-06-09 18:13:52.656156+00,0.104555,173.644899,
e08e531e-d12e-41a3-8efe-19180a7d0991,numbered,75331,completed,sold,1,2026-06-09 18:10:59.016256+00,2026-06-09 18:13:52.677364+00,2026-06-09 18:13:52.781807+00,0.104443,173.765551,
f50c02dc-601f-4d73-ba61-0726d8073360,numbered,44557,completed,sold,1,2026-06-09 18:10:59.021228+00,2026-06-09 18:13:52.802102+00,2026-06-09 18:13:52.90664+00,0.104538,173.885412,
3d925e8a-d90d-4c4b-a160-c1f4f45d14cc,numbered,66945,completed,sold,1,2026-06-09 18:10:59.026476+00,2026-06-09 18:13:52.927043+00,2026-06-09 18:13:53.03166+00,0.104617,174.005184,
bcdf5058-5e7d-4012-bf0a-cb221ee56584,numbered,52574,completed,sold,1,2026-06-09 18:10:59.031753+00,2026-06-09 18:13:53.053851+00,2026-06-09 18:13:53.158877+00,0.105026,174.127124,
ef371e54-f06f-456e-82b1-6c6fba724942,numbered,77935,completed,sold,1,2026-06-09 18:10:59.036893+00,2026-06-09 18:13:53.181167+00,2026-06-09 18:13:53.285996+00,0.104829,174.249103,
cb89875c-a0de-4724-b3a0-5887fb4bdc4b,numbered,28442,completed,seat_unavailable,1,2026-06-09 18:10:59.042061+00,2026-06-09 18:13:53.307831+00,2026-06-09 18:13:53.41091+00,0.103079,174.368849,
adde1fc0-2daf-4cf6-9686-745c3868b1bb,numbered,26519,completed,sold,1,2026-06-09 18:10:59.047218+00,2026-06-09 18:13:53.431932+00,2026-06-09 18:13:53.537481+00,0.105549,174.490263,
4b7deb64-0753-405f-8b19-97751fbd61c9,numbered,84303,completed,sold,1,2026-06-09 18:10:59.052253+00,2026-06-09 18:13:53.561197+00,2026-06-09 18:13:53.666406+00,0.105209,174.614153,
8ec00fde-acf0-4502-bb73-2bb8b5a80ac9,numbered,65885,completed,sold,1,2026-06-09 18:10:59.057368+00,2026-06-09 18:13:53.686711+00,2026-06-09 18:13:53.791062+00,0.104351,174.733694,
fe9466f3-c540-46b8-b147-a198f1ea82ce,numbered,57974,completed,sold,1,2026-06-09 18:10:59.062312+00,2026-06-09 18:13:53.811724+00,2026-06-09 18:13:53.916378+00,0.104654,174.854066,
bc8283dd-15d2-4b38-879c-60e8bbe5cbf0,numbered,16928,completed,sold,1,2026-06-09 18:10:59.067206+00,2026-06-09 18:13:53.938515+00,2026-06-09 18:13:54.043493+00,0.104978,174.976287,
be504bbf-47a6-4019-b171-6ef8b9a6f862,numbered,77279,completed,sold,1,2026-06-09 18:10:59.072244+00,2026-06-09 18:13:54.063457+00,2026-06-09 18:13:54.167727+00,0.104270,175.095483,
42ae63f6-6950-42fc-833e-cb89d1c89e03,numbered,15942,completed,sold,1,2026-06-09 18:10:59.077088+00,2026-06-09 18:13:54.189374+00,2026-06-09 18:13:54.294137+00,0.104763,175.217049,
aaffa42a-9502-4d56-bb98-f3e29eaf8c56,numbered,30610,completed,sold,1,2026-06-09 18:10:59.081998+00,2026-06-09 18:13:54.315011+00,2026-06-09 18:13:54.419648+00,0.104637,175.337650,
a226d137-0d76-4eb3-ba28-361486a9e815,numbered,89192,completed,sold,1,2026-06-09 18:10:59.08706+00,2026-06-09 18:13:54.44131+00,2026-06-09 18:13:54.545945+00,0.104635,175.458885,
b859046e-2e1a-42ea-b191-8318cd25bff7,numbered,1636,completed,sold,1,2026-06-09 18:10:59.091994+00,2026-06-09 18:13:54.568301+00,2026-06-09 18:13:54.673134+00,0.104833,175.581140,
505bbea9-8643-4f6f-a2e0-d74c152d5f12,numbered,71115,completed,sold,1,2026-06-09 18:10:59.097088+00,2026-06-09 18:13:54.694088+00,2026-06-09 18:13:54.798825+00,0.104737,175.701737,
b7614b89-d150-446f-bc2d-d50a9b44a134,numbered,16164,completed,sold,1,2026-06-09 18:10:59.102221+00,2026-06-09 18:13:54.819374+00,2026-06-09 18:13:54.924125+00,0.104751,175.821904,
a2946e04-4966-4599-a1f6-6a50ed13411d,numbered,26460,completed,sold,1,2026-06-09 18:10:59.107145+00,2026-06-09 18:13:54.945699+00,2026-06-09 18:13:55.050743+00,0.105044,175.943598,
46eed60f-0e0c-40fe-9ebe-72d171f2be18,numbered,79533,completed,sold,1,2026-06-09 18:10:59.112103+00,2026-06-09 18:13:55.072239+00,2026-06-09 18:13:55.177382+00,0.105143,176.065279,
6f3b5b98-e13b-4153-9adc-e8f375e8799e,numbered,35639,completed,sold,1,2026-06-09 18:10:59.117018+00,2026-06-09 18:13:55.200529+00,2026-06-09 18:13:55.305561+00,0.105032,176.188543,
95d3488d-bcb2-428e-9d75-2793554dbc26,numbered,90949,completed,sold,1,2026-06-09 18:10:59.122181+00,2026-06-09 18:13:55.327637+00,2026-06-09 18:13:55.43281+00,0.105173,176.310629,
fde56b6e-3169-472e-840d-67689ef5828a,numbered,70755,completed,sold,1,2026-06-09 18:10:59.127072+00,2026-06-09 18:13:55.458868+00,2026-06-09 18:13:55.563954+00,0.105086,176.436882,
06eb25cb-8d3b-49ba-b71d-08a3dd782800,numbered,36415,completed,sold,1,2026-06-09 18:10:59.132084+00,2026-06-09 18:13:55.586509+00,2026-06-09 18:13:55.691255+00,0.104746,176.559171,
c5090aa8-1d29-4026-8115-f203df84e867,numbered,21195,completed,sold,1,2026-06-09 18:10:59.137176+00,2026-06-09 18:13:55.711946+00,2026-06-09 18:13:55.8166+00,0.104654,176.679424,
e691a08d-fcb2-4fc4-81dd-9ac99ca7a8fc,numbered,21123,completed,sold,1,2026-06-09 18:10:59.142126+00,2026-06-09 18:13:55.837428+00,2026-06-09 18:13:55.942058+00,0.104630,176.799932,
9897ca7e-3cd8-4bed-b9a0-b10f2dd20911,numbered,56842,completed,sold,1,2026-06-09 18:10:59.147132+00,2026-06-09 18:13:55.963012+00,2026-06-09 18:13:56.067565+00,0.104553,176.920433,
5d384093-94a9-4bce-9896-8a26b55e89fc,numbered,53615,completed,sold,1,2026-06-09 18:10:59.152257+00,2026-06-09 18:13:56.087899+00,2026-06-09 18:13:56.192447+00,0.104548,177.040190,
58d3914c-ca00-44f6-be56-88d76cddb474,numbered,88342,completed,sold,1,2026-06-09 18:10:59.157157+00,2026-06-09 18:13:56.213068+00,2026-06-09 18:13:56.317486+00,0.104418,177.160329,
8c87d29d-767a-4a46-af60-d38c379ffc4e,numbered,81953,completed,sold,1,2026-06-09 18:10:59.162221+00,2026-06-09 18:13:56.339504+00,2026-06-09 18:13:56.444133+00,0.104629,177.281912,
ade2969a-4f3d-4190-8431-02550eb55f73,numbered,97153,completed,sold,1,2026-06-09 18:10:59.167032+00,2026-06-09 18:13:56.465758+00,2026-06-09 18:13:56.570492+00,0.104734,177.403460,
cdb02496-43d3-4af7-939b-dd941dc3b0ed,numbered,5112,completed,sold,1,2026-06-09 18:10:59.171881+00,2026-06-09 18:13:56.592183+00,2026-06-09 18:13:56.696906+00,0.104723,177.525025,
f028320b-19d2-4266-bffc-3b59277a75b0,numbered,33862,completed,sold,1,2026-06-09 18:10:59.176876+00,2026-06-09 18:13:56.717569+00,2026-06-09 18:13:56.821959+00,0.104390,177.645083,
e8a6bf21-5a34-410c-b865-75250354b8af,numbered,34399,completed,sold,1,2026-06-09 18:10:59.181904+00,2026-06-09 18:13:56.842519+00,2026-06-09 18:13:56.94683+00,0.104311,177.764926,
f1e383d2-490d-4a90-801e-7d6fc6f81256,numbered,54532,completed,sold,1,2026-06-09 18:10:59.186848+00,2026-06-09 18:13:56.967611+00,2026-06-09 18:13:57.072335+00,0.104724,177.885487,
5cfab33e-afa4-45c8-b3fa-52cc5303fd9d,numbered,72139,completed,sold,1,2026-06-09 18:10:59.192922+00,2026-06-09 18:13:57.093422+00,2026-06-09 18:13:57.198201+00,0.104779,178.005279,
341cfeaf-d44e-4bef-be5a-bc1648cfc490,numbered,16197,completed,sold,1,2026-06-09 18:10:59.198038+00,2026-06-09 18:13:57.227425+00,2026-06-09 18:13:57.332048+00,0.104623,178.134010,
42ad5041-be0c-4c5b-b8b0-dae95b51fca1,numbered,34961,completed,sold,1,2026-06-09 18:10:59.203203+00,2026-06-09 18:13:57.353509+00,2026-06-09 18:13:57.457935+00,0.104426,178.254732,
3df42bbe-4d3f-4310-8b89-82a282e0145d,numbered,92692,completed,sold,1,2026-06-09 18:10:59.20819+00,2026-06-09 18:13:57.478359+00,2026-06-09 18:13:57.582862+00,0.104503,178.374672,
61c40af4-d67c-45a8-8b78-4cccf1dd0ac4,numbered,22733,completed,sold,1,2026-06-09 18:10:59.213068+00,2026-06-09 18:13:57.604604+00,2026-06-09 18:13:57.709054+00,0.104450,178.495986,
d1bb80d6-79ec-41c6-87e9-b2c2a6e1d2d3,numbered,62995,completed,sold,1,2026-06-09 18:10:59.218036+00,2026-06-09 18:13:57.729336+00,2026-06-09 18:13:57.834035+00,0.104699,178.615999,
472331b3-5e06-4826-9c0a-3aa37fdde716,numbered,24786,completed,sold,1,2026-06-09 18:10:59.223019+00,2026-06-09 18:13:57.854177+00,2026-06-09 18:13:57.958814+00,0.104637,178.735795,
d6abbf96-e977-4985-8f72-d0112d5c35c7,numbered,29481,completed,sold,1,2026-06-09 18:10:59.227988+00,2026-06-09 18:13:57.980117+00,2026-06-09 18:13:58.085189+00,0.105072,178.857201,
1f0219f5-8564-497d-b0b8-4b75e60fcfc3,numbered,69360,completed,sold,1,2026-06-09 18:10:59.232997+00,2026-06-09 18:13:58.110942+00,2026-06-09 18:13:58.215519+00,0.104577,178.982522,
88a0afba-b98b-4c88-8abf-28ba5a4bc816,numbered,13775,completed,sold,1,2026-06-09 18:10:59.238001+00,2026-06-09 18:13:58.236211+00,2026-06-09 18:13:58.340694+00,0.104483,179.102693,
e88dc440-3cb5-4b6f-8d8d-86d2ce080349,numbered,38775,completed,sold,1,2026-06-09 18:10:59.243638+00,2026-06-09 18:13:58.361779+00,2026-06-09 18:13:58.466558+00,0.104779,179.222920,
dfdb263d-a264-454e-807a-c9334588f130,numbered,66977,completed,sold,1,2026-06-09 18:10:59.249011+00,2026-06-09 18:13:58.4871+00,2026-06-09 18:13:58.592009+00,0.104909,179.342998,
52380373-f676-4b18-a1de-018d296c9d26,numbered,48624,completed,sold,1,2026-06-09 18:10:59.253955+00,2026-06-09 18:13:58.613135+00,2026-06-09 18:13:58.717611+00,0.104476,179.463656,
7afeb2e2-a10c-49a0-af75-1373bacd8949,numbered,3407,completed,sold,1,2026-06-09 18:10:59.259078+00,2026-06-09 18:13:58.738235+00,2026-06-09 18:13:58.84288+00,0.104645,179.583802,
465423f4-a4ce-4041-b7f5-784709a71971,numbered,78605,completed,sold,1,2026-06-09 18:10:59.264176+00,2026-06-09 18:13:58.862741+00,2026-06-09 18:13:58.967275+00,0.104534,179.703099,
94d2cd13-e5ab-453d-9273-61d632cbd839,numbered,76241,completed,sold,1,2026-06-09 18:10:59.269215+00,2026-06-09 18:13:58.989268+00,2026-06-09 18:13:59.093873+00,0.104605,179.824658,
5e106f56-78af-4c83-a2a2-fe55d5d9a81d,numbered,95922,completed,sold,1,2026-06-09 18:10:59.274149+00,2026-06-09 18:13:59.114462+00,2026-06-09 18:13:59.218995+00,0.104533,179.944846,
f24f57ad-cccd-4e57-837d-79a0652f9900,numbered,80938,completed,sold,1,2026-06-09 18:10:59.279081+00,2026-06-09 18:13:59.240321+00,2026-06-09 18:13:59.344958+00,0.104637,180.065877,
5c23770f-8698-420e-80f9-62408035ea32,numbered,72460,completed,sold,1,2026-06-09 18:10:59.284118+00,2026-06-09 18:13:59.367173+00,2026-06-09 18:13:59.472056+00,0.104883,180.187938,
1ab9fff6-d1e4-405d-bf71-32b41a05be57,numbered,29503,completed,sold,1,2026-06-09 18:10:59.289074+00,2026-06-09 18:13:59.493268+00,2026-06-09 18:13:59.597996+00,0.104728,180.308922,
8a92b961-266e-4af1-9ec6-3cae4f76c169,numbered,64033,completed,sold,1,2026-06-09 18:10:59.293894+00,2026-06-09 18:13:59.618256+00,2026-06-09 18:13:59.722434+00,0.104178,180.428540,
067c5250-9114-4bbe-8675-f66211c1bdb6,numbered,35564,completed,sold,1,2026-06-09 18:10:59.298987+00,2026-06-09 18:13:59.74229+00,2026-06-09 18:13:59.846665+00,0.104375,180.547678,
e5b0594d-80a7-41c7-be37-a8548a137e09,numbered,11767,completed,sold,1,2026-06-09 18:10:59.303925+00,2026-06-09 18:13:59.867152+00,2026-06-09 18:13:59.971984+00,0.104832,180.668059,
56f418ee-13c2-495a-aac7-a8958d9c40c5,numbered,78808,completed,sold,1,2026-06-09 18:10:59.30878+00,2026-06-09 18:13:59.993626+00,2026-06-09 18:14:00.10101+00,0.107384,180.792230,
179aa3c2-d256-49e7-ae06-7e6a43175113,numbered,92801,completed,sold,1,2026-06-09 18:10:59.313649+00,2026-06-09 18:14:00.133755+00,2026-06-09 18:14:00.241611+00,0.107856,180.927962,
b771644a-89b7-4436-8d1c-a4df4de6a7e8,numbered,52153,completed,sold,1,2026-06-09 18:10:59.318831+00,2026-06-09 18:14:00.273776+00,2026-06-09 18:14:00.378461+00,0.104685,181.059630,
33c57737-2f47-44d1-a887-779182c47164,numbered,97232,completed,sold,1,2026-06-09 18:10:59.32388+00,2026-06-09 18:14:00.400592+00,2026-06-09 18:14:00.504972+00,0.104380,181.181092,
b5a69d04-e312-4cef-89df-978ac27b2b0d,numbered,10185,completed,sold,1,2026-06-09 18:10:59.328908+00,2026-06-09 18:14:00.525713+00,2026-06-09 18:14:00.63012+00,0.104407,181.301212,
ea41e6a8-9039-4195-9b73-a60b87dedaf3,numbered,99797,completed,sold,1,2026-06-09 18:10:59.333984+00,2026-06-09 18:14:00.650501+00,2026-06-09 18:14:00.75483+00,0.104329,181.420846,
97fc9864-16e2-4ea7-b49f-c2d744936a03,numbered,42620,completed,sold,1,2026-06-09 18:10:59.338819+00,2026-06-09 18:14:00.775043+00,2026-06-09 18:14:00.879377+00,0.104334,181.540558,
59306ae9-b8b2-4f6f-b48b-eafa1c2c17b1,numbered,1131,completed,sold,1,2026-06-09 18:10:59.343904+00,2026-06-09 18:14:00.899671+00,2026-06-09 18:14:01.004459+00,0.104788,181.660555,
ef4f156f-9c55-4d08-969b-6f9caf064137,numbered,45444,completed,sold,1,2026-06-09 18:10:59.348757+00,2026-06-09 18:14:01.0252+00,2026-06-09 18:14:01.130142+00,0.104942,181.781385,
16f3a48f-1878-4f3d-91f4-d2a66b9690a5,numbered,16572,completed,sold,1,2026-06-09 18:10:59.353956+00,2026-06-09 18:14:01.172139+00,2026-06-09 18:14:01.279583+00,0.107444,181.925627,
360de33f-63a3-4d29-a608-fb29d2ddf3de,numbered,72056,completed,sold,1,2026-06-09 18:10:59.358837+00,2026-06-09 18:14:01.338426+00,2026-06-09 18:14:01.444158+00,0.105732,182.085321,
89ebee22-90a2-4768-b325-42a85816468c,numbered,92650,completed,sold,1,2026-06-09 18:10:59.363867+00,2026-06-09 18:14:01.500718+00,2026-06-09 18:14:01.613568+00,0.112850,182.249701,
352160f3-11a7-423c-822d-c49bc6b58bf2,numbered,33969,completed,sold,1,2026-06-09 18:10:59.368831+00,2026-06-09 18:14:01.673764+00,2026-06-09 18:14:01.778792+00,0.105028,182.409961,
bcc48936-b533-40b0-8ab1-fe73905a16b4,numbered,70161,completed,sold,1,2026-06-09 18:10:59.373721+00,2026-06-09 18:14:01.809834+00,2026-06-09 18:14:01.918953+00,0.109119,182.545232,
0ae33393-fb1a-4db4-a9e9-1b4975ab55ee,numbered,62954,completed,sold,1,2026-06-09 18:10:59.378725+00,2026-06-09 18:14:02.050944+00,2026-06-09 18:14:02.156486+00,0.105542,182.777761,
ce64d08c-7abc-4af9-ab54-2cf2afd74b75,numbered,23895,completed,sold,1,2026-06-09 18:10:59.383859+00,2026-06-09 18:14:02.204176+00,2026-06-09 18:14:02.310568+00,0.106392,182.926709,
c8e3f9eb-516b-4d4d-911a-8fa6f5d922f9,numbered,66905,completed,sold,1,2026-06-09 18:10:59.389114+00,2026-06-09 18:14:02.375027+00,2026-06-09 18:14:02.4848+00,0.109773,183.095686,
10644983-7bf6-46cb-9508-86df118a40ef,numbered,65827,completed,sold,1,2026-06-09 18:10:59.394174+00,2026-06-09 18:14:02.549917+00,2026-06-09 18:14:02.658149+00,0.108232,183.263975,
42ff577d-c09a-430b-a7b0-973aa90edd94,numbered,61943,completed,sold,1,2026-06-09 18:10:59.399335+00,2026-06-09 18:14:02.722892+00,2026-06-09 18:14:02.828054+00,0.105162,183.428719,
7ee80f2b-59fe-4a3b-a459-0aef13c6a834,numbered,15820,completed,sold,1,2026-06-09 18:10:59.404284+00,2026-06-09 18:14:02.882338+00,2026-06-09 18:14:02.989407+00,0.107069,183.585123,
e3b20654-d971-4830-a727-ae9b0c2f581a,numbered,14316,completed,sold,1,2026-06-09 18:10:59.409327+00,2026-06-09 18:14:03.045678+00,2026-06-09 18:14:03.15124+00,0.105562,183.741913,
4bb6dbc8-9922-4f91-838a-8d585a3bc70b,numbered,46451,completed,sold,1,2026-06-09 18:10:59.414314+00,2026-06-09 18:14:03.199138+00,2026-06-09 18:14:03.304532+00,0.105394,183.890218,
482d0878-d26e-446e-8503-0a5b3ba283dc,numbered,48793,completed,sold,1,2026-06-09 18:10:59.41917+00,2026-06-09 18:14:03.361945+00,2026-06-09 18:14:03.468584+00,0.106639,184.049414,
ebfb8f67-1d0d-4e20-ac46-b079b255d80b,numbered,15830,completed,sold,1,2026-06-09 18:10:59.42413+00,2026-06-09 18:14:03.549539+00,2026-06-09 18:14:03.656936+00,0.107397,184.232806,
94c52a2c-1cc0-4273-82f1-57da9bfb2143,numbered,20356,completed,sold,1,2026-06-09 18:10:59.429138+00,2026-06-09 18:14:03.710092+00,2026-06-09 18:14:03.817825+00,0.107733,184.388687,
73a2d01f-0d06-46b8-8ff9-871fc0ea38b3,numbered,45110,completed,sold,1,2026-06-09 18:10:59.434047+00,2026-06-09 18:14:03.923232+00,2026-06-09 18:14:04.028987+00,0.105755,184.594940,
5e9bf6a9-235c-45f5-bda2-1ee0a8d1c051,numbered,1867,completed,sold,1,2026-06-09 18:10:59.439862+00,2026-06-09 18:14:04.089773+00,2026-06-09 18:14:04.202979+00,0.113206,184.763117,
0d888539-b3e1-488c-ab7e-6b5dd3a9d7ef,numbered,99760,completed,sold,1,2026-06-09 18:10:59.445166+00,2026-06-09 18:14:04.228316+00,2026-06-09 18:14:04.333235+00,0.104919,184.888069,
6b037217-fa0e-4900-a541-ac8c2196211f,numbered,58175,completed,sold,1,2026-06-09 18:10:59.450206+00,2026-06-09 18:14:04.364012+00,2026-06-09 18:14:04.469149+00,0.105137,185.018943,
7bf96b94-ca64-4fec-a0c8-68a8403e8724,numbered,77650,completed,sold,1,2026-06-09 18:10:59.455104+00,2026-06-09 18:14:04.49285+00,2026-06-09 18:14:04.597337+00,0.104487,185.142233,
5c8adc6e-8561-4bad-b591-f972c4b649e0,numbered,18338,completed,sold,1,2026-06-09 18:10:59.460012+00,2026-06-09 18:14:04.617867+00,2026-06-09 18:14:04.722951+00,0.105084,185.262939,
7db3cf57-6845-48f3-bc23-620dceb0293d,numbered,19586,completed,sold,1,2026-06-09 18:10:59.464792+00,2026-06-09 18:14:04.745739+00,2026-06-09 18:14:04.850936+00,0.105197,185.386144,
6b405565-9705-43ed-83b6-56343b4be8d7,numbered,80243,completed,sold,1,2026-06-09 18:10:59.469918+00,2026-06-09 18:14:04.877802+00,2026-06-09 18:14:04.98315+00,0.105348,185.513232,
dfe4a5b3-9ff7-450a-a1fb-f4fba40ec89b,numbered,42337,completed,sold,1,2026-06-09 18:10:59.474976+00,2026-06-09 18:14:05.012143+00,2026-06-09 18:14:05.116395+00,0.104252,185.641419,
41161f2f-bca7-42e5-b480-89986ab4033a,numbered,47011,completed,sold,1,2026-06-09 18:10:59.479857+00,2026-06-09 18:14:05.137279+00,2026-06-09 18:14:05.241858+00,0.104579,185.762001,
e4ff86b6-e732-417d-8e8d-6cce56fb86d0,numbered,33757,completed,sold,1,2026-06-09 18:10:59.484844+00,2026-06-09 18:14:05.263762+00,2026-06-09 18:14:05.368455+00,0.104693,185.883611,
32842d0c-baf1-4b98-84fa-a919ebdbc27d,numbered,57416,completed,sold,1,2026-06-09 18:10:59.489815+00,2026-06-09 18:14:05.390759+00,2026-06-09 18:14:05.49562+00,0.104861,186.005805,
7582496d-b7c7-4149-8ae6-914214807e64,numbered,20168,completed,seat_unavailable,1,2026-06-09 18:10:59.494941+00,2026-06-09 18:14:05.517564+00,2026-06-09 18:14:05.620483+00,0.102919,186.125542,
b27d37be-766d-4318-bf1e-1fbd5eb1b119,numbered,30184,completed,sold,1,2026-06-09 18:10:59.499855+00,2026-06-09 18:14:05.641497+00,2026-06-09 18:14:05.74643+00,0.104933,186.246575,
cd838dde-a627-4c1b-8d61-e49d9a1a4c2f,numbered,53889,completed,sold,1,2026-06-09 18:10:59.504839+00,2026-06-09 18:14:05.767458+00,2026-06-09 18:14:05.872025+00,0.104567,186.367186,
f05c052e-f1b5-4f22-8126-024aff67a8c2,numbered,52281,completed,sold,1,2026-06-09 18:10:59.509823+00,2026-06-09 18:14:05.893179+00,2026-06-09 18:14:05.997843+00,0.104664,186.488020,
35f2ab54-273a-4ae2-93c6-9f4dd390d34f,numbered,66720,completed,sold,1,2026-06-09 18:10:59.514755+00,2026-06-09 18:14:06.019684+00,2026-06-09 18:14:06.124328+00,0.104644,186.609573,
4f1b63d0-fd2f-4a81-8073-d6293fca8947,numbered,55418,completed,sold,1,2026-06-09 18:10:59.519736+00,2026-06-09 18:14:06.145133+00,2026-06-09 18:14:06.249866+00,0.104733,186.730130,
c404423d-278d-4be9-850f-47080efa1985,numbered,94750,completed,sold,1,2026-06-09 18:10:59.524778+00,2026-06-09 18:14:06.271149+00,2026-06-09 18:14:06.375771+00,0.104622,186.850993,
ff4e40f1-476f-466c-bf2f-2d1b568d4ed7,numbered,55373,completed,sold,1,2026-06-09 18:10:59.529875+00,2026-06-09 18:14:06.397185+00,2026-06-09 18:14:06.501803+00,0.104618,186.971928,
c4eb1227-2461-46b0-8435-31f2ac63a849,numbered,80129,completed,sold,1,2026-06-09 18:10:59.535067+00,2026-06-09 18:14:06.52225+00,2026-06-09 18:14:06.626836+00,0.104586,187.091769,
3e5a62df-48b4-41b7-aade-5cf64501b587,numbered,3638,completed,sold,1,2026-06-09 18:10:59.539955+00,2026-06-09 18:14:06.648206+00,2026-06-09 18:14:06.752795+00,0.104589,187.212840,
f8962416-753e-466b-ae1e-b0206b31ad7a,numbered,54082,completed,sold,1,2026-06-09 18:10:59.544948+00,2026-06-09 18:14:06.773875+00,2026-06-09 18:14:06.878124+00,0.104249,187.333176,
76cfffff-8089-4ea9-a673-7c7ebedbae88,numbered,8099,completed,sold,1,2026-06-09 18:10:59.550069+00,2026-06-09 18:14:06.898382+00,2026-06-09 18:14:07.003128+00,0.104746,187.453059,
5b84f28f-aab5-402c-b947-7ad9d7e9679d,numbered,74819,completed,sold,1,2026-06-09 18:10:59.554994+00,2026-06-09 18:14:07.024484+00,2026-06-09 18:14:07.129096+00,0.104612,187.574102,
73bda53b-bb00-4aca-ac9d-673e6481012a,numbered,27109,completed,sold,1,2026-06-09 18:10:59.559981+00,2026-06-09 18:14:07.150216+00,2026-06-09 18:14:07.254708+00,0.104492,187.694727,
a0f73404-175f-486c-8077-5b9780cbadde,numbered,52151,completed,sold,1,2026-06-09 18:10:59.564954+00,2026-06-09 18:14:07.274932+00,2026-06-09 18:14:07.379822+00,0.104890,187.814868,
710d711c-2386-436c-ae33-78ae09b3d017,numbered,9940,completed,sold,1,2026-06-09 18:10:59.570837+00,2026-06-09 18:14:07.401729+00,2026-06-09 18:14:07.508752+00,0.107023,187.937915,
056a031e-ce54-4816-bfce-fe4264aa6342,numbered,59737,completed,sold,1,2026-06-09 18:10:59.575822+00,2026-06-09 18:14:07.530915+00,2026-06-09 18:14:07.635517+00,0.104602,188.059695,
a592bc81-51bd-4b69-b666-55570be7dd84,numbered,42908,completed,sold,1,2026-06-09 18:10:59.580781+00,2026-06-09 18:14:07.656461+00,2026-06-09 18:14:07.76109+00,0.104629,188.180309,
eb0be897-6fa7-463a-bb17-147fc919a6be,numbered,89893,completed,sold,1,2026-06-09 18:10:59.585716+00,2026-06-09 18:14:07.782065+00,2026-06-09 18:14:07.887032+00,0.104967,188.301316,
50d0394e-65ab-4a03-ba8d-73c2fa94d8b0,numbered,9068,completed,sold,1,2026-06-09 18:10:59.591098+00,2026-06-09 18:14:07.907748+00,2026-06-09 18:14:08.012953+00,0.105205,188.421855,
6ea9a239-ddd2-4d6a-986c-bc8d1fc9a15d,numbered,84774,completed,sold,1,2026-06-09 18:10:59.595906+00,2026-06-09 18:14:08.034913+00,2026-06-09 18:14:08.139359+00,0.104446,188.543453,
d78cc45f-798f-4ae2-9ce9-09bade5714b3,numbered,36441,completed,sold,1,2026-06-09 18:10:59.600869+00,2026-06-09 18:14:08.159668+00,2026-06-09 18:14:08.264184+00,0.104516,188.663315,
829db303-3434-4119-abaa-d26b69eba00c,numbered,68103,completed,sold,1,2026-06-09 18:10:59.605812+00,2026-06-09 18:14:08.285652+00,2026-06-09 18:14:08.390555+00,0.104903,188.784743,
e2db3d25-182e-4ed6-ad90-bc6a46539ca7,numbered,3275,completed,sold,1,2026-06-09 18:10:59.610887+00,2026-06-09 18:14:08.411704+00,2026-06-09 18:14:08.516451+00,0.104747,188.905564,
110ccccd-ab35-4bc7-bfee-f7c2b52153b7,numbered,77805,completed,sold,1,2026-06-09 18:10:59.615831+00,2026-06-09 18:14:08.537252+00,2026-06-09 18:14:08.641907+00,0.104655,189.026076,
5012536e-dd93-40ef-9c37-76aacc2f5860,numbered,22545,completed,sold,1,2026-06-09 18:10:59.621706+00,2026-06-09 18:14:08.661957+00,2026-06-09 18:14:08.766339+00,0.104382,189.144633,
b7475467-6b73-452d-a846-22e1ffba0686,numbered,15161,completed,sold,1,2026-06-09 18:10:59.626697+00,2026-06-09 18:14:08.786834+00,2026-06-09 18:14:08.891447+00,0.104613,189.264750,
2245f1ac-6e8c-4603-bd23-b8cf5f6cdeef,numbered,92840,completed,sold,1,2026-06-09 18:10:59.631736+00,2026-06-09 18:14:08.911675+00,2026-06-09 18:14:09.016753+00,0.105078,189.385017,
a54867aa-9d1c-4181-ae5d-8399f4706934,numbered,63490,completed,sold,1,2026-06-09 18:10:59.636775+00,2026-06-09 18:14:09.040352+00,2026-06-09 18:14:09.144862+00,0.104510,189.508087,
f795dab7-8d3d-4082-934f-9c589ccc8e96,numbered,47045,completed,sold,1,2026-06-09 18:10:59.64169+00,2026-06-09 18:14:09.165382+00,2026-06-09 18:14:09.269833+00,0.104451,189.628143,
a3157d32-e5ed-4a22-b1a1-5c1e8a4fee60,numbered,89994,completed,seat_unavailable,1,2026-06-09 18:10:59.646609+00,2026-06-09 18:14:09.290509+00,2026-06-09 18:14:09.393219+00,0.102710,189.746610,
dfb504a2-8f79-42e6-b281-c4c5a45bbea9,numbered,71467,completed,sold,1,2026-06-09 18:10:59.651561+00,2026-06-09 18:14:09.415189+00,2026-06-09 18:14:09.519776+00,0.104587,189.868215,
f5366e92-79ed-4edd-ab43-b76505c93d21,numbered,93647,completed,sold,1,2026-06-09 18:10:59.65646+00,2026-06-09 18:14:09.541743+00,2026-06-09 18:14:09.646403+00,0.104660,189.989943,
46fb0823-5558-42b0-adc7-ee8c3c96e56a,numbered,17962,completed,sold,1,2026-06-09 18:10:59.661376+00,2026-06-09 18:14:09.667659+00,2026-06-09 18:14:09.772097+00,0.104438,190.110721,
46874977-d101-4afd-96d9-8a4b5e929cbd,numbered,75556,completed,sold,1,2026-06-09 18:10:59.666285+00,2026-06-09 18:14:09.792576+00,2026-06-09 18:14:09.897071+00,0.104495,190.230786,
d5e4f17a-fc66-436b-8493-da60a8008338,numbered,42959,completed,sold,1,2026-06-09 18:10:59.671226+00,2026-06-09 18:14:09.917638+00,2026-06-09 18:14:10.022906+00,0.105268,190.351680,
2cc4ec33-b384-428a-a49a-78a326a484fc,numbered,25008,completed,sold,1,2026-06-09 18:10:59.676104+00,2026-06-09 18:14:10.044039+00,2026-06-09 18:14:10.148448+00,0.104409,190.472344,
b55a2575-ea34-46c9-90d9-6a44dad16b21,numbered,95111,completed,sold,1,2026-06-09 18:10:59.680911+00,2026-06-09 18:14:10.16945+00,2026-06-09 18:14:10.273876+00,0.104426,190.592965,
7b842039-09fe-42f8-bacf-248c7f7e0170,numbered,83179,completed,sold,1,2026-06-09 18:10:59.685836+00,2026-06-09 18:14:10.295218+00,2026-06-09 18:14:10.399852+00,0.104634,190.714016,
3fe01833-fde6-4a05-9e69-d06543174020,numbered,65840,completed,sold,1,2026-06-09 18:10:59.690819+00,2026-06-09 18:14:10.420255+00,2026-06-09 18:14:10.524998+00,0.104743,190.834179,
ba9981df-5ce7-4b4a-8de4-c38243b5c32f,numbered,53493,completed,sold,1,2026-06-09 18:10:59.696744+00,2026-06-09 18:14:10.546439+00,2026-06-09 18:14:10.651148+00,0.104709,190.954404,
60f4f235-cbd0-4230-bf25-4e642f0812a4,numbered,28261,completed,sold,1,2026-06-09 18:10:59.701876+00,2026-06-09 18:14:10.671981+00,2026-06-09 18:14:10.776869+00,0.104888,191.074993,
3ad78b0c-fd8c-48a4-910d-75cbc7ddd632,numbered,85249,completed,sold,1,2026-06-09 18:10:59.706799+00,2026-06-09 18:14:10.796942+00,2026-06-09 18:14:10.901364+00,0.104422,191.194565,
f39c7de9-d21f-412c-b074-27c2e735da2d,numbered,99739,completed,sold,1,2026-06-09 18:10:59.711974+00,2026-06-09 18:14:10.921764+00,2026-06-09 18:14:11.02669+00,0.104926,191.314716,
767a8dd4-9aa3-49d5-acba-cbe8ff7938b4,numbered,83899,completed,sold,1,2026-06-09 18:10:59.717179+00,2026-06-09 18:14:11.04791+00,2026-06-09 18:14:11.152883+00,0.104973,191.435704,
86aca309-791e-4558-9b8f-326013530740,numbered,98513,completed,sold,1,2026-06-09 18:10:59.722705+00,2026-06-09 18:14:11.175213+00,2026-06-09 18:14:11.280122+00,0.104909,191.557417,
90cad782-399f-4f71-8085-6e0788cc4574,numbered,4192,completed,sold,1,2026-06-09 18:10:59.727897+00,2026-06-09 18:14:11.301743+00,2026-06-09 18:14:11.406188+00,0.104445,191.678291,
cb8fff37-9ad2-433f-b36f-b2cea6dc2091,numbered,70489,completed,sold,1,2026-06-09 18:10:59.732927+00,2026-06-09 18:14:11.427198+00,2026-06-09 18:14:11.531681+00,0.104483,191.798754,
4b64223e-8a27-473c-b800-00fc44c13f06,numbered,85737,completed,sold,1,2026-06-09 18:10:59.738005+00,2026-06-09 18:14:11.552352+00,2026-06-09 18:14:11.657049+00,0.104697,191.919044,
064e774a-4b8e-45ab-8acd-b37d1fa11c77,numbered,19216,completed,sold,1,2026-06-09 18:10:59.74292+00,2026-06-09 18:14:11.678155+00,2026-06-09 18:14:11.782867+00,0.104712,192.039947,
e193af9d-4dc9-43a3-a60e-196e4793777c,numbered,88772,completed,sold,1,2026-06-09 18:10:59.747918+00,2026-06-09 18:14:11.804184+00,2026-06-09 18:14:11.908592+00,0.104408,192.160674,
e8c54a20-04fe-4cd2-bbbe-4f8afeee7bfd,numbered,69036,completed,sold,1,2026-06-09 18:10:59.75277+00,2026-06-09 18:14:11.929521+00,2026-06-09 18:14:12.033951+00,0.104430,192.281181,
4e20a5b2-09d7-40f3-8334-1abcbf091354,numbered,12193,completed,sold,1,2026-06-09 18:10:59.757901+00,2026-06-09 18:14:12.055392+00,2026-06-09 18:14:12.159855+00,0.104463,192.401954,
5c343a5c-4ee4-4e92-9a54-912f836ef2d0,numbered,2198,completed,sold,1,2026-06-09 18:10:59.762792+00,2026-06-09 18:14:12.181214+00,2026-06-09 18:14:12.285854+00,0.104640,192.523062,
99bb2fcd-8ae6-4064-ad25-b0cfe390caa3,numbered,38957,completed,sold,1,2026-06-09 18:10:59.767966+00,2026-06-09 18:14:12.306502+00,2026-06-09 18:14:12.411211+00,0.104709,192.643245,
1cb50731-8226-41b5-8d6b-1bb6441b755d,numbered,14557,completed,sold,1,2026-06-09 18:10:59.772987+00,2026-06-09 18:14:12.432213+00,2026-06-09 18:14:12.536799+00,0.104586,192.763812,
0b4a6112-fb54-41be-a05a-9b27bf6d0805,numbered,7548,completed,sold,1,2026-06-09 18:10:59.777895+00,2026-06-09 18:14:12.558484+00,2026-06-09 18:14:12.663169+00,0.104685,192.885274,
cad73283-996c-4b93-9fb0-146a9542dce0,numbered,25734,completed,sold,1,2026-06-09 18:10:59.783027+00,2026-06-09 18:14:12.683787+00,2026-06-09 18:14:12.788322+00,0.104535,193.005295,
78392d85-3a68-487a-8443-fdb6b47ab091,numbered,29103,completed,sold,1,2026-06-09 18:10:59.787916+00,2026-06-09 18:14:12.809091+00,2026-06-09 18:14:12.913802+00,0.104711,193.125886,
910c8c30-def7-4c0b-9e10-9c8f39805d63,numbered,67696,completed,sold,1,2026-06-09 18:10:59.792954+00,2026-06-09 18:14:12.934779+00,2026-06-09 18:14:13.0397+00,0.104921,193.246746,
8409a62c-edf6-418f-ab88-faa4dd92ebff,numbered,53321,completed,sold,1,2026-06-09 18:10:59.798016+00,2026-06-09 18:14:13.060382+00,2026-06-09 18:14:13.165065+00,0.104683,193.367049,
21383f16-f0e0-433e-be0b-2624602bb2e0,numbered,64665,completed,sold,1,2026-06-09 18:10:59.802949+00,2026-06-09 18:14:13.186336+00,2026-06-09 18:14:13.291035+00,0.104699,193.488086,
458f8663-8406-4316-af4c-0e7bcdd79ebb,numbered,8540,completed,sold,1,2026-06-09 18:10:59.807906+00,2026-06-09 18:14:13.311729+00,2026-06-09 18:14:13.41607+00,0.104341,193.608164,
1d2162f8-6dd4-4636-85ce-bfe4dec34e38,numbered,4264,completed,sold,1,2026-06-09 18:10:59.812895+00,2026-06-09 18:14:13.4364+00,2026-06-09 18:14:13.541239+00,0.104839,193.728344,
50cf96da-a60f-4cca-abd5-24b65abff58e,numbered,3552,completed,sold,1,2026-06-09 18:10:59.817788+00,2026-06-09 18:14:13.562454+00,2026-06-09 18:14:13.667414+00,0.104960,193.849626,
01403e71-399d-46fd-b189-11ccafdab99e,numbered,80990,completed,sold,1,2026-06-09 18:10:59.823327+00,2026-06-09 18:14:13.687995+00,2026-06-09 18:14:13.792826+00,0.104831,193.969499,
c345673f-4503-4c2c-84d5-7ba675ad1b81,numbered,27698,completed,sold,1,2026-06-09 18:10:59.828993+00,2026-06-09 18:14:13.813879+00,2026-06-09 18:14:13.918146+00,0.104267,194.089153,
b9a4cb2f-955a-4e69-9673-673c345af066,numbered,32489,completed,sold,1,2026-06-09 18:10:59.834129+00,2026-06-09 18:14:13.938362+00,2026-06-09 18:14:14.042979+00,0.104617,194.208850,
7dea186c-3663-4ef0-9fc8-f613d17c3908,numbered,55056,completed,sold,1,2026-06-09 18:10:59.839275+00,2026-06-09 18:14:14.064244+00,2026-06-09 18:14:14.168975+00,0.104731,194.329700,
74a7a481-8e6a-4ebc-8021-49d7de9ab5ab,numbered,91452,completed,sold,1,2026-06-09 18:10:59.844104+00,2026-06-09 18:14:14.190206+00,2026-06-09 18:14:14.294852+00,0.104646,194.450748,
5ef564c1-c8c7-4f4a-8756-650333d4a8ee,numbered,4089,completed,sold,1,2026-06-09 18:10:59.848958+00,2026-06-09 18:14:14.316252+00,2026-06-09 18:14:14.420916+00,0.104664,194.571958,
3646654c-fd6a-467d-a7a9-98da87b0a0a1,numbered,32381,completed,sold,1,2026-06-09 18:10:59.854013+00,2026-06-09 18:14:14.442877+00,2026-06-09 18:14:14.547721+00,0.104844,194.693708,
9a096b1c-5e30-4d0f-bbcd-e4784179c397,numbered,99632,completed,sold,1,2026-06-09 18:10:59.858886+00,2026-06-09 18:14:14.568382+00,2026-06-09 18:14:14.673185+00,0.104803,194.814299,
48549988-0f00-4d09-bd03-58df5877eb33,numbered,16027,completed,sold,1,2026-06-09 18:10:59.864086+00,2026-06-09 18:14:14.695876+00,2026-06-09 18:14:14.800531+00,0.104655,194.936445,
46284f33-8367-43c1-b107-3b06b1501d4b,numbered,75335,completed,sold,1,2026-06-09 18:10:59.869226+00,2026-06-09 18:14:14.822448+00,2026-06-09 18:14:14.927112+00,0.104664,195.057886,
082e3f09-6234-4cc5-b9a3-5e072c07fac4,numbered,90997,completed,sold,1,2026-06-09 18:10:59.874202+00,2026-06-09 18:14:14.948072+00,2026-06-09 18:14:15.053892+00,0.105820,195.179690,
40b92110-f69e-4d5b-87d6-bdb7ad36ecb3,numbered,67222,completed,sold,1,2026-06-09 18:10:59.879131+00,2026-06-09 18:14:15.076415+00,2026-06-09 18:14:15.180994+00,0.104579,195.301863,
45a61869-b304-4db7-8983-f41d18baee46,numbered,54743,completed,sold,1,2026-06-09 18:10:59.883953+00,2026-06-09 18:14:15.203258+00,2026-06-09 18:14:15.308535+00,0.105277,195.424582,
8e7f6295-9e8e-49ac-8f38-0277724ae9e4,numbered,90953,completed,sold,1,2026-06-09 18:10:59.888926+00,2026-06-09 18:14:15.331755+00,2026-06-09 18:14:15.43641+00,0.104655,195.547484,
692bbd38-4ce0-4bc4-8fa3-20b571c99e14,numbered,78116,completed,sold,1,2026-06-09 18:10:59.894349+00,2026-06-09 18:14:15.460246+00,2026-06-09 18:14:15.565455+00,0.105209,195.671106,
4ab1fa59-78c4-4002-959f-6e5bf17b783f,numbered,39187,completed,sold,1,2026-06-09 18:10:59.899388+00,2026-06-09 18:14:15.594547+00,2026-06-09 18:14:15.699167+00,0.104620,195.799779,
dfe3a8b1-56f2-4fad-a093-9b1287063e5d,numbered,29372,completed,sold,1,2026-06-09 18:10:59.90434+00,2026-06-09 18:14:15.72019+00,2026-06-09 18:14:15.824833+00,0.104643,195.920493,
0f46dfcd-10c5-4436-8e8e-f3e7082b33a4,numbered,16824,completed,sold,1,2026-06-09 18:10:59.909356+00,2026-06-09 18:14:15.845848+00,2026-06-09 18:14:15.950699+00,0.104851,196.041343,
fdb6d71f-2751-4579-a1f3-74c1c414789d,numbered,43500,completed,sold,1,2026-06-09 18:10:59.914471+00,2026-06-09 18:14:15.971602+00,2026-06-09 18:14:16.076385+00,0.104783,196.161914,
8ffe0078-c741-4a67-8adf-31beea92b206,numbered,71074,completed,sold,1,2026-06-09 18:10:59.91957+00,2026-06-09 18:14:16.097621+00,2026-06-09 18:14:16.202075+00,0.104454,196.282505,
ebfbe500-7bd8-4f2b-b1fa-215f70d96449,numbered,34920,completed,sold,1,2026-06-09 18:10:59.924657+00,2026-06-09 18:14:16.22376+00,2026-06-09 18:14:16.329235+00,0.105475,196.404578,
4c00a0d0-7e0b-452f-98ce-526d33bc6a06,numbered,15305,completed,sold,1,2026-06-09 18:10:59.929699+00,2026-06-09 18:14:16.353494+00,2026-06-09 18:14:16.458404+00,0.104910,196.528705,
cbb8f545-a6ac-4895-a954-a8b060c569f7,numbered,58753,completed,sold,1,2026-06-09 18:10:59.934709+00,2026-06-09 18:14:16.479421+00,2026-06-09 18:14:16.584095+00,0.104674,196.649386,
8ecf2bc7-f3b4-4e94-9801-55b8ae30ea62,numbered,72632,completed,sold,1,2026-06-09 18:10:59.939784+00,2026-06-09 18:14:16.606846+00,2026-06-09 18:14:16.711566+00,0.104720,196.771782,
073f0c1f-8378-410c-852e-5a052a2553b8,numbered,77912,completed,sold,1,2026-06-09 18:10:59.944747+00,2026-06-09 18:14:16.731625+00,2026-06-09 18:14:16.836235+00,0.104610,196.891488,
ade18e10-a087-4679-9066-4a1309465727,numbered,76090,completed,sold,1,2026-06-09 18:10:59.950259+00,2026-06-09 18:14:16.856755+00,2026-06-09 18:14:16.961302+00,0.104547,197.011043,
7cef4a26-5feb-4921-ae8a-848ea67684a8,numbered,59518,completed,sold,1,2026-06-09 18:10:59.955219+00,2026-06-09 18:14:16.981634+00,2026-06-09 18:14:17.086312+00,0.104678,197.131093,
ee895674-ed6b-443c-8259-9cfd84afd39b,numbered,14132,completed,sold,1,2026-06-09 18:10:59.960285+00,2026-06-09 18:14:17.107313+00,2026-06-09 18:14:17.212167+00,0.104854,197.251882,
b1c66932-4ba3-4faa-847a-e470ead56cd5,numbered,18192,completed,sold,1,2026-06-09 18:10:59.965236+00,2026-06-09 18:14:17.233533+00,2026-06-09 18:14:17.338176+00,0.104643,197.372940,
4f972fe2-c86e-4eee-83d3-cedbac24200f,numbered,38900,completed,sold,1,2026-06-09 18:10:59.970448+00,2026-06-09 18:14:17.359824+00,2026-06-09 18:14:17.469782+00,0.109958,197.499334,
e2fb49e0-51b4-4e4f-857a-bc1826a7426c,numbered,3492,completed,sold,1,2026-06-09 18:10:59.97596+00,2026-06-09 18:14:17.493126+00,2026-06-09 18:14:17.597749+00,0.104623,197.621789,
477ab111-9a0c-4239-896b-5a6e520c883e,numbered,20950,completed,sold,1,2026-06-09 18:10:59.985069+00,2026-06-09 18:14:17.619148+00,2026-06-09 18:14:17.724125+00,0.104977,197.739056,
96aff8d0-86d7-4195-8103-73f39c492348,numbered,63653,completed,sold,1,2026-06-09 18:10:59.99069+00,2026-06-09 18:14:17.745487+00,2026-06-09 18:14:17.850268+00,0.104781,197.859578,
f4aa2545-2c8a-4ece-86d5-4ae3c3991b51,numbered,92367,completed,sold,1,2026-06-09 18:10:59.995911+00,2026-06-09 18:14:17.871325+00,2026-06-09 18:14:17.976259+00,0.104934,197.980348,
2ef14b77-801f-4210-9d51-ffb6acad4490,numbered,58897,completed,sold,1,2026-06-09 18:11:00.018481+00,2026-06-09 18:14:17.997512+00,2026-06-09 18:14:18.101824+00,0.104312,198.083343,
d2b4fdee-8c7d-402c-846e-9f80a3fd2d82,numbered,87614,completed,sold,1,2026-06-09 18:11:00.0257+00,2026-06-09 18:14:18.122803+00,2026-06-09 18:14:18.227309+00,0.104506,198.201609,
f63b0c8b-14ec-443c-9aa8-f7030abdd28a,numbered,87256,completed,sold,1,2026-06-09 18:11:00.0316+00,2026-06-09 18:14:18.247693+00,2026-06-09 18:14:18.352347+00,0.104654,198.320747,
c8654a06-6f2d-4b7b-81bd-d3e90749557c,numbered,34892,completed,seat_unavailable,1,2026-06-09 18:11:00.040287+00,2026-06-09 18:14:18.375129+00,2026-06-09 18:14:18.477915+00,0.102786,198.437628,
5b7b3344-aaa6-4751-aedf-8b08a9e9534b,numbered,88814,completed,sold,1,2026-06-09 18:11:00.047363+00,2026-06-09 18:14:18.499159+00,2026-06-09 18:14:18.603812+00,0.104653,198.556449,
22bd2c42-93cf-4730-bed1-510addec440f,numbered,56442,completed,sold,1,2026-06-09 18:11:00.056568+00,2026-06-09 18:14:18.625266+00,2026-06-09 18:14:18.729738+00,0.104472,198.673170,
818d6193-431a-4427-b1d2-94c8d81e943e,numbered,77409,completed,sold,1,2026-06-09 18:11:00.063377+00,2026-06-09 18:14:18.75018+00,2026-06-09 18:14:18.854904+00,0.104724,198.791527,
a437ec39-a80f-4a96-ac74-7255485b0e64,numbered,43707,completed,sold,1,2026-06-09 18:11:00.070182+00,2026-06-09 18:14:18.875655+00,2026-06-09 18:14:18.980963+00,0.105308,198.910781,
fe4380a3-be79-4d0a-92d6-a9053203b337,numbered,56525,completed,sold,1,2026-06-09 18:11:00.075953+00,2026-06-09 18:14:19.002181+00,2026-06-09 18:14:19.106894+00,0.104713,199.030941,
9040b5de-0061-4359-a978-da28b5505d8d,numbered,85838,completed,sold,1,2026-06-09 18:11:00.081513+00,2026-06-09 18:14:19.127864+00,2026-06-09 18:14:19.232377+00,0.104513,199.150864,
d4e81f84-c1c7-4fe7-b79b-654455a2f16d,numbered,39595,completed,sold,1,2026-06-09 18:11:00.087373+00,2026-06-09 18:14:19.253325+00,2026-06-09 18:14:19.35772+00,0.104395,199.270347,
a6db1381-7540-45cf-8a42-4aa872ef176d,numbered,36205,completed,sold,1,2026-06-09 18:11:00.092653+00,2026-06-09 18:14:19.378287+00,2026-06-09 18:14:19.482759+00,0.104472,199.390106,
1dbb2b45-53e4-42bf-b98b-c276ae3feb3e,numbered,62045,completed,sold,1,2026-06-09 18:11:00.098842+00,2026-06-09 18:14:19.503039+00,2026-06-09 18:14:19.607807+00,0.104768,199.508965,
741f09f7-345b-445a-8e60-dd535ec2411c,numbered,57582,completed,sold,1,2026-06-09 18:11:00.104354+00,2026-06-09 18:14:19.629103+00,2026-06-09 18:14:19.733668+00,0.104565,199.629314,
db91de7e-1b92-427e-8ab5-e0d1cd50baba,numbered,14235,completed,sold,1,2026-06-09 18:11:00.109829+00,2026-06-09 18:14:19.755043+00,2026-06-09 18:14:19.859785+00,0.104742,199.749956,
5bdd5844-d8ea-47eb-a661-bee6772cb877,numbered,51073,completed,seat_unavailable,1,2026-06-09 18:11:00.115415+00,2026-06-09 18:14:19.881613+00,2026-06-09 18:14:19.984378+00,0.102765,199.868963,
7f6dd3e4-b75f-4aa1-97fe-ea4fa9e6cff6,numbered,42730,completed,sold,1,2026-06-09 18:11:00.120955+00,2026-06-09 18:14:20.005773+00,2026-06-09 18:14:20.110445+00,0.104672,199.989490,
420f3382-32b2-461b-b58a-556dda12372a,numbered,63209,completed,sold,1,2026-06-09 18:11:00.126986+00,2026-06-09 18:14:20.131519+00,2026-06-09 18:14:20.236255+00,0.104736,200.109269,
e381c119-6b9a-41eb-95a9-d9b2afbf9dff,numbered,9446,completed,sold,1,2026-06-09 18:11:00.132942+00,2026-06-09 18:14:20.258534+00,2026-06-09 18:14:20.363354+00,0.104820,200.230412,
5777a04d-b1ea-41d1-8620-26c27f365071,numbered,36531,completed,sold,1,2026-06-09 18:11:00.138241+00,2026-06-09 18:14:20.38512+00,2026-06-09 18:14:20.489782+00,0.104662,200.351541,
01a3800f-28ef-41e7-9899-b03a91dcfed4,numbered,73179,completed,sold,1,2026-06-09 18:11:00.14386+00,2026-06-09 18:14:20.510555+00,2026-06-09 18:14:20.615178+00,0.104623,200.471318,
74188d15-9f9b-423f-9887-0d47a85afc29,numbered,78084,completed,sold,1,2026-06-09 18:11:00.149197+00,2026-06-09 18:14:20.637272+00,2026-06-09 18:14:20.74186+00,0.104588,200.592663,
22e9de42-1464-4ca6-9e19-e868bb8e176a,numbered,72355,completed,sold,1,2026-06-09 18:11:00.156268+00,2026-06-09 18:14:20.762789+00,2026-06-09 18:14:20.867429+00,0.104640,200.711161,
479f1bf2-0307-4ffe-8e09-17c5c51511de,numbered,83410,completed,sold,1,2026-06-09 18:11:00.163111+00,2026-06-09 18:14:20.888848+00,2026-06-09 18:14:20.993439+00,0.104591,200.830328,
a77c7b8e-77f7-4212-a150-42918393c50e,numbered,89038,completed,sold,1,2026-06-09 18:11:00.169452+00,2026-06-09 18:14:21.013518+00,2026-06-09 18:14:21.118095+00,0.104577,200.948643,
317b1460-c3d3-4796-900b-ac733587fd12,numbered,49435,completed,sold,1,2026-06-09 18:11:00.175276+00,2026-06-09 18:14:21.138399+00,2026-06-09 18:14:21.24288+00,0.104481,201.067604,
eec8aa2e-5189-4461-8648-8e2e761a4156,numbered,83418,completed,sold,1,2026-06-09 18:11:00.181217+00,2026-06-09 18:14:21.263589+00,2026-06-09 18:14:21.368451+00,0.104862,201.187234,
f60790f5-9b40-4520-87c9-5f25c01888a3,numbered,36962,completed,sold,1,2026-06-09 18:11:00.188418+00,2026-06-09 18:14:21.389548+00,2026-06-09 18:14:21.494399+00,0.104851,201.305981,
b48aa1e1-ae42-4028-8821-65a39350914b,numbered,28780,completed,sold,1,2026-06-09 18:11:00.194828+00,2026-06-09 18:14:21.51581+00,2026-06-09 18:14:21.620996+00,0.105186,201.426168,
5d0b28cc-fccb-4ae1-b49c-de2f5917cd2a,numbered,29715,completed,sold,1,2026-06-09 18:11:00.201423+00,2026-06-09 18:14:21.64274+00,2026-06-09 18:14:21.747692+00,0.104952,201.546269,
d9d45b3f-f6b6-4c25-a635-fa907ca3968d,numbered,40687,completed,sold,1,2026-06-09 18:11:00.209414+00,2026-06-09 18:14:21.768326+00,2026-06-09 18:14:21.873066+00,0.104740,201.663652,
af6b2f86-e13a-4dce-894c-c670635f5623,numbered,90378,completed,sold,1,2026-06-09 18:11:00.216792+00,2026-06-09 18:14:21.895238+00,2026-06-09 18:14:21.99977+00,0.104532,201.782978,
db295e53-2fef-44eb-be4f-3bd50a4020d8,numbered,70074,completed,sold,1,2026-06-09 18:11:00.22468+00,2026-06-09 18:14:22.021239+00,2026-06-09 18:14:22.125683+00,0.104444,201.901003,
69dc2a5f-3c82-476c-b186-40e4d39f5081,numbered,92164,completed,sold,1,2026-06-09 18:11:00.240368+00,2026-06-09 18:14:22.14695+00,2026-06-09 18:14:22.251744+00,0.104794,202.011376,
fdddb6df-2523-4336-b22e-197eff996a49,numbered,35697,completed,sold,1,2026-06-09 18:11:00.247605+00,2026-06-09 18:14:22.271903+00,2026-06-09 18:14:22.376977+00,0.105074,202.129372,
2a951180-4f59-4ad4-b753-6c08b2660151,numbered,82820,completed,sold,1,2026-06-09 18:11:00.256016+00,2026-06-09 18:14:22.397885+00,2026-06-09 18:14:22.502707+00,0.104822,202.246691,
a48c00a6-13bf-42c5-bb33-b5da913b50b5,numbered,24159,completed,sold,1,2026-06-09 18:11:00.266306+00,2026-06-09 18:14:22.523945+00,2026-06-09 18:14:22.628686+00,0.104741,202.362380,
7cd93495-c718-4b8a-a7cb-c647a7565b32,numbered,46304,completed,sold,1,2026-06-09 18:11:00.276331+00,2026-06-09 18:14:22.649775+00,2026-06-09 18:14:22.754228+00,0.104453,202.477897,
c0b04f2c-dfaf-4a71-b5e4-444349346883,numbered,69004,completed,sold,1,2026-06-09 18:11:00.281913+00,2026-06-09 18:14:22.774787+00,2026-06-09 18:14:22.879082+00,0.104295,202.597169,
0835fb6a-4d8b-4fb0-b260-8331dfdb936d,numbered,57630,completed,sold,1,2026-06-09 18:11:00.287277+00,2026-06-09 18:14:22.899928+00,2026-06-09 18:14:23.0048+00,0.104872,202.717523,
b295af8c-a509-453f-9e23-9f8cd619ac0b,numbered,90163,completed,sold,1,2026-06-09 18:11:00.29439+00,2026-06-09 18:14:23.025872+00,2026-06-09 18:14:23.130741+00,0.104869,202.836351,
a490d327-f709-4ed2-9c1c-80fd961ade64,numbered,15195,completed,sold,1,2026-06-09 18:11:00.300303+00,2026-06-09 18:14:23.153022+00,2026-06-09 18:14:23.257662+00,0.104640,202.957359,
877ccfe4-c831-47fa-91cc-18579fcc65e1,numbered,1196,completed,sold,1,2026-06-09 18:11:00.306378+00,2026-06-09 18:14:23.278966+00,2026-06-09 18:14:23.383502+00,0.104536,203.077124,
377fdb17-4691-47d2-ad33-5f2a86c3100c,numbered,26146,completed,sold,1,2026-06-09 18:11:00.312747+00,2026-06-09 18:14:23.403928+00,2026-06-09 18:14:23.508813+00,0.104885,203.196066,
c910a9af-966c-4460-9ca3-24341bd34c6f,numbered,60715,completed,sold,1,2026-06-09 18:11:00.318457+00,2026-06-09 18:14:23.52983+00,2026-06-09 18:14:23.634702+00,0.104872,203.316245,
0b4a57ea-2a90-47eb-8eb8-1086568515f7,numbered,16811,completed,sold,1,2026-06-09 18:11:00.325496+00,2026-06-09 18:14:23.655332+00,2026-06-09 18:14:23.759876+00,0.104544,203.434380,
b85e14b8-4fd0-4fbb-b77b-351ed1465b3f,numbered,90301,completed,sold,1,2026-06-09 18:11:00.332014+00,2026-06-09 18:14:23.780723+00,2026-06-09 18:14:23.885506+00,0.104783,203.553492,
ec1d2784-b8ba-4332-bcdc-5ef3c8244dd0,numbered,70602,completed,sold,1,2026-06-09 18:11:00.338279+00,2026-06-09 18:14:23.906426+00,2026-06-09 18:14:24.011213+00,0.104787,203.672934,
b1414aa1-81cd-4460-b5ba-e7da07e45c22,numbered,48282,completed,sold,1,2026-06-09 18:11:00.343932+00,2026-06-09 18:14:24.032168+00,2026-06-09 18:14:24.136535+00,0.104367,203.792603,
48b41a6b-33a1-40aa-b54c-b25627565e0b,numbered,55906,completed,sold,1,2026-06-09 18:11:00.34941+00,2026-06-09 18:14:24.157266+00,2026-06-09 18:14:24.261787+00,0.104521,203.912377,
8b5a3edf-62e9-40d0-9401-edb3f9f26817,numbered,71670,completed,sold,1,2026-06-09 18:11:00.354811+00,2026-06-09 18:14:24.284486+00,2026-06-09 18:14:24.389637+00,0.105151,204.034826,
323e198e-4805-494f-bcca-1994188f52f3,numbered,39095,completed,sold,1,2026-06-09 18:11:00.360196+00,2026-06-09 18:14:24.410322+00,2026-06-09 18:14:24.514727+00,0.104405,204.154531,
18f73cfc-8fea-408b-bf58-ad176f9e9585,numbered,7758,completed,sold,1,2026-06-09 18:11:00.365749+00,2026-06-09 18:14:24.535159+00,2026-06-09 18:14:24.639806+00,0.104647,204.274057,
cac7e553-c04e-4a4b-afb0-fe06ce24b438,numbered,1393,completed,sold,1,2026-06-09 18:11:00.373986+00,2026-06-09 18:14:24.660212+00,2026-06-09 18:14:24.764661+00,0.104449,204.390675,
8770f1f3-25fd-49c8-9bd4-3db8370e3b16,numbered,45711,completed,sold,1,2026-06-09 18:11:00.379385+00,2026-06-09 18:14:24.785417+00,2026-06-09 18:14:24.891753+00,0.106336,204.512368,
52cdce04-7543-462b-8963-7193d822a319,numbered,23177,completed,sold,1,2026-06-09 18:11:00.385211+00,2026-06-09 18:14:24.913531+00,2026-06-09 18:14:25.018347+00,0.104816,204.633136,
44880140-de47-4861-9806-a5fccd97e66c,numbered,66131,completed,sold,1,2026-06-09 18:11:00.395101+00,2026-06-09 18:14:25.039239+00,2026-06-09 18:14:25.143603+00,0.104364,204.748502,
b7293c0e-dc5b-4235-b08a-fe6642f392ce,numbered,90905,completed,sold,1,2026-06-09 18:11:00.400933+00,2026-06-09 18:14:25.164546+00,2026-06-09 18:14:25.269106+00,0.104560,204.868173,
5cd8b599-eebc-4e60-91a4-5d57da362f9a,numbered,47810,completed,sold,1,2026-06-09 18:11:00.405956+00,2026-06-09 18:14:25.291149+00,2026-06-09 18:14:25.395757+00,0.104608,204.989801,
787da98d-c22d-46b1-bd33-f637ac60dff2,numbered,27051,completed,sold,1,2026-06-09 18:11:00.411145+00,2026-06-09 18:14:25.416478+00,2026-06-09 18:14:25.521305+00,0.104827,205.110160,
71e0ecc8-7917-48e9-baab-7306919b9946,numbered,51802,completed,sold,1,2026-06-09 18:11:00.417411+00,2026-06-09 18:14:25.542027+00,2026-06-09 18:14:25.646981+00,0.104954,205.229570,
c19b8b12-beba-494d-95ce-fb422013b118,numbered,77306,completed,sold,1,2026-06-09 18:11:00.422784+00,2026-06-09 18:14:25.667816+00,2026-06-09 18:14:25.772808+00,0.104992,205.350024,
8edbc00d-dfe8-43b5-aa20-52a225768bbc,numbered,65180,completed,sold,1,2026-06-09 18:11:00.427845+00,2026-06-09 18:14:25.793952+00,2026-06-09 18:14:25.898671+00,0.104719,205.470826,
0e222738-8254-4670-8a9c-5c2c5cb75b12,numbered,89068,completed,sold,1,2026-06-09 18:11:00.432899+00,2026-06-09 18:14:25.919414+00,2026-06-09 18:14:26.024028+00,0.104614,205.591129,
01cd36fd-38a4-4d5a-bf8a-71fa56f46d62,numbered,15049,completed,sold,1,2026-06-09 18:11:00.437867+00,2026-06-09 18:14:26.045452+00,2026-06-09 18:14:26.150073+00,0.104621,205.712206,
e4c1c842-d773-4053-abdc-5b6f374cc802,numbered,36515,completed,sold,1,2026-06-09 18:11:00.442763+00,2026-06-09 18:14:26.170059+00,2026-06-09 18:14:26.274698+00,0.104639,205.831935,
fc8d98bd-12ba-479d-8636-612c571dc929,numbered,33475,completed,sold,1,2026-06-09 18:11:00.448018+00,2026-06-09 18:14:26.296171+00,2026-06-09 18:14:26.400612+00,0.104441,205.952594,
1abfbade-5a1b-4d92-8fd6-a698961db169,numbered,56313,completed,sold,1,2026-06-09 18:11:00.45322+00,2026-06-09 18:14:26.42161+00,2026-06-09 18:14:26.526107+00,0.104497,206.072887,
f72503f2-b155-4748-a94b-e114ad102302,numbered,4601,completed,sold,1,2026-06-09 18:11:00.458331+00,2026-06-09 18:14:26.547091+00,2026-06-09 18:14:26.651438+00,0.104347,206.193107,
40f8f6f0-6cdf-4b5e-b2ae-e1301963063b,numbered,34538,completed,sold,1,2026-06-09 18:11:00.463566+00,2026-06-09 18:14:26.671453+00,2026-06-09 18:14:26.776186+00,0.104733,206.312620,
14a4bb0d-10af-404e-99a3-4483a6cb4579,numbered,40496,completed,seat_unavailable,1,2026-06-09 18:11:00.468779+00,2026-06-09 18:14:26.797769+00,2026-06-09 18:14:26.900508+00,0.102739,206.431729,
79e842c0-e5e1-4e97-a4b0-7b5be911e583,numbered,48179,completed,sold,1,2026-06-09 18:11:00.474099+00,2026-06-09 18:14:26.921555+00,2026-06-09 18:14:27.026025+00,0.104470,206.551926,
e7d4bdbc-1a8d-4bf7-aaaa-8c3a2c342e53,numbered,51788,completed,sold,1,2026-06-09 18:11:00.47919+00,2026-06-09 18:14:27.047213+00,2026-06-09 18:14:27.151592+00,0.104379,206.672402,
741259cf-a1e9-4c54-9b66-8d07b3d522bb,numbered,45923,completed,sold,1,2026-06-09 18:11:00.484196+00,2026-06-09 18:14:27.172178+00,2026-06-09 18:14:27.276533+00,0.104355,206.792337,
9f67d471-2aa5-459b-a9d1-3843be6e34ce,numbered,40474,completed,sold,1,2026-06-09 18:11:00.48925+00,2026-06-09 18:14:27.298407+00,2026-06-09 18:14:27.403032+00,0.104625,206.913782,
2415cbbe-6d24-4a41-9fc9-47401d973cd3,numbered,27131,completed,sold,1,2026-06-09 18:11:00.494392+00,2026-06-09 18:14:27.424283+00,2026-06-09 18:14:27.528861+00,0.104578,207.034469,
a6f10bd6-4e89-4e55-b073-46e7a1a60598,numbered,60507,completed,sold,1,2026-06-09 18:11:00.499499+00,2026-06-09 18:14:27.550023+00,2026-06-09 18:14:27.654418+00,0.104395,207.154919,
fa18132a-23e1-4b7d-9ff6-0dffd3e8dbee,numbered,5930,completed,sold,1,2026-06-09 18:11:00.504804+00,2026-06-09 18:14:27.674874+00,2026-06-09 18:14:27.779328+00,0.104454,207.274524,
4782ed0b-1758-4a84-b154-0b0560114852,numbered,22114,completed,sold,1,2026-06-09 18:11:00.509957+00,2026-06-09 18:14:27.799942+00,2026-06-09 18:14:27.90478+00,0.104838,207.394823,
0a903fc4-9757-4c7e-bbf4-ef90ca9b2638,numbered,48113,completed,sold,1,2026-06-09 18:11:00.51494+00,2026-06-09 18:14:27.926356+00,2026-06-09 18:14:28.030948+00,0.104592,207.516008,
02c30d2c-dbd2-4a76-aafe-3fcfab742723,numbered,3854,completed,sold,1,2026-06-09 18:11:00.519969+00,2026-06-09 18:14:28.052242+00,2026-06-09 18:14:28.157181+00,0.104939,207.637212,
a8018116-30fa-4e41-9f6b-2e6252bf1bad,numbered,24846,completed,sold,1,2026-06-09 18:11:00.52504+00,2026-06-09 18:14:28.177596+00,2026-06-09 18:14:28.28197+00,0.104374,207.756930,
8e64a7fe-00b6-4296-8668-c83576a91bc6,numbered,93046,completed,sold,1,2026-06-09 18:11:00.530086+00,2026-06-09 18:14:28.303171+00,2026-06-09 18:14:28.407776+00,0.104605,207.877690,
c4fb5f09-0030-4459-b445-38f928def971,numbered,26793,completed,sold,1,2026-06-09 18:11:00.535067+00,2026-06-09 18:14:28.427847+00,2026-06-09 18:14:28.532355+00,0.104508,207.997288,
658c3cb5-267d-458c-9418-63fdd0d7f2d0,numbered,13446,completed,sold,1,2026-06-09 18:11:00.540116+00,2026-06-09 18:14:28.55307+00,2026-06-09 18:14:28.657441+00,0.104371,208.117325,
49af2b1c-f048-49ba-a7d7-9cea4cc1c0ae,numbered,95465,completed,sold,1,2026-06-09 18:11:00.545751+00,2026-06-09 18:14:28.678191+00,2026-06-09 18:14:28.782881+00,0.104690,208.237130,
7b63d757-982e-4ed5-b461-21829450cbfe,numbered,38181,completed,sold,1,2026-06-09 18:11:00.550738+00,2026-06-09 18:14:28.80423+00,2026-06-09 18:14:28.908931+00,0.104701,208.358193,
d7e2d9b4-6983-423b-9e63-03e708be9aa6,numbered,78804,completed,sold,1,2026-06-09 18:11:00.556482+00,2026-06-09 18:14:28.929839+00,2026-06-09 18:14:29.034465+00,0.104626,208.477983,
e424bfe3-9261-43e1-a2ed-ef2a5b985143,numbered,94159,completed,sold,1,2026-06-09 18:11:00.561835+00,2026-06-09 18:14:29.055981+00,2026-06-09 18:14:29.160566+00,0.104585,208.598731,
959ff53d-a2db-4d63-adb2-f48756e2eeda,numbered,77931,completed,sold,1,2026-06-09 18:11:00.566938+00,2026-06-09 18:14:29.183009+00,2026-06-09 18:14:29.287581+00,0.104572,208.720643,
027b83e7-c5e8-46a3-857d-f39751fa4ef1,numbered,17432,completed,sold,1,2026-06-09 18:11:00.571983+00,2026-06-09 18:14:29.30936+00,2026-06-09 18:14:29.414012+00,0.104652,208.842029,
4db065de-ec76-49bc-915d-df29027664ec,numbered,30710,completed,sold,1,2026-06-09 18:11:00.577253+00,2026-06-09 18:14:29.434825+00,2026-06-09 18:14:29.539196+00,0.104371,208.961943,
994083d2-0973-4083-89ce-166802ba7940,numbered,66657,completed,sold,1,2026-06-09 18:11:00.582309+00,2026-06-09 18:14:29.559885+00,2026-06-09 18:14:29.664538+00,0.104653,209.082229,
110af94c-e400-44e6-9c6e-218e699d1446,numbered,6549,completed,sold,1,2026-06-09 18:11:00.588757+00,2026-06-09 18:14:29.686362+00,2026-06-09 18:14:29.790737+00,0.104375,209.201980,
513d98e6-6eea-4c55-a6c4-e4af9cf43f97,numbered,85586,completed,sold,1,2026-06-09 18:11:00.593896+00,2026-06-09 18:14:29.81184+00,2026-06-09 18:14:29.916825+00,0.104985,209.322929,
041eb6cb-3baf-4fda-bcdd-f7c33d96e5cc,numbered,79999,completed,sold,1,2026-06-09 18:11:00.59888+00,2026-06-09 18:14:29.939128+00,2026-06-09 18:14:30.044015+00,0.104887,209.445135,
bd0dccd9-72a2-4a23-9168-73a5c5f7215b,numbered,73986,completed,sold,1,2026-06-09 18:11:00.603904+00,2026-06-09 18:14:30.06539+00,2026-06-09 18:14:30.169592+00,0.104202,209.565688,
8628605c-2ce0-476d-842e-eb44b9858b37,numbered,52783,completed,sold,1,2026-06-09 18:11:00.609053+00,2026-06-09 18:14:30.190319+00,2026-06-09 18:14:30.294926+00,0.104607,209.685873,
2d59db73-fe9d-4e60-ab51-03e8be2f3b7c,numbered,76087,completed,sold,1,2026-06-09 18:11:00.61412+00,2026-06-09 18:14:30.316232+00,2026-06-09 18:14:30.420668+00,0.104436,209.806548,
1cbdeb9f-b9c9-4998-95a0-02fbc75cba83,numbered,73366,completed,sold,1,2026-06-09 18:11:00.619597+00,2026-06-09 18:14:30.441366+00,2026-06-09 18:14:30.545809+00,0.104443,209.926212,
aaab1e23-0639-454e-90fe-e7c768d87dc5,numbered,59446,completed,sold,1,2026-06-09 18:11:00.624835+00,2026-06-09 18:14:30.567177+00,2026-06-09 18:14:30.671643+00,0.104466,210.046808,
a847ef44-8648-4513-a7e7-fd9aebc5c31b,numbered,26529,completed,sold,1,2026-06-09 18:11:00.630203+00,2026-06-09 18:14:30.692562+00,2026-06-09 18:14:30.797343+00,0.104781,210.167140,
0aa15877-5466-4ede-8f80-9c717703f21d,numbered,40081,completed,sold,1,2026-06-09 18:11:00.635187+00,2026-06-09 18:14:30.818407+00,2026-06-09 18:14:30.922934+00,0.104527,210.287747,
ec34d891-0c58-4396-89c0-50372454ee1f,numbered,81472,completed,sold,1,2026-06-09 18:11:00.640308+00,2026-06-09 18:14:30.94404+00,2026-06-09 18:14:31.048611+00,0.104571,210.408303,
89785fcc-2f79-4710-8f2d-4a398ab48185,numbered,83474,completed,sold,1,2026-06-09 18:11:00.645246+00,2026-06-09 18:14:31.069568+00,2026-06-09 18:14:31.174298+00,0.104730,210.529052,
10be2d65-361f-444b-be27-6e597be68eda,numbered,74713,completed,sold,1,2026-06-09 18:11:00.650291+00,2026-06-09 18:14:31.194905+00,2026-06-09 18:14:31.299194+00,0.104289,210.648903,
ef6e5eec-1026-4a1f-96ab-3d75db7a3af0,numbered,73147,completed,sold,1,2026-06-09 18:11:00.656392+00,2026-06-09 18:14:31.319967+00,2026-06-09 18:14:31.424973+00,0.105006,210.768581,
40a39aef-09fd-4d27-a70c-a4e5b1716b90,numbered,74959,completed,sold,1,2026-06-09 18:11:00.661491+00,2026-06-09 18:14:31.44629+00,2026-06-09 18:14:31.550412+00,0.104122,210.888921,
7fa7f33e-3794-4f1d-a304-3ff4bc025df1,numbered,19926,completed,sold,1,2026-06-09 18:11:00.666604+00,2026-06-09 18:14:31.571207+00,2026-06-09 18:14:31.67586+00,0.104653,211.009256,
7c97ba5a-5eb5-4782-a3be-cd5523d81f73,numbered,64409,completed,sold,1,2026-06-09 18:11:00.671992+00,2026-06-09 18:14:31.69735+00,2026-06-09 18:14:31.802074+00,0.104724,211.130082,
f3a974fc-4133-40b3-9db4-2cba6b8c0bd6,numbered,6840,completed,sold,1,2026-06-09 18:11:00.677125+00,2026-06-09 18:14:31.823149+00,2026-06-09 18:14:31.927866+00,0.104717,211.250741,
d1804897-1318-4828-9e1b-1d9c29fcd67f,numbered,61211,completed,seat_unavailable,1,2026-06-09 18:11:00.682152+00,2026-06-09 18:14:31.949377+00,2026-06-09 18:14:32.05224+00,0.102863,211.370088,
fbfd3151-d431-4f6a-a258-bb3f9298e1eb,numbered,82190,completed,sold,1,2026-06-09 18:11:00.687069+00,2026-06-09 18:14:32.074213+00,2026-06-09 18:14:32.178853+00,0.104640,211.491784,
1f964b24-50be-4629-8d2d-132352fecaa5,numbered,89716,completed,sold,1,2026-06-09 18:11:00.692048+00,2026-06-09 18:14:32.199128+00,2026-06-09 18:14:32.303558+00,0.104430,211.611510,
cee56634-7b7d-4268-8807-67913f28c7b7,numbered,66460,completed,sold,1,2026-06-09 18:11:00.697088+00,2026-06-09 18:14:32.324452+00,2026-06-09 18:14:32.428952+00,0.104500,211.731864,
a2c8748b-5f81-49bd-a439-0caca374cee8,numbered,92950,completed,sold,1,2026-06-09 18:11:00.702081+00,2026-06-09 18:14:32.450374+00,2026-06-09 18:14:32.554958+00,0.104584,211.852877,
64dfbd5c-0e20-4a77-b1a8-897799ba42fe,numbered,71595,completed,sold,1,2026-06-09 18:11:00.70708+00,2026-06-09 18:14:32.576161+00,2026-06-09 18:14:32.68063+00,0.104469,211.973550,
eb3cd0a2-1cc7-46ae-9cfc-04e8ec37ebbc,numbered,28988,completed,sold,1,2026-06-09 18:11:00.712082+00,2026-06-09 18:14:32.701298+00,2026-06-09 18:14:32.806274+00,0.104976,212.094192,
402ef76c-d99e-45c1-b540-72cfcbac72e9,numbered,71372,completed,sold,1,2026-06-09 18:11:00.717075+00,2026-06-09 18:14:32.827309+00,2026-06-09 18:14:32.932061+00,0.104752,212.214986,
f7a4d838-f8da-466d-a0f7-65e4168ed154,numbered,26668,completed,sold,1,2026-06-09 18:11:00.722088+00,2026-06-09 18:14:32.953496+00,2026-06-09 18:14:33.058206+00,0.104710,212.336118,
0463b59a-2845-402b-85bb-546b86957d85,numbered,28178,completed,sold,1,2026-06-09 18:11:00.727141+00,2026-06-09 18:14:33.079078+00,2026-06-09 18:14:33.183724+00,0.104646,212.456583,
8d0e1e1b-11c3-4855-9c31-3c4f121bf8af,numbered,22810,completed,sold,1,2026-06-09 18:11:00.731879+00,2026-06-09 18:14:33.204996+00,2026-06-09 18:14:33.309783+00,0.104787,212.577904,
14ea0414-2592-4fe5-acb2-3f65d5324b2a,numbered,44875,completed,sold,1,2026-06-09 18:11:00.736803+00,2026-06-09 18:14:33.330295+00,2026-06-09 18:14:33.434852+00,0.104557,212.698049,
33c3eb01-df2d-469a-a2a7-9f191387222c,numbered,3171,completed,sold,1,2026-06-09 18:11:00.741917+00,2026-06-09 18:14:33.456532+00,2026-06-09 18:14:33.561259+00,0.104727,212.819342,
8d95341d-71b7-4573-b673-4b2b33bdb928,numbered,82919,completed,sold,1,2026-06-09 18:11:00.746724+00,2026-06-09 18:14:33.582502+00,2026-06-09 18:14:33.687024+00,0.104522,212.940300,
18637374-0ea3-4169-884c-69450e8df15c,numbered,94472,completed,sold,1,2026-06-09 18:11:00.75194+00,2026-06-09 18:14:33.707126+00,2026-06-09 18:14:33.811647+00,0.104521,213.059707,
d9697834-92d2-45db-870e-826971ff9f1d,numbered,6690,completed,sold,1,2026-06-09 18:11:00.756713+00,2026-06-09 18:14:33.832417+00,2026-06-09 18:14:33.937289+00,0.104872,213.180576,
0f6d1dfb-2660-4f9e-90c9-f010b607cc8c,numbered,31623,completed,seat_unavailable,1,2026-06-09 18:11:00.76181+00,2026-06-09 18:14:33.959356+00,2026-06-09 18:14:34.062306+00,0.102950,213.300496,
2270f7fb-2193-4797-80a0-0f1c30c67fbb,numbered,56037,completed,sold,1,2026-06-09 18:11:00.766869+00,2026-06-09 18:14:34.084724+00,2026-06-09 18:14:34.189491+00,0.104767,213.422622,
1c49aebe-e0da-4e61-a10f-35d4ce71cd38,numbered,54581,completed,sold,1,2026-06-09 18:11:00.77188+00,2026-06-09 18:14:34.21065+00,2026-06-09 18:14:34.315086+00,0.104436,213.543206,
39282a2f-3be5-49ad-8ab0-d96e2579d80a,numbered,77329,completed,sold,1,2026-06-09 18:11:00.776886+00,2026-06-09 18:14:34.335834+00,2026-06-09 18:14:34.440951+00,0.105117,213.664065,
92585c17-c7f0-42f6-93cb-471b52426e56,numbered,26391,completed,sold,1,2026-06-09 18:11:00.782027+00,2026-06-09 18:14:34.462218+00,2026-06-09 18:14:34.56681+00,0.104592,213.784783,
7e14f501-a70d-4ba2-9aa2-178f711ec4c5,numbered,77294,completed,sold,1,2026-06-09 18:11:00.7869+00,2026-06-09 18:14:34.587948+00,2026-06-09 18:14:34.692961+00,0.105013,213.906061,
018b7561-0b4d-4b75-a907-7367c66f4483,numbered,85214,completed,sold,1,2026-06-09 18:11:00.79191+00,2026-06-09 18:14:34.713836+00,2026-06-09 18:14:34.818524+00,0.104688,214.026614,
53bc4919-64c6-48ca-96ef-708722964e7e,numbered,83445,completed,sold,1,2026-06-09 18:11:00.796731+00,2026-06-09 18:14:34.840013+00,2026-06-09 18:14:34.944563+00,0.104550,214.147832,
18344e29-0e18-499c-8e7d-30cc6dbdbf07,numbered,16646,completed,sold,1,2026-06-09 18:11:00.801885+00,2026-06-09 18:14:34.965661+00,2026-06-09 18:14:35.070052+00,0.104391,214.268167,
2fbbeb91-14be-478a-8fab-27776edbf5df,numbered,17470,completed,sold,1,2026-06-09 18:11:00.806794+00,2026-06-09 18:14:35.091238+00,2026-06-09 18:14:35.195856+00,0.104618,214.389062,
a9393f2e-ce1b-4b4f-b4a1-397ce73b77f9,numbered,3323,completed,sold,1,2026-06-09 18:11:00.812141+00,2026-06-09 18:14:35.217095+00,2026-06-09 18:14:35.321407+00,0.104312,214.509266,
dca564c3-36d7-4434-b65a-fcca9bb510d0,numbered,19545,completed,sold,1,2026-06-09 18:11:00.817171+00,2026-06-09 18:14:35.342244+00,2026-06-09 18:14:35.446738+00,0.104494,214.629567,
708722e0-dbf2-4153-b69f-2893ed94ec58,numbered,58305,completed,sold,1,2026-06-09 18:11:00.821987+00,2026-06-09 18:14:35.466907+00,2026-06-09 18:14:35.57128+00,0.104373,214.749293,
98371e3d-5854-445e-955e-fd9fcb25e968,numbered,15513,completed,sold,1,2026-06-09 18:11:00.826872+00,2026-06-09 18:14:35.593259+00,2026-06-09 18:14:35.69774+00,0.104481,214.870868,
362d0451-1249-42b9-991a-a1239440230b,numbered,98980,completed,sold,1,2026-06-09 18:11:00.832065+00,2026-06-09 18:14:35.718024+00,2026-06-09 18:14:35.822916+00,0.104892,214.990851,
98d0cdd2-ed32-430f-a600-313ac9b0e822,numbered,92847,completed,sold,1,2026-06-09 18:11:00.83698+00,2026-06-09 18:14:35.84322+00,2026-06-09 18:14:35.947675+00,0.104455,215.110695,
4a8c8566-42d4-47ce-9dc4-1ac40d9ceba8,numbered,63840,completed,sold,1,2026-06-09 18:11:00.841957+00,2026-06-09 18:14:35.96851+00,2026-06-09 18:14:36.073256+00,0.104746,215.231299,
ac1fce12-83f0-4922-a4b8-0b0ed6798ef7,numbered,43865,completed,sold,1,2026-06-09 18:11:00.846763+00,2026-06-09 18:14:36.094965+00,2026-06-09 18:14:36.199872+00,0.104907,215.353109,
675f9fae-33a0-415b-9602-1ad2f66fc30f,numbered,75171,completed,sold,1,2026-06-09 18:11:00.851742+00,2026-06-09 18:14:36.221731+00,2026-06-09 18:14:36.326434+00,0.104703,215.474692,
ac152be1-049e-4ded-9a84-7632a7f21efb,numbered,58584,completed,sold,1,2026-06-09 18:11:00.856687+00,2026-06-09 18:14:36.347739+00,2026-06-09 18:14:36.452492+00,0.104753,215.595805,
075c0b13-4cea-4266-93c5-81426924d3f6,numbered,66502,completed,sold,1,2026-06-09 18:11:00.861885+00,2026-06-09 18:14:36.473408+00,2026-06-09 18:14:36.578129+00,0.104721,215.716244,
b71b9db2-0822-41b9-9963-94ba4123079d,numbered,14846,completed,sold,1,2026-06-09 18:11:00.866861+00,2026-06-09 18:14:36.59979+00,2026-06-09 18:14:36.704406+00,0.104616,215.837545,
8f8db31d-f6f4-4e36-9971-7b8ea6e20119,numbered,16268,completed,sold,1,2026-06-09 18:11:00.871801+00,2026-06-09 18:14:36.724175+00,2026-06-09 18:14:36.828456+00,0.104281,215.956655,
2e3ab684-ced0-47aa-8c78-b093b9d09924,numbered,28641,completed,sold,1,2026-06-09 18:11:00.876957+00,2026-06-09 18:14:36.849186+00,2026-06-09 18:14:36.953749+00,0.104563,216.076792,
c6394ecb-cfe1-42c5-bca4-e6267a5b8488,numbered,11193,completed,sold,1,2026-06-09 18:11:00.882281+00,2026-06-09 18:14:36.97448+00,2026-06-09 18:14:37.079187+00,0.104707,216.196906,
f8a2ce64-5d1a-4aef-b5aa-5f6fd1f8ca61,numbered,53199,completed,sold,1,2026-06-09 18:11:00.887084+00,2026-06-09 18:14:37.099244+00,2026-06-09 18:14:37.203953+00,0.104709,216.316869,
7c9b9bc0-0ea8-4175-858d-4865e0732407,numbered,98523,completed,sold,1,2026-06-09 18:11:00.891915+00,2026-06-09 18:14:37.224707+00,2026-06-09 18:14:37.329363+00,0.104656,216.437448,
0968c108-3122-4d1b-92c9-7d8b1e88bba4,numbered,61271,completed,sold,1,2026-06-09 18:11:00.897067+00,2026-06-09 18:14:37.350397+00,2026-06-09 18:14:37.455027+00,0.104630,216.557960,
07de2fb2-9108-4ab8-92d1-c8953cd25dfd,numbered,28227,completed,sold,1,2026-06-09 18:11:00.902084+00,2026-06-09 18:14:37.475647+00,2026-06-09 18:14:37.580269+00,0.104622,216.678185,
4d025eda-b16d-44c9-933b-8313caa2feb5,numbered,91380,completed,sold,1,2026-06-09 18:11:00.906999+00,2026-06-09 18:14:37.600635+00,2026-06-09 18:14:37.705123+00,0.104488,216.798124,
fca49893-69d4-4455-aaca-437d49bb5ecd,numbered,22893,completed,sold,1,2026-06-09 18:11:00.911875+00,2026-06-09 18:14:37.726019+00,2026-06-09 18:14:37.830839+00,0.104820,216.918964,
0d8906d3-8d68-4009-b6ab-bde9b5337b3f,numbered,14469,completed,sold,1,2026-06-09 18:11:00.916863+00,2026-06-09 18:14:37.852357+00,2026-06-09 18:14:37.957041+00,0.104684,217.040178,
7b672ceb-7f0e-418c-8afe-c6575cc26119,numbered,55862,completed,sold,1,2026-06-09 18:11:00.921808+00,2026-06-09 18:14:37.977485+00,2026-06-09 18:14:38.081993+00,0.104508,217.160185,
8dfd4aa4-acc5-4a84-9208-513dc9525456,numbered,39121,completed,sold,1,2026-06-09 18:11:00.926699+00,2026-06-09 18:14:38.103362+00,2026-06-09 18:14:38.20798+00,0.104618,217.281281,
58140416-cefa-46ff-b1a6-3a1e08dba673,numbered,73114,completed,sold,1,2026-06-09 18:11:00.9319+00,2026-06-09 18:14:38.229706+00,2026-06-09 18:14:38.334269+00,0.104563,217.402369,
becada7a-422a-4869-a660-be8eff63a129,numbered,47278,completed,sold,1,2026-06-09 18:11:00.936968+00,2026-06-09 18:14:38.355735+00,2026-06-09 18:14:38.460246+00,0.104511,217.523278,
81e21af6-56f6-40e3-9916-c36544da3758,numbered,92267,completed,sold,1,2026-06-09 18:11:00.942111+00,2026-06-09 18:14:38.480504+00,2026-06-09 18:14:38.584989+00,0.104485,217.642878,
b5e613da-c8d0-40d5-9e55-ba3335e86ec7,numbered,63895,completed,sold,1,2026-06-09 18:11:00.947117+00,2026-06-09 18:14:38.606264+00,2026-06-09 18:14:38.71074+00,0.104476,217.763623,
3f495d9b-3007-454c-b89e-e215562d35d5,numbered,45269,completed,sold,1,2026-06-09 18:11:00.95204+00,2026-06-09 18:14:38.731642+00,2026-06-09 18:14:38.836182+00,0.104540,217.884142,
78df37e5-ddcf-4d99-b6a0-3b4520d9c07a,numbered,17129,completed,sold,1,2026-06-09 18:11:00.956956+00,2026-06-09 18:14:38.856057+00,2026-06-09 18:14:38.960356+00,0.104299,218.003400,
fe224898-db09-4979-8ca5-b4e0c1a53d02,numbered,37472,completed,sold,1,2026-06-09 18:11:00.961905+00,2026-06-09 18:14:38.981293+00,2026-06-09 18:14:39.085846+00,0.104553,218.123941,
31909e9f-75a7-448d-ada0-521af89ac940,numbered,44371,completed,sold,1,2026-06-09 18:11:00.966934+00,2026-06-09 18:14:39.106035+00,2026-06-09 18:14:39.210434+00,0.104399,218.243500,
dfba71c6-ec7a-4fbd-be40-ba63dd1c755e,numbered,27478,completed,sold,1,2026-06-09 18:11:00.971974+00,2026-06-09 18:14:39.23089+00,2026-06-09 18:14:39.335454+00,0.104564,218.363480,
428a7bb7-c6e8-4203-a05f-8121033e3430,numbered,41840,completed,sold,1,2026-06-09 18:11:00.976829+00,2026-06-09 18:14:39.356269+00,2026-06-09 18:14:39.46081+00,0.104541,218.483981,
5b6ee0eb-b191-438b-816b-3c09a54d7dcc,numbered,34359,completed,sold,1,2026-06-09 18:11:00.981771+00,2026-06-09 18:14:39.482236+00,2026-06-09 18:14:39.58697+00,0.104734,218.605199,
828890f6-ccfd-4b28-8dcf-b6bee2cebcd3,numbered,14850,completed,sold,1,2026-06-09 18:11:00.986926+00,2026-06-09 18:14:39.608433+00,2026-06-09 18:14:39.712978+00,0.104545,218.726052,
5f5fb562-68e6-49b5-bfa6-e352630393c8,numbered,40067,completed,sold,1,2026-06-09 18:11:00.991817+00,2026-06-09 18:14:39.734251+00,2026-06-09 18:14:39.838541+00,0.104290,218.846724,
b391f0bb-066c-47cf-b084-93512de6cc29,numbered,68868,completed,sold,1,2026-06-09 18:11:00.996884+00,2026-06-09 18:14:39.859904+00,2026-06-09 18:14:39.964644+00,0.104740,218.967760,
930e6d0c-4893-4d19-85c2-fff116b8e8cf,numbered,64657,completed,sold,1,2026-06-09 18:11:01.001955+00,2026-06-09 18:14:39.987347+00,2026-06-09 18:14:40.092029+00,0.104682,219.090074,
4e0f1ee9-8382-4337-b19f-9035b545d763,numbered,84919,completed,sold,1,2026-06-09 18:11:01.007079+00,2026-06-09 18:14:40.113291+00,2026-06-09 18:14:40.218043+00,0.104752,219.210964,
f94f5554-3a2f-4e66-8361-36d792a757c9,numbered,40685,completed,sold,1,2026-06-09 18:11:01.012055+00,2026-06-09 18:14:40.239744+00,2026-06-09 18:14:40.34452+00,0.104776,219.332465,
1635b8dd-0b12-4d31-b77a-e9f862c355f1,numbered,94314,completed,sold,1,2026-06-09 18:11:01.017837+00,2026-06-09 18:14:40.365267+00,2026-06-09 18:14:40.469803+00,0.104536,219.451966,
1f6e90a1-aae3-40e8-a05d-ce6f1ebf393a,numbered,24667,completed,sold,1,2026-06-09 18:11:01.022955+00,2026-06-09 18:14:40.491772+00,2026-06-09 18:14:40.597004+00,0.105232,219.574049,
88a1914f-c174-464c-9822-e5040f6e8a0e,numbered,40017,completed,sold,1,2026-06-09 18:11:01.028379+00,2026-06-09 18:14:40.61853+00,2026-06-09 18:14:40.722936+00,0.104406,219.694557,
fe90b4a0-c49d-465d-90fc-7c78eaebf9f2,numbered,63784,completed,sold,1,2026-06-09 18:11:01.03524+00,2026-06-09 18:14:40.74365+00,2026-06-09 18:14:40.84832+00,0.104670,219.813080,
8c81b369-96f0-475d-88e0-46028dff0e30,numbered,13057,completed,sold,1,2026-06-09 18:11:01.040905+00,2026-06-09 18:14:40.869662+00,2026-06-09 18:14:40.974247+00,0.104585,219.933342,
2a88ea51-df4c-4e15-babb-b7e98b693d48,numbered,77516,completed,sold,1,2026-06-09 18:11:01.047029+00,2026-06-09 18:14:40.996417+00,2026-06-09 18:14:41.100716+00,0.104299,220.053687,
fba5ba9c-ce6f-4517-bc0a-6dd208348fda,numbered,93452,completed,sold,1,2026-06-09 18:11:01.052227+00,2026-06-09 18:14:41.12102+00,2026-06-09 18:14:41.225597+00,0.104577,220.173370,
4f6944bf-0a22-45d3-89f8-1088a86f491a,numbered,45977,completed,sold,1,2026-06-09 18:11:01.057111+00,2026-06-09 18:14:41.247195+00,2026-06-09 18:14:41.351667+00,0.104472,220.294556,
6216198f-e7f5-4719-b069-fd64483b63ab,numbered,10941,completed,sold,1,2026-06-09 18:11:01.062096+00,2026-06-09 18:14:41.371106+00,2026-06-09 18:14:41.475487+00,0.104381,220.413391,
4a37d0c5-f860-4abe-ab51-6f985b4c868b,numbered,66248,completed,sold,1,2026-06-09 18:11:01.070454+00,2026-06-09 18:14:41.495783+00,2026-06-09 18:14:41.60047+00,0.104687,220.530016,
b2e0364d-29a8-4459-a1d8-ddbd93facb67,numbered,11194,completed,sold,1,2026-06-09 18:11:01.076191+00,2026-06-09 18:14:41.621078+00,2026-06-09 18:14:41.725619+00,0.104541,220.649428,
c05405fc-7ad8-4a8e-8327-ff8d2b743e14,numbered,35319,completed,sold,1,2026-06-09 18:11:01.081669+00,2026-06-09 18:14:41.746364+00,2026-06-09 18:14:41.851049+00,0.104685,220.769380,
302147a4-1ece-49dd-a346-c41b1ef272be,numbered,90541,completed,sold,1,2026-06-09 18:11:01.087279+00,2026-06-09 18:14:41.872049+00,2026-06-09 18:14:41.976522+00,0.104473,220.889243,
6f4c45c3-e523-4587-93ee-7213883f7175,numbered,58644,completed,sold,1,2026-06-09 18:11:01.093341+00,2026-06-09 18:14:41.997635+00,2026-06-09 18:14:42.103003+00,0.105368,221.009662,
6735acb6-117a-44e0-aa3f-129dae8bd2d2,numbered,3080,completed,sold,1,2026-06-09 18:11:01.09898+00,2026-06-09 18:14:42.128184+00,2026-06-09 18:14:42.2331+00,0.104916,221.134120,
e91b0555-50ac-4f7d-8906-98c8f2c57f93,numbered,11398,completed,sold,1,2026-06-09 18:11:01.104964+00,2026-06-09 18:14:42.254188+00,2026-06-09 18:14:42.358795+00,0.104607,221.253831,
4c5a56ba-fb91-427b-bfc0-60d61ec24c15,numbered,956,completed,sold,1,2026-06-09 18:11:01.110485+00,2026-06-09 18:14:42.379847+00,2026-06-09 18:14:42.484426+00,0.104579,221.373941,
c8a41480-8c4a-47f0-a4b5-6571e485ca88,numbered,91938,completed,sold,1,2026-06-09 18:11:01.116004+00,2026-06-09 18:14:42.505188+00,2026-06-09 18:14:42.609472+00,0.104284,221.493468,
1ebe57d8-73bb-46e2-8c70-1ef46a99eb9e,numbered,51537,completed,sold,1,2026-06-09 18:11:01.121302+00,2026-06-09 18:14:42.629335+00,2026-06-09 18:14:42.733783+00,0.104448,221.612481,
be72762b-4848-49b3-90bb-d5a82816f419,numbered,16914,completed,sold,1,2026-06-09 18:11:01.126683+00,2026-06-09 18:14:42.755352+00,2026-06-09 18:14:42.860117+00,0.104765,221.733434,
051fc2f0-6c51-402d-b781-2a52a48ba279,numbered,14854,completed,sold,1,2026-06-09 18:11:01.131969+00,2026-06-09 18:14:42.880377+00,2026-06-09 18:14:42.985069+00,0.104692,221.853100,
7fc166c6-ba0e-45fe-934c-acd23e41cf9b,numbered,54510,completed,sold,1,2026-06-09 18:11:01.1371+00,2026-06-09 18:14:43.006486+00,2026-06-09 18:14:43.110942+00,0.104456,221.973842,
ed9af63d-f79a-4b7b-90c9-94294096c75d,numbered,829,completed,sold,1,2026-06-09 18:11:01.142487+00,2026-06-09 18:14:43.131171+00,2026-06-09 18:14:43.236255+00,0.105084,222.093768,
369b005c-4c6b-4b7b-88b1-46f5b8621c68,numbered,54783,completed,sold,1,2026-06-09 18:11:01.14788+00,2026-06-09 18:14:43.257211+00,2026-06-09 18:14:43.361551+00,0.104340,222.213671,
c6f624e1-8458-48d9-bc93-76969f4f0dfb,numbered,24813,completed,sold,1,2026-06-09 18:11:01.153435+00,2026-06-09 18:14:43.381526+00,2026-06-09 18:14:43.486238+00,0.104712,222.332803,
eca857b7-5818-42f4-977e-05154fb5a26d,numbered,56094,completed,sold,1,2026-06-09 18:11:01.158809+00,2026-06-09 18:14:43.507335+00,2026-06-09 18:14:43.611907+00,0.104572,222.453098,
6b91e38f-6703-457d-af91-260e703b2a9e,numbered,24497,completed,sold,1,2026-06-09 18:11:01.164724+00,2026-06-09 18:14:43.632223+00,2026-06-09 18:14:43.73647+00,0.104247,222.571746,
4c8db86b-6a89-472f-a2f7-381466a3e29c,numbered,76182,completed,sold,1,2026-06-09 18:11:01.170434+00,2026-06-09 18:14:43.757212+00,2026-06-09 18:14:43.86153+00,0.104318,222.691096,
108d1ca1-0596-4848-860a-ee68de6738ce,numbered,4658,completed,sold,1,2026-06-09 18:11:01.176412+00,2026-06-09 18:14:43.881932+00,2026-06-09 18:14:43.986771+00,0.104839,222.810359,
8c18a3e4-f470-4939-80cf-bc959795af91,numbered,86247,completed,sold,1,2026-06-09 18:11:01.182113+00,2026-06-09 18:14:44.008447+00,2026-06-09 18:14:44.113187+00,0.104740,222.931074,
7d973fa7-0b14-491d-b30c-a31405eeb4b1,numbered,16258,completed,sold,1,2026-06-09 18:11:01.187928+00,2026-06-09 18:14:44.135021+00,2026-06-09 18:14:44.240177+00,0.105156,223.052249,
23cd5cfb-f62f-4a3e-b97d-d16c006e631f,numbered,26046,completed,sold,1,2026-06-09 18:11:01.193174+00,2026-06-09 18:14:44.261521+00,2026-06-09 18:14:44.365786+00,0.104265,223.172612,
d7e60d06-d59a-4f21-aee4-5e5f8e2f323f,numbered,29414,completed,sold,1,2026-06-09 18:11:01.201383+00,2026-06-09 18:14:44.386523+00,2026-06-09 18:14:44.491548+00,0.105025,223.290165,
00b9129f-3e3e-4781-ad0f-fa28ea7481cb,numbered,96303,completed,sold,1,2026-06-09 18:11:01.206976+00,2026-06-09 18:14:44.512037+00,2026-06-09 18:14:44.616643+00,0.104606,223.409667,
122221fc-3feb-424e-8657-1fccddc6de7f,numbered,5165,completed,sold,1,2026-06-09 18:11:01.212691+00,2026-06-09 18:14:44.637775+00,2026-06-09 18:14:44.742394+00,0.104619,223.529703,
1afeeb13-3a1e-4dce-b4f4-1601d6682bf8,numbered,74045,completed,sold,1,2026-06-09 18:11:01.220046+00,2026-06-09 18:14:44.76365+00,2026-06-09 18:14:44.868308+00,0.104658,223.648262,
a68a35d0-db6b-4afe-9986-7ef0f697828b,numbered,23478,completed,seat_unavailable,1,2026-06-09 18:11:01.227468+00,2026-06-09 18:14:44.891249+00,2026-06-09 18:14:44.994029+00,0.102780,223.766561,
590fa8a6-7394-49e7-ba63-983dd77c70ff,numbered,14062,completed,sold,1,2026-06-09 18:11:01.233411+00,2026-06-09 18:14:45.024586+00,2026-06-09 18:14:45.129346+00,0.104760,223.895935,
72bac634-b0f9-43f1-a846-66ef61fe94f2,numbered,19594,completed,sold,1,2026-06-09 18:11:01.241333+00,2026-06-09 18:14:45.150354+00,2026-06-09 18:14:45.255007+00,0.104653,224.013674,
67eb43cd-bbd0-41d0-880d-f5355aab4cb0,numbered,38022,completed,sold,1,2026-06-09 18:11:01.247714+00,2026-06-09 18:14:45.276977+00,2026-06-09 18:14:45.381423+00,0.104446,224.133709,
a346ee86-a76a-47ce-84b0-6857d9398a9f,numbered,63355,completed,sold,1,2026-06-09 18:11:01.255359+00,2026-06-09 18:14:45.402357+00,2026-06-09 18:14:45.506795+00,0.104438,224.251436,
451de3c0-762b-4a70-8b70-3487de52d0a4,numbered,91853,completed,sold,1,2026-06-09 18:11:01.264394+00,2026-06-09 18:14:45.528118+00,2026-06-09 18:14:45.632675+00,0.104557,224.368281,
38699534-e7ee-49ba-8187-c3e57dc0bc4f,numbered,90912,completed,sold,1,2026-06-09 18:11:01.270844+00,2026-06-09 18:14:45.653683+00,2026-06-09 18:14:45.758171+00,0.104488,224.487327,
3ab5104b-0b5a-4d30-a250-0b884ded5ae7,numbered,67396,completed,sold,1,2026-06-09 18:11:01.276768+00,2026-06-09 18:14:45.778724+00,2026-06-09 18:14:45.883163+00,0.104439,224.606395,
be84c6fe-9db7-46d7-9a35-8ffc7cdec6b1,numbered,63787,completed,sold,1,2026-06-09 18:11:01.283193+00,2026-06-09 18:14:45.904232+00,2026-06-09 18:14:46.009116+00,0.104884,224.725923,
8035cb1b-87aa-444e-91f1-4c6602081b7b,numbered,15783,completed,sold,1,2026-06-09 18:11:01.289486+00,2026-06-09 18:14:46.029762+00,2026-06-09 18:14:46.134971+00,0.105209,224.845485,
655fcacc-fac4-4077-a845-d913a24d372e,numbered,24732,completed,sold,1,2026-06-09 18:11:01.296597+00,2026-06-09 18:14:46.156245+00,2026-06-09 18:14:46.260837+00,0.104592,224.964240,
8cbca3ae-faf2-42c8-9efc-cccef11369c4,numbered,35391,completed,sold,1,2026-06-09 18:11:01.304037+00,2026-06-09 18:14:46.282191+00,2026-06-09 18:14:46.386679+00,0.104488,225.082642,
c4325ac2-00e3-4019-a3ba-435434b76fe7,numbered,62922,completed,sold,1,2026-06-09 18:11:01.309769+00,2026-06-09 18:14:46.407373+00,2026-06-09 18:14:46.511996+00,0.104623,225.202227,
148cd354-6321-4f8b-b92b-5b3eb10cdeb9,numbered,17673,completed,sold,1,2026-06-09 18:11:01.315447+00,2026-06-09 18:14:46.53297+00,2026-06-09 18:14:46.63747+00,0.104500,225.322023,
43b23bfb-8d0b-48be-82b6-478ff9da6b76,numbered,7779,completed,sold,1,2026-06-09 18:11:01.328804+00,2026-06-09 18:14:46.658514+00,2026-06-09 18:14:46.763346+00,0.104832,225.434542,
7dc16616-fc3f-4ddc-83ca-5e78e7a20beb,numbered,26678,completed,sold,1,2026-06-09 18:11:01.336506+00,2026-06-09 18:14:46.783541+00,2026-06-09 18:14:46.888325+00,0.104784,225.551819,
60a8071a-6f50-4813-8e79-e704f4a240df,numbered,64933,completed,sold,1,2026-06-09 18:11:01.341835+00,2026-06-09 18:14:46.909811+00,2026-06-09 18:14:47.014461+00,0.104650,225.672626,
8c4e4f6e-1ad7-42ab-901c-969c78ad2e06,numbered,44808,completed,sold,1,2026-06-09 18:11:01.355952+00,2026-06-09 18:14:47.034556+00,2026-06-09 18:14:47.139119+00,0.104563,225.783167,
0ee38aa0-269b-48a4-a785-7d1465461117,numbered,82585,completed,sold,1,2026-06-09 18:11:01.363051+00,2026-06-09 18:14:47.159598+00,2026-06-09 18:14:47.264502+00,0.104904,225.901451,
b30ebc3d-2ad6-4d92-99cc-dfa1e641d6f6,numbered,26149,completed,sold,1,2026-06-09 18:11:01.372511+00,2026-06-09 18:14:47.285381+00,2026-06-09 18:14:47.389857+00,0.104476,226.017346,
8c2451b2-b190-47a2-b1c5-c3ef4791bf82,numbered,28552,completed,sold,1,2026-06-09 18:11:01.37907+00,2026-06-09 18:14:47.410704+00,2026-06-09 18:14:47.515505+00,0.104801,226.136435,
ebc11b8c-4819-4894-a55c-1de065d53533,numbered,35953,completed,sold,1,2026-06-09 18:11:01.387211+00,2026-06-09 18:14:47.535636+00,2026-06-09 18:14:47.64043+00,0.104794,226.253219,
1a01db35-2728-462b-a848-0a844c2e53ca,numbered,47178,completed,sold,1,2026-06-09 18:11:01.394153+00,2026-06-09 18:14:47.661573+00,2026-06-09 18:14:47.766128+00,0.104555,226.371975,
c8ff4f82-db51-439b-859e-1cbb6cda8a96,numbered,85441,completed,sold,1,2026-06-09 18:11:01.400577+00,2026-06-09 18:14:47.786687+00,2026-06-09 18:14:47.891114+00,0.104427,226.490537,
ea0f2557-0c40-4db5-808a-447f2bd2498d,numbered,83284,completed,sold,1,2026-06-09 18:11:01.407714+00,2026-06-09 18:14:47.91159+00,2026-06-09 18:14:48.016562+00,0.104972,226.608848,
87727d17-8ac9-4d39-a95b-28fc2a86156f,numbered,21162,completed,sold,1,2026-06-09 18:11:01.420316+00,2026-06-09 18:14:48.038118+00,2026-06-09 18:14:48.14277+00,0.104652,226.722454,
323ded9a-4395-4980-8171-f4ebb011e4d7,numbered,27324,completed,sold,1,2026-06-09 18:11:01.430928+00,2026-06-09 18:14:48.164054+00,2026-06-09 18:14:48.270038+00,0.105984,226.839110,
4e65b6e1-88db-41f3-80e4-6f0c20c48d9d,numbered,16039,completed,sold,1,2026-06-09 18:11:01.443201+00,2026-06-09 18:14:48.291356+00,2026-06-09 18:14:48.39598+00,0.104624,226.952779,
f8b9e89d-c803-47dd-a886-de4a91480542,numbered,54315,completed,sold,1,2026-06-09 18:11:01.459585+00,2026-06-09 18:14:48.417051+00,2026-06-09 18:14:48.521478+00,0.104427,227.061893,
3d3509c8-5b64-4bcf-b30f-a51be158b962,numbered,5648,completed,sold,1,2026-06-09 18:11:01.473946+00,2026-06-09 18:14:48.541768+00,2026-06-09 18:14:48.646389+00,0.104621,227.172443,
7e70b8d2-ff40-4f9e-be68-cb70c48546fb,numbered,49566,completed,sold,1,2026-06-09 18:11:01.485268+00,2026-06-09 18:14:48.667025+00,2026-06-09 18:14:48.771425+00,0.104400,227.286157,
6d395ea1-2647-4ff7-9eab-3c5f915dece5,numbered,50846,completed,sold,1,2026-06-09 18:11:01.500099+00,2026-06-09 18:14:48.791969+00,2026-06-09 18:14:48.896794+00,0.104825,227.396695,
7a952a21-093a-4bb5-956c-68957f2b4f1c,numbered,52173,completed,sold,1,2026-06-09 18:11:01.542033+00,2026-06-09 18:14:48.91766+00,2026-06-09 18:14:49.022248+00,0.104588,227.480215,
04f83d21-9249-4800-9117-1b118a810673,numbered,87523,completed,sold,1,2026-06-09 18:11:01.559589+00,2026-06-09 18:14:49.045527+00,2026-06-09 18:14:49.15009+00,0.104563,227.590501,
d360fc58-a428-4ce5-8c15-341bff7c843d,numbered,1777,completed,sold,1,2026-06-09 18:11:01.566431+00,2026-06-09 18:14:49.170706+00,2026-06-09 18:14:49.27517+00,0.104464,227.708739,
2760c1bc-40da-4ef2-9b2d-7a68ea79beb1,numbered,2144,completed,sold,1,2026-06-09 18:11:01.572521+00,2026-06-09 18:14:49.294975+00,2026-06-09 18:14:49.399241+00,0.104266,227.826720,
7ccea179-e4d2-4bf6-8311-51cca9742993,numbered,31490,completed,sold,1,2026-06-09 18:11:01.578996+00,2026-06-09 18:14:49.419846+00,2026-06-09 18:14:49.524845+00,0.104999,227.945849,
1992273a-c148-4466-91c3-8144a5741f0e,numbered,66011,completed,sold,1,2026-06-09 18:11:01.588522+00,2026-06-09 18:14:49.546132+00,2026-06-09 18:14:49.650984+00,0.104852,228.062462,
c0aa854b-e817-47af-b844-c5b13b741c1a,numbered,26425,completed,sold,1,2026-06-09 18:11:01.598501+00,2026-06-09 18:14:49.673542+00,2026-06-09 18:14:49.77801+00,0.104468,228.179509,
560276da-8a34-4b64-b4c3-1675bb140384,numbered,78499,completed,seat_unavailable,1,2026-06-09 18:11:01.604722+00,2026-06-09 18:14:49.798112+00,2026-06-09 18:14:49.900745+00,0.102633,228.296023,
5dd3d2d1-87bd-4601-8338-6db7477aa167,numbered,27076,completed,sold,1,2026-06-09 18:11:01.610463+00,2026-06-09 18:14:49.921741+00,2026-06-09 18:14:50.027779+00,0.106038,228.417316,
0150ca95-26d2-4ac7-9107-57dbf0ba76d7,numbered,37787,completed,sold,1,2026-06-09 18:11:01.618684+00,2026-06-09 18:14:50.049787+00,2026-06-09 18:14:50.154426+00,0.104639,228.535742,
e5ef5072-c97c-4afe-abf5-f645caf98c4b,numbered,40301,completed,sold,1,2026-06-09 18:11:01.626827+00,2026-06-09 18:14:50.175267+00,2026-06-09 18:14:50.27991+00,0.104643,228.653083,
dd1adb9b-5a1d-4796-8200-c8ff201118f0,numbered,91775,completed,sold,1,2026-06-09 18:11:01.638594+00,2026-06-09 18:14:50.300593+00,2026-06-09 18:14:50.405226+00,0.104633,228.766632,
ac38d3c5-f7f0-491b-8c4a-b4f34f1fec53,numbered,37960,completed,sold,1,2026-06-09 18:11:01.671634+00,2026-06-09 18:14:50.426359+00,2026-06-09 18:14:50.530945+00,0.104586,228.859311,
1080d6f1-28f2-439d-b8b3-32d073ae1752,numbered,22796,completed,sold,1,2026-06-09 18:11:01.678511+00,2026-06-09 18:14:50.553097+00,2026-06-09 18:14:50.657723+00,0.104626,228.979212,
24b0d98c-2184-4976-a767-235aeb9dd83a,numbered,20913,completed,sold,1,2026-06-09 18:11:01.685268+00,2026-06-09 18:14:50.678781+00,2026-06-09 18:14:50.783038+00,0.104257,229.097770,
4bbee282-9c82-496c-8b98-a006b28ec5f5,numbered,3663,completed,sold,1,2026-06-09 18:11:01.694674+00,2026-06-09 18:14:50.802914+00,2026-06-09 18:14:50.907273+00,0.104359,229.212599,
9ef614de-a047-4e52-88b5-f6f6c33f2bf5,numbered,47957,completed,sold,1,2026-06-09 18:11:01.705916+00,2026-06-09 18:14:50.92703+00,2026-06-09 18:14:51.031857+00,0.104827,229.325941,
ceaece34-b15a-462e-b1c0-2d4fc66fc2ac,numbered,42884,completed,sold,1,2026-06-09 18:11:01.713215+00,2026-06-09 18:14:51.053157+00,2026-06-09 18:14:51.157627+00,0.104470,229.444412,
c9253bbc-3994-4b76-89ab-c6126d0caa3d,numbered,21829,completed,sold,1,2026-06-09 18:11:01.719474+00,2026-06-09 18:14:51.179323+00,2026-06-09 18:14:51.284202+00,0.104879,229.564728,
a5ad7761-61f9-45b1-bb03-c5d2bccf075a,numbered,80438,completed,sold,1,2026-06-09 18:11:01.734905+00,2026-06-09 18:14:51.306706+00,2026-06-09 18:14:51.411448+00,0.104742,229.676543,
af119dcd-66fd-4af8-84b4-4ee224cf793e,numbered,69630,completed,sold,1,2026-06-09 18:11:01.744989+00,2026-06-09 18:14:51.432365+00,2026-06-09 18:14:51.537142+00,0.104777,229.792153,
eac16739-a204-4f66-964a-8981693d9b12,numbered,73343,completed,sold,1,2026-06-09 18:11:01.755241+00,2026-06-09 18:14:51.557817+00,2026-06-09 18:14:51.66242+00,0.104603,229.907179,
c7444fad-06ec-479c-8411-dcf31e9a2ee4,numbered,34407,completed,sold,1,2026-06-09 18:11:01.763222+00,2026-06-09 18:14:51.682984+00,2026-06-09 18:14:51.787607+00,0.104623,230.024385,
4e810629-b299-4db3-8f8b-553792f72256,numbered,30026,completed,sold,1,2026-06-09 18:11:01.784602+00,2026-06-09 18:14:51.808204+00,2026-06-09 18:14:51.912821+00,0.104617,230.128219,
169c751b-a824-4e05-ad57-7ff0ea64acda,numbered,14903,completed,sold,1,2026-06-09 18:11:01.797875+00,2026-06-09 18:14:51.933067+00,2026-06-09 18:14:52.037922+00,0.104855,230.240047,
ad9685b6-62e0-4d5c-89a8-d58d0b2679e4,numbered,81733,completed,sold,1,2026-06-09 18:11:01.809022+00,2026-06-09 18:14:52.059625+00,2026-06-09 18:14:52.164355+00,0.104730,230.355333,
e7e40b44-3038-4e68-8ca6-1cd07d89e174,numbered,98571,completed,sold,1,2026-06-09 18:11:01.823237+00,2026-06-09 18:14:52.185166+00,2026-06-09 18:14:52.289879+00,0.104713,230.466642,
48c8c2c2-bfbe-4541-911d-45bc243f269c,numbered,47740,completed,sold,1,2026-06-09 18:11:01.836393+00,2026-06-09 18:14:52.310315+00,2026-06-09 18:14:52.414521+00,0.104206,230.578128,
3ddb9d45-20d0-4dc3-881e-df2c8d70846b,numbered,14050,completed,sold,1,2026-06-09 18:11:01.846072+00,2026-06-09 18:14:52.435661+00,2026-06-09 18:14:52.540539+00,0.104878,230.694467,
d3e4637a-c885-47cf-acaf-beb91590b535,numbered,18743,completed,sold,1,2026-06-09 18:11:01.860535+00,2026-06-09 18:14:52.56115+00,2026-06-09 18:14:52.6656+00,0.104450,230.805065,
d0a2e21f-db81-4239-9c59-2955de659269,numbered,37177,completed,sold,1,2026-06-09 18:11:01.867588+00,2026-06-09 18:14:52.685699+00,2026-06-09 18:14:52.790339+00,0.104640,230.922751,
56a23404-1a4a-4f0c-9707-8d927274dd46,numbered,82588,completed,sold,1,2026-06-09 18:11:01.875913+00,2026-06-09 18:14:52.810508+00,2026-06-09 18:14:52.914934+00,0.104426,231.039021,
e3ea2ed5-cc8d-4f79-81dd-cb24caea75e0,numbered,32952,completed,sold,1,2026-06-09 18:11:01.882333+00,2026-06-09 18:14:52.935396+00,2026-06-09 18:14:53.03979+00,0.104394,231.157457,
123c65af-75e9-4e37-b769-f822faf38c99,numbered,23053,completed,sold,1,2026-06-09 18:11:01.900094+00,2026-06-09 18:14:53.060646+00,2026-06-09 18:14:53.165195+00,0.104549,231.265101,
7fe66795-dbaa-4e1c-bed0-44e216edb28f,numbered,9934,completed,sold,1,2026-06-09 18:11:01.910392+00,2026-06-09 18:14:53.186485+00,2026-06-09 18:14:53.291155+00,0.104670,231.380763,
e145903b-3f0b-432c-bdd4-cb09b1631a95,numbered,27777,completed,sold,1,2026-06-09 18:11:01.922804+00,2026-06-09 18:14:53.312203+00,2026-06-09 18:14:53.416754+00,0.104551,231.493950,
6e0ad7a4-8f06-4551-86aa-f22ef5ee40a8,numbered,2624,completed,sold,1,2026-06-09 18:11:01.929148+00,2026-06-09 18:14:53.437208+00,2026-06-09 18:14:53.541615+00,0.104407,231.612467,
2509a91d-1a22-4b3d-b174-cf86d814d3e6,numbered,1080,completed,sold,1,2026-06-09 18:11:01.934659+00,2026-06-09 18:14:53.563675+00,2026-06-09 18:14:53.66838+00,0.104705,231.733721,
83f418a3-2daf-4373-bbea-74e098eedfbc,numbered,41210,completed,sold,1,2026-06-09 18:11:01.940093+00,2026-06-09 18:14:53.689134+00,2026-06-09 18:14:53.793642+00,0.104508,231.853549,
374c3c0e-98bc-4f03-aae4-5653888b0908,numbered,49131,completed,sold,1,2026-06-09 18:11:01.945978+00,2026-06-09 18:14:53.814294+00,2026-06-09 18:14:53.918736+00,0.104442,231.972758,
92fe3daa-1aee-4861-8eed-27a02b8c4280,numbered,27585,completed,sold,1,2026-06-09 18:11:01.965502+00,2026-06-09 18:14:53.939043+00,2026-06-09 18:14:54.043662+00,0.104619,232.078160,
8b5a17f5-1317-4f83-b3b8-001621679afe,numbered,40813,completed,sold,1,2026-06-09 18:11:01.971888+00,2026-06-09 18:14:54.064647+00,2026-06-09 18:14:54.169416+00,0.104769,232.197528,
39b18d78-f239-41d7-a07d-c2b5300b60f3,numbered,33379,completed,sold,1,2026-06-09 18:11:01.97847+00,2026-06-09 18:14:54.190025+00,2026-06-09 18:14:54.294556+00,0.104531,232.316086,
1599c216-0596-4532-b1d2-2da5bc213bf6,numbered,15125,completed,sold,1,2026-06-09 18:11:01.985358+00,2026-06-09 18:14:54.315595+00,2026-06-09 18:14:54.420255+00,0.104660,232.434897,
3a7d7019-15f6-4ddd-8a66-b22fdae4ab72,numbered,44133,completed,sold,1,2026-06-09 18:11:01.99155+00,2026-06-09 18:14:54.440037+00,2026-06-09 18:14:54.544446+00,0.104409,232.552896,
64f6bb0e-6add-4b89-9341-7a5b0cc0b2b7,numbered,13352,completed,sold,1,2026-06-09 18:11:02.008843+00,2026-06-09 18:14:54.565478+00,2026-06-09 18:14:54.670082+00,0.104604,232.661239,
6b517a84-a570-4909-8e62-f6fff7b48109,numbered,58831,completed,sold,1,2026-06-09 18:11:02.01622+00,2026-06-09 18:14:54.690992+00,2026-06-09 18:14:54.795685+00,0.104693,232.779465,
a780ecdf-1f18-4009-be1b-790510766d04,numbered,42476,completed,sold,1,2026-06-09 18:11:02.022986+00,2026-06-09 18:14:54.816063+00,2026-06-09 18:14:54.920923+00,0.104860,232.897937,
ad8f1790-727f-42b2-a089-66dfcfccd927,numbered,19575,completed,sold,1,2026-06-09 18:11:02.030376+00,2026-06-09 18:14:54.942109+00,2026-06-09 18:14:55.047037+00,0.104928,233.016661,
f6b2db09-c506-41f5-9fbc-78ddf313389f,numbered,39093,completed,sold,1,2026-06-09 18:11:02.037161+00,2026-06-09 18:14:55.067474+00,2026-06-09 18:14:55.171899+00,0.104425,233.134738,
92ab8540-213a-4d89-b8d2-c6445121ab38,numbered,38091,completed,sold,1,2026-06-09 18:11:02.04488+00,2026-06-09 18:14:55.193326+00,2026-06-09 18:14:55.297759+00,0.104433,233.252879,
0ecede9b-8dd6-4243-a4db-904be69dee52,numbered,9619,completed,sold,1,2026-06-09 18:11:02.068291+00,2026-06-09 18:14:55.318671+00,2026-06-09 18:14:55.423378+00,0.104707,233.355087,
bc2999fe-dbb1-4d93-80f2-1faaa9df98ae,numbered,45772,completed,sold,1,2026-06-09 18:11:02.074061+00,2026-06-09 18:14:55.444321+00,2026-06-09 18:14:55.548956+00,0.104635,233.474895,
5e28a830-de57-4dcf-8a74-d71f5946373f,numbered,20748,completed,sold,1,2026-06-09 18:11:02.079624+00,2026-06-09 18:14:55.570411+00,2026-06-09 18:14:55.675633+00,0.105222,233.596009,
67e96c87-12af-42f9-ba11-f4e2263f1f2b,numbered,36677,completed,sold,1,2026-06-09 18:11:02.086845+00,2026-06-09 18:14:55.695846+00,2026-06-09 18:14:55.80042+00,0.104574,233.713575,
8429ce9f-9767-41b6-95d6-b3942f6efe42,numbered,90325,completed,sold,1,2026-06-09 18:11:02.112234+00,2026-06-09 18:14:55.821112+00,2026-06-09 18:14:55.925802+00,0.104690,233.813568,
eac4f8ea-2388-4d8b-be94-348be3ba38af,numbered,72440,completed,sold,1,2026-06-09 18:11:02.123933+00,2026-06-09 18:14:55.946027+00,2026-06-09 18:14:56.050674+00,0.104647,233.926741,
64436eac-7a42-4f01-ad70-439c73c49619,numbered,65415,completed,sold,1,2026-06-09 18:11:02.132924+00,2026-06-09 18:14:56.071015+00,2026-06-09 18:14:56.175855+00,0.104840,234.042931,
7c8d8620-17c7-4b6f-a79d-bfe6df4867d8,numbered,2934,completed,sold,1,2026-06-09 18:11:02.140128+00,2026-06-09 18:14:56.197954+00,2026-06-09 18:14:56.302959+00,0.105005,234.162831,
3ac2041a-63c8-4c35-9bba-f3beed45c747,numbered,91694,completed,sold,1,2026-06-09 18:11:02.147002+00,2026-06-09 18:14:56.324301+00,2026-06-09 18:14:56.42872+00,0.104419,234.281718,
5ca03357-8cd9-405b-801b-2b7f2149c572,numbered,30193,completed,sold,1,2026-06-09 18:11:02.15674+00,2026-06-09 18:14:56.449827+00,2026-06-09 18:14:56.5547+00,0.104873,234.397960,
218178a4-2eac-4ac4-bd37-c100d42d505f,numbered,46389,completed,sold,1,2026-06-09 18:11:02.165568+00,2026-06-09 18:14:56.575819+00,2026-06-09 18:14:56.680925+00,0.105106,234.515357,
33b39329-a288-4e6c-8f14-d912f8ef518c,numbered,7680,completed,sold,1,2026-06-09 18:11:02.172962+00,2026-06-09 18:14:56.701783+00,2026-06-09 18:14:56.806633+00,0.104850,234.633671,
bd3ac9c1-8cc5-42c5-8d53-ddf14ad19fa7,numbered,80583,completed,sold,1,2026-06-09 18:11:02.187422+00,2026-06-09 18:14:56.827932+00,2026-06-09 18:14:56.932552+00,0.104620,234.745130,
adf13822-77f2-4556-8ef4-7830381acc57,numbered,3002,completed,sold,1,2026-06-09 18:11:02.193833+00,2026-06-09 18:14:56.953622+00,2026-06-09 18:14:57.058355+00,0.104733,234.864522,
f9a7c722-22c7-4fed-b931-e0cec8f7a0bc,numbered,40926,completed,sold,1,2026-06-09 18:11:02.204458+00,2026-06-09 18:14:57.07907+00,2026-06-09 18:14:57.183766+00,0.104696,234.979308,
7a1e5981-f2bb-423e-88ad-cecd1fc9cbef,numbered,69223,completed,sold,1,2026-06-09 18:11:02.211295+00,2026-06-09 18:14:57.20518+00,2026-06-09 18:14:57.309651+00,0.104471,235.098356,
9ca30460-d7b4-4e09-8cfc-707c2da244ad,numbered,83808,completed,sold,1,2026-06-09 18:11:02.219745+00,2026-06-09 18:14:57.330678+00,2026-06-09 18:14:57.435351+00,0.104673,235.215606,
2437dbfe-3273-4c3a-8d24-cac67bc8aaa1,numbered,93162,completed,sold,1,2026-06-09 18:11:02.225149+00,2026-06-09 18:14:57.456378+00,2026-06-09 18:14:57.560691+00,0.104313,235.335542,
63f8f1fd-8337-40eb-960f-234c604953f1,numbered,95915,completed,sold,1,2026-06-09 18:11:02.232192+00,2026-06-09 18:14:57.58163+00,2026-06-09 18:14:57.686384+00,0.104754,235.454192,
11a326aa-c2d9-4822-8ba0-a2e91b72c3ed,numbered,31730,completed,sold,1,2026-06-09 18:11:02.245849+00,2026-06-09 18:14:57.707191+00,2026-06-09 18:14:57.811982+00,0.104791,235.566133,
3fc83c85-f218-440c-81d2-fb51bb13a36f,numbered,53794,completed,sold,1,2026-06-09 18:11:02.253938+00,2026-06-09 18:14:57.832761+00,2026-06-09 18:14:57.937321+00,0.104560,235.683383,
4895008a-fabd-4dbe-b6e5-0f9780cf115a,numbered,43290,completed,sold,1,2026-06-09 18:11:02.26151+00,2026-06-09 18:14:57.958521+00,2026-06-09 18:14:58.063+00,0.104479,235.801490,
4f180d71-61ab-4bc4-8858-8e0590a8cdb3,numbered,67332,completed,sold,1,2026-06-09 18:11:02.268777+00,2026-06-09 18:14:58.08305+00,2026-06-09 18:14:58.18755+00,0.104500,235.918773,
c30df55b-05ed-4477-a924-7696bdc520ed,numbered,1435,completed,sold,1,2026-06-09 18:11:02.280601+00,2026-06-09 18:14:58.208107+00,2026-06-09 18:14:58.313037+00,0.104930,236.032436,
5c551a33-d3a7-4506-9a3d-85a237bd4b37,numbered,15872,completed,sold,1,2026-06-09 18:11:02.290983+00,2026-06-09 18:14:58.334684+00,2026-06-09 18:14:58.439371+00,0.104687,236.148388,
0fbb41cb-c56b-4215-8361-5f8442d5169d,numbered,6904,completed,sold,1,2026-06-09 18:11:02.297797+00,2026-06-09 18:14:58.460147+00,2026-06-09 18:14:58.564694+00,0.104547,236.266897,
5e5a67b3-8932-46e1-8fdc-f9b768216f31,numbered,17327,completed,sold,1,2026-06-09 18:11:02.307805+00,2026-06-09 18:14:58.585655+00,2026-06-09 18:14:58.690237+00,0.104582,236.382432,
fba313cd-bce5-487a-afc7-af7e4289b404,numbered,75247,completed,sold,1,2026-06-09 18:11:02.314715+00,2026-06-09 18:14:58.710966+00,2026-06-09 18:14:58.815672+00,0.104706,236.500957,
430332e6-74cd-4552-be22-7a5d44b1e913,numbered,2735,completed,sold,1,2026-06-09 18:11:02.321426+00,2026-06-09 18:14:58.835524+00,2026-06-09 18:14:58.939819+00,0.104295,236.618393,
b7fe3d6d-d7ba-4973-acaa-f8edb50aa630,numbered,45892,completed,sold,1,2026-06-09 18:11:02.331529+00,2026-06-09 18:14:58.959456+00,2026-06-09 18:14:59.063743+00,0.104287,236.732214,
2dd7f749-edda-431c-9e3f-36e2884263aa,numbered,29553,completed,sold,1,2026-06-09 18:11:02.338964+00,2026-06-09 18:14:59.085157+00,2026-06-09 18:14:59.18989+00,0.104733,236.850926,
a8400b93-3995-4b13-9371-a556738f60d2,numbered,51495,completed,sold,1,2026-06-09 18:11:02.346558+00,2026-06-09 18:14:59.211804+00,2026-06-09 18:14:59.316659+00,0.104855,236.970101,
d4558475-32b2-4382-abaf-f7845af5b60c,numbered,70178,completed,sold,1,2026-06-09 18:11:02.354067+00,2026-06-09 18:14:59.338146+00,2026-06-09 18:14:59.442702+00,0.104556,237.088635,
d019d234-9087-472c-81aa-b854368c0087,numbered,82272,completed,sold,1,2026-06-09 18:11:02.360773+00,2026-06-09 18:14:59.463106+00,2026-06-09 18:14:59.567912+00,0.104806,237.207139,
dc7f9698-f9da-4f38-aed8-138319d6363d,numbered,11144,completed,sold,1,2026-06-09 18:11:02.37032+00,2026-06-09 18:14:59.58862+00,2026-06-09 18:14:59.692974+00,0.104354,237.322654,
3d44e084-1db9-4aab-95f5-f9a524bd7ea5,numbered,49693,completed,sold,1,2026-06-09 18:11:02.379226+00,2026-06-09 18:14:59.713078+00,2026-06-09 18:14:59.81767+00,0.104592,237.438444,
42cb2c23-f9d0-411e-9c79-8e2d231b03ae,numbered,88967,completed,sold,1,2026-06-09 18:11:02.396809+00,2026-06-09 18:14:59.838829+00,2026-06-09 18:14:59.943178+00,0.104349,237.546369,
33563ef8-b675-4e60-9f86-6cd112a56788,numbered,13360,completed,sold,1,2026-06-09 18:11:02.405298+00,2026-06-09 18:14:59.964137+00,2026-06-09 18:15:00.073621+00,0.109484,237.668323,
bb61b92f-4013-4fed-934b-3cdc4867a4f7,numbered,57824,completed,sold,1,2026-06-09 18:11:02.412977+00,2026-06-09 18:15:00.101854+00,2026-06-09 18:15:00.210289+00,0.108435,237.797312,
d82255f2-aee3-42f1-929b-d7efd6725cc8,numbered,73005,completed,sold,1,2026-06-09 18:11:02.420064+00,2026-06-09 18:15:00.266853+00,2026-06-09 18:15:00.374786+00,0.107933,237.954722,
19935dd8-f096-49d0-8a6e-bba193618ab7,numbered,63930,completed,sold,1,2026-06-09 18:11:02.426763+00,2026-06-09 18:15:00.412084+00,2026-06-09 18:15:00.516788+00,0.104704,238.090025,
dcfa72b2-f4f2-4d40-ba64-20c202e497bf,numbered,35622,completed,sold,1,2026-06-09 18:11:02.432926+00,2026-06-09 18:15:00.538979+00,2026-06-09 18:15:00.643744+00,0.104765,238.210818,
dde677d6-4277-47f7-9554-384929e5470f,numbered,75180,completed,sold,1,2026-06-09 18:11:02.438765+00,2026-06-09 18:15:00.666112+00,2026-06-09 18:15:00.771004+00,0.104892,238.332239,
82aebd53-2c6f-44b3-a110-b05c8df7bd73,numbered,29898,completed,sold,1,2026-06-09 18:11:02.444413+00,2026-06-09 18:15:00.79335+00,2026-06-09 18:15:00.898184+00,0.104834,238.453771,
92da5406-14e1-4c76-b764-e693de1e6779,numbered,65961,completed,sold,1,2026-06-09 18:11:02.450938+00,2026-06-09 18:15:00.918998+00,2026-06-09 18:15:01.023375+00,0.104377,238.572437,
f99a80a4-8e0b-412f-8fa4-dcd5e1242933,numbered,42796,completed,sold,1,2026-06-09 18:11:02.45638+00,2026-06-09 18:15:01.044228+00,2026-06-09 18:15:01.149288+00,0.105060,238.692908,
71838b24-2494-4d9e-aadf-08013890d407,numbered,57520,completed,sold,1,2026-06-09 18:11:02.465726+00,2026-06-09 18:15:01.24335+00,2026-06-09 18:15:01.349333+00,0.105983,238.883607,
84ff909c-d33d-40e3-87b5-4655ad8f68f8,numbered,96898,completed,sold,1,2026-06-09 18:11:02.473458+00,2026-06-09 18:15:01.404316+00,2026-06-09 18:15:01.50937+00,0.105054,239.035912,
3280a1d6-31e8-43f7-a5d1-e31d3070c34b,numbered,67453,completed,sold,1,2026-06-09 18:11:02.481157+00,2026-06-09 18:15:01.557429+00,2026-06-09 18:15:01.682161+00,0.124732,239.201004,
356f5ff5-8d7d-409f-9610-b99edef2818d,numbered,49139,completed,sold,1,2026-06-09 18:11:02.487896+00,2026-06-09 18:15:01.75465+00,2026-06-09 18:15:01.861016+00,0.106366,239.373120,
71406bd0-459e-43e4-a7c2-3fde35ae2895,numbered,38005,completed,sold,1,2026-06-09 18:11:02.49422+00,2026-06-09 18:15:01.965806+00,2026-06-09 18:15:02.079839+00,0.114033,239.585619,
00b4724a-6edf-423b-a971-a2e4c44119c8,numbered,22369,completed,sold,1,2026-06-09 18:11:02.500091+00,2026-06-09 18:15:02.218159+00,2026-06-09 18:15:02.327752+00,0.109593,239.827661,
456fdd4a-1ceb-40ae-b3b4-3c6b17000313,numbered,68504,completed,sold,1,2026-06-09 18:11:02.511391+00,2026-06-09 18:15:02.373436+00,2026-06-09 18:15:02.482984+00,0.109548,239.971593,
998920f4-01f3-4513-91a4-a268a1a6a1b6,numbered,50954,completed,sold,1,2026-06-09 18:11:02.519459+00,2026-06-09 18:15:02.5374+00,2026-06-09 18:15:02.645198+00,0.107798,240.125739,
7d91379a-7a76-426a-bc7b-1a68fc20fd25,numbered,70319,completed,sold,1,2026-06-09 18:11:02.52524+00,2026-06-09 18:15:02.745802+00,2026-06-09 18:15:02.851819+00,0.106017,240.326579,
a10fd39f-2955-4102-a89c-c0fa9afb9077,numbered,76184,completed,sold,1,2026-06-09 18:11:02.530732+00,2026-06-09 18:15:02.906168+00,2026-06-09 18:15:03.011757+00,0.105589,240.481025,
c5b4c899-6db3-4dd7-9e48-c18ded7561e7,numbered,52922,completed,sold,1,2026-06-09 18:11:02.536141+00,2026-06-09 18:15:03.053687+00,2026-06-09 18:15:03.158783+00,0.105096,240.622642,
f2399ae0-b63f-4c52-89d6-908b01b48e2a,numbered,28630,completed,sold,1,2026-06-09 18:11:02.542905+00,2026-06-09 18:15:03.18636+00,2026-06-09 18:15:03.291893+00,0.105533,240.748988,
6e420c01-0814-4340-b950-112d733208e0,numbered,31978,completed,sold,1,2026-06-09 18:11:02.549131+00,2026-06-09 18:15:03.321928+00,2026-06-09 18:15:03.427685+00,0.105757,240.878554,
9ae97e15-49c8-47e3-b54f-573069cbf88e,numbered,10139,completed,sold,1,2026-06-09 18:11:02.554468+00,2026-06-09 18:15:03.452573+00,2026-06-09 18:15:03.557355+00,0.104782,241.002887,
a0758398-c55f-4c09-bcaa-4fac45c83eb5,numbered,92951,completed,sold,1,2026-06-09 18:11:02.559963+00,2026-06-09 18:15:03.585887+00,2026-06-09 18:15:03.690507+00,0.104620,241.130544,
d1415c80-e004-455e-ae15-0d910ffee8b4,numbered,52531,completed,sold,1,2026-06-09 18:11:02.565222+00,2026-06-09 18:15:03.720215+00,2026-06-09 18:15:03.824975+00,0.104760,241.259753,
95df60c8-2298-40ec-98ed-46b221b80240,numbered,99675,completed,sold,1,2026-06-09 18:11:02.570385+00,2026-06-09 18:15:03.849088+00,2026-06-09 18:15:03.954237+00,0.105149,241.383852,
7580742a-b076-4f82-8a65-2983d6be9b03,numbered,66835,completed,sold,1,2026-06-09 18:11:02.576083+00,2026-06-09 18:15:03.99899+00,2026-06-09 18:15:04.104426+00,0.105436,241.528343,
5b15225b-00ed-4cef-8309-dd0e6a57fa06,numbered,10213,completed,sold,1,2026-06-09 18:11:02.581732+00,2026-06-09 18:15:04.178367+00,2026-06-09 18:15:04.283927+00,0.105560,241.702195,
623af366-7324-4354-951e-4e5a211cf649,numbered,45271,completed,sold,1,2026-06-09 18:11:02.587142+00,2026-06-09 18:15:04.328458+00,2026-06-09 18:15:04.433401+00,0.104943,241.846259,
20c40355-4477-4145-8130-2db9fca532bb,numbered,38553,completed,sold,1,2026-06-09 18:11:02.592371+00,2026-06-09 18:15:04.493051+00,2026-06-09 18:15:04.602128+00,0.109077,242.009757,
12df8e49-3a76-4597-a8bc-edfaa81bd440,numbered,369,completed,sold,1,2026-06-09 18:11:02.597865+00,2026-06-09 18:15:04.633157+00,2026-06-09 18:15:04.740191+00,0.107034,242.142326,
d86ab3ae-eb4c-4f3c-8b9e-470efa4696c6,numbered,63212,completed,sold,1,2026-06-09 18:11:02.603937+00,2026-06-09 18:15:04.792462+00,2026-06-09 18:15:04.916782+00,0.124320,242.312845,
9544cda6-4fac-41fe-9e99-30a7ab6fab1c,numbered,4416,completed,sold,1,2026-06-09 18:11:02.60912+00,2026-06-09 18:15:05.073284+00,2026-06-09 18:15:05.182552+00,0.109268,242.573432,
3b9a10b9-b12a-46bf-94d2-8c7bca63ac2e,numbered,69433,completed,sold,1,2026-06-09 18:11:02.614289+00,2026-06-09 18:15:05.222099+00,2026-06-09 18:15:05.328383+00,0.106284,242.714094,
88ae4b0f-c2d0-4920-b012-6ea4c1a96a19,numbered,45579,completed,sold,1,2026-06-09 18:11:02.620078+00,2026-06-09 18:15:05.353196+00,2026-06-09 18:15:05.458378+00,0.105182,242.838300,
74d69587-bf32-4374-b943-cc480b2da34f,numbered,11860,completed,sold,1,2026-06-09 18:11:02.625994+00,2026-06-09 18:15:05.513647+00,2026-06-09 18:15:05.620918+00,0.107271,242.994924,
493226f3-3515-4e3d-bf29-851270f4fbf1,numbered,66541,completed,sold,1,2026-06-09 18:11:02.631115+00,2026-06-09 18:15:05.646805+00,2026-06-09 18:15:05.75178+00,0.104975,243.120665,
5fbc2364-264b-4496-8032-91f72d81b0d0,numbered,50162,completed,sold,1,2026-06-09 18:11:02.636797+00,2026-06-09 18:15:05.779269+00,2026-06-09 18:15:05.883874+00,0.104605,243.247077,
44ce03d8-2569-4bb9-9b14-a80563220137,numbered,8133,completed,sold,1,2026-06-09 18:11:02.642176+00,2026-06-09 18:15:05.904588+00,2026-06-09 18:15:06.009335+00,0.104747,243.367159,
ee46a580-abf7-43e0-86c8-9b05263ac42c,numbered,9670,completed,sold,1,2026-06-09 18:11:02.647246+00,2026-06-09 18:15:06.030846+00,2026-06-09 18:15:06.13553+00,0.104684,243.488284,
d6d5717a-c04f-4ae6-89d6-6ff26a4cb3b0,numbered,37181,completed,sold,1,2026-06-09 18:11:02.652183+00,2026-06-09 18:15:06.156283+00,2026-06-09 18:15:06.26098+00,0.104697,243.608797,
20329286-6651-4d32-a055-83019c9236b6,numbered,40727,completed,sold,1,2026-06-09 18:11:02.657307+00,2026-06-09 18:15:06.282304+00,2026-06-09 18:15:06.386789+00,0.104485,243.729482,
9c5155f7-12f4-416a-a63a-76e52ecc1334,numbered,46520,completed,sold,1,2026-06-09 18:11:02.66251+00,2026-06-09 18:15:06.409337+00,2026-06-09 18:15:06.514239+00,0.104902,243.851729,
f884b45a-3003-4259-82ab-e84f3bce0dfd,numbered,59418,completed,sold,1,2026-06-09 18:11:02.668022+00,2026-06-09 18:15:06.535898+00,2026-06-09 18:15:06.640806+00,0.104908,243.972784,
3b44a059-1689-49ec-b209-ac29fd8943e7,numbered,93532,completed,sold,1,2026-06-09 18:11:02.673284+00,2026-06-09 18:15:06.664471+00,2026-06-09 18:15:06.769014+00,0.104543,244.095730,
0651118f-a200-4407-94e2-ada63c2e83dd,numbered,18520,completed,sold,1,2026-06-09 18:11:02.678737+00,2026-06-09 18:15:06.790463+00,2026-06-09 18:15:06.895128+00,0.104665,244.216391,
caf288cb-bb75-4f06-80e9-b4122272d8db,numbered,92301,completed,sold,1,2026-06-09 18:11:02.684206+00,2026-06-09 18:15:06.916364+00,2026-06-09 18:15:07.021083+00,0.104719,244.336877,
d6ffed0e-cf46-496f-bbee-4daadce8c45b,numbered,96808,completed,sold,1,2026-06-09 18:11:02.689251+00,2026-06-09 18:15:07.043139+00,2026-06-09 18:15:07.147691+00,0.104552,244.458440,
d4b29a65-a6a9-4e36-853c-982b9bb1c4c1,numbered,95873,completed,sold,1,2026-06-09 18:11:02.694718+00,2026-06-09 18:15:07.169052+00,2026-06-09 18:15:07.273629+00,0.104577,244.578911,
f5962066-891c-4e31-a9f7-2fb318f91e9b,numbered,23621,completed,sold,1,2026-06-09 18:11:02.700708+00,2026-06-09 18:15:07.294413+00,2026-06-09 18:15:07.398915+00,0.104502,244.698207,
03b53c4a-b023-4173-8539-18e3e85772ab,numbered,43817,completed,sold,1,2026-06-09 18:11:02.706159+00,2026-06-09 18:15:07.419068+00,2026-06-09 18:15:07.52445+00,0.105382,244.818291,
c74971e9-b5d4-4e6d-95b3-e741e9f8b0c5,numbered,27727,completed,sold,1,2026-06-09 18:11:02.711128+00,2026-06-09 18:15:07.545563+00,2026-06-09 18:15:07.650219+00,0.104656,244.939091,
d3c9a846-6d7c-4410-a57e-f821c5540e7e,numbered,93133,completed,sold,1,2026-06-09 18:11:02.718251+00,2026-06-09 18:15:07.671334+00,2026-06-09 18:15:07.776015+00,0.104681,245.057764,
529ac93d-4e24-4cb6-b7b1-2654ae078397,numbered,29346,completed,sold,1,2026-06-09 18:11:02.723313+00,2026-06-09 18:15:07.797134+00,2026-06-09 18:15:07.901858+00,0.104724,245.178545,
ce4c9a32-19b5-4711-a835-72ea5f913856,numbered,11697,completed,sold,1,2026-06-09 18:11:02.728692+00,2026-06-09 18:15:07.922354+00,2026-06-09 18:15:08.026926+00,0.104572,245.298234,
536b4298-6142-445b-9763-2ca931d803fa,numbered,1340,completed,sold,1,2026-06-09 18:11:02.73442+00,2026-06-09 18:15:08.047289+00,2026-06-09 18:15:08.151601+00,0.104312,245.417181,
8196f798-9a40-499a-ab56-3d2cab27a8ff,numbered,37429,completed,sold,1,2026-06-09 18:11:02.740153+00,2026-06-09 18:15:08.172065+00,2026-06-09 18:15:08.276837+00,0.104772,245.536684,
77a266f3-5758-4b22-9d77-4b1d8139b7e9,numbered,45951,completed,sold,1,2026-06-09 18:11:02.745318+00,2026-06-09 18:15:08.301174+00,2026-06-09 18:15:08.405746+00,0.104572,245.660428,
9ca31a80-5b55-41d4-a072-23d2d8b1ae02,numbered,58960,completed,sold,1,2026-06-09 18:11:02.750417+00,2026-06-09 18:15:08.426861+00,2026-06-09 18:15:08.531108+00,0.104247,245.780691,
c6416660-d4b4-412a-bc72-05a95d4c006a,numbered,65161,completed,sold,1,2026-06-09 18:11:02.755973+00,2026-06-09 18:15:08.552365+00,2026-06-09 18:15:08.657015+00,0.104650,245.901042,
505596e6-2ab1-43e4-a6b1-5fef36871b75,numbered,64550,completed,sold,1,2026-06-09 18:11:02.760958+00,2026-06-09 18:15:08.679415+00,2026-06-09 18:15:08.784468+00,0.105053,246.023510,
9f95dcc9-3251-4b29-a017-1077d703c38c,numbered,73488,completed,sold,1,2026-06-09 18:11:02.766437+00,2026-06-09 18:15:08.806897+00,2026-06-09 18:15:08.911667+00,0.104770,246.145230,
17b61017-996a-4ef2-a766-3642db085b9e,numbered,59781,completed,sold,1,2026-06-09 18:11:02.771789+00,2026-06-09 18:15:08.933226+00,2026-06-09 18:15:09.038044+00,0.104818,246.266255,
f2c06bcf-8d88-41c1-be29-f5b0dce454b3,numbered,77335,completed,sold,1,2026-06-09 18:11:02.776956+00,2026-06-09 18:15:09.06055+00,2026-06-09 18:15:09.165805+00,0.105255,246.388849,
54c6e0ec-fe5c-4101-9f06-7a93ebb4ccc0,numbered,39185,completed,sold,1,2026-06-09 18:11:02.782096+00,2026-06-09 18:15:09.187324+00,2026-06-09 18:15:09.291972+00,0.104648,246.509876,
03a07364-edad-44da-ba57-46a92b8751b1,numbered,10709,completed,sold,1,2026-06-09 18:11:02.787092+00,2026-06-09 18:15:09.31496+00,2026-06-09 18:15:09.419602+00,0.104642,246.632510,
57cb38c1-5a5c-47db-bba0-ede502df9292,numbered,34868,completed,sold,1,2026-06-09 18:11:02.792016+00,2026-06-09 18:15:09.440688+00,2026-06-09 18:15:09.545758+00,0.105070,246.753742,
9579a921-eb68-47a5-991e-a2fd8341f910,numbered,7534,completed,sold,1,2026-06-09 18:11:02.797007+00,2026-06-09 18:15:09.567211+00,2026-06-09 18:15:09.671924+00,0.104713,246.874917,
d2f4feb6-01c2-4721-b837-1b9803f54c1d,numbered,43580,completed,sold,1,2026-06-09 18:11:02.802077+00,2026-06-09 18:15:09.693944+00,2026-06-09 18:15:09.798683+00,0.104739,246.996606,
9c7192ac-313f-4403-8574-0140192ab76e,numbered,71645,completed,sold,1,2026-06-09 18:11:02.807056+00,2026-06-09 18:15:09.819231+00,2026-06-09 18:15:09.923743+00,0.104512,247.116687,
11666832-f37f-4f8b-be3a-76a6f11d2b2b,numbered,96638,completed,sold,1,2026-06-09 18:11:02.812067+00,2026-06-09 18:15:09.944155+00,2026-06-09 18:15:10.049013+00,0.104858,247.236946,
1425ae9d-5187-4431-b407-c42821cb0871,numbered,29845,completed,sold,1,2026-06-09 18:11:02.817327+00,2026-06-09 18:15:10.070458+00,2026-06-09 18:15:10.175019+00,0.104561,247.357692,
051a7f87-8cf9-4ae1-8a21-6ba552574c56,numbered,85114,completed,sold,1,2026-06-09 18:11:02.822747+00,2026-06-09 18:15:10.196508+00,2026-06-09 18:15:10.30088+00,0.104372,247.478133,
10df3b5b-b321-4e23-8ea2-dcb57fb7c3a2,numbered,96468,completed,sold,1,2026-06-09 18:11:02.828238+00,2026-06-09 18:15:10.321713+00,2026-06-09 18:15:10.426081+00,0.104368,247.597843,
307b1ffe-5299-4633-a310-3a3b0eee9b91,numbered,55382,completed,sold,1,2026-06-09 18:11:02.833722+00,2026-06-09 18:15:10.446494+00,2026-06-09 18:15:10.553485+00,0.106991,247.719763,
b933383f-14a2-4e27-b4de-ad0be6ea2e91,numbered,31834,completed,sold,1,2026-06-09 18:11:02.838856+00,2026-06-09 18:15:10.576398+00,2026-06-09 18:15:10.681073+00,0.104675,247.842217,
fca215d6-f669-4161-89ea-4593a892314f,numbered,73047,completed,sold,1,2026-06-09 18:11:02.844445+00,2026-06-09 18:15:10.703804+00,2026-06-09 18:15:10.809203+00,0.105399,247.964758,
95777276-beac-47a0-9f72-717acc222802,numbered,4953,completed,sold,1,2026-06-09 18:11:02.849921+00,2026-06-09 18:15:10.831827+00,2026-06-09 18:15:10.93668+00,0.104853,248.086759,
43cb1696-b166-4edf-aac6-e9e7511c74cd,numbered,57745,completed,sold,1,2026-06-09 18:11:02.855053+00,2026-06-09 18:15:10.958754+00,2026-06-09 18:15:11.063845+00,0.105091,248.208792,
113ed4c6-458d-485c-894e-e101dca57a99,numbered,99235,completed,sold,1,2026-06-09 18:11:02.860365+00,2026-06-09 18:15:11.087287+00,2026-06-09 18:15:11.192247+00,0.104960,248.331882,
9038db38-cc58-41a6-b94e-c7b0a07f29c2,numbered,966,completed,sold,1,2026-06-09 18:11:02.866096+00,2026-06-09 18:15:11.21435+00,2026-06-09 18:15:11.319182+00,0.104832,248.453086,
8ee32b50-e4a4-4ab0-9b50-2fc4647b4a6e,numbered,72500,completed,sold,1,2026-06-09 18:11:02.871161+00,2026-06-09 18:15:11.340056+00,2026-06-09 18:15:11.444742+00,0.104686,248.573581,
0c6102b4-2dce-4ce9-8548-1939359645f4,numbered,3890,completed,sold,1,2026-06-09 18:11:02.876184+00,2026-06-09 18:15:11.467134+00,2026-06-09 18:15:11.571803+00,0.104669,248.695619,
18c7a664-8e8b-43cb-9e11-57713473a4a5,numbered,6797,completed,sold,1,2026-06-09 18:11:02.881226+00,2026-06-09 18:15:11.593837+00,2026-06-09 18:15:11.698473+00,0.104636,248.817247,
7b9d327b-39d5-46d1-930e-c718725c9bf3,numbered,23492,completed,sold,1,2026-06-09 18:11:02.886061+00,2026-06-09 18:15:11.720252+00,2026-06-09 18:15:11.824776+00,0.104524,248.938715,
97196cd1-496e-456d-b410-064574391d57,numbered,75934,completed,sold,1,2026-06-09 18:11:02.891017+00,2026-06-09 18:15:11.846486+00,2026-06-09 18:15:11.951189+00,0.104703,249.060172,
aff5a568-59f6-45d6-8715-9d0cd677bfa6,numbered,83775,completed,sold,1,2026-06-09 18:11:02.896178+00,2026-06-09 18:15:11.972179+00,2026-06-09 18:15:12.076791+00,0.104612,249.180613,
7ecedf80-8196-48eb-8eb8-8e821786c06c,numbered,70765,completed,sold,1,2026-06-09 18:11:02.901101+00,2026-06-09 18:15:12.098225+00,2026-06-09 18:15:12.203711+00,0.105486,249.302610,
a1603e31-c3e6-4474-baaf-d86f4b3c2b7e,numbered,62521,completed,sold,1,2026-06-09 18:11:02.906058+00,2026-06-09 18:15:12.223948+00,2026-06-09 18:15:12.328575+00,0.104627,249.422517,
2797414a-8f4e-4dd2-b5f9-492f7aa240ef,numbered,22197,completed,sold,1,2026-06-09 18:11:02.911122+00,2026-06-09 18:15:12.349652+00,2026-06-09 18:15:12.454053+00,0.104401,249.542931,
429bb966-5545-4e74-bfa4-0be57f4b565d,numbered,54334,completed,sold,1,2026-06-09 18:11:02.915946+00,2026-06-09 18:15:12.476138+00,2026-06-09 18:15:12.581097+00,0.104959,249.665151,
68809c7a-f8a2-4e5b-b582-a88efa818fe7,numbered,71919,completed,sold,1,2026-06-09 18:11:02.920979+00,2026-06-09 18:15:12.603016+00,2026-06-09 18:15:12.708572+00,0.105556,249.787593,
0508bdbc-e74e-402c-ada6-ed27b2973d9c,numbered,15660,completed,sold,1,2026-06-09 18:11:02.926378+00,2026-06-09 18:15:12.735245+00,2026-06-09 18:15:12.840143+00,0.104898,249.913765,
f1701e87-1547-48f8-acab-6d1ee64b8fe0,numbered,9006,completed,sold,1,2026-06-09 18:11:02.931593+00,2026-06-09 18:15:12.862481+00,2026-06-09 18:15:12.967545+00,0.105064,250.035952,
736820c9-4beb-4b20-ad25-d2f1f71c8eac,numbered,76944,completed,sold,1,2026-06-09 18:11:02.936832+00,2026-06-09 18:15:12.990261+00,2026-06-09 18:15:13.095079+00,0.104818,250.158247,
e6df4368-9e9b-49da-9e59-5e26168d1a5c,numbered,29274,completed,sold,1,2026-06-09 18:11:02.942115+00,2026-06-09 18:15:13.116364+00,2026-06-09 18:15:13.221221+00,0.104857,250.279106,
908ca8ff-08fc-4dd7-a7e8-9ceb68c34718,numbered,41846,completed,sold,1,2026-06-09 18:11:02.947081+00,2026-06-09 18:15:13.243431+00,2026-06-09 18:15:13.34811+00,0.104679,250.401029,
dc678b96-7e50-4168-ac54-fb9ed3522afe,numbered,27705,completed,sold,1,2026-06-09 18:11:02.951909+00,2026-06-09 18:15:13.370447+00,2026-06-09 18:15:13.475331+00,0.104884,250.523422,
7192eee5-07b4-4821-99c2-2bb192f9560a,numbered,61210,completed,sold,1,2026-06-09 18:11:02.957095+00,2026-06-09 18:15:13.495879+00,2026-06-09 18:15:13.600876+00,0.104997,250.643781,
b904a29a-8bd5-42bb-985f-53a5fdb6e2f9,numbered,35303,completed,sold,1,2026-06-09 18:11:02.962299+00,2026-06-09 18:15:13.622388+00,2026-06-09 18:15:13.726999+00,0.104611,250.764700,
a48c097f-e41c-4891-9d00-7875aff1e036,numbered,71068,completed,sold,1,2026-06-09 18:11:02.967696+00,2026-06-09 18:15:13.748245+00,2026-06-09 18:15:13.852956+00,0.104711,250.885260,
ed49305e-e9b4-47e5-9d83-707d799849c6,numbered,96603,completed,sold,1,2026-06-09 18:11:02.972838+00,2026-06-09 18:15:13.874431+00,2026-06-09 18:15:13.979804+00,0.105373,251.006966,
8554c4d7-00b3-4c1d-a543-421a39814894,numbered,66417,completed,sold,1,2026-06-09 18:11:02.978039+00,2026-06-09 18:15:14.000589+00,2026-06-09 18:15:14.105221+00,0.104632,251.127182,
8c2e158b-202d-4455-87f2-15084e423830,numbered,28065,completed,sold,1,2026-06-09 18:11:02.98294+00,2026-06-09 18:15:14.126184+00,2026-06-09 18:15:14.231007+00,0.104823,251.248067,
8324020d-1714-4248-97c9-152dabde8382,numbered,12933,completed,sold,1,2026-06-09 18:11:02.988009+00,2026-06-09 18:15:14.25221+00,2026-06-09 18:15:14.356544+00,0.104334,251.368535,
e10b5221-2cce-4904-8fde-ae3092d0a9f3,numbered,99300,completed,sold,1,2026-06-09 18:11:02.992925+00,2026-06-09 18:15:14.376998+00,2026-06-09 18:15:14.481528+00,0.104530,251.488603,
aab8c064-5bb2-4d18-824e-015ea5b53d0e,numbered,25095,completed,sold,1,2026-06-09 18:11:02.99809+00,2026-06-09 18:15:14.502261+00,2026-06-09 18:15:14.606949+00,0.104688,251.608859,
a007918a-a9f4-4447-a393-a1583bb9c252,numbered,53484,completed,sold,1,2026-06-09 18:11:03.003321+00,2026-06-09 18:15:14.629543+00,2026-06-09 18:15:14.734258+00,0.104715,251.730937,
91718710-8a0f-4e87-8368-5fbe1d45743c,numbered,22389,completed,sold,1,2026-06-09 18:11:03.0089+00,2026-06-09 18:15:14.75575+00,2026-06-09 18:15:14.861049+00,0.105299,251.852149,
340203cf-2db6-476a-8d14-e7467ca2158f,numbered,32600,completed,sold,1,2026-06-09 18:11:03.014211+00,2026-06-09 18:15:14.883447+00,2026-06-09 18:15:14.988161+00,0.104714,251.973950,
11b135cc-d738-4d3f-a0dc-cbce6afcbdc4,numbered,1234,completed,sold,1,2026-06-09 18:11:03.019207+00,2026-06-09 18:15:15.012671+00,2026-06-09 18:15:15.117456+00,0.104785,252.098249,
7da7c17e-65ed-48e5-9b92-76ad8da6cf32,numbered,74413,completed,sold,1,2026-06-09 18:11:03.024332+00,2026-06-09 18:15:15.139136+00,2026-06-09 18:15:15.244119+00,0.104983,252.219787,
a07f53b6-1b8f-4a27-a1ab-1f7c38861f7d,numbered,91458,completed,sold,1,2026-06-09 18:11:03.053687+00,2026-06-09 18:15:15.265083+00,2026-06-09 18:15:15.369545+00,0.104462,252.315858,
a940b7c7-b5e6-43af-a567-99aef26ca5fa,numbered,91387,completed,sold,1,2026-06-09 18:11:03.059243+00,2026-06-09 18:15:15.390117+00,2026-06-09 18:15:15.494767+00,0.104650,252.435524,
e0baae1e-65a4-4635-85f9-2f749206716f,numbered,93412,completed,sold,1,2026-06-09 18:11:03.064495+00,2026-06-09 18:15:15.516057+00,2026-06-09 18:15:15.621056+00,0.104999,252.556561,
2fc263df-fe6e-4297-a136-eeb1d024a6cb,numbered,12259,completed,sold,1,2026-06-09 18:11:03.070185+00,2026-06-09 18:15:15.643143+00,2026-06-09 18:15:15.747716+00,0.104573,252.677531,
be8de9b1-884f-488f-b31b-3255a6915155,numbered,60783,completed,sold,1,2026-06-09 18:11:03.075365+00,2026-06-09 18:15:15.76782+00,2026-06-09 18:15:15.87285+00,0.105030,252.797485,
3496b990-767a-4d46-8fc6-2f9292a8a6e9,numbered,82076,completed,sold,1,2026-06-09 18:11:03.080392+00,2026-06-09 18:15:15.893869+00,2026-06-09 18:15:15.998434+00,0.104565,252.918042,
e8c490e6-340f-4e78-8e4e-c628a68c5ef6,numbered,20048,completed,sold,1,2026-06-09 18:11:03.085363+00,2026-06-09 18:15:16.021316+00,2026-06-09 18:15:16.126005+00,0.104689,253.040642,
bf41a790-7310-454a-bce1-2ae462928eb7,numbered,48286,completed,sold,1,2026-06-09 18:11:03.090362+00,2026-06-09 18:15:16.148413+00,2026-06-09 18:15:16.252899+00,0.104486,253.162537,
ab3077d1-617e-47aa-83d4-d43c8815eb23,numbered,6591,completed,sold,1,2026-06-09 18:11:03.095365+00,2026-06-09 18:15:16.27437+00,2026-06-09 18:15:16.378973+00,0.104603,253.283608,
76cb8f9c-040b-4eaf-9c6f-9eea07640bfc,numbered,50235,completed,seat_unavailable,1,2026-06-09 18:11:03.1004+00,2026-06-09 18:15:16.400518+00,2026-06-09 18:15:16.503478+00,0.102960,253.403078,
10d3f6ac-04e6-49dd-af3e-94b13c7863a1,numbered,71074,completed,seat_unavailable,1,2026-06-09 18:11:03.105334+00,2026-06-09 18:15:16.523686+00,2026-06-09 18:15:16.626753+00,0.103067,253.521419,
9d1bfb62-1b5d-44ab-a15f-0975d50effa8,numbered,25575,completed,sold,1,2026-06-09 18:11:03.110373+00,2026-06-09 18:15:16.64822+00,2026-06-09 18:15:16.752829+00,0.104609,253.642456,
50b6a177-d4b6-43f6-936f-8dd541f9adfd,numbered,9010,completed,sold,1,2026-06-09 18:11:03.115172+00,2026-06-09 18:15:16.774298+00,2026-06-09 18:15:16.879243+00,0.104945,253.764071,
2a1c0c53-634f-4e46-97c8-c88d4c6175a3,numbered,22351,completed,sold,1,2026-06-09 18:11:03.120227+00,2026-06-09 18:15:16.901602+00,2026-06-09 18:15:17.006864+00,0.105262,253.886637,
e0f5b70b-e5df-4f76-9ade-864021e8ccda,numbered,43691,completed,sold,1,2026-06-09 18:11:03.125199+00,2026-06-09 18:15:17.02823+00,2026-06-09 18:15:17.132958+00,0.104728,254.007759,
503d384c-4f93-41c6-8402-edc07081c2af,numbered,95932,completed,sold,1,2026-06-09 18:11:03.130649+00,2026-06-09 18:15:17.153649+00,2026-06-09 18:15:17.258518+00,0.104869,254.127869,
58b3a8f6-8edf-4e0e-8dbd-145c586e8bd2,numbered,34016,completed,sold,1,2026-06-09 18:11:03.136059+00,2026-06-09 18:15:17.279191+00,2026-06-09 18:15:17.384239+00,0.105048,254.248180,
d01e86f8-e165-4bf6-b06d-58cee4579ee1,numbered,33656,completed,sold,1,2026-06-09 18:11:03.141179+00,2026-06-09 18:15:17.405478+00,2026-06-09 18:15:17.510286+00,0.104808,254.369107,
b6cafb20-dd04-4605-b014-ac4cbe47bff2,numbered,1614,completed,sold,1,2026-06-09 18:11:03.14681+00,2026-06-09 18:15:17.532219+00,2026-06-09 18:15:17.637022+00,0.104803,254.490212,
0a3a4aa3-e9ef-483c-be4d-ed9e5ecbdafe,numbered,35260,completed,sold,1,2026-06-09 18:11:03.152176+00,2026-06-09 18:15:17.658827+00,2026-06-09 18:15:17.763551+00,0.104724,254.611375,
15e767c6-c615-439b-938d-3f1cc0180967,numbered,18800,completed,sold,1,2026-06-09 18:11:03.157382+00,2026-06-09 18:15:17.78449+00,2026-06-09 18:15:17.889496+00,0.105006,254.732114,
7ced9473-8512-43c2-a6c3-e609d812d771,numbered,55582,completed,sold,1,2026-06-09 18:11:03.162708+00,2026-06-09 18:15:17.911343+00,2026-06-09 18:15:18.017371+00,0.106028,254.854663,
7771a399-56b8-4e0e-926e-89b05658a395,numbered,61036,completed,sold,1,2026-06-09 18:11:03.168053+00,2026-06-09 18:15:18.038711+00,2026-06-09 18:15:18.14378+00,0.105069,254.975727,
977737ba-d2de-41ff-81d3-5a3d704fdf2c,numbered,41446,completed,sold,1,2026-06-09 18:11:03.173211+00,2026-06-09 18:15:18.165145+00,2026-06-09 18:15:18.269759+00,0.104614,255.096548,
366cc747-71d6-4b84-adf2-c4ff647048cb,numbered,16534,completed,sold,1,2026-06-09 18:11:03.178442+00,2026-06-09 18:15:18.291034+00,2026-06-09 18:15:18.395713+00,0.104679,255.217271,
f6e276a2-04da-45f9-9e1c-b209fd2011e0,numbered,94713,completed,sold,1,2026-06-09 18:11:03.183925+00,2026-06-09 18:15:18.415738+00,2026-06-09 18:15:18.520807+00,0.105069,255.336882,
62e9880e-40e8-4ef8-83a3-013c29444c10,numbered,48972,completed,sold,1,2026-06-09 18:11:03.190079+00,2026-06-09 18:15:18.541463+00,2026-06-09 18:15:18.645928+00,0.104465,255.455849,
c946089e-4eb0-406c-b79f-0d1ef6764136,numbered,93151,completed,sold,1,2026-06-09 18:11:03.195394+00,2026-06-09 18:15:18.666728+00,2026-06-09 18:15:18.771466+00,0.104738,255.576072,
81290f6e-4e1f-46a5-88d3-f9368e5721c2,numbered,32284,completed,sold,1,2026-06-09 18:11:03.200405+00,2026-06-09 18:15:18.792543+00,2026-06-09 18:15:18.897364+00,0.104821,255.696959,
c59af452-cbe1-4b67-8ab8-2cf3564b8b3c,numbered,75,completed,sold,1,2026-06-09 18:11:03.205422+00,2026-06-09 18:15:18.91873+00,2026-06-09 18:15:19.02368+00,0.104950,255.818258,
789ef114-3889-4773-b72c-d4d9923b1e6d,numbered,50833,completed,seat_unavailable,1,2026-06-09 18:11:03.21042+00,2026-06-09 18:15:19.046422+00,2026-06-09 18:15:19.149289+00,0.102867,255.938869,
8652d562-f279-417e-9e8d-cf57693e5427,numbered,98615,completed,sold,1,2026-06-09 18:11:03.215396+00,2026-06-09 18:15:19.170186+00,2026-06-09 18:15:19.274517+00,0.104331,256.059121,
22346893-d956-451d-b842-f7888d963e64,numbered,1117,completed,sold,1,2026-06-09 18:11:03.220726+00,2026-06-09 18:15:19.295696+00,2026-06-09 18:15:19.400424+00,0.104728,256.179698,
f5356cf4-545a-4b4e-abe8-03c338ac774d,numbered,5356,completed,sold,1,2026-06-09 18:11:03.226644+00,2026-06-09 18:15:19.42161+00,2026-06-09 18:15:19.526021+00,0.104411,256.299377,
e04a5893-49d1-4eee-9f74-48d166d780bf,numbered,35653,completed,sold,1,2026-06-09 18:11:03.232023+00,2026-06-09 18:15:19.546397+00,2026-06-09 18:15:19.65088+00,0.104483,256.418857,
19db2f89-6189-4d38-bad0-377df9873a64,numbered,34401,completed,sold,1,2026-06-09 18:11:03.237179+00,2026-06-09 18:15:19.67194+00,2026-06-09 18:15:19.776305+00,0.104365,256.539126,
6f9c8b2a-82ed-49fd-b99f-3e474ccccbf3,numbered,66339,completed,sold,1,2026-06-09 18:11:03.242132+00,2026-06-09 18:15:19.796472+00,2026-06-09 18:15:19.901047+00,0.104575,256.658915,
5e90fd4f-91d2-4ffb-a77e-c93c3269f3b7,numbered,51090,completed,sold,1,2026-06-09 18:11:03.247179+00,2026-06-09 18:15:19.921337+00,2026-06-09 18:15:20.025787+00,0.104450,256.778608,
118d3a2f-4817-4734-94bb-16d83c86a610,numbered,12792,completed,sold,1,2026-06-09 18:11:03.252162+00,2026-06-09 18:15:20.047292+00,2026-06-09 18:15:20.151849+00,0.104557,256.899687,
2dcb7ffa-58c6-4b3e-944f-b664df6d4a65,numbered,88145,completed,sold,1,2026-06-09 18:11:03.257248+00,2026-06-09 18:15:20.1722+00,2026-06-09 18:15:20.276458+00,0.104258,257.019210,
7131e6e1-0b5c-4674-af27-802363b9b505,numbered,27215,completed,sold,1,2026-06-09 18:11:03.262232+00,2026-06-09 18:15:20.297934+00,2026-06-09 18:15:20.402776+00,0.104842,257.140544,
2bebe3e1-2bc3-4fad-9d6f-a75d30b8fe65,numbered,64020,completed,sold,1,2026-06-09 18:11:03.267394+00,2026-06-09 18:15:20.423412+00,2026-06-09 18:15:20.528051+00,0.104639,257.260657,
8f39f074-0377-41ae-976e-b284d6f61022,numbered,7183,completed,sold,1,2026-06-09 18:11:03.27278+00,2026-06-09 18:15:20.54912+00,2026-06-09 18:15:20.653628+00,0.104508,257.380848,
8dcc1daa-edf6-4c3c-a032-1c39c73bfc3f,numbered,61676,completed,sold,1,2026-06-09 18:11:03.277998+00,2026-06-09 18:15:20.674419+00,2026-06-09 18:15:20.779257+00,0.104838,257.501259,
22cc089e-96e3-4fba-a589-7a932c4bce81,numbered,91378,completed,sold,1,2026-06-09 18:11:03.283088+00,2026-06-09 18:15:20.801276+00,2026-06-09 18:15:20.90622+00,0.104944,257.623132,
1d8a784b-da4f-41fb-9d92-1d7a879757f7,numbered,29386,completed,sold,1,2026-06-09 18:11:03.287989+00,2026-06-09 18:15:20.927819+00,2026-06-09 18:15:21.032964+00,0.105145,257.744975,
1b273809-7d77-4d71-ac94-2be736569c31,numbered,4580,completed,sold,1,2026-06-09 18:11:03.292911+00,2026-06-09 18:15:21.054898+00,2026-06-09 18:15:21.159685+00,0.104787,257.866774,
427cc4a5-6bf0-4958-9d07-f9221734b644,numbered,72446,completed,sold,1,2026-06-09 18:11:03.298043+00,2026-06-09 18:15:21.180755+00,2026-06-09 18:15:21.285387+00,0.104632,257.987344,
787b8323-8bd7-4f93-8ebb-b601bc8ddb97,numbered,83959,completed,sold,1,2026-06-09 18:11:03.303011+00,2026-06-09 18:15:21.306131+00,2026-06-09 18:15:21.410552+00,0.104421,258.107541,
adf3bbf2-29f5-48d9-98ef-8d781b2ddfb4,numbered,40107,completed,sold,1,2026-06-09 18:11:03.308128+00,2026-06-09 18:15:21.43118+00,2026-06-09 18:15:21.535643+00,0.104463,258.227515,
65b2e71c-5e0a-4148-a41a-2d274e809b48,numbered,27952,completed,sold,1,2026-06-09 18:11:03.313015+00,2026-06-09 18:15:21.556107+00,2026-06-09 18:15:21.660461+00,0.104354,258.347446,
391c450c-178e-4a78-ade0-e77c15973e40,numbered,80194,completed,sold,1,2026-06-09 18:11:03.318045+00,2026-06-09 18:15:21.681227+00,2026-06-09 18:15:21.785659+00,0.104432,258.467614,
011e0940-e915-46ac-b952-345f99ba41fb,numbered,94309,completed,sold,1,2026-06-09 18:11:03.323167+00,2026-06-09 18:15:21.806763+00,2026-06-09 18:15:21.911364+00,0.104601,258.588197,
5091ff35-82b2-4f05-93dc-5c79f9f648f6,numbered,74418,completed,sold,1,2026-06-09 18:11:03.328449+00,2026-06-09 18:15:21.932286+00,2026-06-09 18:15:22.03697+00,0.104684,258.708521,
725888ef-de24-4afa-95fa-4b0253d39de3,numbered,96799,completed,sold,1,2026-06-09 18:11:03.333766+00,2026-06-09 18:15:22.05838+00,2026-06-09 18:15:22.163115+00,0.104735,258.829349,
c1a0be90-ea0c-4669-9f1b-873a2c68ad39,numbered,69185,completed,sold,1,2026-06-09 18:11:03.338804+00,2026-06-09 18:15:22.183799+00,2026-06-09 18:15:22.288578+00,0.104779,258.949774,
7cb26a96-98e1-4cbc-9756-489b90c69a5c,numbered,78489,completed,sold,1,2026-06-09 18:11:03.34397+00,2026-06-09 18:15:22.309249+00,2026-06-09 18:15:22.413868+00,0.104619,259.069898,
c5482801-de66-47dc-9f5c-445d4c242f6c,numbered,79929,completed,sold,1,2026-06-09 18:11:03.349129+00,2026-06-09 18:15:22.43434+00,2026-06-09 18:15:22.538659+00,0.104319,259.189530,
91dba3bd-cb4c-462f-a1df-34c98bd8bee8,numbered,53536,completed,sold,1,2026-06-09 18:11:03.354137+00,2026-06-09 18:15:22.559549+00,2026-06-09 18:15:22.664312+00,0.104763,259.310175,
f9d157ed-a714-4f9a-be4a-693b60a9ab8a,numbered,30461,completed,sold,1,2026-06-09 18:11:03.35919+00,2026-06-09 18:15:22.684358+00,2026-06-09 18:15:22.788866+00,0.104508,259.429676,
ef0f0f4a-89e9-4ac8-835b-7b55da9768fe,numbered,45296,completed,sold,1,2026-06-09 18:11:03.364101+00,2026-06-09 18:15:22.809534+00,2026-06-09 18:15:22.914256+00,0.104722,259.550155,
ba4f34a1-c812-405c-a332-d13b00a2522d,numbered,58112,completed,seat_unavailable,1,2026-06-09 18:11:03.369088+00,2026-06-09 18:15:22.935151+00,2026-06-09 18:15:23.037838+00,0.102687,259.668750,
871e2695-b4d8-4c43-9741-95dc21e10ff7,numbered,383,completed,sold,1,2026-06-09 18:11:03.374081+00,2026-06-09 18:15:23.059072+00,2026-06-09 18:15:23.163701+00,0.104629,259.789620,
24a12114-c2bf-465f-b6f2-13539d47c604,numbered,28375,completed,sold,1,2026-06-09 18:11:03.379035+00,2026-06-09 18:15:23.184295+00,2026-06-09 18:15:23.288888+00,0.104593,259.909853,
b13ab5fc-3c03-4437-8d5a-bde20892b6a6,numbered,35390,completed,sold,1,2026-06-09 18:11:03.384074+00,2026-06-09 18:15:23.309818+00,2026-06-09 18:15:23.414752+00,0.104934,260.030678,
698e7a49-f8e8-49df-befd-ed9194d543e7,numbered,91642,completed,sold,1,2026-06-09 18:11:03.389194+00,2026-06-09 18:15:23.435255+00,2026-06-09 18:15:23.539771+00,0.104516,260.150577,
8b95203d-81ad-4d1f-b346-339102d3d684,numbered,78760,completed,sold,1,2026-06-09 18:11:03.393978+00,2026-06-09 18:15:23.560304+00,2026-06-09 18:15:23.66485+00,0.104546,260.270872,
e0e0d805-e7b0-40c0-b193-1f5e6ce9f583,numbered,22437,completed,sold,1,2026-06-09 18:11:03.398917+00,2026-06-09 18:15:23.685276+00,2026-06-09 18:15:23.789745+00,0.104469,260.390828,
6bce6c27-61fe-4dca-aa1b-3adfa011f94b,numbered,13198,completed,sold,1,2026-06-09 18:11:03.403973+00,2026-06-09 18:15:23.810523+00,2026-06-09 18:15:23.915101+00,0.104578,260.511128,
4ba547a2-e7df-4c09-a5b3-db8508f79220,numbered,18966,completed,sold,1,2026-06-09 18:11:03.408935+00,2026-06-09 18:15:23.934983+00,2026-06-09 18:15:24.039726+00,0.104743,260.630791,
3c108574-6294-4a60-ae89-e1118c489750,numbered,58981,completed,sold,1,2026-06-09 18:11:03.413941+00,2026-06-09 18:15:24.060144+00,2026-06-09 18:15:24.164837+00,0.104693,260.750896,
9fd61e42-c44c-4707-ab2b-1bd7b424ab3e,numbered,40100,completed,sold,1,2026-06-09 18:11:03.419077+00,2026-06-09 18:15:24.186236+00,2026-06-09 18:15:24.290858+00,0.104622,260.871781,
b48a04b9-9321-4748-88cb-7723348996d7,numbered,91638,completed,sold,1,2026-06-09 18:11:03.424015+00,2026-06-09 18:15:24.311953+00,2026-06-09 18:15:24.416525+00,0.104572,260.992510,
e592d2f4-ee26-4720-b36e-bce3115c6720,numbered,659,completed,sold,1,2026-06-09 18:11:03.42921+00,2026-06-09 18:15:24.437187+00,2026-06-09 18:15:24.54179+00,0.104603,261.112580,
cac06c08-771b-4bab-9dc2-8c38fdec7d2d,numbered,10957,completed,sold,1,2026-06-09 18:11:03.434367+00,2026-06-09 18:15:24.56317+00,2026-06-09 18:15:24.667764+00,0.104594,261.233397,
11f16ef8-d164-43e5-b5c2-48aeeb89c9f5,numbered,16826,completed,sold,1,2026-06-09 18:11:03.439602+00,2026-06-09 18:15:24.688154+00,2026-06-09 18:15:24.792512+00,0.104358,261.352910,
9ca08db4-bec7-41d6-bb6c-cc52c49d37c6,numbered,36320,completed,sold,1,2026-06-09 18:11:03.444705+00,2026-06-09 18:15:24.813923+00,2026-06-09 18:15:24.91911+00,0.105187,261.474405,
703a4d4e-3c55-46fd-9b41-5ce03587ed32,numbered,28804,completed,sold,1,2026-06-09 18:11:03.449773+00,2026-06-09 18:15:24.941718+00,2026-06-09 18:15:25.04706+00,0.105342,261.597287,
2e7e0f6d-3619-4b82-9bd5-e8ebca0d7ac2,numbered,31535,completed,sold,1,2026-06-09 18:11:03.454841+00,2026-06-09 18:15:25.068636+00,2026-06-09 18:15:25.173474+00,0.104838,261.718633,
9a7ed8de-173c-4b2b-b03b-deec02eacdad,numbered,49772,completed,sold,1,2026-06-09 18:11:03.459902+00,2026-06-09 18:15:25.194816+00,2026-06-09 18:15:25.299121+00,0.104305,261.839219,
cba51d22-7553-4e66-bec7-4b25f8923018,numbered,1328,completed,sold,1,2026-06-09 18:11:03.464919+00,2026-06-09 18:15:25.320522+00,2026-06-09 18:15:25.425362+00,0.104840,261.960443,
78fe3f5c-06ac-4d34-8743-588cdb405859,numbered,52911,completed,sold,1,2026-06-09 18:11:03.469931+00,2026-06-09 18:15:25.447138+00,2026-06-09 18:15:25.552027+00,0.104889,262.082096,
31307517-e6cf-44b0-90e7-9746ac0f25ab,numbered,42480,completed,sold,1,2026-06-09 18:11:03.474922+00,2026-06-09 18:15:25.572656+00,2026-06-09 18:15:25.677369+00,0.104713,262.202447,
9c274e4a-e490-4768-9123-0c5f4620e052,numbered,65603,completed,sold,1,2026-06-09 18:11:03.4799+00,2026-06-09 18:15:25.698265+00,2026-06-09 18:15:25.802891+00,0.104626,262.322991,
c8210f92-9220-413f-99be-1ddd78695a45,numbered,5726,completed,sold,1,2026-06-09 18:11:03.485045+00,2026-06-09 18:15:25.82479+00,2026-06-09 18:15:25.929387+00,0.104597,262.444342,
7e2d07b9-edb4-4e8f-b43c-951921c5b8da,numbered,85086,completed,sold,1,2026-06-09 18:11:03.490004+00,2026-06-09 18:15:25.950202+00,2026-06-09 18:15:26.054805+00,0.104603,262.564801,
60d8e764-f268-4b89-a262-c0d1eb5f2f11,numbered,2463,completed,sold,1,2026-06-09 18:11:03.494847+00,2026-06-09 18:15:26.076757+00,2026-06-09 18:15:26.181517+00,0.104760,262.686670,
707a47a0-d3b4-47df-a36a-ad9a037b87ff,numbered,74060,completed,sold,1,2026-06-09 18:11:03.499898+00,2026-06-09 18:15:26.202261+00,2026-06-09 18:15:26.306804+00,0.104543,262.806906,
20f2337f-b854-41b6-adeb-b8732cfcc4c0,numbered,4384,completed,sold,1,2026-06-09 18:11:03.504889+00,2026-06-09 18:15:26.32845+00,2026-06-09 18:15:26.433515+00,0.105065,262.928626,
d46c8f6b-1015-4068-a542-f2a76c4b11ef,numbered,8482,completed,sold,1,2026-06-09 18:11:03.509897+00,2026-06-09 18:15:26.455244+00,2026-06-09 18:15:26.560012+00,0.104768,263.050115,
e7628e99-d53f-4af7-896d-742ba9abc2a5,numbered,40841,completed,sold,1,2026-06-09 18:11:03.514704+00,2026-06-09 18:15:26.581096+00,2026-06-09 18:15:26.686028+00,0.104932,263.171324,
2db71078-a50e-4cc5-9178-b71a871a61e4,numbered,6748,completed,sold,1,2026-06-09 18:11:03.519938+00,2026-06-09 18:15:26.708539+00,2026-06-09 18:15:26.813078+00,0.104539,263.293140,
7ab82742-5751-483f-8c5f-c76dc1c2e66d,numbered,11707,completed,sold,1,2026-06-09 18:11:03.524851+00,2026-06-09 18:15:26.834023+00,2026-06-09 18:15:26.939032+00,0.105009,263.414181,
6d326af6-5ab6-4fce-81ce-c99e4f87d686,numbered,35473,completed,sold,1,2026-06-09 18:11:03.530053+00,2026-06-09 18:15:26.961017+00,2026-06-09 18:15:27.066052+00,0.105035,263.535999,
ec72e7a3-bfe6-46be-98ad-736a2af68e41,numbered,76957,completed,sold,1,2026-06-09 18:11:03.535011+00,2026-06-09 18:15:27.089787+00,2026-06-09 18:15:27.194415+00,0.104628,263.659404,
b5a1b695-1d1b-4319-918d-0e9ad8f1b7d7,numbered,72090,completed,sold,1,2026-06-09 18:11:03.540034+00,2026-06-09 18:15:27.214287+00,2026-06-09 18:15:27.318802+00,0.104515,263.778768,
7d60f6b4-16e0-4f17-9068-5e40abb2b153,numbered,17841,completed,sold,1,2026-06-09 18:11:03.544883+00,2026-06-09 18:15:27.341505+00,2026-06-09 18:15:27.446335+00,0.104830,263.901452,
12de7cf1-6ec1-4609-852c-f2c296e04a61,numbered,62910,completed,sold,1,2026-06-09 18:11:03.549944+00,2026-06-09 18:15:27.467557+00,2026-06-09 18:15:27.57228+00,0.104723,264.022336,
855f001b-2f58-46da-bf7f-ecd2bed6255c,numbered,25014,completed,sold,1,2026-06-09 18:11:03.554956+00,2026-06-09 18:15:27.593858+00,2026-06-09 18:15:27.69869+00,0.104832,264.143734,
93e88176-6a4a-4d9a-82f5-4da9adbc0ade,numbered,61196,completed,sold,1,2026-06-09 18:11:03.560382+00,2026-06-09 18:15:27.71886+00,2026-06-09 18:15:27.823335+00,0.104475,264.262953,
c719f280-a360-4235-a527-d6ee36807d7e,numbered,80110,completed,sold,1,2026-06-09 18:11:03.565412+00,2026-06-09 18:15:27.843199+00,2026-06-09 18:15:27.947591+00,0.104392,264.382179,
fd6a2a55-bc3a-4f48-b1e4-e26291058179,numbered,18141,completed,sold,1,2026-06-09 18:11:03.570471+00,2026-06-09 18:15:27.967611+00,2026-06-09 18:15:28.072263+00,0.104652,264.501792,
91b33c62-83b8-4852-b706-482704a5570f,numbered,1759,completed,sold,1,2026-06-09 18:11:03.575713+00,2026-06-09 18:15:28.093337+00,2026-06-09 18:15:28.198006+00,0.104669,264.622293,
f971fed0-7f85-461c-852e-2bf642154f64,numbered,43754,completed,sold,1,2026-06-09 18:11:03.580861+00,2026-06-09 18:15:28.219092+00,2026-06-09 18:15:28.323851+00,0.104759,264.742990,
7ec017aa-89c1-4167-88a4-0ae7e475050d,numbered,195,completed,sold,1,2026-06-09 18:11:03.585914+00,2026-06-09 18:15:28.344905+00,2026-06-09 18:15:28.449351+00,0.104446,264.863437,
48dcbd69-3fa5-42f3-b4f7-194f842d7a74,numbered,68491,completed,sold,1,2026-06-09 18:11:03.5918+00,2026-06-09 18:15:28.470379+00,2026-06-09 18:15:28.574844+00,0.104465,264.983044,
943a9516-a7e1-4162-bafb-eaf6bcfc381e,numbered,84549,completed,sold,1,2026-06-09 18:11:03.596888+00,2026-06-09 18:15:28.596111+00,2026-06-09 18:15:28.700585+00,0.104474,265.103697,
917b7c8c-4435-4b75-b4f3-45542c737417,numbered,73421,completed,sold,1,2026-06-09 18:11:03.601913+00,2026-06-09 18:15:28.721387+00,2026-06-09 18:15:28.826032+00,0.104645,265.224119,
5109017c-b247-4f4e-b3c9-ea09c9d227b7,numbered,94776,completed,sold,1,2026-06-09 18:11:03.606779+00,2026-06-09 18:15:28.850706+00,2026-06-09 18:15:28.95547+00,0.104764,265.348691,
f03ed224-8630-4ba8-994b-95c8b4f7274f,numbered,90095,completed,sold,1,2026-06-09 18:11:03.611849+00,2026-06-09 18:15:28.977037+00,2026-06-09 18:15:29.082086+00,0.105049,265.470237,
2611793e-14a5-4e6c-9d8d-c5330216eb7b,numbered,3077,completed,sold,1,2026-06-09 18:11:03.617409+00,2026-06-09 18:15:29.103797+00,2026-06-09 18:15:29.208814+00,0.105017,265.591405,
0aaf6ce6-ac03-47b5-9a73-7dc252628073,numbered,60509,completed,sold,1,2026-06-09 18:11:03.622432+00,2026-06-09 18:15:29.230348+00,2026-06-09 18:15:29.334751+00,0.104403,265.712319,
eb4492bb-9404-4ff9-9d13-53776c4be909,numbered,40486,completed,sold,1,2026-06-09 18:11:03.627802+00,2026-06-09 18:15:29.355269+00,2026-06-09 18:15:29.460111+00,0.104842,265.832309,
80712c82-de79-4abe-a2fa-e5649bfb0b0e,numbered,21931,completed,sold,1,2026-06-09 18:11:03.632984+00,2026-06-09 18:15:29.481721+00,2026-06-09 18:15:29.586737+00,0.105016,265.953753,
91801682-e0c3-436f-8f97-0506d3bcd81c,numbered,68841,completed,sold,1,2026-06-09 18:11:03.638125+00,2026-06-09 18:15:29.607713+00,2026-06-09 18:15:29.71231+00,0.104597,266.074185,
8da966c1-1d92-469b-b7bf-e5c37844cf4e,numbered,13128,completed,sold,1,2026-06-09 18:11:03.643235+00,2026-06-09 18:15:29.73311+00,2026-06-09 18:15:29.837822+00,0.104712,266.194587,
0836bcfb-c376-491d-a193-928461c118ba,numbered,71994,completed,sold,1,2026-06-09 18:11:03.648393+00,2026-06-09 18:15:29.858428+00,2026-06-09 18:15:29.962965+00,0.104537,266.314572,
b743c857-c7b0-465a-8ae6-1057b40264a5,numbered,47585,completed,sold,1,2026-06-09 18:11:03.654027+00,2026-06-09 18:15:29.984301+00,2026-06-09 18:15:30.089039+00,0.104738,266.435012,
d0cb19b6-c5e4-40fc-8479-9d51647d7b34,numbered,51419,completed,sold,1,2026-06-09 18:11:03.660178+00,2026-06-09 18:15:30.110311+00,2026-06-09 18:15:30.21478+00,0.104469,266.554602,
77b213c7-e351-4b57-9385-e2920f6d228f,numbered,27578,completed,seat_unavailable,1,2026-06-09 18:11:03.666019+00,2026-06-09 18:15:30.235041+00,2026-06-09 18:15:30.337795+00,0.102754,266.671776,
e1e1e370-b268-4a13-8560-1fdb6a348d3b,numbered,18484,completed,sold,1,2026-06-09 18:11:03.67183+00,2026-06-09 18:15:30.359048+00,2026-06-09 18:15:30.463804+00,0.104756,266.791974,
8f42c1ef-41e2-45ef-b444-451a5625c30f,numbered,35906,completed,sold,1,2026-06-09 18:11:03.677386+00,2026-06-09 18:15:30.486891+00,2026-06-09 18:15:30.591863+00,0.104972,266.914477,
174c2bec-0015-4440-9a5f-c311f8f6da46,numbered,90370,completed,sold,1,2026-06-09 18:11:03.682705+00,2026-06-09 18:15:30.612304+00,2026-06-09 18:15:30.716862+00,0.104558,267.034157,
0865f019-0523-46a9-bf01-d14efed8c37d,numbered,50444,completed,sold,1,2026-06-09 18:11:03.687861+00,2026-06-09 18:15:30.73779+00,2026-06-09 18:15:30.842194+00,0.104404,267.154333,
5653f69d-7f3a-40ab-a4c3-96666e35954b,numbered,82638,completed,sold,1,2026-06-09 18:11:03.692968+00,2026-06-09 18:15:30.864471+00,2026-06-09 18:15:30.969384+00,0.104913,267.276416,
273d8744-d301-48e5-8cf3-772be6a3df72,numbered,62105,completed,sold,1,2026-06-09 18:11:03.697837+00,2026-06-09 18:15:30.991425+00,2026-06-09 18:15:31.096376+00,0.104951,267.398539,
105b582f-762a-4d31-993e-7633e7ea2948,numbered,9026,completed,sold,1,2026-06-09 18:11:03.702863+00,2026-06-09 18:15:31.118531+00,2026-06-09 18:15:31.223512+00,0.104981,267.520649,
479d80c4-c3cc-4c7b-be2c-1e6fd9133bc8,numbered,52477,completed,sold,1,2026-06-09 18:11:03.707752+00,2026-06-09 18:15:31.244428+00,2026-06-09 18:15:31.348984+00,0.104556,267.641232,
42e147c9-3022-47db-ad73-a26b7ddcecbb,numbered,20003,completed,sold,1,2026-06-09 18:11:03.712525+00,2026-06-09 18:15:31.36996+00,2026-06-09 18:15:31.474641+00,0.104681,267.762116,
58e60d4b-0cd5-49ed-8b79-94ba2af01b56,numbered,37166,completed,sold,1,2026-06-09 18:11:03.717496+00,2026-06-09 18:15:31.495151+00,2026-06-09 18:15:31.599656+00,0.104505,267.882160,
26c4aa66-493c-4609-81c9-aee5b9f2a4ce,numbered,52985,completed,sold,1,2026-06-09 18:11:03.722363+00,2026-06-09 18:15:31.620029+00,2026-06-09 18:15:31.724891+00,0.104862,268.002528,
41513e2c-ad65-425b-802b-c6982323d6e3,numbered,76690,completed,sold,1,2026-06-09 18:11:03.72725+00,2026-06-09 18:15:31.746407+00,2026-06-09 18:15:31.850915+00,0.104508,268.123665,
c2c6a638-1b83-4fc7-8bad-8633b90f7fe9,numbered,94559,completed,sold,1,2026-06-09 18:11:03.732249+00,2026-06-09 18:15:31.872083+00,2026-06-09 18:15:31.97682+00,0.104737,268.244571,
fe639ddf-bb43-4d4c-b71e-4778156bfe2a,numbered,41384,completed,sold,1,2026-06-09 18:11:03.737211+00,2026-06-09 18:15:31.998702+00,2026-06-09 18:15:32.103483+00,0.104781,268.366272,
3d214ed1-f44f-427c-abae-3847efe96a94,numbered,99168,completed,sold,1,2026-06-09 18:11:03.742194+00,2026-06-09 18:15:32.124003+00,2026-06-09 18:15:32.228469+00,0.104466,268.486275,
2292665b-148f-4872-b5fc-35efc6341f6b,numbered,67779,completed,sold,1,2026-06-09 18:11:03.747076+00,2026-06-09 18:15:32.249336+00,2026-06-09 18:15:32.35397+00,0.104634,268.606894,
0e686438-e83b-4172-acaa-fd12547ac8de,numbered,36613,completed,sold,1,2026-06-09 18:11:03.752097+00,2026-06-09 18:15:32.374296+00,2026-06-09 18:15:32.478762+00,0.104466,268.726665,
87664fd6-1810-4e35-8783-af598d8d351d,numbered,40443,completed,sold,1,2026-06-09 18:11:03.757155+00,2026-06-09 18:15:32.499705+00,2026-06-09 18:15:32.604551+00,0.104846,268.847396,
59148eeb-ca18-4176-9688-0fb3474d5adc,numbered,86232,completed,sold,1,2026-06-09 18:11:03.762174+00,2026-06-09 18:15:32.624969+00,2026-06-09 18:15:32.729475+00,0.104506,268.967301,
5794cb83-b6df-464e-8787-a80c0b66818e,numbered,99017,completed,sold,1,2026-06-09 18:11:03.767254+00,2026-06-09 18:15:32.750331+00,2026-06-09 18:15:32.854735+00,0.104404,269.087481,
4cbe5882-6810-4ca5-bf98-e69e57f1dab6,numbered,32517,completed,sold,1,2026-06-09 18:11:03.772488+00,2026-06-09 18:15:32.875051+00,2026-06-09 18:15:32.979809+00,0.104758,269.207321,
d9a4ed32-aba5-4787-ab90-c267e8e82bf6,numbered,43294,completed,sold,1,2026-06-09 18:11:03.777774+00,2026-06-09 18:15:33.000973+00,2026-06-09 18:15:33.105931+00,0.104958,269.328157,
b2713631-9d67-4537-9e6c-dfbaf9c57028,numbered,47121,completed,sold,1,2026-06-09 18:11:03.782748+00,2026-06-09 18:15:33.127979+00,2026-06-09 18:15:33.232504+00,0.104525,269.449756,
c50a60d1-69b4-4b4d-95e6-d957b10ab8a5,numbered,86564,completed,sold,1,2026-06-09 18:11:03.787884+00,2026-06-09 18:15:33.253644+00,2026-06-09 18:15:33.358254+00,0.104610,269.570370,
1cbfb80c-8516-473f-8cd3-4049ac7c1aaf,numbered,54862,completed,sold,1,2026-06-09 18:11:03.79302+00,2026-06-09 18:15:33.378529+00,2026-06-09 18:15:33.483034+00,0.104505,269.690014,
20a5187b-1ecd-44c3-a941-f2b71c8b5592,numbered,64855,completed,sold,1,2026-06-09 18:11:03.798128+00,2026-06-09 18:15:33.503686+00,2026-06-09 18:15:33.60879+00,0.105104,269.810662,
97de5307-82a7-41b0-bdbc-17503c526783,numbered,68336,completed,sold,1,2026-06-09 18:11:03.803264+00,2026-06-09 18:15:33.630849+00,2026-06-09 18:15:33.735709+00,0.104860,269.932445,
6f8f656f-1f45-4b67-9e9b-32108ddcf50e,numbered,12930,completed,sold,1,2026-06-09 18:11:03.80823+00,2026-06-09 18:15:33.756223+00,2026-06-09 18:15:33.860976+00,0.104753,270.052746,
6f2ba24b-71b6-4fad-9a62-f0716d5f040a,numbered,31769,completed,sold,1,2026-06-09 18:11:03.813265+00,2026-06-09 18:15:33.882379+00,2026-06-09 18:15:33.987465+00,0.105086,270.174200,
b257678b-1f36-4260-b390-c9fc75615e51,numbered,69938,completed,sold,1,2026-06-09 18:11:03.818247+00,2026-06-09 18:15:34.010872+00,2026-06-09 18:15:34.115421+00,0.104549,270.297174,
4784076e-6df7-4eac-9b01-f56b6ec556d9,numbered,83158,completed,sold,1,2026-06-09 18:11:03.823131+00,2026-06-09 18:15:34.137746+00,2026-06-09 18:15:34.242542+00,0.104796,270.419411,
285db66c-0599-4fc5-8e83-3ba4b767fe66,numbered,19837,completed,sold,1,2026-06-09 18:11:03.828249+00,2026-06-09 18:15:34.266934+00,2026-06-09 18:15:34.37144+00,0.104506,270.543191,
5abb906e-5934-44ec-b401-a714f2e9110c,numbered,64185,completed,sold,1,2026-06-09 18:11:03.833328+00,2026-06-09 18:15:34.395912+00,2026-06-09 18:15:34.500771+00,0.104859,270.667443,
620f87dd-8e47-4b5d-bcb1-a3a00bdd59ab,numbered,3394,completed,sold,1,2026-06-09 18:11:03.838759+00,2026-06-09 18:15:34.527598+00,2026-06-09 18:15:34.632227+00,0.104629,270.793468,
69595295-0fe7-45b4-af77-34643c23d661,numbered,29269,completed,sold,1,2026-06-09 18:11:03.843834+00,2026-06-09 18:15:34.655681+00,2026-06-09 18:15:34.760172+00,0.104491,270.916338,
e2082a85-e5c6-4635-99db-dd137abd9a59,numbered,10210,completed,sold,1,2026-06-09 18:11:03.84874+00,2026-06-09 18:15:34.78023+00,2026-06-09 18:15:34.885186+00,0.104956,271.036446,
6e195b4d-81bb-4c02-9dd2-afeebad53117,numbered,42186,completed,sold,1,2026-06-09 18:11:03.853882+00,2026-06-09 18:15:34.90624+00,2026-06-09 18:15:35.011271+00,0.105031,271.157389,
b99f4a56-79a9-4e54-9873-65c0ad2de2f0,numbered,75627,completed,sold,1,2026-06-09 18:11:03.859023+00,2026-06-09 18:15:35.032677+00,2026-06-09 18:15:35.137537+00,0.104860,271.278514,
1e39b260-fe50-4f36-a2c7-4d234d93d302,numbered,77677,completed,sold,1,2026-06-09 18:11:03.864164+00,2026-06-09 18:15:35.15846+00,2026-06-09 18:15:35.263619+00,0.105159,271.399455,
2c2e4304-e7e4-4a6b-84a7-365fb80e69ab,numbered,25824,completed,sold,1,2026-06-09 18:11:03.869257+00,2026-06-09 18:15:35.284023+00,2026-06-09 18:15:35.388469+00,0.104446,271.519212,
ff635ce7-bbed-45ad-9ee2-ed4d0927a129,numbered,65281,completed,sold,1,2026-06-09 18:11:03.874398+00,2026-06-09 18:15:35.409227+00,2026-06-09 18:15:35.513986+00,0.104759,271.639588,
7a97516c-d788-42b8-b202-7b88f6390ddc,numbered,52146,completed,sold,1,2026-06-09 18:11:03.879583+00,2026-06-09 18:15:35.5352+00,2026-06-09 18:15:35.63992+00,0.104720,271.760337,
046dc259-30df-432a-b042-89d40d796ce9,numbered,62978,completed,sold,1,2026-06-09 18:11:03.884882+00,2026-06-09 18:15:35.660279+00,2026-06-09 18:15:35.764471+00,0.104192,271.879589,
f01bd1df-f66b-4433-bbc6-218e8c5c9f23,numbered,75700,completed,sold,1,2026-06-09 18:11:03.890125+00,2026-06-09 18:15:35.784912+00,2026-06-09 18:15:35.889599+00,0.104687,271.999474,
de1fc3de-c654-4a2b-9867-fa01eab519c6,numbered,93412,completed,seat_unavailable,1,2026-06-09 18:11:03.895233+00,2026-06-09 18:15:35.910833+00,2026-06-09 18:15:36.013573+00,0.102740,272.118340,
29317a72-e855-45f9-92e2-8f4faf62a82d,numbered,6023,completed,sold,1,2026-06-09 18:11:03.900471+00,2026-06-09 18:15:36.03442+00,2026-06-09 18:15:36.139159+00,0.104739,272.238688,
e2d5c7ac-a236-402e-99dc-1585614d177e,numbered,70681,completed,sold,1,2026-06-09 18:11:03.905433+00,2026-06-09 18:15:36.160114+00,2026-06-09 18:15:36.264526+00,0.104412,272.359093,
b9960ff6-e0ad-4c20-800a-fdb8e719b3d1,numbered,10179,completed,sold,1,2026-06-09 18:11:03.910422+00,2026-06-09 18:15:36.285625+00,2026-06-09 18:15:36.390519+00,0.104894,272.480097,
0fc89cf2-2d42-4601-bcad-2937709cd826,numbered,72551,completed,sold,1,2026-06-09 18:11:03.915329+00,2026-06-09 18:15:36.411599+00,2026-06-09 18:15:36.516446+00,0.104847,272.601117,
5b544203-3478-411d-ab3e-ac41ccec6b95,numbered,47255,completed,sold,1,2026-06-09 18:11:03.920845+00,2026-06-09 18:15:36.537169+00,2026-06-09 18:15:36.642069+00,0.104900,272.721224,
b885ffc9-edfd-4302-be2b-03f601b60a69,numbered,98603,completed,sold,1,2026-06-09 18:11:03.926024+00,2026-06-09 18:15:36.662901+00,2026-06-09 18:15:36.767582+00,0.104681,272.841558,
4361f763-d9ff-4642-9da0-8cf3a38a7b79,numbered,61866,completed,sold,1,2026-06-09 18:11:03.931109+00,2026-06-09 18:15:36.788121+00,2026-06-09 18:15:36.892854+00,0.104733,272.961745,
27de34a6-9f6e-4975-b69d-dcbb291d7972,numbered,41078,completed,sold,1,2026-06-09 18:11:03.935997+00,2026-06-09 18:15:36.913784+00,2026-06-09 18:15:37.018983+00,0.105199,273.082986,
3e0f50c6-fafc-4409-b67b-9d7ca9ca1c91,numbered,17100,completed,sold,1,2026-06-09 18:11:03.940982+00,2026-06-09 18:15:37.041727+00,2026-06-09 18:15:37.146376+00,0.104649,273.205394,
1a20f08e-c186-4387-a4b8-66c364fef0e9,numbered,87325,completed,sold,1,2026-06-09 18:11:03.945968+00,2026-06-09 18:15:37.166722+00,2026-06-09 18:15:37.27088+00,0.104158,273.324912,
68048611-6352-46d7-a5a0-b6df08bca9e5,numbered,4041,completed,sold,1,2026-06-09 18:11:03.950894+00,2026-06-09 18:15:37.290497+00,2026-06-09 18:15:37.395061+00,0.104564,273.444167,
82294bb2-6898-4117-ae62-58d532503b35,numbered,87652,completed,sold,1,2026-06-09 18:11:03.955858+00,2026-06-09 18:15:37.414996+00,2026-06-09 18:15:37.51935+00,0.104354,273.563492,
66cfe128-db33-4866-bb7d-5517b49175fe,numbered,85711,completed,seat_unavailable,1,2026-06-09 18:11:03.960961+00,2026-06-09 18:15:37.539711+00,2026-06-09 18:15:37.64271+00,0.102999,273.681749,
c787a48a-4065-43fa-bf4a-9efb5dd7ae28,numbered,55448,completed,sold,1,2026-06-09 18:11:03.966088+00,2026-06-09 18:15:37.663156+00,2026-06-09 18:15:37.768017+00,0.104861,273.801929,
32bab8d0-1f4c-47b4-8725-42b59624629b,numbered,46552,completed,sold,1,2026-06-09 18:11:03.971016+00,2026-06-09 18:15:37.788497+00,2026-06-09 18:15:37.893014+00,0.104517,273.921998,
b404af8e-7bb2-4154-bee3-307ac763e514,numbered,62398,completed,sold,1,2026-06-09 18:11:03.97604+00,2026-06-09 18:15:37.913133+00,2026-06-09 18:15:38.017824+00,0.104691,274.041784,
7c26c43f-8f5b-4804-b0ae-0f83e5eee6c5,numbered,69731,completed,sold,1,2026-06-09 18:11:03.981069+00,2026-06-09 18:15:38.039204+00,2026-06-09 18:15:38.144157+00,0.104953,274.163088,
ddc44c37-1a7b-4a38-b566-2e291761dfbe,numbered,99143,completed,sold,1,2026-06-09 18:11:03.986115+00,2026-06-09 18:15:38.164453+00,2026-06-09 18:15:38.268855+00,0.104402,274.282740,
1b07a4cd-6256-4505-b438-3db99f164faf,numbered,82848,completed,sold,1,2026-06-09 18:11:03.990969+00,2026-06-09 18:15:38.289203+00,2026-06-09 18:15:38.394092+00,0.104889,274.403123,
3339d88d-2011-4170-952b-462d83d3f5fe,numbered,90150,completed,sold,1,2026-06-09 18:11:03.995997+00,2026-06-09 18:15:38.414633+00,2026-06-09 18:15:38.519231+00,0.104598,274.523234,
59dc3bdb-d6a8-4302-83cc-8d84f08ede44,numbered,72461,completed,sold,1,2026-06-09 18:11:04.001085+00,2026-06-09 18:15:38.539632+00,2026-06-09 18:15:38.644054+00,0.104422,274.642969,
9bba5e8f-3c53-4c39-bfc4-07e0f407b77b,numbered,24953,completed,sold,1,2026-06-09 18:11:04.00855+00,2026-06-09 18:15:38.664165+00,2026-06-09 18:15:38.768679+00,0.104514,274.760129,
57612d9b-24ce-427b-9169-3eb4a940e675,numbered,53600,completed,sold,1,2026-06-09 18:11:04.014767+00,2026-06-09 18:15:38.789134+00,2026-06-09 18:15:38.893886+00,0.104752,274.879119,
1246900b-3b93-446b-aa1c-8e1868c53f6e,numbered,72430,completed,sold,1,2026-06-09 18:11:04.02053+00,2026-06-09 18:15:38.915052+00,2026-06-09 18:15:39.019927+00,0.104875,274.999397,
9042edf7-3fad-45e1-8857-b315131af8ce,numbered,76505,completed,sold,1,2026-06-09 18:11:04.026234+00,2026-06-09 18:15:39.043881+00,2026-06-09 18:15:39.148823+00,0.104942,275.122589,
c1517876-61c5-4542-af1d-9161f47b9523,numbered,76432,completed,sold,1,2026-06-09 18:11:04.033914+00,2026-06-09 18:15:39.171019+00,2026-06-09 18:15:39.275779+00,0.104760,275.241865,
994a1c7f-8fb3-4f0c-af3e-45b404312582,numbered,72524,completed,sold,1,2026-06-09 18:11:04.040979+00,2026-06-09 18:15:39.296168+00,2026-06-09 18:15:39.400697+00,0.104529,275.359718,
c733dba8-2ddf-4314-8374-a6e8676ecb95,numbered,34492,completed,sold,1,2026-06-09 18:11:04.046734+00,2026-06-09 18:15:39.421756+00,2026-06-09 18:15:39.526471+00,0.104715,275.479737,
72709870-7470-474e-b511-e5c431a23952,numbered,13106,completed,sold,1,2026-06-09 18:11:04.052386+00,2026-06-09 18:15:39.548063+00,2026-06-09 18:15:39.65254+00,0.104477,275.600154,
2e6369cd-9448-404e-9746-0b6d35ec53f3,numbered,82204,completed,sold,1,2026-06-09 18:11:04.05773+00,2026-06-09 18:15:39.673155+00,2026-06-09 18:15:39.777821+00,0.104666,275.720091,
dd434605-132b-46e0-aaa2-7a5c6debfa85,numbered,57975,completed,sold,1,2026-06-09 18:11:04.062851+00,2026-06-09 18:15:39.802393+00,2026-06-09 18:15:39.907282+00,0.104889,275.844431,
d8448433-115d-444b-8164-38616f5b45f4,numbered,12157,completed,sold,1,2026-06-09 18:11:04.067976+00,2026-06-09 18:15:39.929944+00,2026-06-09 18:15:40.034534+00,0.104590,275.966558,
9aea2b4c-9708-4727-8212-2dd7f8d61920,numbered,48614,completed,sold,1,2026-06-09 18:11:04.073139+00,2026-06-09 18:15:40.056189+00,2026-06-09 18:15:40.16112+00,0.104931,276.087981,
c0ab8bc4-821c-4d56-a112-812229ed430d,numbered,57995,completed,sold,1,2026-06-09 18:11:04.078238+00,2026-06-09 18:15:40.181476+00,2026-06-09 18:15:40.286066+00,0.104590,276.207828,
00cd9ccc-0f58-44d0-ad19-b8e5122bff9e,numbered,20073,completed,sold,1,2026-06-09 18:11:04.083159+00,2026-06-09 18:15:40.306183+00,2026-06-09 18:15:40.410968+00,0.104785,276.327809,
2f339131-22fb-47d0-acb8-876f412ef530,numbered,74627,completed,sold,1,2026-06-09 18:11:04.08815+00,2026-06-09 18:15:40.430985+00,2026-06-09 18:15:40.535705+00,0.104720,276.447555,
8772da11-b1f8-4c58-9100-56f3f0730318,numbered,35254,completed,sold,1,2026-06-09 18:11:04.093114+00,2026-06-09 18:15:40.55622+00,2026-06-09 18:15:40.661003+00,0.104783,276.567889,
ce249c20-a4b1-404e-a5a2-0177b1844009,numbered,89348,completed,seat_unavailable,1,2026-06-09 18:11:04.098486+00,2026-06-09 18:15:40.681224+00,2026-06-09 18:15:40.784191+00,0.102967,276.685705,
5f4c5c59-df14-4026-ba9b-a159ee5306a6,numbered,72643,completed,sold,1,2026-06-09 18:11:04.10389+00,2026-06-09 18:15:40.804704+00,2026-06-09 18:15:40.909201+00,0.104497,276.805311,
c4967e25-4349-4672-957f-78ccfe470a5c,numbered,23183,completed,sold,1,2026-06-09 18:11:04.109111+00,2026-06-09 18:15:40.929946+00,2026-06-09 18:15:41.036268+00,0.106322,276.927157,
ef8a8b60-ce21-4840-bfbe-7335ff110005,numbered,48039,completed,sold,1,2026-06-09 18:11:04.114483+00,2026-06-09 18:15:41.061782+00,2026-06-09 18:15:41.166904+00,0.105122,277.052421,
88be1936-0a72-4a8e-a41d-807a569683fe,numbered,94053,completed,sold,1,2026-06-09 18:11:04.121762+00,2026-06-09 18:15:41.188912+00,2026-06-09 18:15:41.293642+00,0.104730,277.171880,
0d21dd4c-3faf-49d5-a7ee-bd1a78532d8c,numbered,58110,completed,sold,1,2026-06-09 18:11:04.129278+00,2026-06-09 18:15:41.31486+00,2026-06-09 18:15:41.419753+00,0.104893,277.290475,
4cb4203d-ed09-4911-bde2-f93a7f4a99b1,numbered,94954,completed,sold,1,2026-06-09 18:11:04.136184+00,2026-06-09 18:15:41.440518+00,2026-06-09 18:15:41.545115+00,0.104597,277.408931,
74521c1f-701d-4b7e-832f-819aa833e133,numbered,97578,completed,sold,1,2026-06-09 18:11:04.143233+00,2026-06-09 18:15:41.566971+00,2026-06-09 18:15:41.671795+00,0.104824,277.528562,
2dc2ace5-a29d-4ead-908f-d5e0dff9a2e0,numbered,65930,completed,sold,1,2026-06-09 18:11:04.150215+00,2026-06-09 18:15:41.693072+00,2026-06-09 18:15:41.797604+00,0.104532,277.647389,
a4402f30-536a-4d61-a449-27bd2acb004c,numbered,79015,completed,sold,1,2026-06-09 18:11:04.157428+00,2026-06-09 18:15:41.818149+00,2026-06-09 18:15:41.922755+00,0.104606,277.765327,
8106ec9c-a0ce-4408-b147-caf832f5a076,numbered,25988,completed,sold,1,2026-06-09 18:11:04.16496+00,2026-06-09 18:15:41.943046+00,2026-06-09 18:15:42.048128+00,0.105082,277.883168,
c915660a-47e0-4651-888c-664c0e10a050,numbered,32833,completed,sold,1,2026-06-09 18:11:04.172008+00,2026-06-09 18:15:42.069899+00,2026-06-09 18:15:42.175033+00,0.105134,278.003025,
120d6e4a-7087-4236-b2e6-97dfc827d21e,numbered,80709,completed,sold,1,2026-06-09 18:11:04.17895+00,2026-06-09 18:15:42.195914+00,2026-06-09 18:15:42.300661+00,0.104747,278.121711,
efbcb903-4399-4436-92a4-f71e1206758a,numbered,87199,completed,sold,1,2026-06-09 18:11:04.186194+00,2026-06-09 18:15:42.321772+00,2026-06-09 18:15:42.426467+00,0.104695,278.240273,
e7372369-c559-4003-b3a8-61123551cad4,numbered,62210,completed,sold,1,2026-06-09 18:11:04.193315+00,2026-06-09 18:15:42.44696+00,2026-06-09 18:15:42.551317+00,0.104357,278.358002,
5c018ee9-2c02-4ee5-81e5-823bf5958ea3,numbered,19577,completed,sold,1,2026-06-09 18:11:04.200375+00,2026-06-09 18:15:42.57089+00,2026-06-09 18:15:42.675069+00,0.104179,278.474694,
b7b8cb9f-8f94-4431-8726-543385233b67,numbered,47192,completed,sold,1,2026-06-09 18:11:04.207438+00,2026-06-09 18:15:42.695325+00,2026-06-09 18:15:42.799827+00,0.104502,278.592389,
8aef3695-1d7e-4bad-a8ea-e3df6f2f3396,numbered,53137,completed,sold,1,2026-06-09 18:11:04.214801+00,2026-06-09 18:15:42.820812+00,2026-06-09 18:15:42.925568+00,0.104756,278.710767,
65eda03c-87a2-47e0-a3ba-cdcaca4e37e5,numbered,86857,completed,sold,1,2026-06-09 18:11:04.222388+00,2026-06-09 18:15:42.94646+00,2026-06-09 18:15:43.051038+00,0.104578,278.828650,
70aac342-d332-4797-a8e1-e6de917a8f82,numbered,91478,completed,sold,1,2026-06-09 18:11:04.2291+00,2026-06-09 18:15:43.071693+00,2026-06-09 18:15:43.176842+00,0.105149,278.947742,
f19ebabb-acec-4ce1-acec-b8880f89413f,numbered,15815,completed,sold,1,2026-06-09 18:11:04.23847+00,2026-06-09 18:15:43.197712+00,2026-06-09 18:15:43.302488+00,0.104776,279.064018,
be8b795a-d201-4b54-888c-11e91321fe5e,numbered,63843,completed,sold,1,2026-06-09 18:11:04.244046+00,2026-06-09 18:15:43.323669+00,2026-06-09 18:15:43.428357+00,0.104688,279.184311,
05adde7f-0554-4041-8e37-6adde6b4aabe,numbered,60752,completed,sold,1,2026-06-09 18:11:04.250339+00,2026-06-09 18:15:43.449118+00,2026-06-09 18:15:43.553711+00,0.104593,279.303372,
456baa68-892e-467e-91d6-d988cd6d3933,numbered,59582,completed,sold,1,2026-06-09 18:11:04.257694+00,2026-06-09 18:15:43.574417+00,2026-06-09 18:15:43.679021+00,0.104604,279.421327,
116f4097-18a5-419f-8faf-a571ba649b6d,numbered,33254,completed,sold,1,2026-06-09 18:11:04.26492+00,2026-06-09 18:15:43.699605+00,2026-06-09 18:15:43.804257+00,0.104652,279.539337,
482b8211-705d-4744-9b2e-1996faa5bbb7,numbered,53398,completed,sold,1,2026-06-09 18:11:04.271848+00,2026-06-09 18:15:43.825145+00,2026-06-09 18:15:43.929952+00,0.104807,279.658104,
5c9cfe76-835a-468d-8d1e-2dc1b32ff0b4,numbered,97709,completed,sold,1,2026-06-09 18:11:04.279061+00,2026-06-09 18:15:43.950178+00,2026-06-09 18:15:44.054536+00,0.104358,279.775475,
45414f93-506f-48c5-948f-4561e3d7091e,numbered,60043,completed,sold,1,2026-06-09 18:11:04.286108+00,2026-06-09 18:15:44.077305+00,2026-06-09 18:15:44.181924+00,0.104619,279.895816,
1183d24a-cafa-49ed-b0f4-3ccb4dbbc77a,numbered,28649,completed,sold,1,2026-06-09 18:11:04.293181+00,2026-06-09 18:15:44.203589+00,2026-06-09 18:15:44.307845+00,0.104256,280.014664,
ef2b2428-edee-4629-8de5-ac22ca3b72b0,numbered,70939,completed,sold,1,2026-06-09 18:11:04.30042+00,2026-06-09 18:15:44.328981+00,2026-06-09 18:15:44.433509+00,0.104528,280.133089,
252ecc64-351e-4437-8eec-0ccb8004c30e,numbered,97417,completed,sold,1,2026-06-09 18:11:04.307786+00,2026-06-09 18:15:44.45353+00,2026-06-09 18:15:44.557857+00,0.104327,280.250071,
a32f707d-74e2-4795-b391-cde569d24be5,numbered,72449,completed,sold,1,2026-06-09 18:11:04.314746+00,2026-06-09 18:15:44.578182+00,2026-06-09 18:15:44.682553+00,0.104371,280.367807,
fc77d6da-0d2b-4a80-a172-35785d01e3e5,numbered,94875,completed,sold,1,2026-06-09 18:11:04.321896+00,2026-06-09 18:15:44.707093+00,2026-06-09 18:15:44.811788+00,0.104695,280.489892,
f88b392d-1137-49ba-91d0-c7d604491708,numbered,21532,completed,sold,1,2026-06-09 18:11:04.329037+00,2026-06-09 18:15:44.834161+00,2026-06-09 18:15:44.938531+00,0.104370,280.609494,
ad48b7a8-20fc-4708-9fcd-fc5da1411210,numbered,51661,completed,sold,1,2026-06-09 18:11:04.336095+00,2026-06-09 18:15:44.958326+00,2026-06-09 18:15:45.062904+00,0.104578,280.726809,
ab308247-b64c-4886-87e1-b9f48f19f08e,numbered,2566,completed,sold,1,2026-06-09 18:11:04.343193+00,2026-06-09 18:15:45.084094+00,2026-06-09 18:15:45.189546+00,0.105452,280.846353,
cdebd287-3738-4f75-8e6e-f5c9f6787943,numbered,20718,completed,sold,1,2026-06-09 18:11:04.350313+00,2026-06-09 18:15:45.211486+00,2026-06-09 18:15:45.31613+00,0.104644,280.965817,
ad52e46e-347b-49d8-b175-7d5729427543,numbered,50760,completed,sold,1,2026-06-09 18:11:04.357643+00,2026-06-09 18:15:45.337107+00,2026-06-09 18:15:45.441514+00,0.104407,281.083871,
2312eddf-b1c3-4400-8670-3f22f6880caa,numbered,57365,completed,sold,1,2026-06-09 18:11:04.365259+00,2026-06-09 18:15:45.462894+00,2026-06-09 18:15:45.567728+00,0.104834,281.202469,
1a1b279f-26eb-4d96-ae43-575cab41e4fe,numbered,66609,completed,sold,1,2026-06-09 18:11:04.371994+00,2026-06-09 18:15:45.588115+00,2026-06-09 18:15:45.69253+00,0.104415,281.320536,
ceae12e8-2b0d-4c9f-abf8-b12956390046,numbered,94291,completed,sold,1,2026-06-09 18:11:04.379577+00,2026-06-09 18:15:45.712999+00,2026-06-09 18:15:45.817349+00,0.104350,281.437772,
475b396a-52b8-46d9-87fc-20de3d3e4bee,numbered,43073,completed,sold,1,2026-06-09 18:11:04.386121+00,2026-06-09 18:15:45.837814+00,2026-06-09 18:15:45.942379+00,0.104565,281.556258,
b1ba8cb0-ce9e-4b78-bab4-b3eb44c244dd,numbered,68799,completed,sold,1,2026-06-09 18:11:04.393199+00,2026-06-09 18:15:45.963165+00,2026-06-09 18:15:46.067661+00,0.104496,281.674462,
450533f2-7b65-4237-85c8-eaa4fef6b9d1,numbered,72792,completed,sold,1,2026-06-09 18:11:04.400759+00,2026-06-09 18:15:46.087893+00,2026-06-09 18:15:46.192444+00,0.104551,281.791685,
2b71c4f4-05ff-4887-8107-8e5a7189bdc9,numbered,36431,completed,sold,1,2026-06-09 18:11:04.407735+00,2026-06-09 18:15:46.213225+00,2026-06-09 18:15:46.317944+00,0.104719,281.910209,
364f04d1-d966-4456-81b2-de0e1898a313,numbered,28260,completed,sold,1,2026-06-09 18:11:04.414815+00,2026-06-09 18:15:46.338924+00,2026-06-09 18:15:46.443731+00,0.104807,282.028916,
398477fa-f697-477c-ba89-9d51a34a8cc2,numbered,71675,completed,sold,1,2026-06-09 18:11:04.421967+00,2026-06-09 18:15:46.464945+00,2026-06-09 18:15:46.569587+00,0.104642,282.147620,
5cdd0900-6a59-44bd-a82d-b36dfd0269f8,numbered,5944,completed,seat_unavailable,1,2026-06-09 18:11:04.428939+00,2026-06-09 18:15:46.589838+00,2026-06-09 18:15:46.692677+00,0.102839,282.263738,
f2ecc5e1-cea4-4d01-8640-012e064414f1,numbered,48291,completed,sold,1,2026-06-09 18:11:04.436001+00,2026-06-09 18:15:46.713579+00,2026-06-09 18:15:46.818012+00,0.104433,282.382011,
b3933494-cd43-42d8-b25b-eafa53dc856a,numbered,6666,completed,sold,1,2026-06-09 18:11:04.443348+00,2026-06-09 18:15:46.837507+00,2026-06-09 18:15:46.94201+00,0.104503,282.498662,
266bfbcb-6371-4b77-8ad2-c873cbd3d860,numbered,21209,completed,sold,1,2026-06-09 18:11:04.450411+00,2026-06-09 18:15:46.962019+00,2026-06-09 18:15:47.066654+00,0.104635,282.616243,
713512da-a167-4fb1-8c95-3ff50167dcdb,numbered,74552,completed,sold,1,2026-06-09 18:11:04.457594+00,2026-06-09 18:15:47.086774+00,2026-06-09 18:15:47.191672+00,0.104898,282.734078,
21b609e9-1776-43c4-998e-4576247d6f9c,numbered,25953,completed,sold,1,2026-06-09 18:11:04.464943+00,2026-06-09 18:15:47.216346+00,2026-06-09 18:15:47.321031+00,0.104685,282.856088,
ada9cab3-bc63-4c8f-92bc-4f14566f5986,numbered,99208,completed,sold,1,2026-06-09 18:11:04.471976+00,2026-06-09 18:15:47.342262+00,2026-06-09 18:15:47.446951+00,0.104689,282.974975,
087c89ae-0d5c-4358-9071-84cec876cd2a,numbered,81749,completed,sold,1,2026-06-09 18:11:04.479107+00,2026-06-09 18:15:47.468465+00,2026-06-09 18:15:47.573476+00,0.105011,283.094369,
a1099455-1259-498c-acdc-8dfb9eb73520,numbered,65101,completed,sold,1,2026-06-09 18:11:04.486117+00,2026-06-09 18:15:47.594343+00,2026-06-09 18:15:47.698911+00,0.104568,283.212794,
e67e46c2-de96-47e5-92bd-b063c2ac4ea6,numbered,85274,completed,sold,1,2026-06-09 18:11:04.493208+00,2026-06-09 18:15:47.718963+00,2026-06-09 18:15:47.823423+00,0.104460,283.330215,
dbd1cf09-73af-44e3-853f-a3f061640e46,numbered,4365,completed,sold,1,2026-06-09 18:11:04.500255+00,2026-06-09 18:15:47.843215+00,2026-06-09 18:15:47.947741+00,0.104526,283.447486,
37944f93-2401-4184-8fad-3c9fb2345a39,numbered,62958,completed,sold,1,2026-06-09 18:11:04.507508+00,2026-06-09 18:15:47.967497+00,2026-06-09 18:15:48.072143+00,0.104646,283.564635,
ebdb3678-5d99-4816-8cda-526211eadbad,numbered,39730,completed,sold,1,2026-06-09 18:11:04.514761+00,2026-06-09 18:15:48.092796+00,2026-06-09 18:15:48.197333+00,0.104537,283.682572,
55e495cf-8dd7-4c66-97f9-400835799c40,numbered,56017,completed,sold,1,2026-06-09 18:11:04.521743+00,2026-06-09 18:15:48.218312+00,2026-06-09 18:15:48.322869+00,0.104557,283.801126,
4cb94868-3aca-46d6-9d0a-7ef2c75d6014,numbered,7711,completed,sold,1,2026-06-09 18:11:04.529041+00,2026-06-09 18:15:48.34303+00,2026-06-09 18:15:48.447553+00,0.104523,283.918512,
2fdaa49a-4c21-445d-ab43-3be22ab62ba4,numbered,31928,completed,sold,1,2026-06-09 18:11:04.536131+00,2026-06-09 18:15:48.467475+00,2026-06-09 18:15:48.572034+00,0.104559,284.035903,
2f5475e9-b6a2-4ff8-bdd3-31cd4372cbc2,numbered,69993,completed,sold,1,2026-06-09 18:11:04.543344+00,2026-06-09 18:15:48.593242+00,2026-06-09 18:15:48.697688+00,0.104446,284.154344,
c28154e8-4dc3-4751-aa11-8f9d9b2b0eb3,numbered,38866,completed,sold,1,2026-06-09 18:11:04.550489+00,2026-06-09 18:15:48.717604+00,2026-06-09 18:15:48.822143+00,0.104539,284.271654,
8c3765df-adcc-4f77-bcd9-a48d3b6ed139,numbered,37583,completed,sold,1,2026-06-09 18:11:04.557694+00,2026-06-09 18:15:48.843016+00,2026-06-09 18:15:48.947736+00,0.104720,284.390042,
2c78668e-a60c-448d-b6f8-d91e9fe9c12a,numbered,30175,completed,sold,1,2026-06-09 18:11:04.565235+00,2026-06-09 18:15:48.967962+00,2026-06-09 18:15:49.072733+00,0.104771,284.507498,
656c1dd1-fdb7-4660-9a39-729ee6012c57,numbered,81899,completed,sold,1,2026-06-09 18:11:04.571907+00,2026-06-09 18:15:49.093577+00,2026-06-09 18:15:49.198411+00,0.104834,284.626504,
0dab442c-23f1-4afb-a4ed-50eaa2542bc7,numbered,41567,completed,sold,1,2026-06-09 18:11:04.578882+00,2026-06-09 18:15:49.220941+00,2026-06-09 18:15:49.325697+00,0.104756,284.746815,
29026ea2-d618-464a-aa18-92b0e0f2c08c,numbered,40526,completed,sold,1,2026-06-09 18:11:04.586018+00,2026-06-09 18:15:49.347263+00,2026-06-09 18:15:49.452192+00,0.104929,284.866174,
b462810b-2347-4c22-8170-7fba8564e650,numbered,14600,completed,sold,1,2026-06-09 18:11:04.593024+00,2026-06-09 18:15:49.473298+00,2026-06-09 18:15:49.577712+00,0.104414,284.984688,
b6fe6c7a-ec60-4a79-be7b-30bcd7279366,numbered,55545,completed,sold,1,2026-06-09 18:11:04.600294+00,2026-06-09 18:15:49.603825+00,2026-06-09 18:15:49.708226+00,0.104401,285.107932,
3ac516e3-0cb1-4230-8452-22febf659a55,numbered,92398,completed,sold,1,2026-06-09 18:11:04.60756+00,2026-06-09 18:15:49.72838+00,2026-06-09 18:15:49.832945+00,0.104565,285.225385,
fdba1162-f15d-49e7-925a-24f4599ccb2a,numbered,61235,completed,sold,1,2026-06-09 18:11:04.614775+00,2026-06-09 18:15:49.853779+00,2026-06-09 18:15:49.958873+00,0.105094,285.344098,
03d59a53-3a48-4859-93a1-c147949cc32b,numbered,26818,completed,sold,1,2026-06-09 18:11:04.621925+00,2026-06-09 18:15:49.979036+00,2026-06-09 18:15:50.084351+00,0.105315,285.462426,
9c86e6de-b2eb-45cb-a678-57645f1909c1,numbered,58511,completed,sold,1,2026-06-09 18:11:04.628929+00,2026-06-09 18:15:50.105244+00,2026-06-09 18:15:50.20994+00,0.104696,285.581011,
d6bce460-3042-49b5-81f4-e19a938e5e34,numbered,48046,completed,sold,1,2026-06-09 18:11:04.636107+00,2026-06-09 18:15:50.230541+00,2026-06-09 18:15:50.335554+00,0.105013,285.699447,
5b48802c-bd79-48fa-9721-9e09e8328764,numbered,80228,completed,sold,1,2026-06-09 18:11:04.643219+00,2026-06-09 18:15:50.356277+00,2026-06-09 18:15:50.460918+00,0.104641,285.817699,
032fd3ba-83e9-48be-b2c8-07da4925d0da,numbered,95754,completed,sold,1,2026-06-09 18:11:04.650519+00,2026-06-09 18:15:50.482306+00,2026-06-09 18:15:50.586699+00,0.104393,285.936180,
0d20d70b-bf84-4a96-b025-cef6db9f4f47,numbered,58186,completed,sold,1,2026-06-09 18:11:04.657508+00,2026-06-09 18:15:50.608183+00,2026-06-09 18:15:50.712539+00,0.104356,286.055031,
fa8e96af-46bf-4e05-8c01-14099f4f22ee,numbered,36565,completed,sold,1,2026-06-09 18:11:04.664793+00,2026-06-09 18:15:50.734099+00,2026-06-09 18:15:50.838793+00,0.104694,286.174000,
43166204-6fdf-40f4-987c-111b34069e41,numbered,55837,completed,sold,1,2026-06-09 18:11:04.671937+00,2026-06-09 18:15:50.859562+00,2026-06-09 18:15:50.964132+00,0.104570,286.292195,
ba900e08-b3e9-42fa-96ab-b5cfbd6b35a7,numbered,97873,completed,sold,1,2026-06-09 18:11:04.678954+00,2026-06-09 18:15:50.986159+00,2026-06-09 18:15:51.090809+00,0.104650,286.411855,
4c3ffe97-431e-4ad7-af86-d2face11af5e,numbered,56720,completed,sold,1,2026-06-09 18:11:04.686027+00,2026-06-09 18:15:51.11236+00,2026-06-09 18:15:51.217478+00,0.105118,286.531451,
477b17d2-a820-4ca5-ac4e-c2192f20b5c0,numbered,80806,completed,sold,1,2026-06-09 18:11:04.693101+00,2026-06-09 18:15:51.239368+00,2026-06-09 18:15:51.344165+00,0.104797,286.651064,
b127c609-4355-4ac3-8b48-605e8b249185,numbered,87022,completed,sold,1,2026-06-09 18:11:04.700472+00,2026-06-09 18:15:51.365478+00,2026-06-09 18:15:51.470191+00,0.104713,286.769719,
2df70ef6-e5a7-4bf1-8680-5642c7d31abb,numbered,33957,completed,sold,1,2026-06-09 18:11:04.707537+00,2026-06-09 18:15:51.492063+00,2026-06-09 18:15:51.596778+00,0.104715,286.889241,
8274e768-8833-41e7-8420-7788a2a411cf,numbered,96661,completed,sold,1,2026-06-09 18:11:04.714728+00,2026-06-09 18:15:51.617497+00,2026-06-09 18:15:51.721878+00,0.104381,287.007150,
7e36a9c3-692f-499c-ac98-4ad06b9be92b,numbered,7001,completed,sold,1,2026-06-09 18:11:04.721758+00,2026-06-09 18:15:51.743029+00,2026-06-09 18:15:51.847809+00,0.104780,287.126051,
572e1613-f55d-4d76-a7cd-dffb61ede8a6,numbered,65881,completed,sold,1,2026-06-09 18:11:04.729015+00,2026-06-09 18:15:51.869183+00,2026-06-09 18:15:51.973931+00,0.104748,287.244916,
60ee1808-c31c-44a0-bc68-75b15abb15d1,numbered,61292,completed,sold,1,2026-06-09 18:11:04.736029+00,2026-06-09 18:15:51.996178+00,2026-06-09 18:15:52.100534+00,0.104356,287.364505,
729fe665-2b9a-4b0c-9380-19b81e7838cd,numbered,5173,completed,sold,1,2026-06-09 18:11:04.743253+00,2026-06-09 18:15:52.122368+00,2026-06-09 18:15:52.227133+00,0.104765,287.483880,
c2d82010-8aea-4293-843f-ce7687003279,numbered,34997,completed,sold,1,2026-06-09 18:11:04.750296+00,2026-06-09 18:15:52.248268+00,2026-06-09 18:15:52.352803+00,0.104535,287.602507,
0eec2ce3-3796-474a-a95b-43c1a8bb6974,numbered,87276,completed,sold,1,2026-06-09 18:11:04.757406+00,2026-06-09 18:15:52.373945+00,2026-06-09 18:15:52.479306+00,0.105361,287.721900,
01fdc55f-906e-4d31-aac6-0732f9ec50a3,numbered,71953,completed,sold,1,2026-06-09 18:11:04.764858+00,2026-06-09 18:15:52.500451+00,2026-06-09 18:15:52.605+00,0.104549,287.840142,
93383401-8625-4646-8503-d7fcab322be6,numbered,35489,completed,sold,1,2026-06-09 18:11:04.771799+00,2026-06-09 18:15:52.625769+00,2026-06-09 18:15:52.730456+00,0.104687,287.958657,
8967e9a0-b87f-4c57-b5b6-3425627e5601,numbered,56783,completed,sold,1,2026-06-09 18:11:04.778904+00,2026-06-09 18:15:52.752169+00,2026-06-09 18:15:52.856787+00,0.104618,288.077883,
653e7a72-ddd2-4cae-8322-8d904b2fd930,numbered,93108,completed,sold,1,2026-06-09 18:11:04.785934+00,2026-06-09 18:15:52.877725+00,2026-06-09 18:15:52.982448+00,0.104723,288.196514,
74c1f294-1335-418a-ba08-3468cb0fd6c0,numbered,73665,completed,sold,1,2026-06-09 18:11:04.793093+00,2026-06-09 18:15:53.003612+00,2026-06-09 18:15:53.108416+00,0.104804,288.315323,
a72a3d2a-39be-44e3-b86b-8db5d280b274,numbered,86380,completed,sold,1,2026-06-09 18:11:04.800266+00,2026-06-09 18:15:53.129749+00,2026-06-09 18:15:53.234914+00,0.105165,288.434648,
f5fc3c02-05aa-4ec6-9982-6661b6f2d239,numbered,84970,completed,sold,1,2026-06-09 18:11:04.807338+00,2026-06-09 18:15:53.256317+00,2026-06-09 18:15:53.361357+00,0.105040,288.554019,
08196fee-4313-4cfa-a618-1af2c7e8ef86,numbered,59462,completed,sold,1,2026-06-09 18:11:04.814652+00,2026-06-09 18:15:53.382337+00,2026-06-09 18:15:53.487005+00,0.104668,288.672353,
f77e2462-7164-4d39-b668-e1400d2be822,numbered,97064,completed,sold,1,2026-06-09 18:11:04.821685+00,2026-06-09 18:15:53.508053+00,2026-06-09 18:15:53.613225+00,0.105172,288.791540,
da077326-07e2-4326-a069-0f070d0efe24,numbered,7505,completed,sold,1,2026-06-09 18:11:04.828864+00,2026-06-09 18:15:53.635865+00,2026-06-09 18:15:53.740729+00,0.104864,288.911865,
64bd9602-628b-408a-b83c-7d4ea392c32a,numbered,13698,completed,sold,1,2026-06-09 18:11:04.835849+00,2026-06-09 18:15:53.762187+00,2026-06-09 18:15:53.866527+00,0.104340,289.030678,
8a540712-86cc-45cd-8bf0-062d943f732e,numbered,99517,completed,sold,1,2026-06-09 18:11:04.843046+00,2026-06-09 18:15:53.887042+00,2026-06-09 18:15:53.991233+00,0.104191,289.148187,
96d72ff0-0aaa-4688-982d-cfdfc3f259d5,numbered,85056,completed,sold,1,2026-06-09 18:11:04.850214+00,2026-06-09 18:15:54.011964+00,2026-06-09 18:15:54.116283+00,0.104319,289.266069,
3292658c-bd2b-4814-ae56-b5804b36284c,numbered,53628,completed,sold,1,2026-06-09 18:11:04.857484+00,2026-06-09 18:15:54.137148+00,2026-06-09 18:15:54.241601+00,0.104453,289.384117,
fec5528d-1b12-4628-8219-28ce7163408e,numbered,20273,completed,sold,1,2026-06-09 18:11:04.864819+00,2026-06-09 18:15:54.262069+00,2026-06-09 18:15:54.366561+00,0.104492,289.501742,
ddacb6c9-32a9-437c-a4b0-a57d4b40ad7f,numbered,28913,completed,sold,1,2026-06-09 18:11:04.871957+00,2026-06-09 18:15:54.387201+00,2026-06-09 18:15:54.491619+00,0.104418,289.619662,
a168368d-3641-4058-a143-48f1e1628c26,numbered,50500,completed,sold,1,2026-06-09 18:11:04.878891+00,2026-06-09 18:15:54.512117+00,2026-06-09 18:15:54.616536+00,0.104419,289.737645,
40c3f74b-d4e4-451c-8799-423a6b23ee06,numbered,92745,completed,sold,1,2026-06-09 18:11:04.886059+00,2026-06-09 18:15:54.637652+00,2026-06-09 18:15:54.742394+00,0.104742,289.856335,
7caa3dcf-535a-4c2e-a260-c018e6c5b9ce,numbered,54713,completed,sold,1,2026-06-09 18:11:04.893229+00,2026-06-09 18:15:54.762521+00,2026-06-09 18:15:54.866828+00,0.104307,289.973599,
cc1ccb13-12d9-4100-9ea8-960999a64bc4,numbered,41166,completed,sold,1,2026-06-09 18:11:04.900309+00,2026-06-09 18:15:54.887648+00,2026-06-09 18:15:54.992953+00,0.105305,290.092644,
a29d47ef-2588-44b8-8c68-da79143c34ef,numbered,27555,completed,sold,1,2026-06-09 18:11:04.9078+00,2026-06-09 18:15:55.014465+00,2026-06-09 18:15:55.118936+00,0.104471,290.211136,
4a25e81e-8ba2-4869-bea3-7154c4e6e73a,numbered,74624,completed,sold,1,2026-06-09 18:11:04.914486+00,2026-06-09 18:15:55.139787+00,2026-06-09 18:15:55.244738+00,0.104951,290.330252,
0ecd5c6c-109e-42f7-8593-c9669079b3af,numbered,65240,completed,sold,1,2026-06-09 18:11:04.921664+00,2026-06-09 18:15:55.265786+00,2026-06-09 18:15:55.370435+00,0.104649,290.448771,
064d0f18-10fb-4652-9b0c-e9552e881083,numbered,14570,completed,sold,1,2026-06-09 18:11:04.928838+00,2026-06-09 18:15:55.391275+00,2026-06-09 18:15:55.496095+00,0.104820,290.567257,
481d82c3-1078-484d-b247-b9ef265a2c8e,numbered,85252,completed,sold,1,2026-06-09 18:11:04.936156+00,2026-06-09 18:15:55.518063+00,2026-06-09 18:15:55.622665+00,0.104602,290.686509,
709d897a-ad39-448c-94db-9c3fd17b0e7b,numbered,22303,completed,sold,1,2026-06-09 18:11:04.943153+00,2026-06-09 18:15:55.642877+00,2026-06-09 18:15:55.747537+00,0.104660,290.804384,
5f13db45-3746-44b6-b87b-8fb903e604cc,numbered,11882,completed,sold,1,2026-06-09 18:11:04.950604+00,2026-06-09 18:15:55.767548+00,2026-06-09 18:15:55.872142+00,0.104594,290.921538,
14d996dd-f620-47e8-8ead-06dc34a2fe4d,numbered,99810,completed,sold,1,2026-06-09 18:11:04.957314+00,2026-06-09 18:15:55.892368+00,2026-06-09 18:15:55.996845+00,0.104477,291.039531,
88188341-b1dc-4a65-acf9-74a51f353817,numbered,63346,completed,sold,1,2026-06-09 18:11:04.964747+00,2026-06-09 18:15:56.018009+00,2026-06-09 18:15:56.122859+00,0.104850,291.158112,
4c862ec6-72f5-48e7-bbb7-46c7728a713e,numbered,93675,completed,sold,1,2026-06-09 18:11:04.972243+00,2026-06-09 18:15:56.144005+00,2026-06-09 18:15:56.249211+00,0.105206,291.276968,
01829613-5f0c-4ce3-98db-084ccd40c786,numbered,9726,completed,sold,1,2026-06-09 18:11:04.9788+00,2026-06-09 18:15:56.27087+00,2026-06-09 18:15:56.375599+00,0.104729,291.396799,
d5f962c4-7453-41e9-b002-88515f562822,numbered,28665,completed,sold,1,2026-06-09 18:11:04.985807+00,2026-06-09 18:15:56.397276+00,2026-06-09 18:15:56.502213+00,0.104937,291.516406,
219816b6-7d01-4480-87d3-0c5b16f827b4,numbered,52351,completed,sold,1,2026-06-09 18:11:04.993174+00,2026-06-09 18:15:56.523708+00,2026-06-09 18:15:56.628467+00,0.104759,291.635293,
7e3421e4-6ea0-42df-a3c9-6eab447c9e5b,numbered,34865,completed,sold,1,2026-06-09 18:11:05.000216+00,2026-06-09 18:15:56.650192+00,2026-06-09 18:15:56.755266+00,0.105074,291.755050,
ad3f44cb-886f-42a3-8288-e110c89be261,numbered,18173,completed,sold,1,2026-06-09 18:11:05.007786+00,2026-06-09 18:15:56.776204+00,2026-06-09 18:15:56.880483+00,0.104279,291.872697,
c87df507-2ca2-43c9-86a3-18626cf4321a,numbered,20698,completed,sold,1,2026-06-09 18:11:05.014753+00,2026-06-09 18:15:56.901121+00,2026-06-09 18:15:57.005899+00,0.104778,291.991146,
c5ef8f8d-b1ba-4c0e-b7ba-d9a72b196408,numbered,14809,completed,sold,1,2026-06-09 18:11:05.021743+00,2026-06-09 18:15:57.027407+00,2026-06-09 18:15:57.132121+00,0.104714,292.110378,
1f418469-41d0-4d3d-b69a-eaf8544fcf49,numbered,42470,completed,sold,1,2026-06-09 18:11:05.028843+00,2026-06-09 18:15:57.153479+00,2026-06-09 18:15:57.257941+00,0.104462,292.229098,
cbfb6238-e1ec-4d3c-9daf-785bd4fe887c,numbered,20021,completed,sold,1,2026-06-09 18:11:05.035971+00,2026-06-09 18:15:57.278412+00,2026-06-09 18:15:57.38292+00,0.104508,292.346949,
e7550589-b885-412d-9cd2-fde77c70f0c3,numbered,34417,completed,sold,1,2026-06-09 18:11:05.043153+00,2026-06-09 18:15:57.403873+00,2026-06-09 18:15:57.508827+00,0.104954,292.465674,
fa11fb67-dd54-4941-8252-6325f89f6283,numbered,97078,completed,seat_unavailable,1,2026-06-09 18:11:05.050259+00,2026-06-09 18:15:57.530188+00,2026-06-09 18:15:57.633156+00,0.102968,292.582897,
4949a08e-54ac-408f-b0f5-05a211fff929,numbered,4379,completed,sold,1,2026-06-09 18:11:05.057421+00,2026-06-09 18:15:57.654091+00,2026-06-09 18:15:57.759167+00,0.105076,292.701746,
17252c63-263c-4a90-b656-6e4e05852f5f,numbered,22414,completed,sold,1,2026-06-09 18:11:05.064798+00,2026-06-09 18:15:57.779268+00,2026-06-09 18:15:57.883857+00,0.104589,292.819059,
f2227ece-511d-4706-ab97-2a8c2e6e36db,numbered,93722,completed,sold,1,2026-06-09 18:11:05.071838+00,2026-06-09 18:15:57.90422+00,2026-06-09 18:15:58.009064+00,0.104844,292.937226,
24f2483e-2ea0-4f0c-ad05-13b3d8a4bd85,numbered,46147,completed,sold,1,2026-06-09 18:11:05.078878+00,2026-06-09 18:15:58.031077+00,2026-06-09 18:15:58.136626+00,0.105549,293.057748,
9ee8e5b0-282c-4f36-b7b9-5ed44b7e35bf,numbered,11461,completed,sold,1,2026-06-09 18:11:05.085984+00,2026-06-09 18:15:58.159645+00,2026-06-09 18:15:58.264316+00,0.104671,293.178332,
11a136db-7b00-4b3b-9f3c-0621566e9ab8,numbered,66190,completed,sold,1,2026-06-09 18:11:05.093101+00,2026-06-09 18:15:58.284254+00,2026-06-09 18:15:58.388963+00,0.104709,293.295862,
221e1909-b660-4483-aec5-0efbc88e3e7b,numbered,65838,completed,sold,1,2026-06-09 18:11:05.100269+00,2026-06-09 18:15:58.409846+00,2026-06-09 18:15:58.514374+00,0.104528,293.414105,
a8536bfe-cc61-452c-946e-bf26e38b7c38,numbered,91278,completed,sold,1,2026-06-09 18:11:05.107334+00,2026-06-09 18:15:58.535268+00,2026-06-09 18:15:58.639672+00,0.104404,293.532338,
f11723cb-0f6b-44bf-91f0-6dc7bd056e1c,numbered,60434,completed,sold,1,2026-06-09 18:11:05.114427+00,2026-06-09 18:15:58.659948+00,2026-06-09 18:15:58.764713+00,0.104765,293.650286,
0d2612dd-be2c-4860-b9df-2bccdbd16eb8,numbered,96318,completed,sold,1,2026-06-09 18:11:05.121849+00,2026-06-09 18:15:58.785357+00,2026-06-09 18:15:58.889933+00,0.104576,293.768084,
84a7e4e7-9ec2-45b2-ada7-fdc10dba9c38,numbered,58042,completed,sold,1,2026-06-09 18:11:05.12894+00,2026-06-09 18:15:58.910363+00,2026-06-09 18:15:59.014908+00,0.104545,293.885968,
a341868f-ae0e-4ed0-bc74-42bb8b8b88a6,numbered,97977,completed,sold,1,2026-06-09 18:11:05.136003+00,2026-06-09 18:15:59.035939+00,2026-06-09 18:15:59.140647+00,0.104708,294.004644,
9ac16c48-a313-4fb6-b679-ebaf4e5b959a,numbered,28993,completed,sold,1,2026-06-09 18:11:05.14311+00,2026-06-09 18:15:59.161401+00,2026-06-09 18:15:59.265959+00,0.104558,294.122849,
43ee4b75-cd3c-46b0-9017-41549af4ac02,numbered,20055,completed,sold,1,2026-06-09 18:11:05.150179+00,2026-06-09 18:15:59.286865+00,2026-06-09 18:15:59.391545+00,0.104680,294.241366,
7c889897-7a7d-4d01-8b82-8daf60c7e2fc,numbered,96799,completed,seat_unavailable,1,2026-06-09 18:11:05.157487+00,2026-06-09 18:15:59.413139+00,2026-06-09 18:15:59.516137+00,0.102998,294.358650,
de27a995-7254-4de9-92ff-9f8ddf95bc89,numbered,237,completed,sold,1,2026-06-09 18:11:05.164845+00,2026-06-09 18:15:59.53901+00,2026-06-09 18:15:59.643871+00,0.104861,294.479026,
40a4fe7b-e3f0-4cdd-8fe6-51008a126afd,numbered,46319,completed,sold,1,2026-06-09 18:11:05.171858+00,2026-06-09 18:15:59.665764+00,2026-06-09 18:15:59.770519+00,0.104755,294.598661,
944282e0-96f6-4f6c-9f19-04ec4a8a6c2e,numbered,93536,completed,sold,1,2026-06-09 18:11:05.178826+00,2026-06-09 18:15:59.790858+00,2026-06-09 18:15:59.895462+00,0.104604,294.716636,
35162bad-410d-4447-90e9-abb977c88028,numbered,27447,completed,sold,1,2026-06-09 18:11:05.186018+00,2026-06-09 18:15:59.915476+00,2026-06-09 18:16:00.026303+00,0.110827,294.840285,
41b80a35-c1ee-431c-9a8d-1b6760d3f942,numbered,60798,completed,sold,1,2026-06-09 18:11:05.193171+00,2026-06-09 18:16:00.09317+00,2026-06-09 18:16:00.200304+00,0.107134,295.007133,
f91f4445-e78f-4743-a85a-25660da92d7a,numbered,52230,completed,sold,1,2026-06-09 18:11:05.200278+00,2026-06-09 18:16:00.228334+00,2026-06-09 18:16:00.333323+00,0.104989,295.133045,
3e87a988-1edd-45f0-aa54-263e39fa8ead,numbered,15438,completed,sold,1,2026-06-09 18:11:05.209712+00,2026-06-09 18:16:00.356159+00,2026-06-09 18:16:00.460783+00,0.104624,295.251071,
14329e00-21f2-40e7-8725-d9744d4f7945,numbered,74466,completed,sold,1,2026-06-09 18:11:05.214792+00,2026-06-09 18:16:00.482451+00,2026-06-09 18:16:00.587148+00,0.104697,295.372356,
526df1e8-bcd9-43e2-88a5-bd5661f6d22e,numbered,47409,completed,sold,1,2026-06-09 18:11:05.221694+00,2026-06-09 18:16:00.609718+00,2026-06-09 18:16:00.714411+00,0.104693,295.492717,
1c43d6c8-a60a-4f85-ad10-eff46914568d,numbered,20803,completed,sold,1,2026-06-09 18:11:05.228833+00,2026-06-09 18:16:00.735158+00,2026-06-09 18:16:00.839778+00,0.104620,295.610945,
4b5787d3-1b2e-4e80-8a5d-93d37a94947b,numbered,4437,completed,sold,1,2026-06-09 18:11:05.235909+00,2026-06-09 18:16:00.860716+00,2026-06-09 18:16:00.965231+00,0.104515,295.729322,
6ea7b71b-20d8-436c-946d-da0da165d3bc,numbered,14751,completed,sold,1,2026-06-09 18:11:05.243137+00,2026-06-09 18:16:00.986107+00,2026-06-09 18:16:01.090926+00,0.104819,295.847789,
22cf9d2e-14cd-4d1d-ae3a-1aaa01b8b629,numbered,65818,completed,sold,1,2026-06-09 18:11:05.250265+00,2026-06-09 18:16:01.120767+00,2026-06-09 18:16:01.260284+00,0.139517,296.010019,
b48e01ad-c564-4285-89c2-6838103c3a79,numbered,52234,completed,sold,1,2026-06-09 18:11:05.257474+00,2026-06-09 18:16:01.352722+00,2026-06-09 18:16:01.469437+00,0.116715,296.211963,
4c42f81c-527b-4fa9-b82f-0e3a1441f135,numbered,75852,completed,sold,1,2026-06-09 18:11:05.264767+00,2026-06-09 18:16:01.571222+00,2026-06-09 18:16:01.678615+00,0.107393,296.413848,
85801bc5-0b59-4cba-9447-2e11488cf937,numbered,49480,completed,sold,1,2026-06-09 18:11:05.271858+00,2026-06-09 18:16:01.730987+00,2026-06-09 18:16:01.837372+00,0.106385,296.565514,
37fb2eea-132d-4255-9c86-3f159615451d,numbered,73504,completed,sold,1,2026-06-09 18:11:05.278948+00,2026-06-09 18:16:01.971078+00,2026-06-09 18:16:02.078382+00,0.107304,296.799434,
c0ce4761-4ce5-4f50-bd11-9edd39b7abec,numbered,29592,completed,sold,1,2026-06-09 18:11:05.285994+00,2026-06-09 18:16:02.122091+00,2026-06-09 18:16:02.232929+00,0.110838,296.946935,
648397c6-1a2b-498d-8f90-6e088e415d8b,numbered,63442,completed,sold,1,2026-06-09 18:11:05.293096+00,2026-06-09 18:16:02.288235+00,2026-06-09 18:16:02.393775+00,0.105540,297.100679,
ae8ac0ce-814d-41f7-a717-1e565bd57b04,numbered,22265,completed,sold,1,2026-06-09 18:11:05.300482+00,2026-06-09 18:16:02.43278+00,2026-06-09 18:16:02.53749+00,0.104710,297.237008,
cbba2071-3fb1-4ca0-b607-9b218e18297d,numbered,22830,completed,sold,1,2026-06-09 18:11:05.307751+00,2026-06-09 18:16:02.57928+00,2026-06-09 18:16:02.686478+00,0.107198,297.378727,
527ca245-0440-4007-989d-627d7b8411b7,numbered,15423,completed,sold,1,2026-06-09 18:11:05.314706+00,2026-06-09 18:16:02.772544+00,2026-06-09 18:16:02.882124+00,0.109580,297.567418,
1e550bd4-39b3-440b-8f04-d0bd9152629e,numbered,42706,completed,sold,1,2026-06-09 18:11:05.321857+00,2026-06-09 18:16:02.987546+00,2026-06-09 18:16:03.092546+00,0.105000,297.770689,
d4d49b23-02b1-4297-8f03-17e5f1931622,numbered,68811,completed,sold,1,2026-06-09 18:11:05.329007+00,2026-06-09 18:16:03.127789+00,2026-06-09 18:16:03.253334+00,0.125545,297.924327,
d89d0da1-19db-42c8-98d6-26d69f0321be,numbered,62164,completed,sold,1,2026-06-09 18:11:05.336139+00,2026-06-09 18:16:03.469513+00,2026-06-09 18:16:03.574969+00,0.105456,298.238830,
0bc583a8-b6fc-4173-8f94-7232816ff851,numbered,66155,completed,sold,1,2026-06-09 18:11:05.343258+00,2026-06-09 18:16:03.614374+00,2026-06-09 18:16:03.719299+00,0.104925,298.376041,
cf3e8639-ee0d-4361-ad05-daa302d15a34,numbered,83955,completed,sold,1,2026-06-09 18:11:05.350317+00,2026-06-09 18:16:03.751217+00,2026-06-09 18:16:03.858847+00,0.107630,298.508530,
a25a785d-37dd-4220-a5bc-fca6d807123b,numbered,27053,completed,sold,1,2026-06-09 18:11:05.357535+00,2026-06-09 18:16:03.889114+00,2026-06-09 18:16:03.994424+00,0.105310,298.636889,
cb5fafa9-bb60-407b-a250-0c4939104ca2,numbered,10749,completed,sold,1,2026-06-09 18:11:05.364765+00,2026-06-09 18:16:04.022115+00,2026-06-09 18:16:04.127016+00,0.104901,298.762251,
3222fa8b-3686-4b30-89cf-15d3f5bd69de,numbered,5265,completed,sold,1,2026-06-09 18:11:05.371878+00,2026-06-09 18:16:04.153896+00,2026-06-09 18:16:04.258883+00,0.104987,298.887005,
b4459a38-f4ab-4c21-a949-2613404a6984,numbered,80540,completed,sold,1,2026-06-09 18:11:05.378841+00,2026-06-09 18:16:04.279085+00,2026-06-09 18:16:04.383728+00,0.104643,299.004887,
c236fe8b-75b7-4bd0-be34-29c3695a3187,numbered,57008,completed,sold,1,2026-06-09 18:11:05.385956+00,2026-06-09 18:16:04.405784+00,2026-06-09 18:16:04.510529+00,0.104745,299.124573,
a77b31e7-510c-4981-bc5b-4fb1e520fa26,numbered,5256,completed,sold,1,2026-06-09 18:11:05.393221+00,2026-06-09 18:16:04.532183+00,2026-06-09 18:16:04.63697+00,0.104787,299.243749,
7d9cd3e6-3bcc-416b-818d-ca4c64bb0ea6,numbered,35814,completed,sold,1,2026-06-09 18:11:05.400251+00,2026-06-09 18:16:04.658255+00,2026-06-09 18:16:04.762851+00,0.104596,299.362600,
f3b4f1d6-116d-437a-bdc9-4002d575d485,numbered,21087,completed,sold,1,2026-06-09 18:11:05.4074+00,2026-06-09 18:16:04.783733+00,2026-06-09 18:16:04.894809+00,0.111076,299.487409,
d5165750-9459-4ce7-87d5-804ef12492cd,numbered,3728,completed,sold,1,2026-06-09 18:11:05.414499+00,2026-06-09 18:16:04.923052+00,2026-06-09 18:16:05.027982+00,0.104930,299.613483,
743ae355-f62b-4fbe-95c6-29ce6b85bf5c,numbered,25682,completed,sold,1,2026-06-09 18:11:05.421984+00,2026-06-09 18:16:05.049879+00,2026-06-09 18:16:05.154735+00,0.104856,299.732751,
5426da24-177c-417a-99e5-f7df08ae1f7e,numbered,99948,completed,sold,1,2026-06-09 18:11:05.429036+00,2026-06-09 18:16:05.175051+00,2026-06-09 18:16:05.279906+00,0.104855,299.850870,
40b8d7ae-3eac-4852-ab3a-4739f866a1c0,numbered,4452,completed,sold,1,2026-06-09 18:11:05.436119+00,2026-06-09 18:16:05.301725+00,2026-06-09 18:16:05.406775+00,0.105050,299.970656,
24bd1ee0-be07-499a-9913-447315319cc0,numbered,99951,completed,sold,1,2026-06-09 18:11:05.443174+00,2026-06-09 18:16:05.428318+00,2026-06-09 18:16:05.533195+00,0.104877,300.090021,
811f255e-e4ac-46ed-b2e3-48b2cea2aa19,numbered,47221,completed,sold,1,2026-06-09 18:11:05.450739+00,2026-06-09 18:16:05.556228+00,2026-06-09 18:16:05.661094+00,0.104866,300.210355,
4e82b1ff-1ad2-4071-b79a-4b39d3d2a22c,numbered,87205,completed,sold,1,2026-06-09 18:11:05.457533+00,2026-06-09 18:16:05.683818+00,2026-06-09 18:16:05.78882+00,0.105002,300.331287,
407b34a5-d8f2-4d3b-98aa-9741a063a33b,numbered,7460,completed,sold,1,2026-06-09 18:11:05.465012+00,2026-06-09 18:16:05.809789+00,2026-06-09 18:16:05.914663+00,0.104874,300.449651,
f33de60d-7cc0-4fa0-9266-08e215520899,numbered,45376,completed,sold,1,2026-06-09 18:11:05.472317+00,2026-06-09 18:16:05.935535+00,2026-06-09 18:16:06.040072+00,0.104537,300.567755,
ca87ce59-2344-49dd-a614-823e981c0fc3,numbered,24872,completed,sold,1,2026-06-09 18:11:05.478988+00,2026-06-09 18:16:06.060556+00,2026-06-09 18:16:06.165387+00,0.104831,300.686399,
81390f66-d552-45fc-a739-cd5c4a518bce,numbered,52598,completed,sold,1,2026-06-09 18:11:05.486079+00,2026-06-09 18:16:06.18574+00,2026-06-09 18:16:06.290443+00,0.104703,300.804364,
d6646b8f-cfa4-44ea-8f01-8b933273e31c,numbered,50359,completed,sold,1,2026-06-09 18:11:05.49313+00,2026-06-09 18:16:06.311167+00,2026-06-09 18:16:06.415697+00,0.104530,300.922567,
2f6bebf1-5c3a-4490-819b-bb6ed721513e,numbered,48162,completed,sold,1,2026-06-09 18:11:05.500366+00,2026-06-09 18:16:06.436315+00,2026-06-09 18:16:06.540876+00,0.104561,301.040510,
45db72b6-717e-42b2-ac8a-24f8ae7346cd,numbered,98878,completed,sold,1,2026-06-09 18:11:05.507807+00,2026-06-09 18:16:06.562265+00,2026-06-09 18:16:06.666548+00,0.104283,301.158741,
28874ed9-1f1c-45c9-89e1-0aff9be35ba3,numbered,97792,completed,sold,1,2026-06-09 18:11:05.514498+00,2026-06-09 18:16:06.687642+00,2026-06-09 18:16:06.792345+00,0.104703,301.277847,
e12cd462-40e6-40e7-98ff-5120d970688b,numbered,98253,completed,sold,1,2026-06-09 18:11:05.521769+00,2026-06-09 18:16:06.813399+00,2026-06-09 18:16:06.918048+00,0.104649,301.396279,
6d5fd677-97f5-4e24-afbb-e45d73df03cc,numbered,45211,completed,sold,1,2026-06-09 18:11:05.529107+00,2026-06-09 18:16:06.938558+00,2026-06-09 18:16:07.043095+00,0.104537,301.513988,
3a97546d-12fe-4351-a8c3-b2c1fe1ba060,numbered,25944,completed,sold,1,2026-06-09 18:11:05.536192+00,2026-06-09 18:16:07.064215+00,2026-06-09 18:16:07.168844+00,0.104629,301.632652,
6d763c1d-d67c-4e4a-b6bd-a83c752a86e4,numbered,70154,completed,sold,1,2026-06-09 18:11:05.543174+00,2026-06-09 18:16:07.189789+00,2026-06-09 18:16:07.294885+00,0.105096,301.751711,
27b7b0c0-938d-49a4-9b8c-4fb776dd9827,numbered,42110,completed,sold,1,2026-06-09 18:11:05.550312+00,2026-06-09 18:16:07.316208+00,2026-06-09 18:16:07.420862+00,0.104654,301.870550,
df72207f-ba15-4a8c-8ad4-4a31e42ffd25,numbered,72105,completed,sold,1,2026-06-09 18:11:05.557538+00,2026-06-09 18:16:07.442688+00,2026-06-09 18:16:07.547431+00,0.104743,301.989893,
95ce3204-d3ff-4ed5-9985-212d5119f4a8,numbered,30673,completed,sold,1,2026-06-09 18:11:05.564609+00,2026-06-09 18:16:07.569088+00,2026-06-09 18:16:07.674081+00,0.104993,302.109472,
8fbdbedb-a6d4-4cfe-8c70-548e2328c6c5,numbered,56894,completed,sold,1,2026-06-09 18:11:05.571951+00,2026-06-09 18:16:07.695213+00,2026-06-09 18:16:07.799802+00,0.104589,302.227851,
671bbc5d-3394-45a4-807a-0760894f7bff,numbered,36702,completed,sold,1,2026-06-09 18:11:05.578967+00,2026-06-09 18:16:07.82073+00,2026-06-09 18:16:07.925552+00,0.104822,302.346585,
877fdc0b-b77b-41b2-849c-c253234ba7c8,numbered,9298,completed,sold,1,2026-06-09 18:11:05.585944+00,2026-06-09 18:16:07.947762+00,2026-06-09 18:16:08.05285+00,0.105088,302.466906,
f1c37473-2ec5-40d5-a317-98daa8ca5106,numbered,65775,completed,sold,1,2026-06-09 18:11:05.593159+00,2026-06-09 18:16:08.075337+00,2026-06-09 18:16:08.180218+00,0.104881,302.587059,
14a739af-0846-49af-818d-5ea29afc096e,numbered,1543,completed,sold,1,2026-06-09 18:11:05.60034+00,2026-06-09 18:16:08.201264+00,2026-06-09 18:16:08.305737+00,0.104473,302.705397,
2eb9f8d7-ed11-4af3-b2a9-57a9a29013a9,numbered,89085,completed,sold,1,2026-06-09 18:11:05.607598+00,2026-06-09 18:16:08.325572+00,2026-06-09 18:16:08.42983+00,0.104258,302.822232,
25aec0db-8a08-4e47-91c8-79c7225a0a79,numbered,556,completed,sold,1,2026-06-09 18:11:05.614643+00,2026-06-09 18:16:08.451054+00,2026-06-09 18:16:08.555905+00,0.104851,302.941262,
095c6e6a-fe4d-4fef-8582-22a305dc1c38,numbered,73974,completed,sold,1,2026-06-09 18:11:05.622031+00,2026-06-09 18:16:08.577258+00,2026-06-09 18:16:08.68202+00,0.104762,303.059989,
359a2df7-86d5-435a-8bcd-80895fb48c47,numbered,80074,completed,sold,1,2026-06-09 18:11:05.628972+00,2026-06-09 18:16:08.703658+00,2026-06-09 18:16:08.808292+00,0.104634,303.179320,
eadd3b5c-70e0-46e2-8845-edca44e07f58,numbered,32089,completed,sold,1,2026-06-09 18:11:05.636067+00,2026-06-09 18:16:08.828702+00,2026-06-09 18:16:08.933145+00,0.104443,303.297078,
6d0fbf39-5350-4ef6-be22-19e3cc2691aa,numbered,93209,completed,sold,1,2026-06-09 18:11:05.643261+00,2026-06-09 18:16:08.954783+00,2026-06-09 18:16:09.059143+00,0.104360,303.415882,
ac2cb477-c427-4818-8ee9-afcd2f022c3a,numbered,14441,completed,sold,1,2026-06-09 18:11:05.650325+00,2026-06-09 18:16:09.080014+00,2026-06-09 18:16:09.184769+00,0.104755,303.534444,
2b5b7156-3e95-4b2d-90e8-bc3657a4f1e4,numbered,77650,completed,seat_unavailable,1,2026-06-09 18:11:05.657525+00,2026-06-09 18:16:09.205094+00,2026-06-09 18:16:09.307829+00,0.102735,303.650304,
4d702478-c91f-44da-a995-d0415899c399,numbered,31269,completed,sold,1,2026-06-09 18:11:05.66482+00,2026-06-09 18:16:09.329577+00,2026-06-09 18:16:09.434339+00,0.104762,303.769519,
571d519d-28d9-4387-acc3-743c44ff6372,numbered,90480,completed,sold,1,2026-06-09 18:11:05.671983+00,2026-06-09 18:16:09.455451+00,2026-06-09 18:16:09.560155+00,0.104704,303.888172,
c7552ee7-49d1-4798-8975-52decec0db0e,numbered,34709,completed,sold,1,2026-06-09 18:11:05.678907+00,2026-06-09 18:16:09.58035+00,2026-06-09 18:16:09.684975+00,0.104625,304.006068,
062bb1dc-f17c-48d3-8053-93237c1bc35d,numbered,80597,completed,sold,1,2026-06-09 18:11:05.685911+00,2026-06-09 18:16:09.707114+00,2026-06-09 18:16:09.811902+00,0.104788,304.125991,
4f9c5760-eb3f-49d7-8fb2-f392e2c15bd5,numbered,67828,completed,sold,1,2026-06-09 18:11:05.693209+00,2026-06-09 18:16:09.832388+00,2026-06-09 18:16:09.936962+00,0.104574,304.243753,
005a0312-8119-446e-8257-65517960f0ff,numbered,15098,completed,sold,1,2026-06-09 18:11:05.700298+00,2026-06-09 18:16:09.960086+00,2026-06-09 18:16:10.064941+00,0.104855,304.364643,
e150dc66-f548-4a64-98a1-778abdc45986,numbered,31245,completed,sold,1,2026-06-09 18:11:05.707318+00,2026-06-09 18:16:10.085726+00,2026-06-09 18:16:10.190421+00,0.104695,304.483103,
526a92fa-8c72-40e1-85ef-a117f165ed35,numbered,25858,completed,seat_unavailable,1,2026-06-09 18:11:05.714708+00,2026-06-09 18:16:10.211179+00,2026-06-09 18:16:10.313791+00,0.102612,304.599083,
355d85ac-4fac-4350-8af4-aaa6807a1930,numbered,29175,completed,sold,1,2026-06-09 18:11:05.721741+00,2026-06-09 18:16:10.334275+00,2026-06-09 18:16:10.439021+00,0.104746,304.717280,
191fcd7c-59ff-4e6e-beb4-e459b7768870,numbered,18676,completed,sold,1,2026-06-09 18:11:05.728827+00,2026-06-09 18:16:10.461081+00,2026-06-09 18:16:10.565647+00,0.104566,304.836820,
9ade14b0-7c73-4546-a9d9-d0fe71e7ec97,numbered,43202,completed,sold,1,2026-06-09 18:11:05.736061+00,2026-06-09 18:16:10.586287+00,2026-06-09 18:16:10.690896+00,0.104609,304.954835,
32b42d5d-e470-439d-aada-fca14583f881,numbered,89476,completed,sold,1,2026-06-09 18:11:05.743034+00,2026-06-09 18:16:10.711749+00,2026-06-09 18:16:10.816486+00,0.104737,305.073452,
2e0aaf5a-59e1-47ac-81fb-188de3802f7f,numbered,35460,completed,sold,1,2026-06-09 18:11:05.750254+00,2026-06-09 18:16:10.837919+00,2026-06-09 18:16:10.942848+00,0.104929,305.192594,
f9a6f2a7-574e-44d0-a674-8d0557546f52,numbered,52776,completed,sold,1,2026-06-09 18:11:05.757369+00,2026-06-09 18:16:10.964237+00,2026-06-09 18:16:11.068939+00,0.104702,305.311570,
7de7ac82-b762-4a86-bcf1-b78ce57b5a15,numbered,75957,completed,sold,1,2026-06-09 18:11:05.764725+00,2026-06-09 18:16:11.090516+00,2026-06-09 18:16:11.195494+00,0.104978,305.430769,
0ba4c8cb-7e5d-4ed4-a427-f20ac265f761,numbered,93116,completed,sold,1,2026-06-09 18:11:05.771749+00,2026-06-09 18:16:11.217703+00,2026-06-09 18:16:11.32231+00,0.104607,305.550561,
4720d5f5-a222-4799-bc12-d70dbec57c0a,numbered,31656,completed,sold,1,2026-06-09 18:11:05.778754+00,2026-06-09 18:16:11.343225+00,2026-06-09 18:16:11.447989+00,0.104764,305.669235,
b8ee474c-3ac2-46cb-b02d-ec4d49f5c298,numbered,9236,completed,sold,1,2026-06-09 18:11:05.785983+00,2026-06-09 18:16:11.470944+00,2026-06-09 18:16:11.575692+00,0.104748,305.789709,
af27871a-201d-4ba5-8fff-f5dd20cf98c9,numbered,5891,completed,sold,1,2026-06-09 18:11:05.793248+00,2026-06-09 18:16:11.597275+00,2026-06-09 18:16:11.702126+00,0.104851,305.908878,
1622168f-5a90-4cb5-982a-1803bfb5c22c,numbered,90938,completed,sold,1,2026-06-09 18:11:05.800342+00,2026-06-09 18:16:11.723738+00,2026-06-09 18:16:11.828458+00,0.104720,306.028116,
1a55aa65-bf37-4bf4-a7d2-4b72760d5f63,numbered,43394,completed,sold,1,2026-06-09 18:11:05.80759+00,2026-06-09 18:16:11.849646+00,2026-06-09 18:16:11.954059+00,0.104413,306.146469,
a7893f24-472a-4a50-95e2-c4b9ef4f73d1,numbered,41521,completed,sold,1,2026-06-09 18:11:05.814659+00,2026-06-09 18:16:11.974323+00,2026-06-09 18:16:12.07881+00,0.104487,306.264151,
7e110f91-ffd1-413f-be54-532da84da8fd,numbered,31526,completed,sold,1,2026-06-09 18:11:06.014919+00,2026-06-09 18:16:12.099723+00,2026-06-09 18:16:12.204405+00,0.104682,306.189486,
1ed21a48-425c-4bc0-9b99-3db71078e7d0,numbered,88221,completed,sold,1,2026-06-09 18:11:06.214937+00,2026-06-09 18:16:12.225213+00,2026-06-09 18:16:12.329592+00,0.104379,306.114655,
e4b43ad7-04f2-4247-9465-23157920395b,numbered,33303,completed,sold,1,2026-06-09 18:11:06.4149+00,2026-06-09 18:16:12.350161+00,2026-06-09 18:16:12.454845+00,0.104684,306.039945,
5c4ff2ef-b24b-4826-a367-b115cb71dfd9,numbered,4319,completed,sold,1,2026-06-09 18:11:06.614808+00,2026-06-09 18:16:12.478208+00,2026-06-09 18:16:12.582893+00,0.104685,305.968085,
7a5e2b43-2d97-4cb9-80f9-836235047cb4,numbered,9596,completed,sold,1,2026-06-09 18:11:06.814803+00,2026-06-09 18:16:12.604086+00,2026-06-09 18:16:12.708498+00,0.104412,305.893695,
59bbd6a9-29f2-4226-834c-78f48a2d1eec,numbered,35079,completed,sold,1,2026-06-09 18:11:07.014776+00,2026-06-09 18:16:12.728315+00,2026-06-09 18:16:12.832761+00,0.104446,305.817985,
03bff778-1ad2-4296-bd53-f2ffc2f61924,numbered,73999,completed,sold,1,2026-06-09 18:11:07.214804+00,2026-06-09 18:16:12.853555+00,2026-06-09 18:16:12.958054+00,0.104499,305.743250,
51bb7cdd-1788-45d0-b4cb-ce33d187da6b,numbered,51785,completed,sold,1,2026-06-09 18:11:07.414838+00,2026-06-09 18:16:12.978709+00,2026-06-09 18:16:13.083693+00,0.104984,305.668855,
6ecbf98e-2ab2-47e1-8fb5-59c47bf1b685,numbered,1988,completed,sold,1,2026-06-09 18:11:07.614939+00,2026-06-09 18:16:13.104172+00,2026-06-09 18:16:13.209413+00,0.105241,305.594474,
39323a3d-597e-4aa4-879d-dc808f5af5a8,numbered,39926,completed,sold,1,2026-06-09 18:11:07.814825+00,2026-06-09 18:16:13.232255+00,2026-06-09 18:16:13.336841+00,0.104586,305.522016,
5ef77d50-d8f3-4025-87df-86940a3e7f54,numbered,24889,completed,sold,1,2026-06-09 18:11:08.014972+00,2026-06-09 18:16:13.357946+00,2026-06-09 18:16:13.462734+00,0.104788,305.447762,
0927c569-6f6f-4691-99e8-806a8ddf585e,numbered,66473,completed,sold,1,2026-06-09 18:11:08.214876+00,2026-06-09 18:16:13.482919+00,2026-06-09 18:16:13.587526+00,0.104607,305.372650,
ce97e7ef-2d9c-44b8-9f96-5e6eec07b12c,numbered,2891,completed,sold,1,2026-06-09 18:11:08.414886+00,2026-06-09 18:16:13.610336+00,2026-06-09 18:16:13.715079+00,0.104743,305.300193,
8698f160-4865-4b73-b9a7-1c1a28e2b228,numbered,19683,completed,sold,1,2026-06-09 18:11:08.614902+00,2026-06-09 18:16:13.737932+00,2026-06-09 18:16:13.842813+00,0.104881,305.227911,
1b917326-26ab-4961-91ff-15d3a09b42c5,numbered,2272,completed,sold,1,2026-06-09 18:11:08.814803+00,2026-06-09 18:16:13.86446+00,2026-06-09 18:16:13.969202+00,0.104742,305.154399,
0e7763fe-3050-4966-bf44-8c9d186f16b4,numbered,75389,completed,sold,1,2026-06-09 18:11:09.014838+00,2026-06-09 18:16:13.991484+00,2026-06-09 18:16:14.096141+00,0.104657,305.081303,
24437b25-cf73-4daf-b947-1c1223d72719,numbered,17441,completed,sold,1,2026-06-09 18:11:09.214854+00,2026-06-09 18:16:14.117091+00,2026-06-09 18:16:14.221775+00,0.104684,305.006921,
cf113440-6233-481b-9ef1-614dd1a6adaa,numbered,99276,completed,sold,1,2026-06-09 18:11:09.414821+00,2026-06-09 18:16:14.244446+00,2026-06-09 18:16:14.350018+00,0.105572,304.935197,
bed74a5a-f205-4274-97ec-a7164060e27b,numbered,31866,completed,sold,1,2026-06-09 18:11:09.614953+00,2026-06-09 18:16:14.370059+00,2026-06-09 18:16:14.474703+00,0.104644,304.859750,
13ea151f-3d8e-4d19-90dd-0de2be6fea7b,numbered,15877,completed,sold,1,2026-06-09 18:11:09.814747+00,2026-06-09 18:16:14.496105+00,2026-06-09 18:16:14.600863+00,0.104758,304.786116,
293f7c0c-787b-41b9-8391-2f665fd235a1,numbered,28431,completed,sold,1,2026-06-09 18:11:10.014895+00,2026-06-09 18:16:14.621619+00,2026-06-09 18:16:14.726072+00,0.104453,304.711177,
d87a03e7-18ff-4093-89e2-9ec0260626db,numbered,73275,completed,sold,1,2026-06-09 18:11:10.214855+00,2026-06-09 18:16:14.746255+00,2026-06-09 18:16:14.850525+00,0.104270,304.635670,
d0e3f0a9-8684-49e7-85ac-75034bf5ac72,numbered,83457,completed,sold,1,2026-06-09 18:11:10.415042+00,2026-06-09 18:16:14.871214+00,2026-06-09 18:16:14.975842+00,0.104628,304.560800,
5fe2c91c-2094-4d0e-bcdf-e1a2402546da,numbered,89011,completed,sold,1,2026-06-09 18:11:10.614868+00,2026-06-09 18:16:14.997815+00,2026-06-09 18:16:15.102766+00,0.104951,304.487898,
