request_id,mode,seat_id,status,result,attempts,enqueued_at,worker_started_at,completed_at,processing_seconds,end_to_end_seconds,error
d0163d3a-370f-4a39-bbb2-be86d2721ffd,numbered,65554,completed,sold,1,2026-06-09 18:33:29.759906+00,2026-06-09 18:33:29.787173+00,2026-06-09 18:33:29.891852+00,0.104679,0.131946,
5ffd17d0-da13-4007-87b5-ce781017f519,numbered,25540,completed,sold,1,2026-06-09 18:33:30.258314+00,2026-06-09 18:33:30.278495+00,2026-06-09 18:33:30.382946+00,0.104451,0.124632,
d2f6e3dd-6278-47aa-a7a6-fa565a538483,numbered,59816,completed,sold,1,2026-06-09 18:33:30.758008+00,2026-06-09 18:33:30.779057+00,2026-06-09 18:33:30.883673+00,0.104616,0.125665,
2983b71c-bdef-4179-923c-2902dcbbc5e5,numbered,11008,completed,sold,1,2026-06-09 18:33:31.258076+00,2026-06-09 18:33:31.27817+00,2026-06-09 18:33:31.382529+00,0.104359,0.124453,
2f5a9242-8095-47a9-a92a-bf7ebc32a8a7,numbered,17169,completed,sold,1,2026-06-09 18:33:31.758108+00,2026-06-09 18:33:31.778217+00,2026-06-09 18:33:31.882768+00,0.104551,0.124660,
56465bf2-0641-4770-950f-8638f6b0d806,numbered,15520,completed,sold,1,2026-06-09 18:33:32.258794+00,2026-06-09 18:33:32.279081+00,2026-06-09 18:33:32.383761+00,0.104680,0.124967,
1bce93be-05ca-4e96-8702-9dbe99a3c648,numbered,28333,completed,sold,1,2026-06-09 18:33:32.758168+00,2026-06-09 18:33:32.778438+00,2026-06-09 18:33:32.882998+00,0.104560,0.124830,
f4b3ed06-d635-4bb2-8eb8-4130b9243dda,numbered,66270,completed,sold,1,2026-06-09 18:33:33.258165+00,2026-06-09 18:33:33.279698+00,2026-06-09 18:33:33.384536+00,0.104838,0.126371,
8d664c8e-ace0-45ce-8e5e-abddb65596a5,numbered,21043,completed,sold,1,2026-06-09 18:33:33.758328+00,2026-06-09 18:33:33.779077+00,2026-06-09 18:33:33.883804+00,0.104727,0.125476,
9eebf94f-d490-4a11-852e-0c2ccb449652,numbered,62353,completed,sold,1,2026-06-09 18:33:34.257981+00,2026-06-09 18:33:34.2784+00,2026-06-09 18:33:34.383039+00,0.104639,0.125058,
7613b68b-9f31-4eb6-8271-d97cee30d5e3,numbered,24788,completed,sold,1,2026-06-09 18:33:34.757941+00,2026-06-09 18:33:34.778204+00,2026-06-09 18:33:34.882507+00,0.104303,0.124566,
78872406-dc5d-4343-a698-9ca87b309b0e,numbered,77127,completed,sold,1,2026-06-09 18:33:34.807982+00,2026-06-09 18:33:34.904445+00,2026-06-09 18:33:35.009774+00,0.105329,0.201792,
3a02a4e4-3814-454e-8201-2e70a7ee2d66,numbered,5666,completed,sold,1,2026-06-09 18:33:34.857964+00,2026-06-09 18:33:35.032128+00,2026-06-09 18:33:35.136804+00,0.104676,0.278840,
c9b78a0a-9a4f-4a27-97d8-2d39069fe304,numbered,98065,completed,sold,1,2026-06-09 18:33:34.908064+00,2026-06-09 18:33:35.1576+00,2026-06-09 18:33:35.261973+00,0.104373,0.353909,
8c0b346d-993f-4c28-9e98-d28a4246bb06,numbered,19804,completed,sold,1,2026-06-09 18:33:34.957909+00,2026-06-09 18:33:35.283078+00,2026-06-09 18:33:35.387629+00,0.104551,0.429720,
6a5f7ada-6fe3-44d4-ac8e-7c371b133aeb,numbered,49594,completed,sold,1,2026-06-09 18:33:35.007736+00,2026-06-09 18:33:35.408182+00,2026-06-09 18:33:35.512559+00,0.104377,0.504823,
ba9d1245-de3c-4b4e-a1c5-ab5c500343b4,numbered,9605,completed,sold,1,2026-06-09 18:33:35.057797+00,2026-06-09 18:33:35.533056+00,2026-06-09 18:33:35.637566+00,0.104510,0.579769,
cd0cd2f0-6bae-4d8d-8ef6-58a14b434c37,numbered,46021,completed,sold,1,2026-06-09 18:33:35.107773+00,2026-06-09 18:33:35.658679+00,2026-06-09 18:33:35.762859+00,0.104180,0.655086,
e8f6c9b4-85ba-400c-91b2-8f2b13d09b78,numbered,87169,completed,sold,1,2026-06-09 18:33:35.157866+00,2026-06-09 18:33:35.78327+00,2026-06-09 18:33:35.887887+00,0.104617,0.730021,
4b522263-81c9-4263-b251-0d347d684128,numbered,48066,completed,sold,1,2026-06-09 18:33:35.20786+00,2026-06-09 18:33:35.908681+00,2026-06-09 18:33:36.013572+00,0.104891,0.805712,
17965fc1-dfe1-4fa9-b2fc-ddfe2258920d,numbered,61308,completed,sold,1,2026-06-09 18:33:35.257812+00,2026-06-09 18:33:36.035+00,2026-06-09 18:33:36.139639+00,0.104639,0.881827,
fcc959cc-e043-496d-a804-1f905d1165d1,numbered,4212,completed,sold,1,2026-06-09 18:33:35.307858+00,2026-06-09 18:33:36.160551+00,2026-06-09 18:33:36.264888+00,0.104337,0.957030,
1fc7f57b-71e3-4f74-9219-a8a5ac929e9f,numbered,10916,completed,sold,1,2026-06-09 18:33:35.357802+00,2026-06-09 18:33:36.286206+00,2026-06-09 18:33:36.390789+00,0.104583,1.032987,
c15df0ef-2139-45b8-9330-e19d9808f384,numbered,12317,completed,sold,1,2026-06-09 18:33:35.407671+00,2026-06-09 18:33:36.412295+00,2026-06-09 18:33:36.516704+00,0.104409,1.109033,
84805151-9b42-4218-8111-612a659f6ee8,numbered,64743,completed,sold,1,2026-06-09 18:33:35.457747+00,2026-06-09 18:33:36.53736+00,2026-06-09 18:33:36.641924+00,0.104564,1.184177,
7a910f4f-315c-443d-a048-0d25f35d006b,numbered,19546,completed,sold,1,2026-06-09 18:33:35.507749+00,2026-06-09 18:33:36.663769+00,2026-06-09 18:33:36.768321+00,0.104552,1.260572,
26e431f9-0cc1-4462-a6f2-b704dcc289ce,numbered,70005,completed,sold,1,2026-06-09 18:33:35.557955+00,2026-06-09 18:33:36.789567+00,2026-06-09 18:33:36.894221+00,0.104654,1.336266,
4a33ae0e-4a4f-4825-9215-a946ff5f7eca,numbered,11446,completed,sold,1,2026-06-09 18:33:35.607963+00,2026-06-09 18:33:36.915116+00,2026-06-09 18:33:37.019654+00,0.104538,1.411691,
ed20b23a-3b6d-4d4b-8a8f-82e8935c13e5,numbered,15128,completed,sold,1,2026-06-09 18:33:35.657674+00,2026-06-09 18:33:37.043002+00,2026-06-09 18:33:37.14764+00,0.104638,1.489966,
3fd0c507-45bd-48c3-8c8c-9a76bb848ce3,numbered,91738,completed,sold,1,2026-06-09 18:33:35.707826+00,2026-06-09 18:33:37.169232+00,2026-06-09 18:33:37.27383+00,0.104598,1.566004,
997ea0cd-2059-44b0-b649-3aa834069fa1,numbered,21690,completed,sold,1,2026-06-09 18:33:35.757809+00,2026-06-09 18:33:37.295327+00,2026-06-09 18:33:37.399941+00,0.104614,1.642132,
0495c375-b3e4-40f1-828a-4d8b37270fa6,numbered,35474,completed,sold,1,2026-06-09 18:33:35.807683+00,2026-06-09 18:33:37.420453+00,2026-06-09 18:33:37.524842+00,0.104389,1.717159,
463a5939-db4d-499a-93b9-c3361cf2078a,numbered,91077,completed,sold,1,2026-06-09 18:33:35.857705+00,2026-06-09 18:33:37.547542+00,2026-06-09 18:33:37.652824+00,0.105282,1.795119,
449e2fe2-c782-4ddb-8a74-5a74f4bb2ada,numbered,67923,completed,sold,1,2026-06-09 18:33:35.907784+00,2026-06-09 18:33:37.675413+00,2026-06-09 18:33:37.780078+00,0.104665,1.872294,
8611ebbc-4a42-4ac8-840e-b595fb7d4c64,numbered,28527,completed,sold,1,2026-06-09 18:33:35.957643+00,2026-06-09 18:33:37.801062+00,2026-06-09 18:33:37.905578+00,0.104516,1.947935,
670da4e7-b5b1-4f2c-a699-4cb053ca4c11,numbered,19258,completed,sold,1,2026-06-09 18:33:36.008298+00,2026-06-09 18:33:37.926962+00,2026-06-09 18:33:38.031614+00,0.104652,2.023316,
f2c2245a-a5e8-49a6-a5b4-00696b6eaa8c,numbered,73588,completed,sold,1,2026-06-09 18:33:36.057998+00,2026-06-09 18:33:38.053028+00,2026-06-09 18:33:38.15805+00,0.105022,2.100052,
7d876e8c-a359-4b24-bd6c-5fce75e48330,numbered,6717,completed,sold,1,2026-06-09 18:33:36.107705+00,2026-06-09 18:33:38.181113+00,2026-06-09 18:33:38.286251+00,0.105138,2.178546,
06b252eb-c4a8-407f-a772-6ae36aef8d0b,numbered,59714,completed,sold,1,2026-06-09 18:33:36.157674+00,2026-06-09 18:33:38.308553+00,2026-06-09 18:33:38.413115+00,0.104562,2.255441,
7d81dafc-792b-4ba0-9bd8-4009db84e354,numbered,75264,completed,sold,1,2026-06-09 18:33:36.207762+00,2026-06-09 18:33:38.434809+00,2026-06-09 18:33:38.539545+00,0.104736,2.331783,
ee40d775-3b60-4975-a7a7-6e3c71453f34,numbered,30721,completed,sold,1,2026-06-09 18:33:36.257686+00,2026-06-09 18:33:38.563077+00,2026-06-09 18:33:38.667527+00,0.104450,2.409841,
9843c1ab-63f3-42c3-82d4-866b68453443,numbered,41108,completed,sold,1,2026-06-09 18:33:36.307869+00,2026-06-09 18:33:38.68917+00,2026-06-09 18:33:38.793678+00,0.104508,2.485809,
01701308-9ca0-4249-a1ce-be7a9e4f6e1a,numbered,91718,completed,sold,1,2026-06-09 18:33:36.357874+00,2026-06-09 18:33:38.81699+00,2026-06-09 18:33:38.92159+00,0.104600,2.563716,
5042cb14-f48f-4f42-8fe4-9d0d667c7aec,numbered,24911,completed,sold,1,2026-06-09 18:33:36.407637+00,2026-06-09 18:33:38.943341+00,2026-06-09 18:33:39.047986+00,0.104645,2.640349,
8c88ce56-16ca-4a61-8a46-8cc160515d41,numbered,28675,completed,sold,1,2026-06-09 18:33:36.457874+00,2026-06-09 18:33:39.069152+00,2026-06-09 18:33:39.173647+00,0.104495,2.715773,
9d750241-1df8-4077-bf84-67b1430b5ff4,numbered,31276,completed,sold,1,2026-06-09 18:33:36.507734+00,2026-06-09 18:33:39.196325+00,2026-06-09 18:33:39.301592+00,0.105267,2.793858,
c597a23c-7e34-4eed-8b57-68737c6d3576,numbered,60976,completed,sold,1,2026-06-09 18:33:36.557713+00,2026-06-09 18:33:39.322468+00,2026-06-09 18:33:39.427042+00,0.104574,2.869329,
4fb6808e-b4bb-4dbd-8f89-8c47077afd7d,numbered,99278,completed,sold,1,2026-06-09 18:33:36.608089+00,2026-06-09 18:33:39.448519+00,2026-06-09 18:33:39.553236+00,0.104717,2.945147,
6613835d-df54-4871-90ee-e4aa2df70e6b,numbered,342,completed,sold,1,2026-06-09 18:33:36.657758+00,2026-06-09 18:33:39.57515+00,2026-06-09 18:33:39.680047+00,0.104897,3.022289,
51e31ac9-ffff-4d5d-8004-c1d947db8094,numbered,47935,completed,sold,1,2026-06-09 18:33:36.707808+00,2026-06-09 18:33:39.702744+00,2026-06-09 18:33:39.807269+00,0.104525,3.099461,
bcd3f38e-27e6-4424-912c-f5f681b1b056,numbered,6504,completed,sold,1,2026-06-09 18:33:36.757805+00,2026-06-09 18:33:39.829395+00,2026-06-09 18:33:39.934219+00,0.104824,3.176414,
f54b0b89-beae-4522-9332-da79da9576de,numbered,8970,completed,sold,1,2026-06-09 18:33:36.807821+00,2026-06-09 18:33:39.95539+00,2026-06-09 18:33:40.060411+00,0.105021,3.252590,
a09cad76-fc1c-4352-a3a2-5c509b69e873,numbered,77538,completed,sold,1,2026-06-09 18:33:36.857755+00,2026-06-09 18:33:40.082704+00,2026-06-09 18:33:40.187166+00,0.104462,3.329411,
ec26abdb-90fa-4a13-8800-d39c8562f180,numbered,36042,completed,sold,1,2026-06-09 18:33:36.907719+00,2026-06-09 18:33:40.208953+00,2026-06-09 18:33:40.313382+00,0.104429,3.405663,
8cd8a21c-3bdc-45a6-a1ee-787348092d13,numbered,37708,completed,sold,1,2026-06-09 18:33:36.958174+00,2026-06-09 18:33:40.338499+00,2026-06-09 18:33:40.443476+00,0.104977,3.485302,
5eb56f61-f31e-457a-9fa0-cddff31bdbdc,numbered,9275,completed,sold,1,2026-06-09 18:33:37.007831+00,2026-06-09 18:33:40.464502+00,2026-06-09 18:33:40.568898+00,0.104396,3.561067,
29fbe1a4-d75d-4eb9-acb2-edecbf45cb80,numbered,48931,completed,sold,1,2026-06-09 18:33:37.057766+00,2026-06-09 18:33:40.589931+00,2026-06-09 18:33:40.69447+00,0.104539,3.636704,
bb6a9bbd-cf16-4d73-8dce-5c464472165e,numbered,23689,completed,sold,1,2026-06-09 18:33:37.1077+00,2026-06-09 18:33:40.716184+00,2026-06-09 18:33:40.821146+00,0.104962,3.713446,
ed6ea409-88e1-4715-b182-ed522d361673,numbered,27753,completed,sold,1,2026-06-09 18:33:37.157623+00,2026-06-09 18:33:40.842466+00,2026-06-09 18:33:40.947213+00,0.104747,3.789590,
d2b85870-947c-4575-b6a6-a4af29acf378,numbered,7916,completed,sold,1,2026-06-09 18:33:37.207687+00,2026-06-09 18:33:40.968363+00,2026-06-09 18:33:41.073385+00,0.105022,3.865698,
ecca9454-8750-49f1-802e-bfea11c723d3,numbered,94735,completed,sold,1,2026-06-09 18:33:37.257727+00,2026-06-09 18:33:41.093569+00,2026-06-09 18:33:41.198345+00,0.104776,3.940618,
4f0de741-c1f8-4987-bc62-45912d53f8be,numbered,96374,completed,sold,1,2026-06-09 18:33:37.308427+00,2026-06-09 18:33:41.219877+00,2026-06-09 18:33:41.324849+00,0.104972,4.016422,
309f8837-88dd-4cca-a76f-b00aa1a5e10a,numbered,57712,completed,sold,1,2026-06-09 18:33:37.357828+00,2026-06-09 18:33:41.345835+00,2026-06-09 18:33:41.450114+00,0.104279,4.092286,
6caff131-feea-46bd-9f80-2e19b6e07372,numbered,55922,completed,sold,1,2026-06-09 18:33:37.407659+00,2026-06-09 18:33:41.471681+00,2026-06-09 18:33:41.576245+00,0.104564,4.168586,
6ffacc75-abce-4dd2-bc14-46bffa7914fc,numbered,42108,completed,sold,1,2026-06-09 18:33:37.457771+00,2026-06-09 18:33:41.598076+00,2026-06-09 18:33:41.702788+00,0.104712,4.245017,
68a50007-57dd-489f-903a-6509b740df15,numbered,87174,completed,sold,1,2026-06-09 18:33:37.507842+00,2026-06-09 18:33:41.725213+00,2026-06-09 18:33:41.829526+00,0.104313,4.321684,
246473be-a0e3-4223-aff1-296bced34e31,numbered,87836,completed,sold,1,2026-06-09 18:33:37.557881+00,2026-06-09 18:33:41.85105+00,2026-06-09 18:33:41.955501+00,0.104451,4.397620,
b0419d3f-4ac4-4ac9-b2c6-82861c7c4729,numbered,35128,completed,sold,1,2026-06-09 18:33:37.610788+00,2026-06-09 18:33:41.97665+00,2026-06-09 18:33:42.081491+00,0.104841,4.470703,
ecf6dd45-f712-4cf1-b5d0-228147aa0d23,numbered,54360,completed,sold,1,2026-06-09 18:33:37.658113+00,2026-06-09 18:33:42.104206+00,2026-06-09 18:33:42.20918+00,0.104974,4.551067,
1943f7b7-e232-45f2-a447-a71e06ec3d9b,numbered,55672,completed,sold,1,2026-06-09 18:33:37.70787+00,2026-06-09 18:33:42.230558+00,2026-06-09 18:33:42.335138+00,0.104580,4.627268,
ef8d6c73-6b37-415b-8365-76726a9d1785,numbered,57129,completed,sold,1,2026-06-09 18:33:37.757822+00,2026-06-09 18:33:42.356289+00,2026-06-09 18:33:42.461039+00,0.104750,4.703217,
9a06a2a1-5e8d-4943-aa75-816d9cc43eed,numbered,89771,completed,sold,1,2026-06-09 18:33:37.808+00,2026-06-09 18:33:42.481946+00,2026-06-09 18:33:42.586493+00,0.104547,4.778493,
e4b5ab37-baa4-4ae4-ac28-130735b2d8a1,numbered,40730,completed,sold,1,2026-06-09 18:33:37.857914+00,2026-06-09 18:33:42.608307+00,2026-06-09 18:33:42.712832+00,0.104525,4.854918,
5c37354b-39ad-4fc5-9939-c0dcae8f0f3a,numbered,56733,completed,sold,1,2026-06-09 18:33:37.907888+00,2026-06-09 18:33:42.734498+00,2026-06-09 18:33:42.838976+00,0.104478,4.931088,
7ae9cc5e-7044-466a-a839-3cf67929dd9e,numbered,23371,completed,sold,1,2026-06-09 18:33:37.957915+00,2026-06-09 18:33:42.861145+00,2026-06-09 18:33:42.96584+00,0.104695,5.007925,
87d0a76a-ef4a-4d49-8d61-b6803a9ef1b6,numbered,21258,completed,sold,1,2026-06-09 18:33:38.007767+00,2026-06-09 18:33:42.988228+00,2026-06-09 18:33:43.092524+00,0.104296,5.084757,
163fe5a9-f400-4983-a9f5-6be0751b2fad,numbered,36101,completed,sold,1,2026-06-09 18:33:38.057992+00,2026-06-09 18:33:43.113227+00,2026-06-09 18:33:43.217587+00,0.104360,5.159595,
edeec12f-e4b4-4c9d-91c9-a560a9b27671,numbered,15698,completed,sold,1,2026-06-09 18:33:38.107883+00,2026-06-09 18:33:43.239482+00,2026-06-09 18:33:43.34392+00,0.104438,5.236037,
c203ea2d-b148-4974-aa14-019480acaa34,numbered,25248,completed,sold,1,2026-06-09 18:33:38.157908+00,2026-06-09 18:33:43.365463+00,2026-06-09 18:33:43.469985+00,0.104522,5.312077,
b291adf9-56df-4b61-846a-6c9333e4258c,numbered,29580,completed,sold,1,2026-06-09 18:33:38.207848+00,2026-06-09 18:33:43.492627+00,2026-06-09 18:33:43.597812+00,0.105185,5.389964,
d258fb52-2101-4280-b9ad-93267d9b9e49,numbered,62239,completed,sold,1,2026-06-09 18:33:38.257793+00,2026-06-09 18:33:43.618409+00,2026-06-09 18:33:43.72294+00,0.104531,5.465147,
51b28f68-d2d3-45c6-bc00-decb2abb0ba2,numbered,34782,completed,sold,1,2026-06-09 18:33:38.307761+00,2026-06-09 18:33:43.743832+00,2026-06-09 18:33:43.848119+00,0.104287,5.540358,
bcd60828-3340-4907-be57-39342b8cc631,numbered,44828,completed,sold,1,2026-06-09 18:33:38.357671+00,2026-06-09 18:33:43.869346+00,2026-06-09 18:33:43.973912+00,0.104566,5.616241,
e6f81772-83ce-4885-a103-2fbcfbf9689e,numbered,86821,completed,sold,1,2026-06-09 18:33:38.408405+00,2026-06-09 18:33:43.995232+00,2026-06-09 18:33:44.099704+00,0.104472,5.691299,
e6927bec-6aed-4ed5-a201-f5c2dacfa05a,numbered,78078,completed,sold,1,2026-06-09 18:33:38.458116+00,2026-06-09 18:33:44.121086+00,2026-06-09 18:33:44.225544+00,0.104458,5.767428,
d7eceda5-f894-40b2-8b5b-bc58407dca95,numbered,67648,completed,sold,1,2026-06-09 18:33:38.50779+00,2026-06-09 18:33:44.249531+00,2026-06-09 18:33:44.354132+00,0.104601,5.846342,
8128cc09-d0f6-4255-807c-9cea3c7ef818,numbered,92164,completed,sold,1,2026-06-09 18:33:38.557811+00,2026-06-09 18:33:44.375926+00,2026-06-09 18:33:44.480529+00,0.104603,5.922718,
8747ffe1-059e-42f9-a1d5-7d0ca258870b,numbered,14723,completed,sold,1,2026-06-09 18:33:38.60796+00,2026-06-09 18:33:44.501949+00,2026-06-09 18:33:44.606215+00,0.104266,5.998255,
acab8651-49bf-4442-9a5b-d42c412625ac,numbered,63869,completed,sold,1,2026-06-09 18:33:38.657695+00,2026-06-09 18:33:44.627023+00,2026-06-09 18:33:44.731743+00,0.104720,6.074048,
7295537a-4f07-46c2-a95a-8d9e4fcaa80a,numbered,5409,completed,sold,1,2026-06-09 18:33:38.708+00,2026-06-09 18:33:44.754036+00,2026-06-09 18:33:44.859051+00,0.105015,6.151051,
0d3f2eff-3eb3-4e9d-a0a5-c21e3f1b9066,numbered,59765,completed,sold,1,2026-06-09 18:33:38.75791+00,2026-06-09 18:33:44.88049+00,2026-06-09 18:33:44.985361+00,0.104871,6.227451,
e062b778-80e6-48fc-bd7c-6ecf240f03f5,numbered,93590,completed,sold,1,2026-06-09 18:33:38.80774+00,2026-06-09 18:33:45.016367+00,2026-06-09 18:33:45.125454+00,0.109087,6.317714,
31b39592-91ad-4256-89c8-34c1b609a70a,numbered,56924,completed,sold,1,2026-06-09 18:33:38.858094+00,2026-06-09 18:33:45.150054+00,2026-06-09 18:33:45.254517+00,0.104463,6.396423,
d0db16c4-3690-4801-9cb1-768bbcbf1e18,numbered,63371,completed,sold,1,2026-06-09 18:33:38.907723+00,2026-06-09 18:33:45.277164+00,2026-06-09 18:33:45.381753+00,0.104589,6.474030,
6a809efa-ded6-4a2b-b860-6861a433654e,numbered,59327,completed,sold,1,2026-06-09 18:33:38.957779+00,2026-06-09 18:33:45.404183+00,2026-06-09 18:33:45.50879+00,0.104607,6.551011,
f9643b06-49e7-453c-9c07-50d8ca34cc04,numbered,89040,completed,sold,1,2026-06-09 18:33:39.00777+00,2026-06-09 18:33:45.53036+00,2026-06-09 18:33:45.634485+00,0.104125,6.626715,
0ea98dd7-58d2-46ad-bbf8-4e7bea29fd40,numbered,85011,completed,sold,1,2026-06-09 18:33:39.057751+00,2026-06-09 18:33:45.656329+00,2026-06-09 18:33:45.76151+00,0.105181,6.703759,
c1391f40-7154-4c07-b0b2-7f7455df892e,numbered,71224,completed,sold,1,2026-06-09 18:33:39.10783+00,2026-06-09 18:33:45.783127+00,2026-06-09 18:33:45.887741+00,0.104614,6.779911,
f035d3fe-3b49-4e71-b37c-4cabebff65b8,numbered,89287,completed,sold,1,2026-06-09 18:33:39.157883+00,2026-06-09 18:33:45.909868+00,2026-06-09 18:33:46.015018+00,0.105150,6.857135,
02e5f7e3-de3b-473e-98f9-6a01399bcce9,numbered,4739,completed,sold,1,2026-06-09 18:33:39.207796+00,2026-06-09 18:33:46.037439+00,2026-06-09 18:33:46.141937+00,0.104498,6.934141,
920763d2-b6d7-4e8d-9907-b261f4b752c6,numbered,71194,completed,sold,1,2026-06-09 18:33:39.25785+00,2026-06-09 18:33:46.162986+00,2026-06-09 18:33:46.267442+00,0.104456,7.009592,
565dd9e6-1c2b-4a94-a0cc-e24921510d83,numbered,28225,completed,sold,1,2026-06-09 18:33:39.307667+00,2026-06-09 18:33:46.289815+00,2026-06-09 18:33:46.394436+00,0.104621,7.086769,
34d24b4a-1247-4f66-bd56-689227f69f0d,numbered,41492,completed,sold,1,2026-06-09 18:33:39.357959+00,2026-06-09 18:33:46.416684+00,2026-06-09 18:33:46.521257+00,0.104573,7.163298,
95d65cf3-db69-4a5e-877d-1edf7b7a2bee,numbered,13793,completed,sold,1,2026-06-09 18:33:39.407861+00,2026-06-09 18:33:46.541826+00,2026-06-09 18:33:46.646659+00,0.104833,7.238798,
9b7ec35c-804b-47f1-a372-9b85c8ebf4b8,numbered,79555,completed,sold,1,2026-06-09 18:33:39.457711+00,2026-06-09 18:33:46.668395+00,2026-06-09 18:33:46.772933+00,0.104538,7.315222,
9d42a6f3-915d-4704-a7dc-a40acc5c503a,numbered,26038,completed,sold,1,2026-06-09 18:33:39.507817+00,2026-06-09 18:33:46.793872+00,2026-06-09 18:33:46.898454+00,0.104582,7.390637,
29bee4a5-d182-45d8-90c3-d43beb1e1bfe,numbered,93600,completed,sold,1,2026-06-09 18:33:39.557712+00,2026-06-09 18:33:46.919553+00,2026-06-09 18:33:47.024155+00,0.104602,7.466443,
1345f0d7-7947-4f1c-8e3f-25cd7296d0bd,numbered,52014,completed,sold,1,2026-06-09 18:33:39.607905+00,2026-06-09 18:33:47.048577+00,2026-06-09 18:33:47.153239+00,0.104662,7.545334,
c8a727aa-49a3-436f-b502-9865551e3f1f,numbered,95827,completed,sold,1,2026-06-09 18:33:39.6579+00,2026-06-09 18:33:47.174327+00,2026-06-09 18:33:47.278788+00,0.104461,7.620888,
fbead2bf-23df-412e-8cc6-caaf9792fa31,numbered,92519,completed,sold,1,2026-06-09 18:33:39.707746+00,2026-06-09 18:33:47.299775+00,2026-06-09 18:33:47.404335+00,0.104560,7.696589,
3c7ae4f8-0712-42d3-a293-f82162c66cc0,numbered,24243,completed,sold,1,2026-06-09 18:33:39.757733+00,2026-06-09 18:33:47.425677+00,2026-06-09 18:33:47.530551+00,0.104874,7.772818,
86d392c0-ceb8-4aa0-b337-bcb1a945c480,numbered,62263,completed,sold,1,2026-06-09 18:33:39.770157+00,2026-06-09 18:33:47.551759+00,2026-06-09 18:33:47.656288+00,0.104529,7.886131,
d4b186fc-f7f2-4b0f-9114-fe711843e8b3,numbered,58534,completed,sold,1,2026-06-09 18:33:39.782789+00,2026-06-09 18:33:47.677401+00,2026-06-09 18:33:47.782162+00,0.104761,7.999373,
dbfa40fe-52c6-4fd0-a394-7ce781aee751,numbered,85286,completed,sold,1,2026-06-09 18:33:39.795327+00,2026-06-09 18:33:47.804201+00,2026-06-09 18:33:47.908477+00,0.104276,8.113150,
8ddfb2f0-4183-466b-baef-1d98237e22f5,numbered,59414,completed,sold,1,2026-06-09 18:33:39.807626+00,2026-06-09 18:33:47.929348+00,2026-06-09 18:33:48.034396+00,0.105048,8.226770,
0c10a6f7-ba33-49c7-a53b-0689599c9ac7,numbered,67855,completed,sold,1,2026-06-09 18:33:39.820305+00,2026-06-09 18:33:48.056507+00,2026-06-09 18:33:48.161302+00,0.104795,8.340997,
6dace77d-efbb-4b01-9785-52748175834c,numbered,75983,completed,sold,1,2026-06-09 18:33:39.83271+00,2026-06-09 18:33:48.182874+00,2026-06-09 18:33:48.287788+00,0.104914,8.455078,
002dbced-8685-4ebf-ab22-c5e688d8ee01,numbered,84752,completed,sold,1,2026-06-09 18:33:39.845164+00,2026-06-09 18:33:48.309307+00,2026-06-09 18:33:48.413814+00,0.104507,8.568650,
93241d09-5967-4676-b54b-28a0eafd2ee5,numbered,68546,completed,sold,1,2026-06-09 18:33:39.857795+00,2026-06-09 18:33:48.436558+00,2026-06-09 18:33:48.54092+00,0.104362,8.683125,
ef625b03-93cd-4e53-b500-b2f01b055510,numbered,38284,completed,sold,1,2026-06-09 18:33:39.870353+00,2026-06-09 18:33:48.563103+00,2026-06-09 18:33:48.667872+00,0.104769,8.797519,
5c65fe82-fe42-409f-9f84-4342e83849be,numbered,57263,completed,sold,1,2026-06-09 18:33:39.882787+00,2026-06-09 18:33:48.689779+00,2026-06-09 18:33:48.794429+00,0.104650,8.911642,
4bf62cc1-fe3f-4746-8b27-47a9b5329aa9,numbered,43436,completed,sold,1,2026-06-09 18:33:39.895313+00,2026-06-09 18:33:48.816032+00,2026-06-09 18:33:48.924322+00,0.108290,9.029009,
25a497c2-07d2-4a25-8142-1c8f7b4df7e4,numbered,96394,completed,sold,1,2026-06-09 18:33:39.907815+00,2026-06-09 18:33:48.945846+00,2026-06-09 18:33:49.050848+00,0.105002,9.143033,
90c68872-fc2b-42f9-93cb-774518918ebc,numbered,20133,completed,sold,1,2026-06-09 18:33:39.920179+00,2026-06-09 18:33:49.072863+00,2026-06-09 18:33:49.177474+00,0.104611,9.257295,
580b81a8-0159-4d95-9912-5946f8277739,numbered,99024,completed,sold,1,2026-06-09 18:33:39.932608+00,2026-06-09 18:33:49.199072+00,2026-06-09 18:33:49.303718+00,0.104646,9.371110,
2845c7c4-cb88-44cf-b1c5-ca4175760bf2,numbered,36176,completed,sold,1,2026-06-09 18:33:39.945068+00,2026-06-09 18:33:49.325093+00,2026-06-09 18:33:49.429768+00,0.104675,9.484700,
49b116ec-74ee-4d08-8787-53e2fac01d7b,numbered,79930,completed,sold,1,2026-06-09 18:33:39.957595+00,2026-06-09 18:33:49.451026+00,2026-06-09 18:33:49.55561+00,0.104584,9.598015,
f4d5a964-ddff-4411-b95b-795cdac84e25,numbered,19514,completed,sold,1,2026-06-09 18:33:39.970176+00,2026-06-09 18:33:49.576044+00,2026-06-09 18:33:49.68046+00,0.104416,9.710284,
25ec5586-6357-4754-837a-e806918209e4,numbered,53319,completed,sold,1,2026-06-09 18:33:39.982893+00,2026-06-09 18:33:49.702014+00,2026-06-09 18:33:49.807226+00,0.105212,9.824333,
d2e5f29a-b593-43db-b8b5-3014b3f5b358,numbered,25710,completed,sold,1,2026-06-09 18:33:39.99548+00,2026-06-09 18:33:49.82905+00,2026-06-09 18:33:49.933591+00,0.104541,9.938111,
35349bfa-014b-4988-b3ad-97b6cb36cd35,numbered,1622,completed,sold,1,2026-06-09 18:33:40.00877+00,2026-06-09 18:33:49.954651+00,2026-06-09 18:33:50.059122+00,0.104471,10.050352,
0d713a17-08ff-4ca0-847e-e343e41a83c7,numbered,65538,completed,sold,1,2026-06-09 18:33:40.020414+00,2026-06-09 18:33:50.080156+00,2026-06-09 18:33:50.184761+00,0.104605,10.164347,
38e31452-43c7-4b95-9e85-329a68aa7927,numbered,30470,completed,sold,1,2026-06-09 18:33:40.03285+00,2026-06-09 18:33:50.206445+00,2026-06-09 18:33:50.31118+00,0.104735,10.278330,
a94cd3fe-fef8-43ca-9e0b-fda0bf8f3969,numbered,17116,completed,sold,1,2026-06-09 18:33:40.04535+00,2026-06-09 18:33:50.334858+00,2026-06-09 18:33:50.439132+00,0.104274,10.393782,
cbb6e9bd-4eb7-464c-9c32-6094787c58e6,numbered,63185,completed,sold,1,2026-06-09 18:33:40.057887+00,2026-06-09 18:33:50.461277+00,2026-06-09 18:33:50.565901+00,0.104624,10.508014,
3f47ab51-0ed0-4c8e-8933-184dcfa346da,numbered,28250,completed,sold,1,2026-06-09 18:33:40.070235+00,2026-06-09 18:33:50.587391+00,2026-06-09 18:33:50.692028+00,0.104637,10.621793,
452d3fc2-6ab2-4d1b-a412-675668b8e147,numbered,29284,completed,sold,1,2026-06-09 18:33:40.082815+00,2026-06-09 18:33:50.714415+00,2026-06-09 18:33:50.818852+00,0.104437,10.736037,
e1bf80b6-7612-44fc-a83f-153dac94ad97,numbered,50358,completed,sold,1,2026-06-09 18:33:40.095388+00,2026-06-09 18:33:50.840237+00,2026-06-09 18:33:50.945+00,0.104763,10.849612,
823b96ad-b3b5-418d-aa77-22fb8bfdb46c,numbered,6779,completed,sold,1,2026-06-09 18:33:40.107867+00,2026-06-09 18:33:50.967492+00,2026-06-09 18:33:51.072778+00,0.105286,10.964911,
1202d166-f077-4387-8b68-e6d3d0a2cfcb,numbered,3184,completed,sold,1,2026-06-09 18:33:40.120241+00,2026-06-09 18:33:51.095195+00,2026-06-09 18:33:51.199655+00,0.104460,11.079414,
73a44680-b890-42d5-aef9-7d1f3f2628ad,numbered,30928,completed,sold,1,2026-06-09 18:33:40.132826+00,2026-06-09 18:33:51.220359+00,2026-06-09 18:33:51.324791+00,0.104432,11.191965,
062973d0-d85d-4181-9bb7-62c58c613c42,numbered,35612,completed,sold,1,2026-06-09 18:33:40.145329+00,2026-06-09 18:33:51.346332+00,2026-06-09 18:33:51.450956+00,0.104624,11.305627,
4cdcb9a2-a819-4db3-b46e-11f668be6712,numbered,42350,completed,sold,1,2026-06-09 18:33:40.157868+00,2026-06-09 18:33:51.473052+00,2026-06-09 18:33:51.577434+00,0.104382,11.419566,
1b6fa529-0a10-417a-bbb2-278de6ff6422,numbered,36881,completed,sold,1,2026-06-09 18:33:40.170336+00,2026-06-09 18:33:51.598461+00,2026-06-09 18:33:51.70316+00,0.104699,11.532824,
39d8b34a-7ab0-44a2-87b3-c352ab12e0d9,numbered,32363,completed,sold,1,2026-06-09 18:33:40.182892+00,2026-06-09 18:33:51.725124+00,2026-06-09 18:33:51.829665+00,0.104541,11.646773,
3cbebd2e-1c9a-44d6-8eff-a2a4cc14053a,numbered,29276,completed,sold,1,2026-06-09 18:33:40.195404+00,2026-06-09 18:33:51.850538+00,2026-06-09 18:33:51.955162+00,0.104624,11.759758,
b530f1bd-68e1-4f0a-86b1-6866a86d971b,numbered,36506,completed,sold,1,2026-06-09 18:33:40.207749+00,2026-06-09 18:33:51.976869+00,2026-06-09 18:33:52.081653+00,0.104784,11.873904,
a2ffe089-ca30-4114-aa18-f1c3b8041e35,numbered,64646,completed,sold,1,2026-06-09 18:33:40.220178+00,2026-06-09 18:33:52.10326+00,2026-06-09 18:33:52.207908+00,0.104648,11.987730,
9d3d228b-fe85-4c54-98e9-2248f457fe4f,numbered,53077,completed,sold,1,2026-06-09 18:33:40.232709+00,2026-06-09 18:33:52.229461+00,2026-06-09 18:33:52.334007+00,0.104546,12.101298,
6b6878f2-5c9c-41fc-9482-b5bf2228dc30,numbered,402,completed,sold,1,2026-06-09 18:33:40.24517+00,2026-06-09 18:33:52.355436+00,2026-06-09 18:33:52.459923+00,0.104487,12.214753,
71377cae-ce85-403c-aca9-e071bf97c0da,numbered,22808,completed,sold,1,2026-06-09 18:33:40.257841+00,2026-06-09 18:33:52.481522+00,2026-06-09 18:33:52.586318+00,0.104796,12.328477,
b08ccc53-9a4e-444b-b92b-2f0d586f35f0,numbered,42842,completed,sold,1,2026-06-09 18:33:40.270465+00,2026-06-09 18:33:52.608297+00,2026-06-09 18:33:52.71286+00,0.104563,12.442395,
84e45994-008c-4970-a6b4-3e8c534c9a35,numbered,2609,completed,sold,1,2026-06-09 18:33:40.282821+00,2026-06-09 18:33:52.734214+00,2026-06-09 18:33:52.83868+00,0.104466,12.555859,
7ac6af76-9820-40ff-9ea2-94010c349e03,numbered,76668,completed,sold,1,2026-06-09 18:33:40.29537+00,2026-06-09 18:33:52.859745+00,2026-06-09 18:33:52.964301+00,0.104556,12.668931,
f1bd5c50-15bc-4cb2-a8cc-4440cce10227,numbered,32066,completed,sold,1,2026-06-09 18:33:40.307795+00,2026-06-09 18:33:52.985945+00,2026-06-09 18:33:53.090956+00,0.105011,12.783161,
dcb6f0f3-fb89-4fb6-9e79-a19a25c68def,numbered,69547,completed,sold,1,2026-06-09 18:33:40.32018+00,2026-06-09 18:33:53.112652+00,2026-06-09 18:33:53.217205+00,0.104553,12.897025,
16d60cf2-1f81-4cb9-861c-b132f6beddbb,numbered,98865,completed,sold,1,2026-06-09 18:33:40.33267+00,2026-06-09 18:33:53.238226+00,2026-06-09 18:33:53.342842+00,0.104616,13.010172,
890af70f-d31d-4e72-a11c-8f0163e05142,numbered,48131,completed,sold,1,2026-06-09 18:33:40.345388+00,2026-06-09 18:33:53.363679+00,2026-06-09 18:33:53.468259+00,0.104580,13.122871,
0400d9f9-511c-455f-a722-a9a07a33f4fc,numbered,46751,completed,sold,1,2026-06-09 18:33:40.357876+00,2026-06-09 18:33:53.489341+00,2026-06-09 18:33:53.594029+00,0.104688,13.236153,
682b3c99-13a4-42f9-885f-64ecf2d0d1fd,numbered,47836,completed,sold,1,2026-06-09 18:33:40.370246+00,2026-06-09 18:33:53.615177+00,2026-06-09 18:33:53.719661+00,0.104484,13.349415,
7daaeb7a-2cba-4b83-88bf-38d2096d8728,numbered,50183,completed,sold,1,2026-06-09 18:33:40.382826+00,2026-06-09 18:33:53.741229+00,2026-06-09 18:33:53.847065+00,0.105836,13.464239,
8b0fbceb-6132-4c5e-88ce-21b66b64f381,numbered,1739,completed,sold,1,2026-06-09 18:33:40.395738+00,2026-06-09 18:33:53.871101+00,2026-06-09 18:33:53.97641+00,0.105309,13.580672,
19a8b86f-d4aa-4a52-9c3e-a5609dd94110,numbered,56162,completed,sold,1,2026-06-09 18:33:40.407906+00,2026-06-09 18:33:54.006241+00,2026-06-09 18:33:54.110858+00,0.104617,13.702952,
d0ca9a64-d63c-40e7-90c7-e753db743392,numbered,33628,completed,sold,1,2026-06-09 18:33:40.420334+00,2026-06-09 18:33:54.131854+00,2026-06-09 18:33:54.236788+00,0.104934,13.816454,
6d55c3cd-4f12-4e59-8b2e-ab49fbf35bb8,numbered,8856,completed,sold,1,2026-06-09 18:33:40.432823+00,2026-06-09 18:33:54.258866+00,2026-06-09 18:33:54.363457+00,0.104591,13.930634,
57c5469c-ef1c-4a4c-a28c-03bad4a2c1b7,numbered,75988,completed,sold,1,2026-06-09 18:33:40.445325+00,2026-06-09 18:33:54.384284+00,2026-06-09 18:33:54.488455+00,0.104171,14.043130,
d0728828-b576-4fee-b128-d3e9ad289e12,numbered,25791,completed,sold,1,2026-06-09 18:33:40.457838+00,2026-06-09 18:33:54.509738+00,2026-06-09 18:33:54.614458+00,0.104720,14.156620,
434a60c8-5cec-4b3a-99e2-2d5b0ed73148,numbered,93553,completed,sold,1,2026-06-09 18:33:40.470068+00,2026-06-09 18:33:54.63588+00,2026-06-09 18:33:54.74055+00,0.104670,14.270482,
3f4da376-15f9-4a78-af08-4b86c17ae283,numbered,39720,completed,sold,1,2026-06-09 18:33:40.482851+00,2026-06-09 18:33:54.762731+00,2026-06-09 18:33:54.86702+00,0.104289,14.384169,
dac034eb-c92f-4298-a1dd-62433c40cb80,numbered,84531,completed,sold,1,2026-06-09 18:33:40.495389+00,2026-06-09 18:33:54.887239+00,2026-06-09 18:33:54.991651+00,0.104412,14.496262,
5ffae8d0-f393-49ab-9f5a-50835ecae3bc,numbered,33107,completed,sold,1,2026-06-09 18:33:40.507844+00,2026-06-09 18:33:55.017829+00,2026-06-09 18:33:55.122831+00,0.105002,14.614987,
6a1705d4-d814-4dec-b0d3-3b8b472fde81,numbered,13609,completed,sold,1,2026-06-09 18:33:40.520367+00,2026-06-09 18:33:55.144317+00,2026-06-09 18:33:55.248964+00,0.104647,14.728597,
37faf4c9-3d17-4ec2-ae7c-c88fe2df2294,numbered,44897,completed,sold,1,2026-06-09 18:33:40.532796+00,2026-06-09 18:33:55.27017+00,2026-06-09 18:33:55.374539+00,0.104369,14.841743,
ad85d46d-2290-4300-aec0-f1ab6811f513,numbered,32363,completed,seat_unavailable,1,2026-06-09 18:33:40.545431+00,2026-06-09 18:33:55.395223+00,2026-06-09 18:33:55.49789+00,0.102667,14.952459,
316a14d9-e1e6-4e27-8899-a6da91173065,numbered,23063,completed,sold,1,2026-06-09 18:33:40.557908+00,2026-06-09 18:33:55.51885+00,2026-06-09 18:33:55.623321+00,0.104471,15.065413,
bd6ccd9d-33eb-48e5-ad95-d9dbce0b990a,numbered,23789,completed,sold,1,2026-06-09 18:33:40.570461+00,2026-06-09 18:33:55.644474+00,2026-06-09 18:33:55.749101+00,0.104627,15.178640,
baac3b8b-e450-4a04-a12b-b93ef551221d,numbered,83159,completed,sold,1,2026-06-09 18:33:40.582855+00,2026-06-09 18:33:55.770821+00,2026-06-09 18:33:55.875147+00,0.104326,15.292292,
a674c60f-a195-4446-a13e-a917f22fa20b,numbered,66640,completed,sold,1,2026-06-09 18:33:40.595318+00,2026-06-09 18:33:55.89594+00,2026-06-09 18:33:56.000563+00,0.104623,15.405245,
844beb5c-c453-48fd-8b61-5ac76932c327,numbered,40393,completed,sold,1,2026-06-09 18:33:40.608016+00,2026-06-09 18:33:56.030479+00,2026-06-09 18:33:56.134912+00,0.104433,15.526896,
5f635449-0786-458e-9f54-b8ea52eb9a4c,numbered,87669,completed,sold,1,2026-06-09 18:33:40.620368+00,2026-06-09 18:33:56.156249+00,2026-06-09 18:33:56.261133+00,0.104884,15.640765,
96d27c5f-8b9f-4158-b171-6bf4e898487a,numbered,735,completed,sold,1,2026-06-09 18:33:40.632753+00,2026-06-09 18:33:56.283142+00,2026-06-09 18:33:56.388039+00,0.104897,15.755286,
7b27f9ea-a85b-4e6a-98bb-4e22d7c5dbfc,numbered,51541,completed,sold,1,2026-06-09 18:33:40.645392+00,2026-06-09 18:33:56.40967+00,2026-06-09 18:33:56.51427+00,0.104600,15.868878,
5b05479e-d56a-449c-aa24-5b15d9979dc9,numbered,13178,completed,sold,1,2026-06-09 18:33:40.657868+00,2026-06-09 18:33:56.534824+00,2026-06-09 18:33:56.639499+00,0.104675,15.981631,
48d24c95-61c3-479e-acce-cb5dade7161e,numbered,2549,completed,sold,1,2026-06-09 18:33:40.670372+00,2026-06-09 18:33:56.660391+00,2026-06-09 18:33:56.764883+00,0.104492,16.094511,
aab56e25-feab-4ef9-b45d-cd9dde2c1779,numbered,16523,completed,sold,1,2026-06-09 18:33:40.682785+00,2026-06-09 18:33:56.785975+00,2026-06-09 18:33:56.89039+00,0.104415,16.207605,
2b182dba-0589-4196-85ab-bbcea40c7c01,numbered,52067,completed,sold,1,2026-06-09 18:33:40.695398+00,2026-06-09 18:33:56.910956+00,2026-06-09 18:33:57.015647+00,0.104691,16.320249,
fcafaef9-10e2-4355-b8a7-be3d8841a108,numbered,20538,completed,sold,1,2026-06-09 18:33:40.707695+00,2026-06-09 18:33:57.037169+00,2026-06-09 18:33:57.141887+00,0.104718,16.434192,
2102a51a-15f3-42b0-b104-a5657b727a61,numbered,36074,completed,sold,1,2026-06-09 18:33:40.720077+00,2026-06-09 18:33:57.163351+00,2026-06-09 18:33:57.267937+00,0.104586,16.547860,
c94f2e05-50d7-4c49-8ee1-6a0abf8abdc2,numbered,53064,completed,sold,1,2026-06-09 18:33:40.732737+00,2026-06-09 18:33:57.290026+00,2026-06-09 18:33:57.394911+00,0.104885,16.662174,
ef116698-2a40-486a-93b4-96101bdef538,numbered,90827,completed,sold,1,2026-06-09 18:33:40.745337+00,2026-06-09 18:33:57.416172+00,2026-06-09 18:33:57.520726+00,0.104554,16.775389,
b1dd92ef-31e8-4f97-9bf7-61a5eb61615a,numbered,47784,completed,sold,1,2026-06-09 18:33:40.757691+00,2026-06-09 18:33:57.542818+00,2026-06-09 18:33:57.647417+00,0.104599,16.889726,
0ca744de-34cb-438b-afe2-03ebcdb00e50,numbered,22708,completed,sold,1,2026-06-09 18:33:40.770219+00,2026-06-09 18:33:57.668587+00,2026-06-09 18:33:57.773377+00,0.104790,17.003158,
b870ebbb-02d6-4c7b-b1c0-68f9488f4be8,numbered,33984,completed,sold,1,2026-06-09 18:33:40.78293+00,2026-06-09 18:33:57.79479+00,2026-06-09 18:33:57.899589+00,0.104799,17.116659,
5864fe71-d08d-4f31-babd-586413fdc71a,numbered,26398,completed,sold,1,2026-06-09 18:33:40.79545+00,2026-06-09 18:33:57.921202+00,2026-06-09 18:33:58.025866+00,0.104664,17.230416,
dac83ad2-396e-49d4-9424-c48ec12e8f96,numbered,20480,completed,sold,1,2026-06-09 18:33:40.807866+00,2026-06-09 18:33:58.048145+00,2026-06-09 18:33:58.153811+00,0.105666,17.345945,
28112823-a205-4e11-80ce-ec7d8da4a014,numbered,27939,completed,sold,1,2026-06-09 18:33:40.820212+00,2026-06-09 18:33:58.175375+00,2026-06-09 18:33:58.280033+00,0.104658,17.459821,
92d8ef06-665c-4bf8-ade9-b0435a2a971d,numbered,72741,completed,sold,1,2026-06-09 18:33:40.83271+00,2026-06-09 18:33:58.301758+00,2026-06-09 18:33:58.406767+00,0.105009,17.574057,
01d0d534-1c6b-464a-95ed-b85e3f49b76b,numbered,93062,completed,sold,1,2026-06-09 18:33:40.845011+00,2026-06-09 18:33:58.427802+00,2026-06-09 18:33:58.532237+00,0.104435,17.687226,
2ce30ec4-85d5-4c35-85de-c2d01e8ff9c8,numbered,38507,completed,sold,1,2026-06-09 18:33:40.857839+00,2026-06-09 18:33:58.552985+00,2026-06-09 18:33:58.657565+00,0.104580,17.799726,
08f38d97-5cfb-4b9e-87ab-91372848a729,numbered,91136,completed,sold,1,2026-06-09 18:33:40.870297+00,2026-06-09 18:33:58.678223+00,2026-06-09 18:33:58.78288+00,0.104657,17.912583,
96927426-fa1b-4e29-ae24-7342cc63a675,numbered,57322,completed,sold,1,2026-06-09 18:33:40.8828+00,2026-06-09 18:33:58.803917+00,2026-06-09 18:33:58.908725+00,0.104808,18.025925,
ff18002b-d12b-4aa0-8d46-76f44b2a81b1,numbered,2389,completed,sold,1,2026-06-09 18:33:40.895333+00,2026-06-09 18:33:58.930767+00,2026-06-09 18:33:59.035741+00,0.104974,18.140408,
c54a2515-9f5c-4796-b107-9ccb9248f221,numbered,24308,completed,sold,1,2026-06-09 18:33:40.907786+00,2026-06-09 18:33:59.057494+00,2026-06-09 18:33:59.162111+00,0.104617,18.254325,
258485e2-68fd-4f6c-b428-9be45acef926,numbered,91052,completed,sold,1,2026-06-09 18:33:40.920206+00,2026-06-09 18:33:59.183252+00,2026-06-09 18:33:59.287914+00,0.104662,18.367708,
4a246111-8559-4195-aee1-87ef157794b8,numbered,57007,completed,sold,1,2026-06-09 18:33:40.932673+00,2026-06-09 18:33:59.309504+00,2026-06-09 18:33:59.414414+00,0.104910,18.481741,
8e323dea-25f3-44fe-af4d-42c57a87d678,numbered,70113,completed,sold,1,2026-06-09 18:33:40.945212+00,2026-06-09 18:33:59.4359+00,2026-06-09 18:33:59.540423+00,0.104523,18.595211,
584b9dd9-3ded-4c70-aeaf-35a9cbd30e01,numbered,91376,completed,sold,1,2026-06-09 18:33:40.957644+00,2026-06-09 18:33:59.561652+00,2026-06-09 18:33:59.666157+00,0.104505,18.708513,
e8787963-8108-4d59-bedd-e030d2611b9b,numbered,97342,completed,sold,1,2026-06-09 18:33:40.970076+00,2026-06-09 18:33:59.687165+00,2026-06-09 18:33:59.791738+00,0.104573,18.821662,
4ab75560-1296-4f0a-ad32-c474021b0650,numbered,426,completed,sold,1,2026-06-09 18:33:40.98261+00,2026-06-09 18:33:59.812299+00,2026-06-09 18:33:59.91689+00,0.104591,18.934280,
b527010d-3e7a-42be-be3e-446bd2b0a567,numbered,57656,completed,sold,1,2026-06-09 18:33:40.995307+00,2026-06-09 18:33:59.938376+00,2026-06-09 18:34:00.06956+00,0.131184,19.074253,
ede23d74-c76b-40c8-8ee5-bc304601b3f8,numbered,29893,completed,sold,1,2026-06-09 18:33:41.007954+00,2026-06-09 18:34:00.131115+00,2026-06-09 18:34:00.236909+00,0.105794,19.228955,
12441b30-ebcb-4457-92d3-c2d0d20c0c93,numbered,40192,completed,sold,1,2026-06-09 18:33:41.020366+00,2026-06-09 18:34:00.264794+00,2026-06-09 18:34:00.369675+00,0.104881,19.349309,
bc736952-9664-49dd-87cf-9d35d230db3a,numbered,51931,completed,sold,1,2026-06-09 18:33:41.032707+00,2026-06-09 18:34:00.392077+00,2026-06-09 18:34:00.496926+00,0.104849,19.464219,
65f3b510-5274-4117-9b2d-44be8a5e0e0a,numbered,70857,completed,sold,1,2026-06-09 18:33:41.04531+00,2026-06-09 18:34:00.518343+00,2026-06-09 18:34:00.622527+00,0.104184,19.577217,
35f8e973-e3ff-4865-ba63-083ce0a1558d,numbered,58140,completed,sold,1,2026-06-09 18:33:41.057756+00,2026-06-09 18:34:00.643957+00,2026-06-09 18:34:00.748992+00,0.105035,19.691236,
57578052-2b4a-4c4b-9aff-503b42a76744,numbered,52839,completed,sold,1,2026-06-09 18:33:41.070349+00,2026-06-09 18:34:00.770954+00,2026-06-09 18:34:00.875748+00,0.104794,19.805399,
198634db-9dcd-4ed5-a8a2-a74ed5e793f1,numbered,41602,completed,sold,1,2026-06-09 18:33:41.082789+00,2026-06-09 18:34:00.897417+00,2026-06-09 18:34:01.002067+00,0.104650,19.919278,
3c053f23-9186-4b1d-b504-efbb1c822b1b,numbered,17192,completed,sold,1,2026-06-09 18:33:41.09526+00,2026-06-09 18:34:01.025484+00,2026-06-09 18:34:01.130788+00,0.105304,20.035528,
983fe6f2-0bf4-47c8-9a29-047d61439189,numbered,81199,completed,sold,1,2026-06-09 18:33:41.107744+00,2026-06-09 18:34:01.174317+00,2026-06-09 18:34:01.300096+00,0.125779,20.192352,
360b333f-140d-406f-83a3-b4c718b88735,numbered,10115,completed,sold,1,2026-06-09 18:33:41.120204+00,2026-06-09 18:34:01.342867+00,2026-06-09 18:34:01.447942+00,0.105075,20.327738,
73da7d45-1c8b-451d-8031-b8f1878f76ca,numbered,32055,completed,sold,1,2026-06-09 18:33:41.132787+00,2026-06-09 18:34:01.490545+00,2026-06-09 18:34:01.596765+00,0.106220,20.463978,
74eca93a-86b4-43ef-8a7a-c8486ddc83d3,numbered,1902,completed,sold,1,2026-06-09 18:33:41.145375+00,2026-06-09 18:34:01.673212+00,2026-06-09 18:34:01.794685+00,0.121473,20.649310,
03c78a0f-1fd5-4af2-abad-95fcddc8f8d4,numbered,8339,completed,sold,1,2026-06-09 18:33:41.157851+00,2026-06-09 18:34:01.845894+00,2026-06-09 18:34:01.98176+00,0.135866,20.823909,
08d419f8-fed9-49a0-b512-8f6dd9564ea8,numbered,71176,completed,sold,1,2026-06-09 18:33:41.170305+00,2026-06-09 18:34:02.033429+00,2026-06-09 18:34:02.140947+00,0.107518,20.970642,
ca1df420-74e4-4ad6-958d-39de411d2ab9,numbered,10680,completed,sold,1,2026-06-09 18:33:41.182755+00,2026-06-09 18:34:02.183625+00,2026-06-09 18:34:02.290969+00,0.107344,21.108214,
f6c68c04-e8e3-4816-8560-8e9e0510e048,numbered,79358,completed,sold,1,2026-06-09 18:33:41.195313+00,2026-06-09 18:34:02.33821+00,2026-06-09 18:34:02.449699+00,0.111489,21.254386,
6c4b80ae-855c-45c9-8343-efbfef5a40e3,numbered,98871,completed,sold,1,2026-06-09 18:33:41.207863+00,2026-06-09 18:34:02.499357+00,2026-06-09 18:34:02.604542+00,0.105185,21.396679,
74c3de26-0acf-4a10-aef8-edd3bf9d0117,numbered,98137,completed,sold,1,2026-06-09 18:33:41.220074+00,2026-06-09 18:34:02.627053+00,2026-06-09 18:34:02.731999+00,0.104946,21.511925,
56ad6c8a-71e6-4f16-895b-a98c87192ed7,numbered,63910,completed,sold,1,2026-06-09 18:33:41.232665+00,2026-06-09 18:34:02.754243+00,2026-06-09 18:34:02.858695+00,0.104452,21.626030,
7687de3a-17fe-41c6-89fa-4f58f5cf31c6,numbered,96349,completed,sold,1,2026-06-09 18:33:41.24532+00,2026-06-09 18:34:02.880362+00,2026-06-09 18:34:02.98511+00,0.104748,21.739790,
1c1f90af-60db-4493-a4e9-a88c448adc71,numbered,7567,completed,sold,1,2026-06-09 18:33:41.257732+00,2026-06-09 18:34:03.009296+00,2026-06-09 18:34:03.114778+00,0.105482,21.857046,
01698d86-075d-4f22-baf7-f05eaad364ff,numbered,26565,completed,sold,1,2026-06-09 18:33:41.270183+00,2026-06-09 18:34:03.136948+00,2026-06-09 18:34:03.24174+00,0.104792,21.971557,
9411c717-d4f1-4b9d-9052-e0134cf87542,numbered,86144,completed,sold,1,2026-06-09 18:33:41.282899+00,2026-06-09 18:34:03.264301+00,2026-06-09 18:34:03.368852+00,0.104551,22.085953,
a317d0d4-22b5-4297-b072-c85a20571a13,numbered,8474,completed,sold,1,2026-06-09 18:33:41.29525+00,2026-06-09 18:34:03.392021+00,2026-06-09 18:34:03.496796+00,0.104775,22.201546,
5c5631cc-e366-4b8b-81b3-a722d09d4f13,numbered,61743,completed,sold,1,2026-06-09 18:33:41.307741+00,2026-06-09 18:34:03.518293+00,2026-06-09 18:34:03.622935+00,0.104642,22.315194,
6118dcc7-9898-474b-a2fb-36bb41567a3a,numbered,30085,completed,sold,1,2026-06-09 18:33:41.320262+00,2026-06-09 18:34:03.644265+00,2026-06-09 18:34:03.749024+00,0.104759,22.428762,
c139961d-f60c-4050-973e-71256694d91f,numbered,72308,completed,sold,1,2026-06-09 18:33:41.33276+00,2026-06-09 18:34:03.770754+00,2026-06-09 18:34:03.875157+00,0.104403,22.542397,
5566fdc8-39cf-4d17-8695-99f6b47b1389,numbered,71584,completed,sold,1,2026-06-09 18:33:41.34511+00,2026-06-09 18:34:03.896769+00,2026-06-09 18:34:04.002208+00,0.105439,22.657098,
6758766e-3023-4927-9fb8-766a6196836f,numbered,51348,completed,sold,1,2026-06-09 18:33:41.357683+00,2026-06-09 18:34:04.028328+00,2026-06-09 18:34:04.133062+00,0.104734,22.775379,
7765d905-d41b-466a-a70c-6572ad8dcbbd,numbered,80543,completed,sold,1,2026-06-09 18:33:41.370316+00,2026-06-09 18:34:04.154548+00,2026-06-09 18:34:04.259383+00,0.104835,22.889067,
128ed0d0-4363-4109-8960-d1f70f2784f7,numbered,35109,completed,sold,1,2026-06-09 18:33:41.382837+00,2026-06-09 18:34:04.281706+00,2026-06-09 18:34:04.38655+00,0.104844,23.003713,
14dc3f1f-385d-4d44-adf2-07938009ace4,numbered,68576,completed,sold,1,2026-06-09 18:33:41.395274+00,2026-06-09 18:34:04.409654+00,2026-06-09 18:34:04.514699+00,0.105045,23.119425,
d4ad7e76-0692-4e32-8b4f-abd67cda5e40,numbered,5057,completed,sold,1,2026-06-09 18:33:41.407655+00,2026-06-09 18:34:04.53617+00,2026-06-09 18:34:04.640913+00,0.104743,23.233258,
509ef922-d460-4082-bd70-22c4c63c8a01,numbered,86184,completed,sold,1,2026-06-09 18:33:41.420282+00,2026-06-09 18:34:04.662512+00,2026-06-09 18:34:04.767266+00,0.104754,23.346984,
a6ca9c06-4a3c-4b13-8e53-5b0ee9851555,numbered,23254,completed,sold,1,2026-06-09 18:33:41.432761+00,2026-06-09 18:34:04.788782+00,2026-06-09 18:34:04.893283+00,0.104501,23.460522,
55d0ebc0-4bb4-48b1-bd4b-606eb0603cf8,numbered,17652,completed,sold,1,2026-06-09 18:33:41.445331+00,2026-06-09 18:34:04.913796+00,2026-06-09 18:34:05.019988+00,0.106192,23.574657,
3d539bb4-c176-4375-a76b-fbeee00a0b21,numbered,13515,completed,sold,1,2026-06-09 18:33:41.457588+00,2026-06-09 18:34:05.047338+00,2026-06-09 18:34:05.152463+00,0.105125,23.694875,
36c7d951-207e-405c-a5e1-c8415b16e928,numbered,50312,completed,sold,1,2026-06-09 18:33:41.470132+00,2026-06-09 18:34:05.174541+00,2026-06-09 18:34:05.27914+00,0.104599,23.809008,
35510313-98e1-414a-8f06-99cf8d31c0ef,numbered,33131,completed,sold,1,2026-06-09 18:33:41.482749+00,2026-06-09 18:34:05.301177+00,2026-06-09 18:34:05.405936+00,0.104759,23.923187,
af2cf3c6-5b4a-49d6-922e-0bc21484f674,numbered,6098,completed,sold,1,2026-06-09 18:33:41.495324+00,2026-06-09 18:34:05.427022+00,2026-06-09 18:34:05.531657+00,0.104635,24.036333,
651177cf-aee5-4495-a1a3-0ee33d3e3ab7,numbered,43847,completed,sold,1,2026-06-09 18:33:41.507756+00,2026-06-09 18:34:05.553382+00,2026-06-09 18:34:05.658071+00,0.104689,24.150315,
9d7a5895-25e7-448d-82f5-cf460e612aa3,numbered,28414,completed,sold,1,2026-06-09 18:33:41.520129+00,2026-06-09 18:34:05.681558+00,2026-06-09 18:34:05.786724+00,0.105166,24.266595,
4c9e49a0-8fcc-48f8-8322-f4d648525d33,numbered,16369,completed,sold,1,2026-06-09 18:33:41.532677+00,2026-06-09 18:34:05.808337+00,2026-06-09 18:34:05.912961+00,0.104624,24.380284,
6d341bdc-a971-401a-bdfe-9025f168b9d7,numbered,33768,completed,sold,1,2026-06-09 18:33:41.545248+00,2026-06-09 18:34:05.933753+00,2026-06-09 18:34:06.03854+00,0.104787,24.493292,
c0efb822-993c-4c35-a511-e15020a1466b,numbered,37542,completed,sold,1,2026-06-09 18:33:41.557807+00,2026-06-09 18:34:06.061314+00,2026-06-09 18:34:06.166+00,0.104686,24.608193,
2b3ae1b5-c623-477f-93f3-ffff566b9f4b,numbered,11956,completed,sold,1,2026-06-09 18:33:41.570212+00,2026-06-09 18:34:06.188604+00,2026-06-09 18:34:06.293636+00,0.105032,24.723424,
aac54dbe-2f48-4567-bc22-f5654fc4a4e0,numbered,71759,completed,sold,1,2026-06-09 18:33:41.582545+00,2026-06-09 18:34:06.315761+00,2026-06-09 18:34:06.420406+00,0.104645,24.837861,
a8824f06-fbaf-4519-85a8-c0b0a0ff010e,numbered,85774,completed,sold,1,2026-06-09 18:33:41.595275+00,2026-06-09 18:34:06.441455+00,2026-06-09 18:34:06.546415+00,0.104960,24.951140,
98706c20-f9b8-4367-8284-c998e5f0e1b4,numbered,79982,completed,sold,1,2026-06-09 18:33:41.608099+00,2026-06-09 18:34:06.568657+00,2026-06-09 18:34:06.6732+00,0.104543,25.065101,
30fa5807-ed39-424a-957a-2b71755e3e44,numbered,27415,completed,sold,1,2026-06-09 18:33:41.620125+00,2026-06-09 18:34:06.693765+00,2026-06-09 18:34:06.798663+00,0.104898,25.178538,
9d20c1aa-c1d8-4a8a-8a05-b5980559ae5b,numbered,5164,completed,sold,1,2026-06-09 18:33:41.632776+00,2026-06-09 18:34:06.819351+00,2026-06-09 18:34:06.923874+00,0.104523,25.291098,
dc9440a0-c132-481b-a6e3-274befbc192b,numbered,45006,completed,sold,1,2026-06-09 18:33:41.645124+00,2026-06-09 18:34:06.945104+00,2026-06-09 18:34:07.050052+00,0.104948,25.404928,
58d0f060-f5a6-4edf-a861-1cb51a163b14,numbered,95876,completed,sold,1,2026-06-09 18:33:41.657612+00,2026-06-09 18:34:07.07222+00,2026-06-09 18:34:07.176966+00,0.104746,25.519354,
d728a5a6-b737-431a-ac9c-f750cfe6cc75,numbered,93024,completed,sold,1,2026-06-09 18:33:41.670248+00,2026-06-09 18:34:07.198303+00,2026-06-09 18:34:07.302848+00,0.104545,25.632600,
e12be3f1-cba4-4650-9489-913246e00e5b,numbered,25662,completed,sold,1,2026-06-09 18:33:41.68287+00,2026-06-09 18:34:07.324396+00,2026-06-09 18:34:07.428837+00,0.104441,25.745967,
4e1330b8-7102-40a1-852e-23dc2eb11219,numbered,35720,completed,sold,1,2026-06-09 18:33:41.695349+00,2026-06-09 18:34:07.449538+00,2026-06-09 18:34:07.554211+00,0.104673,25.858862,
0f472fc9-a9d4-4b23-9d8d-9f031bef5771,numbered,50680,completed,sold,1,2026-06-09 18:33:41.707705+00,2026-06-09 18:34:07.575732+00,2026-06-09 18:34:07.680703+00,0.104971,25.972998,
59809edb-35eb-44d9-b964-93a103871240,numbered,22544,completed,sold,1,2026-06-09 18:33:41.719991+00,2026-06-09 18:34:07.701797+00,2026-06-09 18:34:07.8065+00,0.104703,26.086509,
aba8f905-dec5-4b56-a4e5-ad2b830f94ae,numbered,22259,completed,sold,1,2026-06-09 18:33:41.732565+00,2026-06-09 18:34:07.827605+00,2026-06-09 18:34:07.932342+00,0.104737,26.199777,
e572320f-780a-4db3-9d0a-e34aedae3bdb,numbered,33281,completed,sold,1,2026-06-09 18:33:41.745184+00,2026-06-09 18:34:07.952997+00,2026-06-09 18:34:08.057537+00,0.104540,26.312353,
a4391364-3050-4b27-a1d9-d2b4f0626266,numbered,49121,completed,sold,1,2026-06-09 18:33:41.757664+00,2026-06-09 18:34:08.078856+00,2026-06-09 18:34:08.183696+00,0.104840,26.426032,
dc75c09c-57b1-40bb-ac41-dadb79c7baef,numbered,27676,completed,sold,1,2026-06-09 18:33:41.770162+00,2026-06-09 18:34:08.205115+00,2026-06-09 18:34:08.309592+00,0.104477,26.539430,
6dfdbba8-19d9-44c9-b270-e1ec4a12ced2,numbered,54641,completed,sold,1,2026-06-09 18:33:41.782734+00,2026-06-09 18:34:08.329557+00,2026-06-09 18:34:08.434213+00,0.104656,26.651479,
86cf3f82-a5b1-46f7-8b80-93ec4390a1cc,numbered,66210,completed,sold,1,2026-06-09 18:33:41.795246+00,2026-06-09 18:34:08.456082+00,2026-06-09 18:34:08.560572+00,0.104490,26.765326,
73194f27-f247-4e7a-adca-f28f0bac18fd,numbered,45505,completed,sold,1,2026-06-09 18:33:41.807753+00,2026-06-09 18:34:08.581847+00,2026-06-09 18:34:08.687073+00,0.105226,26.879320,
111502d2-d24b-40c5-8326-b1a957a4d49b,numbered,61462,completed,sold,1,2026-06-09 18:33:41.820274+00,2026-06-09 18:34:08.709869+00,2026-06-09 18:34:08.814993+00,0.105124,26.994719,
0fd71c59-2eaf-4395-b245-dcb98300a295,numbered,56214,completed,sold,1,2026-06-09 18:33:41.8325+00,2026-06-09 18:34:08.836409+00,2026-06-09 18:34:08.940902+00,0.104493,27.108402,
64659757-17bb-4781-9463-376112c4ee75,numbered,88877,completed,sold,1,2026-06-09 18:33:41.845197+00,2026-06-09 18:34:08.962053+00,2026-06-09 18:34:09.066561+00,0.104508,27.221364,
c345d08c-4599-47f5-a238-6a9decff6aea,numbered,34481,completed,sold,1,2026-06-09 18:33:41.857734+00,2026-06-09 18:34:09.088277+00,2026-06-09 18:34:09.192824+00,0.104547,27.335090,
f7f83b6c-5bdf-44d2-926b-b32944a2d82e,numbered,70808,completed,sold,1,2026-06-09 18:33:41.87025+00,2026-06-09 18:34:09.214466+00,2026-06-09 18:34:09.318946+00,0.104480,27.448696,
43a69e3a-f307-46bd-9df2-9392e8ad33c2,numbered,10491,completed,sold,1,2026-06-09 18:33:41.882806+00,2026-06-09 18:34:09.340307+00,2026-06-09 18:34:09.445119+00,0.104812,27.562313,
2a2b4af0-ae86-43d5-b624-6f50d07bf163,numbered,91461,completed,sold,1,2026-06-09 18:33:41.895282+00,2026-06-09 18:34:09.465813+00,2026-06-09 18:34:09.570647+00,0.104834,27.675365,
72bf6c2a-125e-4ef6-9f3c-07bec580d327,numbered,93069,completed,sold,1,2026-06-09 18:33:41.907699+00,2026-06-09 18:34:09.591782+00,2026-06-09 18:34:09.696764+00,0.104982,27.789065,
53bec822-7335-47a0-9c0a-73d385ba9088,numbered,45466,completed,sold,1,2026-06-09 18:33:41.92028+00,2026-06-09 18:34:09.717769+00,2026-06-09 18:34:09.822485+00,0.104716,27.902205,
c601ef0c-18cf-4761-9d73-87cc0f52bd91,numbered,88324,completed,sold,1,2026-06-09 18:33:41.93281+00,2026-06-09 18:34:09.843389+00,2026-06-09 18:34:09.9478+00,0.104411,28.014990,
790419f2-f93e-40a0-82cb-8ab13e52a7b3,numbered,9512,completed,sold,1,2026-06-09 18:33:41.94525+00,2026-06-09 18:34:09.968755+00,2026-06-09 18:34:10.073411+00,0.104656,28.128161,
ddd5f154-d01f-4882-8dd6-1df9462336f0,numbered,39916,completed,sold,1,2026-06-09 18:33:41.957578+00,2026-06-09 18:34:10.095361+00,2026-06-09 18:34:10.199978+00,0.104617,28.242400,
82ab9160-9f0d-49c3-a242-d7f6b7780bea,numbered,75296,completed,sold,1,2026-06-09 18:33:41.970132+00,2026-06-09 18:34:10.22156+00,2026-06-09 18:34:10.326294+00,0.104734,28.356162,
c0fd73f4-d4a8-4249-bd02-7d24f1b4a0f5,numbered,89460,completed,sold,1,2026-06-09 18:33:41.982521+00,2026-06-09 18:34:10.348284+00,2026-06-09 18:34:10.453023+00,0.104739,28.470502,
cd897507-0b35-4622-bf62-38dfc8e12c67,numbered,2857,completed,sold,1,2026-06-09 18:33:41.995254+00,2026-06-09 18:34:10.474446+00,2026-06-09 18:34:10.578982+00,0.104536,28.583728,
22098128-74e2-4950-9265-5bd52791debb,numbered,4703,completed,sold,1,2026-06-09 18:33:42.007983+00,2026-06-09 18:34:10.600083+00,2026-06-09 18:34:10.704801+00,0.104718,28.696818,
77b7306f-b651-4465-b696-ef5a34925056,numbered,64547,completed,sold,1,2026-06-09 18:33:42.020292+00,2026-06-09 18:34:10.725452+00,2026-06-09 18:34:10.82993+00,0.104478,28.809638,
002fcedf-55c7-44ec-a2c5-1704816781f2,numbered,88108,completed,sold,1,2026-06-09 18:33:42.032863+00,2026-06-09 18:34:10.850938+00,2026-06-09 18:34:10.955588+00,0.104650,28.922725,
39504fef-513b-4f17-afa3-23602ef6867a,numbered,58879,completed,sold,1,2026-06-09 18:33:42.045469+00,2026-06-09 18:34:10.975988+00,2026-06-09 18:34:11.080524+00,0.104536,29.035055,
742853fa-f77d-4867-8bf1-ad39eb690933,numbered,19161,completed,sold,1,2026-06-09 18:33:42.057807+00,2026-06-09 18:34:11.102826+00,2026-06-09 18:34:11.20741+00,0.104584,29.149603,
5720b57f-1db5-4d3d-9608-39ee5bed8f8c,numbered,16878,completed,sold,1,2026-06-09 18:33:42.070487+00,2026-06-09 18:34:11.228249+00,2026-06-09 18:34:11.332674+00,0.104425,29.262187,
d1b74404-572c-4a49-8d59-aa6e1f8379a7,numbered,71036,completed,sold,1,2026-06-09 18:33:42.082937+00,2026-06-09 18:34:11.353593+00,2026-06-09 18:34:11.458207+00,0.104614,29.375270,
d1379d9d-c46b-4ea2-a7c2-dd557f27a952,numbered,97797,completed,sold,1,2026-06-09 18:33:42.095415+00,2026-06-09 18:34:11.479097+00,2026-06-09 18:34:11.583561+00,0.104464,29.488146,
56e77132-420b-43c8-a125-861608031fa3,numbered,95903,completed,sold,1,2026-06-09 18:33:42.107924+00,2026-06-09 18:34:11.604047+00,2026-06-09 18:34:11.708525+00,0.104478,29.600601,
f2744388-7298-482c-ac7c-c6a28c997704,numbered,24152,completed,sold,1,2026-06-09 18:33:42.120205+00,2026-06-09 18:34:11.729349+00,2026-06-09 18:34:11.833977+00,0.104628,29.713772,
e00abbfb-a825-4b9f-a83d-12100ccd192d,numbered,57817,completed,sold,1,2026-06-09 18:33:42.132762+00,2026-06-09 18:34:11.854809+00,2026-06-09 18:34:11.95902+00,0.104211,29.826258,
134dccfc-a174-4d05-8b79-e71256426965,numbered,61920,completed,sold,1,2026-06-09 18:33:42.145237+00,2026-06-09 18:34:11.979693+00,2026-06-09 18:34:12.084188+00,0.104495,29.938951,
a237c555-5e88-4dc0-9a37-39d73ec1434c,numbered,95062,completed,sold,1,2026-06-09 18:33:42.15781+00,2026-06-09 18:34:12.1056+00,2026-06-09 18:34:12.21041+00,0.104810,30.052600,
70a35817-43bd-436d-ab0f-423aa6a9532d,numbered,10392,completed,sold,1,2026-06-09 18:33:42.170381+00,2026-06-09 18:34:12.23148+00,2026-06-09 18:34:12.335966+00,0.104486,30.165585,
290640f1-6cd5-4e0c-a5c4-d18b937357d7,numbered,7008,completed,sold,1,2026-06-09 18:33:42.182789+00,2026-06-09 18:34:12.357397+00,2026-06-09 18:34:12.462145+00,0.104748,30.279356,
7f567a82-7b69-440a-bf65-52db6be4c5a8,numbered,90882,completed,sold,1,2026-06-09 18:33:42.195298+00,2026-06-09 18:34:12.483859+00,2026-06-09 18:34:12.588599+00,0.104740,30.393301,
02ab49bb-8af2-4b81-bc68-0e6696702be2,numbered,69844,completed,sold,1,2026-06-09 18:33:42.207865+00,2026-06-09 18:34:12.609662+00,2026-06-09 18:34:12.714254+00,0.104592,30.506389,
6952f8f7-9dd8-4a4f-bfbc-a3177274fb03,numbered,63791,completed,sold,1,2026-06-09 18:33:42.220243+00,2026-06-09 18:34:12.735088+00,2026-06-09 18:34:12.839679+00,0.104591,30.619436,
561b8113-f2ae-4d5b-944c-c9d9bdb6bf83,numbered,90675,completed,sold,1,2026-06-09 18:33:42.232531+00,2026-06-09 18:34:12.860974+00,2026-06-09 18:34:12.965637+00,0.104663,30.733106,
d8a7122a-e9d4-4dc5-9518-f3a1a0255e55,numbered,10742,completed,sold,1,2026-06-09 18:33:42.245354+00,2026-06-09 18:34:12.986966+00,2026-06-09 18:34:13.091798+00,0.104832,30.846444,
55d18868-205d-4a71-a369-c490ab525e4f,numbered,89447,completed,sold,1,2026-06-09 18:33:42.25773+00,2026-06-09 18:34:13.112689+00,2026-06-09 18:34:13.217209+00,0.104520,30.959479,
f4ae991e-0e07-4377-882b-2dc3e96a5879,numbered,70048,completed,sold,1,2026-06-09 18:33:42.270205+00,2026-06-09 18:34:13.237902+00,2026-06-09 18:34:13.342331+00,0.104429,31.072126,
2a7077f4-0586-4fc4-979b-2787aa8c27d4,numbered,48609,completed,sold,1,2026-06-09 18:33:42.282805+00,2026-06-09 18:34:13.363508+00,2026-06-09 18:34:13.468407+00,0.104899,31.185602,
793b03d7-56e4-43d0-9b20-32c87564ec4e,numbered,13711,completed,sold,1,2026-06-09 18:33:42.295438+00,2026-06-09 18:34:13.49007+00,2026-06-09 18:34:13.594742+00,0.104672,31.299304,
48eadb36-660a-42c0-bc8f-fa88c538543f,numbered,490,completed,sold,1,2026-06-09 18:33:42.307838+00,2026-06-09 18:34:13.616878+00,2026-06-09 18:34:13.721371+00,0.104493,31.413533,
90e0611e-3a5c-4126-ab80-c41ba135485e,numbered,92881,completed,sold,1,2026-06-09 18:33:42.320357+00,2026-06-09 18:34:13.742157+00,2026-06-09 18:34:13.847809+00,0.105652,31.527452,
188f0d1e-4dab-4b88-bb09-a4a08b06b085,numbered,25789,completed,sold,1,2026-06-09 18:33:42.332753+00,2026-06-09 18:34:13.869505+00,2026-06-09 18:34:13.974052+00,0.104547,31.641299,
1ff71a0d-f461-40cf-9c89-479ae1dbdaad,numbered,45483,completed,sold,1,2026-06-09 18:33:42.34514+00,2026-06-09 18:34:13.994153+00,2026-06-09 18:34:14.09854+00,0.104387,31.753400,
ab1088cd-c888-48ca-b556-58d3e8497ea0,numbered,64101,completed,sold,1,2026-06-09 18:33:42.357495+00,2026-06-09 18:34:14.120342+00,2026-06-09 18:34:14.22547+00,0.105128,31.867975,
bf0cf1f0-7003-489e-8f4a-3a495016619d,numbered,83883,completed,sold,1,2026-06-09 18:33:42.370169+00,2026-06-09 18:34:14.247273+00,2026-06-09 18:34:14.351893+00,0.104620,31.981724,
e5517b3c-19d9-4bd3-a784-4c6a9845af86,numbered,92734,completed,sold,1,2026-06-09 18:33:42.382741+00,2026-06-09 18:34:14.372258+00,2026-06-09 18:34:14.476693+00,0.104435,32.093952,
3950b959-6ecc-420d-92d7-02b47dcc4c2e,numbered,98410,completed,sold,1,2026-06-09 18:33:42.395302+00,2026-06-09 18:34:14.497349+00,2026-06-09 18:34:14.601923+00,0.104574,32.206621,
a9c31d63-29b3-4a63-b239-da1b46a0bfce,numbered,25736,completed,sold,1,2026-06-09 18:33:42.407884+00,2026-06-09 18:34:14.625081+00,2026-06-09 18:34:14.730021+00,0.104940,32.322137,
46f80c05-93ea-419b-88ff-07ab89e93d56,numbered,83028,completed,sold,1,2026-06-09 18:33:42.420254+00,2026-06-09 18:34:14.751116+00,2026-06-09 18:34:14.855827+00,0.104711,32.435573,
7ef54e84-3972-457c-b3b2-ecf7a26734c3,numbered,68506,completed,sold,1,2026-06-09 18:33:42.432773+00,2026-06-09 18:34:14.8765+00,2026-06-09 18:34:14.981022+00,0.104522,32.548249,
86a801de-cf78-4962-91f8-92aac0476235,numbered,79376,completed,sold,1,2026-06-09 18:33:42.445228+00,2026-06-09 18:34:15.001228+00,2026-06-09 18:34:15.106059+00,0.104831,32.660831,
368a4402-8066-4763-8782-8f6509f7e344,numbered,52425,completed,sold,1,2026-06-09 18:33:42.457933+00,2026-06-09 18:34:15.127144+00,2026-06-09 18:34:15.231658+00,0.104514,32.773725,
b75c6107-8a9d-412a-b2f6-317ef46ce61d,numbered,74801,completed,sold,1,2026-06-09 18:33:42.470089+00,2026-06-09 18:34:15.252408+00,2026-06-09 18:34:15.356911+00,0.104503,32.886822,
8ff57ad2-e850-4c76-b907-13871d39282f,numbered,2308,completed,sold,1,2026-06-09 18:33:42.482825+00,2026-06-09 18:34:15.377719+00,2026-06-09 18:34:15.482484+00,0.104765,32.999659,
9423869b-ff79-4b3b-a0e3-4382ce4b0d74,numbered,38661,completed,sold,1,2026-06-09 18:33:42.49531+00,2026-06-09 18:34:15.50454+00,2026-06-09 18:34:15.609249+00,0.104709,33.113939,
e94e1b90-7284-41c0-9a56-352c38967632,numbered,93942,completed,sold,1,2026-06-09 18:33:42.508374+00,2026-06-09 18:34:15.630438+00,2026-06-09 18:34:15.735031+00,0.104593,33.226657,
f78bfb86-4bfd-4d80-8e90-d5b38d23f073,numbered,74547,completed,sold,1,2026-06-09 18:33:42.520424+00,2026-06-09 18:34:15.757091+00,2026-06-09 18:34:15.86195+00,0.104859,33.341526,
4af9b701-2a41-4679-97db-70963560ca9a,numbered,91088,completed,sold,1,2026-06-09 18:33:42.532748+00,2026-06-09 18:34:15.883121+00,2026-06-09 18:34:15.987515+00,0.104394,33.454767,
3211b092-4fc7-46d1-933d-de9584dd7ae8,numbered,25158,completed,sold,1,2026-06-09 18:33:42.54534+00,2026-06-09 18:34:16.009556+00,2026-06-09 18:34:16.114365+00,0.104809,33.569025,
03f00d30-536e-46b7-9b5c-382a42dee870,numbered,14528,completed,sold,1,2026-06-09 18:33:42.557822+00,2026-06-09 18:34:16.13571+00,2026-06-09 18:34:16.240549+00,0.104839,33.682727,
2e08b72d-686d-47ba-bd4a-fb1f1509e638,numbered,77827,completed,sold,1,2026-06-09 18:33:42.570229+00,2026-06-09 18:34:16.262508+00,2026-06-09 18:34:16.367139+00,0.104631,33.796910,
d8a79dfb-48a0-49b0-937e-34a5ff06a1a2,numbered,77752,completed,sold,1,2026-06-09 18:33:42.582839+00,2026-06-09 18:34:16.38797+00,2026-06-09 18:34:16.492792+00,0.104822,33.909953,
5f6762ef-357d-4a3e-93ae-f571148c426e,numbered,10546,completed,sold,1,2026-06-09 18:33:42.59571+00,2026-06-09 18:34:16.514848+00,2026-06-09 18:34:16.619624+00,0.104776,34.023914,
6d8e47b6-b85c-49bd-867c-fbe7756bfa1e,numbered,91832,completed,sold,1,2026-06-09 18:33:42.607874+00,2026-06-09 18:34:16.641042+00,2026-06-09 18:34:16.746305+00,0.105263,34.138431,
90cfca91-5a42-47e3-b370-74d7985ee3ee,numbered,860,completed,sold,1,2026-06-09 18:33:42.620176+00,2026-06-09 18:34:16.771515+00,2026-06-09 18:34:16.876361+00,0.104846,34.256185,
05b34919-e3ac-4842-9e23-fd1afc47b081,numbered,22234,completed,sold,1,2026-06-09 18:33:42.632814+00,2026-06-09 18:34:16.898005+00,2026-06-09 18:34:17.003029+00,0.105024,34.370215,
4b78f444-83e2-4b79-a2cd-be0b3f1014f6,numbered,77441,completed,sold,1,2026-06-09 18:33:42.645271+00,2026-06-09 18:34:17.024329+00,2026-06-09 18:34:17.128819+00,0.104490,34.483548,
ff7a6d0c-2546-4853-9bb1-e6ca39e935d8,numbered,5689,completed,sold,1,2026-06-09 18:33:42.657741+00,2026-06-09 18:34:17.150173+00,2026-06-09 18:34:17.254923+00,0.104750,34.597182,
93ec7b48-9162-40fd-9b5b-e2d6e37a71d9,numbered,51126,completed,sold,1,2026-06-09 18:33:42.670233+00,2026-06-09 18:34:17.276507+00,2026-06-09 18:34:17.381545+00,0.105038,34.711312,
df1e1dca-a287-4b66-ac58-55ae49e4d629,numbered,1062,completed,sold,1,2026-06-09 18:33:42.695214+00,2026-06-09 18:34:17.403232+00,2026-06-09 18:34:17.507938+00,0.104706,34.812724,
26f2a152-c9ee-418b-a816-bb313e6f72cc,numbered,15282,completed,sold,1,2026-06-09 18:33:42.683436+00,2026-06-09 18:34:17.466292+00,2026-06-09 18:34:17.572294+00,0.106002,34.888858,
3a222b23-cae8-4460-bf54-c6885a093c46,numbered,38533,completed,sold,1,2026-06-09 18:33:42.707868+00,2026-06-09 18:34:17.529373+00,2026-06-09 18:34:17.634053+00,0.104680,34.926185,
9f11cd76-dc48-4ebe-80fc-fc616058c915,numbered,84572,completed,sold,1,2026-06-09 18:33:42.720136+00,2026-06-09 18:34:17.597321+00,2026-06-09 18:34:17.70298+00,0.105659,34.982844,
09b9685f-7ab0-4d62-863e-ee9a053c2eb4,numbered,54509,completed,sold,1,2026-06-09 18:33:42.732557+00,2026-06-09 18:34:17.656998+00,2026-06-09 18:34:17.761562+00,0.104564,35.029005,
a5b275f7-c89f-43cc-ac2c-dfca1c6c3b90,numbered,9301,completed,sold,1,2026-06-09 18:33:42.74539+00,2026-06-09 18:34:17.680036+00,2026-06-09 18:34:17.784577+00,0.104541,35.039187,
56a5b123-6d0e-4cb4-a180-4d42d3232489,numbered,55235,completed,sold,1,2026-06-09 18:33:42.757723+00,2026-06-09 18:34:17.728117+00,2026-06-09 18:34:17.833434+00,0.105317,35.075711,
853fafc9-1dfd-43ad-8387-cb40a810ab6f,numbered,68833,completed,sold,1,2026-06-09 18:33:42.770148+00,2026-06-09 18:34:17.74117+00,2026-06-09 18:34:17.847773+00,0.106603,35.077625,
5d1a5be1-e014-4844-a050-26dffe9a2ad4,numbered,49440,completed,sold,1,2026-06-09 18:33:42.782822+00,2026-06-09 18:34:17.783228+00,2026-06-09 18:34:17.888012+00,0.104784,35.105190,
c6bd88fe-f447-439d-8fdc-9e1265418210,numbered,82199,completed,sold,1,2026-06-09 18:33:42.795204+00,2026-06-09 18:34:17.808178+00,2026-06-09 18:34:17.912129+00,0.103951,35.116925,
51a1059f-408a-48e0-971a-5e46e05eba95,numbered,48232,completed,sold,1,2026-06-09 18:33:42.807675+00,2026-06-09 18:34:17.859213+00,2026-06-09 18:34:17.965644+00,0.106431,35.157969,
ffc749a7-aa03-4e8f-a33f-ee0326b8f3de,numbered,60839,completed,sold,1,2026-06-09 18:33:42.820272+00,2026-06-09 18:34:17.872349+00,2026-06-09 18:34:17.977821+00,0.105472,35.157549,
63457a67-6c62-4d6b-96fc-408e1828da55,numbered,32734,completed,sold,1,2026-06-09 18:33:42.832847+00,2026-06-09 18:34:17.909801+00,2026-06-09 18:34:18.01503+00,0.105229,35.182183,
9a323354-3e0b-4879-811b-2f40e92c54e4,numbered,6799,completed,sold,1,2026-06-09 18:33:42.845206+00,2026-06-09 18:34:17.930893+00,2026-06-09 18:34:18.035423+00,0.104530,35.190217,
dca24714-2ce9-4f88-9d2e-61a9fc69d18e,numbered,72263,completed,sold,1,2026-06-09 18:33:42.870362+00,2026-06-09 18:34:17.987612+00,2026-06-09 18:34:18.093577+00,0.105965,35.223215,
d1cc4187-3cc2-43f1-bc98-7deefad37223,numbered,63830,completed,sold,1,2026-06-09 18:33:42.895331+00,2026-06-09 18:34:17.993661+00,2026-06-09 18:34:18.0991+00,0.105439,35.203769,
ad7143e4-2f4b-4b73-88c0-ff058be9b379,numbered,1178,completed,sold,1,2026-06-09 18:33:42.907792+00,2026-06-09 18:34:18.004305+00,2026-06-09 18:34:18.10996+00,0.105655,35.202168,
ab129eb1-16c6-4e11-94b6-ddba402a6b08,numbered,53402,completed,sold,1,2026-06-09 18:33:42.857673+00,2026-06-09 18:34:17.966943+00,2026-06-09 18:34:18.132768+00,0.165825,35.275095,
b6c40f97-3257-450f-87c8-12f842be4d6b,numbered,95709,completed,sold,1,2026-06-09 18:33:42.920478+00,2026-06-09 18:34:18.038711+00,2026-06-09 18:34:18.1439+00,0.105189,35.223422,
6554cb1d-b777-4aa9-8074-edcdefe15921,numbered,49787,completed,sold,1,2026-06-09 18:33:42.932816+00,2026-06-09 18:34:18.055199+00,2026-06-09 18:34:18.159651+00,0.104452,35.226835,
96b8351d-2a7c-4e80-b59b-b91257520ed3,numbered,23046,completed,sold,1,2026-06-09 18:33:42.882927+00,2026-06-09 18:34:18.05525+00,2026-06-09 18:34:18.161042+00,0.105792,35.278115,
4ae11e05-a618-4f6b-b84f-8240b9532b5c,numbered,4898,completed,sold,1,2026-06-09 18:33:42.945366+00,2026-06-09 18:34:18.122895+00,2026-06-09 18:34:18.229865+00,0.106970,35.284499,
96b618ed-b26f-4cfb-838b-a6689f9e8917,numbered,70025,completed,sold,1,2026-06-09 18:33:42.957835+00,2026-06-09 18:34:18.126111+00,2026-06-09 18:34:18.231898+00,0.105787,35.274063,
ded74449-da2e-47c3-aa2d-c052bfbfa562,numbered,21653,completed,sold,1,2026-06-09 18:33:42.970294+00,2026-06-09 18:34:18.138505+00,2026-06-09 18:34:18.244337+00,0.105832,35.274043,
fbb2076a-8ba6-428f-a01a-3801dd58b791,numbered,66056,completed,sold,1,2026-06-09 18:33:42.995311+00,2026-06-09 18:34:18.157945+00,2026-06-09 18:34:18.263258+00,0.105313,35.267947,
95f470d1-b547-4871-9db8-88e64fafe5ae,numbered,49786,completed,sold,1,2026-06-09 18:33:43.007807+00,2026-06-09 18:34:18.172502+00,2026-06-09 18:34:18.276819+00,0.104317,35.269012,
f171cfb9-dd07-4b35-8933-6ea184570ff6,numbered,56488,completed,sold,1,2026-06-09 18:33:43.020357+00,2026-06-09 18:34:18.184531+00,2026-06-09 18:34:18.288748+00,0.104217,35.268391,
e166a0ce-569f-4f6e-a2d4-5b6308de8ab6,numbered,77804,completed,sold,1,2026-06-09 18:33:43.032864+00,2026-06-09 18:34:18.188053+00,2026-06-09 18:34:18.293934+00,0.105881,35.261070,
148c1dd4-0ff0-450d-b110-73385b07f88f,numbered,62523,completed,sold,1,2026-06-09 18:33:42.982764+00,2026-06-09 18:34:18.229042+00,2026-06-09 18:34:18.334494+00,0.105452,35.351730,
e9501bbf-7b59-4a85-bd0d-8c5ea5388222,numbered,41047,completed,sold,1,2026-06-09 18:33:43.057965+00,2026-06-09 18:34:18.258987+00,2026-06-09 18:34:18.364332+00,0.105345,35.306367,
2f9cc7d0-ad62-4d41-a128-fda40d2732a6,numbered,67973,completed,sold,1,2026-06-09 18:33:43.045325+00,2026-06-09 18:34:18.26154+00,2026-06-09 18:34:18.367227+00,0.105687,35.321902,
4e5e8f63-3110-4454-a3ca-1a29c23d0d79,numbered,94384,completed,sold,1,2026-06-09 18:33:43.070307+00,2026-06-09 18:34:18.272328+00,2026-06-09 18:34:18.378142+00,0.105814,35.307835,
6c98719f-5833-488d-9d2f-7b35efc62c32,numbered,31485,completed,sold,1,2026-06-09 18:33:43.083174+00,2026-06-09 18:34:18.287796+00,2026-06-09 18:34:18.393738+00,0.105942,35.310564,
dff96d6d-c3ca-474b-b971-c2d20360bd5b,numbered,43107,completed,sold,1,2026-06-09 18:33:43.095179+00,2026-06-09 18:34:18.303152+00,2026-06-09 18:34:18.407424+00,0.104272,35.312245,
07f6eedd-42ac-433a-87de-aaeb7ec254c9,numbered,54515,completed,sold,1,2026-06-09 18:33:43.107822+00,2026-06-09 18:34:18.310017+00,2026-06-09 18:34:18.414869+00,0.104852,35.307047,
a0d2b2d0-c234-4c53-be29-6a6c8c2c4897,numbered,49635,completed,sold,1,2026-06-09 18:33:43.120225+00,2026-06-09 18:34:18.317411+00,2026-06-09 18:34:18.423668+00,0.106257,35.303443,
29cb3886-0d35-4a41-b8d6-3f58f366e1f2,numbered,52493,completed,sold,1,2026-06-09 18:33:43.132629+00,2026-06-09 18:34:18.357196+00,2026-06-09 18:34:18.462071+00,0.104875,35.329442,
b7585716-7388-4859-95e1-40ec089b7d22,numbered,18166,completed,sold,1,2026-06-09 18:33:43.145242+00,2026-06-09 18:34:18.393347+00,2026-06-09 18:34:18.499054+00,0.105707,35.353812,
184600b3-fda9-4efc-a58e-1d702d94cad4,numbered,29499,completed,sold,1,2026-06-09 18:33:43.157792+00,2026-06-09 18:34:18.397089+00,2026-06-09 18:34:18.502953+00,0.105864,35.345161,
bdca1098-623e-4cfe-848a-f62c65c8fa76,numbered,63915,completed,sold,1,2026-06-09 18:33:43.170197+00,2026-06-09 18:34:18.404158+00,2026-06-09 18:34:18.509931+00,0.105773,35.339734,
8e810d91-cc51-426c-aa54-e95c50afb63c,numbered,66403,completed,sold,1,2026-06-09 18:33:43.182848+00,2026-06-09 18:34:18.421238+00,2026-06-09 18:34:18.526963+00,0.105725,35.344115,
4e16763a-29b0-435b-b218-6115fd8f9f0e,numbered,9357,completed,sold,1,2026-06-09 18:33:43.207638+00,2026-06-09 18:34:18.437298+00,2026-06-09 18:34:18.541937+00,0.104639,35.334299,
8f37ea8e-384e-4df7-8097-4e8241304d36,numbered,43911,completed,sold,1,2026-06-09 18:33:43.19534+00,2026-06-09 18:34:18.436622+00,2026-06-09 18:34:18.542464+00,0.105842,35.347124,
a2e41665-1aa3-4d72-8662-01231c0e008b,numbered,83715,completed,sold,1,2026-06-09 18:33:43.220117+00,2026-06-09 18:34:18.448653+00,2026-06-09 18:34:18.554351+00,0.105698,35.334234,
383429ae-3acb-4a04-85a7-b432d87e6add,numbered,67876,completed,sold,1,2026-06-09 18:33:43.232676+00,2026-06-09 18:34:18.485304+00,2026-06-09 18:34:18.590718+00,0.105414,35.358042,
ca726a97-00ed-4abd-b915-5db803d01f0c,numbered,88899,completed,sold,1,2026-06-09 18:33:43.245166+00,2026-06-09 18:34:18.528759+00,2026-06-09 18:34:18.634865+00,0.106106,35.389699,
3769a48c-9cf0-477c-978c-581aca5cd202,numbered,4198,completed,sold,1,2026-06-09 18:33:43.257684+00,2026-06-09 18:34:18.531428+00,2026-06-09 18:34:18.637456+00,0.106028,35.379772,
4f6fc73a-ea9d-4ad8-b778-d63e7411eba7,numbered,5276,completed,sold,1,2026-06-09 18:33:43.270378+00,2026-06-09 18:34:18.539617+00,2026-06-09 18:34:18.646965+00,0.107348,35.376587,
504d9258-2a1e-4c8b-ac52-cfef79f93577,numbered,48260,completed,sold,1,2026-06-09 18:33:43.283319+00,2026-06-09 18:34:18.553095+00,2026-06-09 18:34:18.658535+00,0.105440,35.375216,
eb72b6eb-ff36-446a-89e2-304bd9dc09bb,numbered,85864,completed,sold,1,2026-06-09 18:33:43.295362+00,2026-06-09 18:34:18.568385+00,2026-06-09 18:34:18.672705+00,0.104320,35.377343,
40505b44-cdb0-4004-8437-5e3bed840832,numbered,63087,completed,sold,1,2026-06-09 18:33:43.307739+00,2026-06-09 18:34:18.571315+00,2026-06-09 18:34:18.676427+00,0.105112,35.368688,
12b87488-9cfd-4377-812d-c8808d34927c,numbered,56482,completed,sold,1,2026-06-09 18:33:43.320344+00,2026-06-09 18:34:18.576947+00,2026-06-09 18:34:18.68229+00,0.105343,35.361946,
7c33d63e-57b0-4a20-bee6-795a86730c9e,numbered,62818,completed,sold,1,2026-06-09 18:33:43.332774+00,2026-06-09 18:34:18.614095+00,2026-06-09 18:34:18.718852+00,0.104757,35.386078,
e83acf99-1a6f-48c4-966e-2422d691a25c,numbered,38824,completed,sold,1,2026-06-09 18:33:43.345209+00,2026-06-09 18:34:18.665741+00,2026-06-09 18:34:18.771978+00,0.106237,35.426769,
ade0a9f0-79d4-4dd4-8da0-381546c70db2,numbered,94974,completed,sold,1,2026-06-09 18:33:43.357797+00,2026-06-09 18:34:18.667762+00,2026-06-09 18:34:18.774308+00,0.106546,35.416511,
19bf3c0f-37ec-4192-831c-6797bce932d4,numbered,14310,completed,sold,1,2026-06-09 18:33:43.370209+00,2026-06-09 18:34:18.684276+00,2026-06-09 18:34:18.789512+00,0.105236,35.419303,
d9c5346e-b79e-4664-9eb9-2febe45b6dfd,numbered,98044,completed,sold,1,2026-06-09 18:33:43.382874+00,2026-06-09 18:34:18.690542+00,2026-06-09 18:34:18.7962+00,0.105658,35.413326,
87d055c9-0a0f-4f18-8ed3-969d84ac3a17,numbered,51721,completed,sold,1,2026-06-09 18:33:43.395319+00,2026-06-09 18:34:18.706718+00,2026-06-09 18:34:18.811223+00,0.104505,35.415904,
48dd9cfa-da8e-474d-b549-8970b8106837,numbered,65194,completed,sold,1,2026-06-09 18:33:43.407773+00,2026-06-09 18:34:18.70721+00,2026-06-09 18:34:18.81305+00,0.105840,35.405277,
24e907fa-3f50-45be-b0be-cae3b0d50f6e,numbered,82457,completed,sold,1,2026-06-09 18:33:43.420126+00,2026-06-09 18:34:18.708622+00,2026-06-09 18:34:18.814212+00,0.105590,35.394086,
50575e63-cdeb-42bd-a57a-9c21aad7680e,numbered,54112,completed,sold,1,2026-06-09 18:33:43.432847+00,2026-06-09 18:34:18.742089+00,2026-06-09 18:34:18.847873+00,0.105784,35.415026,
3417b76d-c5a2-47b5-9b22-1e368e28cb3f,numbered,2315,completed,sold,1,2026-06-09 18:33:43.44531+00,2026-06-09 18:34:18.80407+00,2026-06-09 18:34:18.909733+00,0.105663,35.464423,
1ebb0a51-acf0-4c5b-9adc-5c93d7fdace0,numbered,81431,completed,sold,1,2026-06-09 18:33:43.457739+00,2026-06-09 18:34:18.807106+00,2026-06-09 18:34:18.913068+00,0.105962,35.455329,
80f72cb5-2962-4302-89eb-f13a91e7a1bb,numbered,68001,completed,sold,1,2026-06-09 18:33:43.482794+00,2026-06-09 18:34:18.826597+00,2026-06-09 18:34:18.932603+00,0.106006,35.449809,
38ef517f-6097-4def-bd50-48cfec966fa4,numbered,61766,completed,sold,1,2026-06-09 18:33:43.470096+00,2026-06-09 18:34:18.829831+00,2026-06-09 18:34:18.93594+00,0.106109,35.465844,
2c79e73c-b2d7-42c3-a03e-a4aa86494aa1,numbered,95226,completed,sold,1,2026-06-09 18:33:43.495297+00,2026-06-09 18:34:18.845117+00,2026-06-09 18:34:18.949895+00,0.104778,35.454598,
56db2da0-e373-4ae2-a62f-c93bbc2b2a08,numbered,22436,completed,sold,1,2026-06-09 18:33:43.507758+00,2026-06-09 18:34:18.846235+00,2026-06-09 18:34:18.952228+00,0.105993,35.444470,
3e4601fd-2e90-4cd1-94c5-24e67a36c9b8,numbered,23790,completed,sold,1,2026-06-09 18:33:43.520258+00,2026-06-09 18:34:18.846877+00,2026-06-09 18:34:18.953056+00,0.106179,35.432798,
c08abc38-a7e1-4fba-88df-10c70f073765,numbered,14225,completed,sold,1,2026-06-09 18:33:43.532746+00,2026-06-09 18:34:18.872029+00,2026-06-09 18:34:18.977768+00,0.105739,35.445022,
92133d6c-a863-44ca-a5ba-b9e4694f9205,numbered,1110,completed,sold,1,2026-06-09 18:33:43.545247+00,2026-06-09 18:34:18.937542+00,2026-06-09 18:34:19.043149+00,0.105607,35.497902,
1f472cba-e9d7-4519-ae42-3381f757df94,numbered,13549,completed,sold,1,2026-06-09 18:33:43.557826+00,2026-06-09 18:34:18.9443+00,2026-06-09 18:34:19.051414+00,0.107114,35.493588,
18db5631-d9c4-4eb5-8f6b-d00610c0906c,numbered,25601,completed,sold,1,2026-06-09 18:33:43.57038+00,2026-06-09 18:34:18.961561+00,2026-06-09 18:34:19.066462+00,0.104901,35.496082,
d2c58b94-9419-4e6b-be29-177f8edb13be,numbered,88446,completed,sold,1,2026-06-09 18:33:43.583324+00,2026-06-09 18:34:18.969737+00,2026-06-09 18:34:19.077108+00,0.107371,35.493784,
9c883812-b54c-49c6-97c7-7a4587741830,numbered,51695,completed,sold,1,2026-06-09 18:33:43.59529+00,2026-06-09 18:34:18.97847+00,2026-06-09 18:34:19.083088+00,0.104618,35.487798,
a32bbb5c-a3f3-4589-bef6-82729c833b89,numbered,98924,completed,sold,1,2026-06-09 18:33:43.620055+00,2026-06-09 18:34:18.986905+00,2026-06-09 18:34:19.093594+00,0.106689,35.473539,
8f39d8fb-36d1-450c-b199-29201fefe0e3,numbered,47598,completed,sold,1,2026-06-09 18:33:43.607932+00,2026-06-09 18:34:18.98745+00,2026-06-09 18:34:19.093944+00,0.106494,35.486012,
69a336ed-a252-4db4-a710-0e219d99008f,numbered,92526,completed,sold,1,2026-06-09 18:33:43.632754+00,2026-06-09 18:34:19.006312+00,2026-06-09 18:34:19.111701+00,0.105389,35.478947,
aa7e1fdd-a1e8-47f2-bd73-4f1ab3b84ba9,numbered,68400,completed,sold,1,2026-06-09 18:33:43.645186+00,2026-06-09 18:34:19.070216+00,2026-06-09 18:34:19.175786+00,0.105570,35.530600,
06d6ad25-4ca6-4749-a07e-88ad635a53fa,numbered,33279,completed,sold,1,2026-06-09 18:33:43.657855+00,2026-06-09 18:34:19.079117+00,2026-06-09 18:34:19.185604+00,0.106487,35.527749,
22385f30-958a-4514-a2cb-af028b969877,numbered,67857,completed,sold,1,2026-06-09 18:33:43.670123+00,2026-06-09 18:34:19.097165+00,2026-06-09 18:34:19.202249+00,0.105084,35.532126,
59829a59-47c6-47ba-aea5-2130835f39d9,numbered,68593,completed,sold,1,2026-06-09 18:33:43.695324+00,2026-06-09 18:34:19.110522+00,2026-06-09 18:34:19.215421+00,0.104899,35.520097,
fae71d74-d8f0-4191-b0ea-1f54f2bcc011,numbered,77243,completed,sold,1,2026-06-09 18:33:43.683303+00,2026-06-09 18:34:19.109143+00,2026-06-09 18:34:19.216474+00,0.107331,35.533171,
6bbdadec-6e2b-4709-a66a-a3cc8411284b,numbered,95103,completed,sold,1,2026-06-09 18:33:43.707877+00,2026-06-09 18:34:19.122976+00,2026-06-09 18:34:19.228449+00,0.105473,35.520572,
b152886d-10e0-4115-8227-9c0812dce824,numbered,66838,completed,sold,1,2026-06-09 18:33:43.720247+00,2026-06-09 18:34:19.125567+00,2026-06-09 18:34:19.230826+00,0.105259,35.510579,
9add33f4-0972-4c56-b365-2ad8bdb39d84,numbered,24062,completed,sold,1,2026-06-09 18:33:43.732655+00,2026-06-09 18:34:19.135201+00,2026-06-09 18:34:19.241806+00,0.106605,35.509151,
425a8a4f-fa62-4542-a1c0-8c7480c5cc55,numbered,7926,completed,sold,1,2026-06-09 18:33:43.745094+00,2026-06-09 18:34:19.202488+00,2026-06-09 18:34:19.308391+00,0.105903,35.563297,
6f9aac61-397c-4ad3-938b-51d4469a9e8e,numbered,93042,completed,sold,1,2026-06-09 18:33:43.757751+00,2026-06-09 18:34:19.213446+00,2026-06-09 18:34:19.319233+00,0.105787,35.561482,
0151db61-f6a1-4531-982c-49826e233124,numbered,88474,completed,sold,1,2026-06-09 18:33:43.786371+00,2026-06-09 18:34:19.229898+00,2026-06-09 18:34:19.334703+00,0.104805,35.548332,
58be9083-dcda-4f05-b44f-60758254c230,numbered,81310,completed,sold,1,2026-06-09 18:33:43.815238+00,2026-06-09 18:34:19.240294+00,2026-06-09 18:34:19.344569+00,0.104275,35.529331,
badf6412-e9f8-4b58-8a7f-607a0f35804f,numbered,80457,completed,sold,1,2026-06-09 18:33:43.843813+00,2026-06-09 18:34:19.253751+00,2026-06-09 18:34:19.359288+00,0.105537,35.515475,
8032bc4b-0248-408a-b3aa-7b100722a540,numbered,56926,completed,sold,1,2026-06-09 18:33:43.900681+00,2026-06-09 18:34:19.258754+00,2026-06-09 18:34:19.366123+00,0.107369,35.465442,
5ab9249a-bffc-4edb-8e37-aa2e10142581,numbered,64463,completed,sold,1,2026-06-09 18:33:43.872067+00,2026-06-09 18:34:19.261067+00,2026-06-09 18:34:19.367213+00,0.106146,35.495146,
17df2a33-6362-4186-93a3-8f0cec11f6c4,numbered,33501,completed,sold,1,2026-06-09 18:33:43.929397+00,2026-06-09 18:34:19.266156+00,2026-06-09 18:34:19.371868+00,0.105712,35.442471,
e43b6208-1b90-46c2-ba0d-5c14f02d2e8e,numbered,13834,completed,sold,1,2026-06-09 18:33:43.957796+00,2026-06-09 18:34:19.335034+00,2026-06-09 18:34:19.440539+00,0.105505,35.482743,
1a84d531-10ae-4cdb-8de6-1f2bac040289,numbered,88029,completed,sold,1,2026-06-09 18:33:43.986315+00,2026-06-09 18:34:19.346978+00,2026-06-09 18:34:19.452843+00,0.105865,35.466528,
2289b66f-bc67-4f4b-a378-fa97febcdbd0,numbered,32091,completed,sold,1,2026-06-09 18:33:44.015286+00,2026-06-09 18:34:19.35746+00,2026-06-09 18:34:19.463148+00,0.105688,35.447862,
02a2e520-5d60-4d0b-b0b2-c884e0e4b393,numbered,40334,completed,sold,1,2026-06-09 18:33:44.043983+00,2026-06-09 18:34:19.368095+00,2026-06-09 18:34:19.472678+00,0.104583,35.428695,
d2dd02ee-01eb-4f21-a8be-901950381076,numbered,28924,completed,sold,1,2026-06-09 18:33:44.072234+00,2026-06-09 18:34:19.387883+00,2026-06-09 18:34:19.493926+00,0.106043,35.421692,
aa6009d2-d9c7-4d81-b450-e7b4b35620d9,numbered,63523,completed,sold,1,2026-06-09 18:33:44.100401+00,2026-06-09 18:34:19.397499+00,2026-06-09 18:34:19.503742+00,0.106243,35.403341,
456b4791-9200-48d3-a72f-05090657ea84,numbered,67079,completed,sold,1,2026-06-09 18:33:44.129276+00,2026-06-09 18:34:19.399477+00,2026-06-09 18:34:19.505502+00,0.106025,35.376226,
043635b7-6858-4688-8ba5-9ed56f5f97b1,numbered,15687,completed,sold,1,2026-06-09 18:33:44.158082+00,2026-06-09 18:34:19.400471+00,2026-06-09 18:34:19.507014+00,0.106543,35.348932,
f5dcab1e-fbd8-439b-af23-a6516648930b,numbered,68513,completed,sold,1,2026-06-09 18:33:44.186814+00,2026-06-09 18:34:19.467584+00,2026-06-09 18:34:19.572973+00,0.105389,35.386159,
96f067bf-7227-44ca-b888-b09b1f427625,numbered,73883,completed,sold,1,2026-06-09 18:33:44.215338+00,2026-06-09 18:34:19.482141+00,2026-06-09 18:34:19.587933+00,0.105792,35.372595,
1801d2ff-a515-4b78-a7c8-d5cd490bd2c4,numbered,21532,completed,sold,1,2026-06-09 18:33:44.243801+00,2026-06-09 18:34:19.4859+00,2026-06-09 18:34:19.590409+00,0.104509,35.346608,
b3f42886-31b6-4095-8c05-9ca3f4ce197d,numbered,15890,completed,sold,1,2026-06-09 18:33:44.272221+00,2026-06-09 18:34:19.495652+00,2026-06-09 18:34:19.600704+00,0.105052,35.328483,
0e0cec17-84db-4f65-b785-d8f8f841c90d,numbered,73524,completed,sold,1,2026-06-09 18:33:44.300571+00,2026-06-09 18:34:19.521906+00,2026-06-09 18:34:19.626419+00,0.104513,35.325848,
b9ac11a6-dfae-4dbe-a48b-6111c00a5a1f,numbered,99776,completed,sold,1,2026-06-09 18:33:44.329345+00,2026-06-09 18:34:19.533149+00,2026-06-09 18:34:19.638132+00,0.104983,35.308787,
b8ed3a56-2e94-4451-900b-b47dd8002220,numbered,55771,completed,sold,1,2026-06-09 18:33:44.35784+00,2026-06-09 18:34:19.533777+00,2026-06-09 18:34:19.638928+00,0.105151,35.281088,
de873404-5dd1-4b31-8066-3a67ab2ea5b3,numbered,4927,completed,sold,1,2026-06-09 18:33:44.386373+00,2026-06-09 18:34:19.53743+00,2026-06-09 18:34:19.645653+00,0.108223,35.259280,
448187f2-03f8-4a17-9a70-f4b2aa11b0a0,numbered,93463,completed,sold,1,2026-06-09 18:33:44.415405+00,2026-06-09 18:34:19.603027+00,2026-06-09 18:34:19.708509+00,0.105482,35.293104,
ecb5c270-cabb-4349-a3f9-777be980d9be,numbered,40305,completed,sold,1,2026-06-09 18:33:44.47229+00,2026-06-09 18:34:19.616262+00,2026-06-09 18:34:19.720641+00,0.104379,35.248351,
77b881c5-5424-4b01-a0ce-8d5b7b4aee70,numbered,93309,completed,sold,1,2026-06-09 18:33:44.50067+00,2026-06-09 18:34:19.62077+00,2026-06-09 18:34:19.725709+00,0.104939,35.225039,
57133274-5e55-44a9-a23d-db38d8a2daac,numbered,30946,completed,sold,1,2026-06-09 18:33:44.44381+00,2026-06-09 18:34:19.619729+00,2026-06-09 18:34:19.728102+00,0.108373,35.284292,
972a7940-b427-4ddd-9421-1662dd39c93c,numbered,58265,completed,sold,1,2026-06-09 18:33:44.529543+00,2026-06-09 18:34:19.656164+00,2026-06-09 18:34:19.761207+00,0.105043,35.231664,
619b1e40-5b8a-4408-9776-8cdeb6b4cc64,numbered,98205,completed,sold,1,2026-06-09 18:33:44.558375+00,2026-06-09 18:34:19.664235+00,2026-06-09 18:34:19.769746+00,0.105511,35.211371,
121a2e2d-1208-4fc4-ab5b-2e76b7bd4d7e,numbered,67920,completed,sold,1,2026-06-09 18:33:44.586306+00,2026-06-09 18:34:19.667836+00,2026-06-09 18:34:19.775682+00,0.107846,35.189376,
1d37049e-f922-4552-b6ea-3ffb7635b93d,numbered,29787,completed,sold,1,2026-06-09 18:33:44.614814+00,2026-06-09 18:34:19.671024+00,2026-06-09 18:34:19.77641+00,0.105386,35.161596,
71b55379-be95-4a28-90db-9585994c695d,numbered,83328,completed,sold,1,2026-06-09 18:33:44.64361+00,2026-06-09 18:34:19.738394+00,2026-06-09 18:34:19.843944+00,0.105550,35.200334,
44a90bdd-db84-4e6b-a2d9-cbc46197a89e,numbered,93512,completed,sold,1,2026-06-09 18:33:44.700675+00,2026-06-09 18:34:19.749744+00,2026-06-09 18:34:19.854439+00,0.104695,35.153764,
9c07e5d6-2570-4444-8684-1b6589d249d8,numbered,3516,completed,sold,1,2026-06-09 18:33:44.672268+00,2026-06-09 18:34:19.749463+00,2026-06-09 18:34:19.855203+00,0.105740,35.182935,
1457bb3e-b2e0-4b2b-9868-cbfb54327314,numbered,51070,completed,sold,1,2026-06-09 18:33:44.729225+00,2026-06-09 18:34:19.756541+00,2026-06-09 18:34:19.863417+00,0.106876,35.134192,
1fa3f804-d47d-4a6f-a0bc-9c4aa9404638,numbered,73979,completed,sold,1,2026-06-09 18:33:44.757629+00,2026-06-09 18:34:19.789345+00,2026-06-09 18:34:19.894952+00,0.105607,35.137323,
a01ab0f8-6d46-44da-bb39-81fef06d81f4,numbered,21001,completed,sold,1,2026-06-09 18:33:44.786303+00,2026-06-09 18:34:19.794009+00,2026-06-09 18:34:19.898455+00,0.104446,35.112152,
9abdebc4-ed3f-4b87-a52e-35a335bb6ac6,numbered,10677,completed,sold,1,2026-06-09 18:33:44.815262+00,2026-06-09 18:34:19.804429+00,2026-06-09 18:34:19.910158+00,0.105729,35.094896,
c4eb50f5-2b05-4cb9-81c4-f56b61f47d36,numbered,36878,completed,sold,1,2026-06-09 18:33:44.843729+00,2026-06-09 18:34:19.804819+00,2026-06-09 18:34:19.91016+00,0.105341,35.066431,
ef3d6e39-21a9-445c-9af3-052f28a696e9,numbered,41087,completed,sold,1,2026-06-09 18:33:44.87228+00,2026-06-09 18:34:19.87507+00,2026-06-09 18:34:19.980677+00,0.105607,35.108397,
d3a4e4ad-ae6f-4590-a410-780ccc74f85e,numbered,68810,completed,sold,1,2026-06-09 18:33:44.900654+00,2026-06-09 18:34:19.88011+00,2026-06-09 18:34:19.985357+00,0.105247,35.084703,
ab4785f0-b76f-4318-9a83-346748a49530,numbered,85933,completed,sold,1,2026-06-09 18:33:44.929223+00,2026-06-09 18:34:19.880866+00,2026-06-09 18:34:19.985983+00,0.105117,35.056760,
27689de1-9cca-4c67-98c1-35267f5180a0,numbered,80377,completed,sold,1,2026-06-09 18:33:44.957919+00,2026-06-09 18:34:19.891725+00,2026-06-09 18:34:19.997856+00,0.106131,35.039937,
a44f2f2f-66fc-4905-b716-45b6aca0e377,numbered,37928,completed,sold,1,2026-06-09 18:33:44.986232+00,2026-06-09 18:34:19.922759+00,2026-06-09 18:34:20.02856+00,0.105801,35.042328,
876cfae7-1dc8-4dc9-a96d-a9ca51de3989,numbered,69186,completed,sold,1,2026-06-09 18:33:45.015123+00,2026-06-09 18:34:19.925342+00,2026-06-09 18:34:20.030225+00,0.104883,35.015102,
e6d0df91-4b94-482f-abc2-cc7cd6f08aeb,numbered,15096,completed,sold,1,2026-06-09 18:33:45.043846+00,2026-06-09 18:34:19.940343+00,2026-06-09 18:34:20.046363+00,0.106020,35.002517,
fdfc5a64-d667-41b8-b190-376d330e7486,numbered,72545,completed,sold,1,2026-06-09 18:33:45.072056+00,2026-06-09 18:34:19.940343+00,2026-06-09 18:34:20.047144+00,0.106801,34.975088,
8388201d-d849-495f-8c62-16e86c636176,numbered,78010,completed,sold,1,2026-06-09 18:33:45.100757+00,2026-06-09 18:34:20.011679+00,2026-06-09 18:34:20.118196+00,0.106517,35.017439,
e51bb840-6a2b-4382-b860-ad0ee0db92f2,numbered,3087,completed,sold,1,2026-06-09 18:33:45.129159+00,2026-06-09 18:34:20.014013+00,2026-06-09 18:34:20.118437+00,0.104424,34.989278,
1b09f7e3-e5db-48c7-8a10-2cd2c38d8abc,numbered,31362,completed,sold,1,2026-06-09 18:33:45.157803+00,2026-06-09 18:34:20.015945+00,2026-06-09 18:34:20.120588+00,0.104643,34.962785,
7c92847b-a127-4fba-8613-92cd5a30fe98,numbered,99168,completed,sold,1,2026-06-09 18:33:45.186307+00,2026-06-09 18:34:20.036173+00,2026-06-09 18:34:20.142938+00,0.106765,34.956631,
98987749-72fd-4cc6-9ad8-0d10831f3ccc,numbered,52040,completed,sold,1,2026-06-09 18:33:45.243765+00,2026-06-09 18:34:20.059675+00,2026-06-09 18:34:20.165386+00,0.105711,34.921621,
1119c2c6-d2ad-48af-bb15-be949bf0c297,numbered,98063,completed,sold,1,2026-06-09 18:33:45.21524+00,2026-06-09 18:34:20.061778+00,2026-06-09 18:34:20.167455+00,0.105677,34.952215,
6d4159ab-9875-451a-b714-681d0355baf7,numbered,95847,completed,sold,1,2026-06-09 18:33:45.272008+00,2026-06-09 18:34:20.075866+00,2026-06-09 18:34:20.180753+00,0.104887,34.908745,
87d1f537-2cb1-4834-9cb9-acd7e05c24f1,numbered,7267,completed,sold,1,2026-06-09 18:33:45.300715+00,2026-06-09 18:34:20.076908+00,2026-06-09 18:34:20.182475+00,0.105567,34.881760,
1a811111-0029-4e13-b913-ea4cd30ebdf5,numbered,31458,completed,sold,1,2026-06-09 18:33:45.329383+00,2026-06-09 18:34:20.143861+00,2026-06-09 18:34:20.247999+00,0.104138,34.918616,
ed5fd57d-ad4d-4400-a714-41b789d8dfc5,numbered,69401,completed,sold,1,2026-06-09 18:33:45.386273+00,2026-06-09 18:34:20.151035+00,2026-06-09 18:34:20.256991+00,0.105956,34.870718,
652699c9-a2ab-413a-a7c6-e85c0a424da0,numbered,4155,completed,sold,1,2026-06-09 18:33:45.358034+00,2026-06-09 18:34:20.151575+00,2026-06-09 18:34:20.257804+00,0.106229,34.899770,
798b77eb-54ce-426d-b737-571bcb26227d,numbered,82716,completed,sold,1,2026-06-09 18:33:45.415093+00,2026-06-09 18:34:20.174852+00,2026-06-09 18:34:20.281236+00,0.106384,34.866143,
de6e29bf-426a-4791-81a8-ed1d08d9c935,numbered,54367,completed,sold,1,2026-06-09 18:33:45.443676+00,2026-06-09 18:34:20.195194+00,2026-06-09 18:34:20.300198+00,0.105004,34.856522,
e94ff074-ae51-4a49-a417-110c784b66c9,numbered,7017,completed,sold,1,2026-06-09 18:33:45.472114+00,2026-06-09 18:34:20.197752+00,2026-06-09 18:34:20.303158+00,0.105406,34.831044,
0267ae59-2b34-452d-ba50-7339332438ca,numbered,21762,completed,sold,1,2026-06-09 18:33:45.500587+00,2026-06-09 18:34:20.20934+00,2026-06-09 18:34:20.314961+00,0.105621,34.814374,
c3a85b28-01fb-4973-b036-f3e51ebde3ac,numbered,70498,completed,sold,1,2026-06-09 18:33:45.529039+00,2026-06-09 18:34:20.20934+00,2026-06-09 18:34:20.315206+00,0.105866,34.786167,
ccaaeec7-a5a9-42c9-b7b9-8cf9f5bd9829,numbered,44135,completed,sold,1,2026-06-09 18:33:45.557842+00,2026-06-09 18:34:20.270911+00,2026-06-09 18:34:20.374853+00,0.103942,34.817011,
38a76512-2059-4754-a057-3df907d473a3,numbered,3388,completed,sold,1,2026-06-09 18:33:45.586451+00,2026-06-09 18:34:20.283331+00,2026-06-09 18:34:20.38828+00,0.104949,34.801829,
47d58839-693f-4fe5-928a-ff3e9800a5e3,numbered,37795,completed,sold,1,2026-06-09 18:33:45.615107+00,2026-06-09 18:34:20.286769+00,2026-06-09 18:34:20.393559+00,0.106790,34.778452,
dcbeb905-505b-4645-9181-aef76f53b9c8,numbered,82333,completed,sold,1,2026-06-09 18:33:45.64332+00,2026-06-09 18:34:20.315991+00,2026-06-09 18:34:20.421553+00,0.105562,34.778233,
c2673794-4a4e-4d4f-82fb-c52de1c2c4bf,numbered,63134,completed,sold,1,2026-06-09 18:33:45.672076+00,2026-06-09 18:34:20.328676+00,2026-06-09 18:34:20.433578+00,0.104902,34.761502,
b78266a9-c5f8-4eb2-ab53-df87507ddeda,numbered,18951,completed,sold,1,2026-06-09 18:33:45.700885+00,2026-06-09 18:34:20.332825+00,2026-06-09 18:34:20.438986+00,0.106161,34.738101,
7d52ae12-d185-4d63-b57d-aedb1fc1fcf1,numbered,42579,completed,sold,1,2026-06-09 18:33:45.729218+00,2026-06-09 18:34:20.341919+00,2026-06-09 18:34:20.447534+00,0.105615,34.718316,
74eb6940-b789-458c-8b26-20c9ffad1019,numbered,38919,completed,sold,1,2026-06-09 18:33:45.757921+00,2026-06-09 18:34:20.344187+00,2026-06-09 18:34:20.449341+00,0.105154,34.691420,
d60d6366-ad7e-45eb-8dfd-95ca3829ac87,numbered,77442,completed,sold,1,2026-06-09 18:33:45.786236+00,2026-06-09 18:34:20.398082+00,2026-06-09 18:34:20.502232+00,0.104150,34.715996,
a8885a71-e936-436c-996b-aef667563f8b,numbered,64138,completed,sold,1,2026-06-09 18:33:45.815031+00,2026-06-09 18:34:20.413255+00,2026-06-09 18:34:20.518431+00,0.105176,34.703400,
f3f60af3-859b-4030-897c-9d609b49e139,numbered,43685,completed,sold,1,2026-06-09 18:33:45.843912+00,2026-06-09 18:34:20.418421+00,2026-06-09 18:34:20.524666+00,0.106245,34.680754,
03b3448e-7028-4943-bd1d-1528a7d1d385,numbered,51538,completed,sold,1,2026-06-09 18:33:45.872244+00,2026-06-09 18:34:20.461604+00,2026-06-09 18:34:20.567524+00,0.105920,34.695280,
4e297b51-3fc0-4f8f-b988-df55b58bcd00,numbered,8251,completed,sold,1,2026-06-09 18:33:45.900486+00,2026-06-09 18:34:20.46335+00,2026-06-09 18:34:20.568759+00,0.105409,34.668273,
07dfcbe9-a929-43ff-bd88-9186eadeb58f,numbered,95373,completed,sold,1,2026-06-09 18:33:45.929245+00,2026-06-09 18:34:20.47383+00,2026-06-09 18:34:20.580752+00,0.106922,34.651507,
fe2eb708-c8f8-4f8b-884b-4dcc85f051ef,numbered,52971,completed,sold,1,2026-06-09 18:33:45.957731+00,2026-06-09 18:34:20.474342+00,2026-06-09 18:34:20.581571+00,0.107229,34.623840,
3c584408-4436-46a0-9ed6-28d0703fb7a2,numbered,62566,completed,sold,1,2026-06-09 18:33:45.98637+00,2026-06-09 18:34:20.47627+00,2026-06-09 18:34:20.581814+00,0.105544,34.595444,
a88c8ddb-e12f-4466-92ac-492b018194f9,numbered,12360,completed,sold,1,2026-06-09 18:33:46.01488+00,2026-06-09 18:34:20.525504+00,2026-06-09 18:34:20.629811+00,0.104307,34.614931,
736c17f8-a20e-4579-bcf9-c34ef1ba0a78,numbered,22538,completed,sold,1,2026-06-09 18:33:46.043577+00,2026-06-09 18:34:20.541306+00,2026-06-09 18:34:20.646869+00,0.105563,34.603292,
635ab18b-6314-4171-9466-93a5c75d9ccd,numbered,54838,completed,sold,1,2026-06-09 18:33:46.072185+00,2026-06-09 18:34:20.549205+00,2026-06-09 18:34:20.655126+00,0.105921,34.582941,
9385da99-68d2-4379-8f86-aba7894f163d,numbered,46323,completed,sold,1,2026-06-09 18:33:46.18633+00,2026-06-09 18:34:20.61306+00,2026-06-09 18:34:20.721872+00,0.108812,34.535542,
5d71564e-cb41-4b14-b982-a5befe44ff60,numbered,58948,completed,sold,1,2026-06-09 18:33:46.100829+00,2026-06-09 18:34:20.613201+00,2026-06-09 18:34:20.72239+00,0.109189,34.621561,
37f803f7-aa7e-405c-b570-bd08563c43e9,numbered,18295,completed,sold,1,2026-06-09 18:33:46.129217+00,2026-06-09 18:34:20.615115+00,2026-06-09 18:34:20.722752+00,0.107637,34.593535,
390fc316-52b4-4eaf-8b99-3c64ac49cf5a,numbered,3725,completed,sold,1,2026-06-09 18:33:46.157862+00,2026-06-09 18:34:20.613719+00,2026-06-09 18:34:20.723133+00,0.109414,34.565271,
a41e9a3b-4207-45a7-aff1-279b5afc31ab,numbered,31901,completed,sold,1,2026-06-09 18:33:46.21513+00,2026-06-09 18:34:20.613891+00,2026-06-09 18:34:20.723675+00,0.109784,34.508545,
07882cdb-a9ee-4835-951a-2bdbff64315e,numbered,49776,completed,sold,1,2026-06-09 18:33:46.243689+00,2026-06-09 18:34:20.655811+00,2026-06-09 18:34:20.760465+00,0.104654,34.516776,
0247b68f-9365-423c-badc-82eb32c36d4d,numbered,21551,completed,sold,1,2026-06-09 18:33:46.272533+00,2026-06-09 18:34:20.670803+00,2026-06-09 18:34:20.776203+00,0.105400,34.503670,
346747bd-ba4f-43b6-980f-c80f0e8f98f4,numbered,36309,completed,sold,1,2026-06-09 18:33:46.300677+00,2026-06-09 18:34:20.679233+00,2026-06-09 18:34:20.785483+00,0.106250,34.484806,
b03e2b62-0075-49c1-aa4c-3883c0c588fb,numbered,16784,completed,sold,1,2026-06-09 18:33:46.357945+00,2026-06-09 18:34:20.755789+00,2026-06-09 18:34:20.860985+00,0.105196,34.503040,
1aa278a9-5360-4915-9c24-39a8b61a43b3,numbered,31569,completed,sold,1,2026-06-09 18:33:46.386405+00,2026-06-09 18:34:20.757974+00,2026-06-09 18:34:20.866404+00,0.108430,34.479999,
4ea66e8d-157d-45b8-8c27-115e5d4097fd,numbered,43166,completed,sold,1,2026-06-09 18:33:46.329214+00,2026-06-09 18:34:20.75868+00,2026-06-09 18:34:20.866598+00,0.107918,34.537384,
90e38767-62dc-43c1-bbd3-aa846620e768,numbered,88922,completed,sold,1,2026-06-09 18:33:46.41478+00,2026-06-09 18:34:20.761008+00,2026-06-09 18:34:20.867421+00,0.106413,34.452641,
e9e0feb5-874c-4d65-916d-5dd5c2cdd686,numbered,6554,completed,sold,1,2026-06-09 18:33:46.444201+00,2026-06-09 18:34:20.762835+00,2026-06-09 18:34:20.869473+00,0.106638,34.425272,
6b0f26a5-86df-4493-88db-fc3378c64c56,numbered,66171,completed,sold,1,2026-06-09 18:33:46.472091+00,2026-06-09 18:34:20.783322+00,2026-06-09 18:34:20.888236+00,0.104914,34.416145,
7ac5d5ac-055b-4def-b7a2-3680a1d73465,numbered,82412,completed,sold,1,2026-06-09 18:33:46.500708+00,2026-06-09 18:34:20.799635+00,2026-06-09 18:34:20.905351+00,0.105716,34.404643,
d8b6b509-9e9b-4f0e-894e-b2660c7aa0dc,numbered,2643,completed,sold,1,2026-06-09 18:33:46.529041+00,2026-06-09 18:34:20.810831+00,2026-06-09 18:34:20.917106+00,0.106275,34.388065,
a6e48eee-20e6-449d-a581-03e547fda101,numbered,43246,completed,sold,1,2026-06-09 18:33:46.557808+00,2026-06-09 18:34:20.889302+00,2026-06-09 18:34:20.99393+00,0.104628,34.436122,
bdef3e13-8ede-410d-a29e-4bd8612da201,numbered,72959,completed,sold,1,2026-06-09 18:33:46.672003+00,2026-06-09 18:34:20.906202+00,2026-06-09 18:34:21.012071+00,0.105869,34.340068,
84c201df-9900-4a65-977c-356d79e280b4,numbered,79849,completed,sold,1,2026-06-09 18:33:46.586237+00,2026-06-09 18:34:20.91203+00,2026-06-09 18:34:21.018476+00,0.106446,34.432239,
cb8737f1-eb65-45b2-9ad7-50bbbe94c1c4,numbered,98218,completed,sold,1,2026-06-09 18:33:46.700562+00,2026-06-09 18:34:20.919763+00,2026-06-09 18:34:21.024357+00,0.104594,34.323795,
2e3b9d1c-85f3-458b-83f7-d7aba9804fdf,numbered,15211,completed,sold,1,2026-06-09 18:33:46.615021+00,2026-06-09 18:34:20.914294+00,2026-06-09 18:34:21.024371+00,0.110077,34.409350,
0fb6b1d8-b9fe-4cf7-9169-228ff6ad5dba,numbered,8485,completed,sold,1,2026-06-09 18:33:46.64385+00,2026-06-09 18:34:20.918069+00,2026-06-09 18:34:21.025406+00,0.107337,34.381556,
81774871-ba42-46f3-bf68-fd805d115091,numbered,94528,completed,sold,1,2026-06-09 18:33:46.72903+00,2026-06-09 18:34:20.931689+00,2026-06-09 18:34:21.047627+00,0.115938,34.318597,
bd5047d3-b7a7-4d73-ba71-37825e8dd8f7,numbered,47965,completed,sold,1,2026-06-09 18:33:46.757691+00,2026-06-09 18:34:20.941438+00,2026-06-09 18:34:21.048034+00,0.106596,34.290343,
2b172d6b-18fb-4742-9a71-e167552931e3,numbered,70443,completed,sold,1,2026-06-09 18:33:46.786227+00,2026-06-09 18:34:21.017727+00,2026-06-09 18:34:21.122184+00,0.104457,34.335957,
076bd00e-47fc-4dd8-bdf9-ebaf5cc8fc6e,numbered,61048,completed,sold,1,2026-06-09 18:33:46.87212+00,2026-06-09 18:34:21.065098+00,2026-06-09 18:34:21.169822+00,0.104724,34.297702,
c32bd634-7ab5-4611-a701-a4546c690772,numbered,37295,completed,sold,1,2026-06-09 18:33:46.900502+00,2026-06-09 18:34:21.06343+00,2026-06-09 18:34:21.170423+00,0.106993,34.269921,
26562d2b-88b7-4416-99f2-e0840e716172,numbered,97217,completed,sold,1,2026-06-09 18:33:46.814972+00,2026-06-09 18:34:21.06922+00,2026-06-09 18:34:21.180312+00,0.111092,34.365340,
0ffdbc81-515d-4fc7-b6f8-a36d5aaad03a,numbered,25996,completed,sold,1,2026-06-09 18:33:46.843756+00,2026-06-09 18:34:21.072456+00,2026-06-09 18:34:21.180851+00,0.108395,34.337095,
d53fbc4d-4d15-496a-8900-d131158b6ce7,numbered,65209,completed,sold,1,2026-06-09 18:33:46.929179+00,2026-06-09 18:34:21.073523+00,2026-06-09 18:34:21.181396+00,0.107873,34.252217,
b3db9bbd-37af-4f74-843d-a843056e1034,numbered,16049,completed,sold,1,2026-06-09 18:33:46.957884+00,2026-06-09 18:34:21.080866+00,2026-06-09 18:34:21.192072+00,0.111206,34.234188,
d1d94812-639b-42ee-81cf-a730bd931f24,numbered,28577,completed,sold,1,2026-06-09 18:33:46.986522+00,2026-06-09 18:34:21.084097+00,2026-06-09 18:34:21.194349+00,0.110252,34.207827,
d5be61c5-78bf-41a7-9184-911d9980df6b,numbered,44251,completed,sold,1,2026-06-09 18:33:47.015199+00,2026-06-09 18:34:21.14362+00,2026-06-09 18:34:21.248386+00,0.104766,34.233187,
df61893e-c37b-4ff9-bffb-d1c2236d769d,numbered,62204,completed,sold,1,2026-06-09 18:33:47.072184+00,2026-06-09 18:34:21.210764+00,2026-06-09 18:34:21.316553+00,0.105789,34.244369,
b3a770b9-2ac1-41d7-a13c-01307c8a47ca,numbered,97622,completed,sold,1,2026-06-09 18:33:47.043436+00,2026-06-09 18:34:21.213657+00,2026-06-09 18:34:21.318549+00,0.104892,34.275113,
3c2583f8-90e2-44d1-95cf-0aad66b13c40,numbered,29326,completed,sold,1,2026-06-09 18:33:47.129227+00,2026-06-09 18:34:21.21677+00,2026-06-09 18:34:21.324758+00,0.107988,34.195531,
97bb9640-a8db-4844-bbe5-f49647cb81e2,numbered,97165,completed,sold,1,2026-06-09 18:33:47.100619+00,2026-06-09 18:34:21.219587+00,2026-06-09 18:34:21.326808+00,0.107221,34.226189,
1c5f2f33-25ce-4761-ab05-8aa1f5c45db7,numbered,95133,completed,sold,1,2026-06-09 18:33:47.215211+00,2026-06-09 18:34:21.227303+00,2026-06-09 18:34:21.335327+00,0.108024,34.120116,
46e5371f-5196-4fb3-81ea-4a4ce6f9e38b,numbered,68516,completed,sold,1,2026-06-09 18:33:47.158446+00,2026-06-09 18:34:21.22343+00,2026-06-09 18:34:21.336443+00,0.113013,34.177997,
9236ce16-c653-4682-93ff-8c615039c383,numbered,74457,completed,sold,1,2026-06-09 18:33:47.186396+00,2026-06-09 18:34:21.229115+00,2026-06-09 18:34:21.348235+00,0.119120,34.161839,
e3f73d25-b3d2-4957-84bd-d1b917d67b81,numbered,23629,completed,sold,1,2026-06-09 18:33:47.24388+00,2026-06-09 18:34:21.270298+00,2026-06-09 18:34:21.375148+00,0.104850,34.131268,
4f093172-7df2-4998-9afe-228f8910acfc,numbered,7668,completed,sold,1,2026-06-09 18:33:47.300606+00,2026-06-09 18:34:21.347509+00,2026-06-09 18:34:21.451617+00,0.104108,34.151011,
efa7ad08-2fcc-4e80-ba83-a42bac5f7d25,numbered,73965,completed,sold,1,2026-06-09 18:33:47.35779+00,2026-06-09 18:34:21.368827+00,2026-06-09 18:34:21.474488+00,0.105661,34.116698,
ba9384cf-931c-41d9-acf6-0ad311a10bd3,numbered,70259,completed,sold,1,2026-06-09 18:33:47.329153+00,2026-06-09 18:34:21.367824+00,2026-06-09 18:34:21.475518+00,0.107694,34.146365,
5351a79a-6a87-497b-a415-f7b3a4a34a85,numbered,24978,completed,sold,1,2026-06-09 18:33:47.386266+00,2026-06-09 18:34:21.371049+00,2026-06-09 18:34:21.477905+00,0.106856,34.091639,
afa7b304-5b2e-401f-8e66-35d2037bf064,numbered,14631,completed,sold,1,2026-06-09 18:33:47.272165+00,2026-06-09 18:34:21.371838+00,2026-06-09 18:34:21.47845+00,0.106612,34.206285,
f6aa6861-a472-4601-8f40-e907ae655d3b,numbered,37163,completed,sold,1,2026-06-09 18:33:47.414844+00,2026-06-09 18:34:21.375329+00,2026-06-09 18:34:21.48271+00,0.107381,34.067866,
a838d1ff-649d-4c2f-96dc-97117cad14af,numbered,15074,completed,sold,1,2026-06-09 18:33:47.443614+00,2026-06-09 18:34:21.380611+00,2026-06-09 18:34:21.486535+00,0.105924,34.042921,
39093aaf-4b2d-4041-85f8-0f4163042a01,numbered,31247,completed,sold,1,2026-06-09 18:33:47.472165+00,2026-06-09 18:34:21.397514+00,2026-06-09 18:34:21.505132+00,0.107618,34.032967,
e5dfc939-f012-4cd5-957e-2d6f8f3649a4,numbered,61070,completed,sold,1,2026-06-09 18:33:47.500677+00,2026-06-09 18:34:21.471797+00,2026-06-09 18:34:21.577716+00,0.105919,34.077039,
b48ba6f0-4331-4ead-8ed3-faa5301cbbfb,numbered,84622,completed,sold,1,2026-06-09 18:33:47.557766+00,2026-06-09 18:34:21.513484+00,2026-06-09 18:34:21.619339+00,0.105855,34.061573,
ee233618-d67d-457b-b5b6-86b2b6334512,numbered,98115,completed,sold,1,2026-06-09 18:33:47.529029+00,2026-06-09 18:34:21.515597+00,2026-06-09 18:34:21.620592+00,0.104995,34.091563,
602970f9-8522-4fb7-a71b-2ba0c5f1501d,numbered,95109,completed,sold,1,2026-06-09 18:33:47.643696+00,2026-06-09 18:34:21.524861+00,2026-06-09 18:34:21.631873+00,0.107012,33.988177,
249d88ae-d6df-4556-8b28-c602601498df,numbered,36679,completed,sold,1,2026-06-09 18:33:47.586194+00,2026-06-09 18:34:21.523526+00,2026-06-09 18:34:21.632377+00,0.108851,34.046183,
8d22852c-de4c-4ee5-a130-2fc7d6fb2411,numbered,7463,completed,sold,1,2026-06-09 18:33:47.61485+00,2026-06-09 18:34:21.525642+00,2026-06-09 18:34:21.635942+00,0.110300,34.021092,
81950d78-0b19-470c-b9af-bcb123a16e13,numbered,36313,completed,sold,1,2026-06-09 18:33:47.672261+00,2026-06-09 18:34:21.53077+00,2026-06-09 18:34:21.636436+00,0.105666,33.964175,
c47121d7-b539-40e8-9a78-7c9b62d63c2a,numbered,47732,completed,sold,1,2026-06-09 18:33:47.700568+00,2026-06-09 18:34:21.533868+00,2026-06-09 18:34:21.638893+00,0.105025,33.938325,
d6767057-8c32-40d8-989a-7a6cc79ea80d,numbered,86160,completed,sold,1,2026-06-09 18:33:47.729325+00,2026-06-09 18:34:21.5971+00,2026-06-09 18:34:21.701289+00,0.104189,33.971964,
afd50f0b-3dae-43fb-8d4d-d28be092f439,numbered,51126,completed,seat_unavailable,1,2026-06-09 18:33:47.929056+00,2026-06-09 18:34:21.675942+00,2026-06-09 18:34:21.779927+00,0.103985,33.850871,
27dd51fe-6342-4593-b368-026afba049e0,numbered,35878,completed,sold,1,2026-06-09 18:33:47.757719+00,2026-06-09 18:34:21.673789+00,2026-06-09 18:34:21.78409+00,0.110301,34.026371,
27c3b86a-867c-46a0-890a-dbb724619901,numbered,65815,completed,sold,1,2026-06-09 18:33:47.84367+00,2026-06-09 18:34:21.676659+00,2026-06-09 18:34:21.784929+00,0.108270,33.941259,
2a0b160b-db80-4e59-a664-b3342d4e1add,numbered,24020,completed,sold,1,2026-06-09 18:33:47.900568+00,2026-06-09 18:34:21.674532+00,2026-06-09 18:34:21.784951+00,0.110419,33.884383,
1652b56a-f9fe-4656-9cc5-ddae79d2ecf9,numbered,5559,completed,sold,1,2026-06-09 18:33:47.7862+00,2026-06-09 18:34:21.676163+00,2026-06-09 18:34:21.785483+00,0.109320,33.999283,
92ad445f-08af-416a-8625-9cdbcf4621d3,numbered,34485,completed,sold,1,2026-06-09 18:33:47.872123+00,2026-06-09 18:34:21.671765+00,2026-06-09 18:34:21.785608+00,0.113843,33.913485,
0d5de7ca-1d84-411e-afd6-919445bfd53e,numbered,61712,completed,sold,1,2026-06-09 18:33:47.815168+00,2026-06-09 18:34:21.67712+00,2026-06-09 18:34:21.786+00,0.108880,33.970832,
2c5d747f-673e-419d-aa50-bdd3abe831d6,numbered,72514,completed,sold,1,2026-06-09 18:33:47.957856+00,2026-06-09 18:34:21.720437+00,2026-06-09 18:34:21.825376+00,0.104939,33.867520,
fd2e5b59-d24d-4c29-b216-ddd56b2b0b78,numbered,85792,completed,sold,1,2026-06-09 18:33:48.129358+00,2026-06-09 18:34:21.831513+00,2026-06-09 18:34:21.936157+00,0.104644,33.806799,
70b0b78a-0dc1-49d2-a45d-641a4f8318fe,numbered,94602,completed,sold,1,2026-06-09 18:33:48.072179+00,2026-06-09 18:34:21.834878+00,2026-06-09 18:34:21.941522+00,0.106644,33.869343,
6060d371-513d-44d3-832d-d5871b1b47c0,numbered,39495,completed,sold,1,2026-06-09 18:33:48.043352+00,2026-06-09 18:34:21.839968+00,2026-06-09 18:34:21.947288+00,0.107320,33.903936,
2f312f03-cda3-45bf-abaa-21db9abe2b8d,numbered,78302,completed,sold,1,2026-06-09 18:33:48.015175+00,2026-06-09 18:34:21.83795+00,2026-06-09 18:34:21.94984+00,0.111890,33.934665,
4e380e37-f882-4362-b10b-c5ceb5d6a6a6,numbered,25977,completed,sold,1,2026-06-09 18:33:48.100659+00,2026-06-09 18:34:21.835702+00,2026-06-09 18:34:21.95277+00,0.117068,33.852111,
36a74141-e4f0-4b2e-be26-39ae0adb3f00,numbered,52119,completed,sold,1,2026-06-09 18:33:48.186242+00,2026-06-09 18:34:21.849963+00,2026-06-09 18:34:21.955356+00,0.105393,33.769114,
f0b15e64-7aa1-4b38-8005-6ed16529f6f9,numbered,28778,completed,sold,1,2026-06-09 18:33:47.986479+00,2026-06-09 18:34:21.83795+00,2026-06-09 18:34:21.956002+00,0.118052,33.969523,
0f9128dd-7ebf-45c7-8e23-8426c2c88de9,numbered,33187,completed,sold,1,2026-06-09 18:33:48.157972+00,2026-06-09 18:34:21.842424+00,2026-06-09 18:34:21.966489+00,0.124065,33.808517,
23e63290-0294-43bc-a9eb-5f4fb2340ab3,numbered,66755,completed,sold,1,2026-06-09 18:33:48.215207+00,2026-06-09 18:34:21.975725+00,2026-06-09 18:34:22.080567+00,0.104842,33.865360,
1af66b73-d928-4aa2-8b9a-f203edd9575a,numbered,18291,completed,sold,1,2026-06-09 18:33:48.243896+00,2026-06-09 18:34:21.998964+00,2026-06-09 18:34:22.109642+00,0.110678,33.865746,
05130d87-a88d-4d27-9a87-1a0234352e52,numbered,75376,completed,sold,1,2026-06-09 18:33:48.414795+00,2026-06-09 18:34:22.002374+00,2026-06-09 18:34:22.110544+00,0.108170,33.695749,
bcb783ec-6951-4a8f-b31e-e5e8214ebd33,numbered,81377,completed,sold,1,2026-06-09 18:33:48.357753+00,2026-06-09 18:34:21.998964+00,2026-06-09 18:34:22.11108+00,0.112116,33.753327,
f6597ab2-0d39-4aa9-8197-204c6fed88e1,numbered,32331,completed,sold,1,2026-06-09 18:33:48.329239+00,2026-06-09 18:34:22.004681+00,2026-06-09 18:34:22.111597+00,0.106916,33.782358,
e6048883-8b2a-493e-bbb3-98e1debcd44f,numbered,3741,completed,sold,1,2026-06-09 18:33:48.272193+00,2026-06-09 18:34:21.99971+00,2026-06-09 18:34:22.112703+00,0.112993,33.840510,
2b88243e-9d84-4056-b616-739ed51cdb06,numbered,23154,completed,sold,1,2026-06-09 18:33:48.386336+00,2026-06-09 18:34:22.004066+00,2026-06-09 18:34:22.113237+00,0.109171,33.726901,
df332bf3-a76c-4833-9ddd-f9e682fd8a49,numbered,8483,completed,sold,1,2026-06-09 18:33:48.300784+00,2026-06-09 18:34:22.00352+00,2026-06-09 18:34:22.126196+00,0.122676,33.825412,
1db08cb8-3b49-44b2-b52d-c13ae437f5da,numbered,36563,completed,sold,1,2026-06-09 18:33:48.443725+00,2026-06-09 18:34:22.110522+00,2026-06-09 18:34:22.215303+00,0.104781,33.771578,
418d21ad-1cc1-4280-8a06-b871c1934046,numbered,54337,completed,sold,1,2026-06-09 18:33:48.529301+00,2026-06-09 18:34:22.155992+00,2026-06-09 18:34:22.264931+00,0.108939,33.735630,
cfdc51f9-9189-46c9-9794-18d9c913ab1a,numbered,69510,completed,sold,1,2026-06-09 18:33:48.500693+00,2026-06-09 18:34:22.15496+00,2026-06-09 18:34:22.265451+00,0.110491,33.764758,
f98cf278-b952-4131-a933-6293a1119e48,numbered,61114,completed,sold,1,2026-06-09 18:33:48.615216+00,2026-06-09 18:34:22.157812+00,2026-06-09 18:34:22.26595+00,0.108138,33.650734,
d60c59f7-1b19-4562-9bde-0a17e6fbed3e,numbered,4236,completed,sold,1,2026-06-09 18:33:48.472144+00,2026-06-09 18:34:22.157416+00,2026-06-09 18:34:22.266332+00,0.108916,33.794188,
e0768004-8424-42b4-b131-587331e67537,numbered,12066,completed,sold,1,2026-06-09 18:33:48.586756+00,2026-06-09 18:34:22.156754+00,2026-06-09 18:34:22.266868+00,0.110114,33.680112,
9a9c1064-a509-42a8-9336-5ff99f805452,numbered,90328,completed,sold,1,2026-06-09 18:33:48.557683+00,2026-06-09 18:34:22.155046+00,2026-06-09 18:34:22.267413+00,0.112367,33.709730,
a5bce749-fb72-4ab8-ac4f-7b493ea31350,numbered,22692,completed,sold,1,2026-06-09 18:33:48.643748+00,2026-06-09 18:34:22.164452+00,2026-06-09 18:34:22.285662+00,0.121210,33.641914,
e4960ed8-4288-42d7-b082-ca2c7c60702b,numbered,14930,completed,sold,1,2026-06-09 18:33:48.671996+00,2026-06-09 18:34:22.237194+00,2026-06-09 18:34:22.341628+00,0.104434,33.669632,
7a639438-d3ea-42d3-b679-f91426135985,numbered,25687,completed,sold,1,2026-06-09 18:33:48.729277+00,2026-06-09 18:34:22.304863+00,2026-06-09 18:34:22.409642+00,0.104779,33.680365,
23d10802-848c-499a-a054-0787894931b2,numbered,93736,completed,sold,1,2026-06-09 18:33:48.700706+00,2026-06-09 18:34:22.304185+00,2026-06-09 18:34:22.410258+00,0.106073,33.709552,
84c806ad-b53f-41cb-a745-a0c6be1eb46c,numbered,25247,completed,sold,1,2026-06-09 18:33:48.757924+00,2026-06-09 18:34:22.303061+00,2026-06-09 18:34:22.410519+00,0.107458,33.652595,
7ffab5a7-a877-4128-9fc2-00a3bb57df30,numbered,43973,completed,sold,1,2026-06-09 18:33:48.815105+00,2026-06-09 18:34:22.309933+00,2026-06-09 18:34:22.41913+00,0.109197,33.604025,
12f6a467-8bfd-4388-a1c3-eb022f20de54,numbered,49788,completed,sold,1,2026-06-09 18:33:48.786271+00,2026-06-09 18:34:22.310075+00,2026-06-09 18:34:22.419906+00,0.109831,33.633635,
b5d141a4-5623-4af9-9732-ac90f30f63d6,numbered,76335,completed,sold,1,2026-06-09 18:33:48.872183+00,2026-06-09 18:34:22.326033+00,2026-06-09 18:34:22.435052+00,0.109019,33.562869,
f9478624-163a-4237-af55-7c5bfc7c7a78,numbered,46649,completed,sold,1,2026-06-09 18:33:48.843637+00,2026-06-09 18:34:22.312174+00,2026-06-09 18:34:22.435672+00,0.123498,33.592035,
b36597ec-83c3-40c5-9983-f3533d89001b,numbered,99634,completed,sold,1,2026-06-09 18:33:48.900527+00,2026-06-09 18:34:22.362676+00,2026-06-09 18:34:22.467677+00,0.105001,33.567150,
ecbbfda4-b693-475d-87ca-b16779c90fb3,numbered,14377,completed,sold,1,2026-06-09 18:33:48.929892+00,2026-06-09 18:34:22.450085+00,2026-06-09 18:34:22.555277+00,0.105192,33.625385,
29fadb67-7787-4576-8493-e6cc7b7fe4a6,numbered,74868,completed,sold,1,2026-06-09 18:33:48.957786+00,2026-06-09 18:34:22.450767+00,2026-06-09 18:34:22.556734+00,0.105967,33.598948,
0cf52bbc-2953-448c-bfe0-6497c3399166,numbered,23601,completed,sold,1,2026-06-09 18:33:48.986472+00,2026-06-09 18:34:22.451441+00,2026-06-09 18:34:22.557873+00,0.106432,33.571401,
15f72539-76cd-4a9d-9878-9663bc8bcfd0,numbered,47152,completed,sold,1,2026-06-09 18:33:49.015369+00,2026-06-09 18:34:22.458045+00,2026-06-09 18:34:22.565277+00,0.107232,33.549908,
83c97b88-8439-482d-b177-20805e9f1f34,numbered,81106,completed,sold,1,2026-06-09 18:33:49.043765+00,2026-06-09 18:34:22.458045+00,2026-06-09 18:34:22.566406+00,0.108361,33.522641,
fa7330fa-5214-4704-88d5-7ee319a08196,numbered,97891,completed,sold,1,2026-06-09 18:33:49.100669+00,2026-06-09 18:34:22.471567+00,2026-06-09 18:34:22.579057+00,0.107490,33.478388,
939ee6dd-1c83-4871-88b9-bba26d8ae7f3,numbered,75916,completed,sold,1,2026-06-09 18:33:49.072284+00,2026-06-09 18:34:22.47243+00,2026-06-09 18:34:22.580014+00,0.107584,33.507730,
9c279d99-7988-4a62-bc12-1bedbc71a4e0,numbered,77177,completed,sold,1,2026-06-09 18:33:49.129304+00,2026-06-09 18:34:22.489241+00,2026-06-09 18:34:22.596671+00,0.107430,33.467367,
1e5e00db-be88-4e8e-96a7-4320b6ddd101,numbered,16323,completed,sold,1,2026-06-09 18:33:49.158018+00,2026-06-09 18:34:22.595007+00,2026-06-09 18:34:22.698935+00,0.103928,33.540917,
55020b85-cb73-41ed-ac3d-2f43e6189409,numbered,49960,completed,sold,1,2026-06-09 18:33:49.215315+00,2026-06-09 18:34:22.608181+00,2026-06-09 18:34:22.716578+00,0.108397,33.501263,
e83344a9-b88c-48b0-a369-cb6d6cdb0b66,numbered,38299,completed,sold,1,2026-06-09 18:33:49.186228+00,2026-06-09 18:34:22.614586+00,2026-06-09 18:34:22.723488+00,0.108902,33.537260,
8185fd8b-8389-4544-afd5-b50f1356c074,numbered,37809,completed,sold,1,2026-06-09 18:33:49.329076+00,2026-06-09 18:34:22.616826+00,2026-06-09 18:34:22.723982+00,0.107156,33.394906,
f238836c-be81-4dc4-b803-3d2949d6832f,numbered,85623,completed,sold,1,2026-06-09 18:33:49.272244+00,2026-06-09 18:34:22.611748+00,2026-06-09 18:34:22.723982+00,0.112234,33.451738,
c15a6d52-6d27-42b3-a2eb-f9c1a9789f23,numbered,99572,completed,sold,1,2026-06-09 18:33:49.300764+00,2026-06-09 18:34:22.616791+00,2026-06-09 18:34:22.724272+00,0.107481,33.423508,
ed4c78e3-a6fc-4a5c-893d-adc55d4c7f65,numbered,86522,completed,sold,1,2026-06-09 18:33:49.243873+00,2026-06-09 18:34:22.611056+00,2026-06-09 18:34:22.724774+00,0.113718,33.480901,
6a27299c-8029-4b93-a599-c06a9d8449eb,numbered,49210,completed,sold,1,2026-06-09 18:33:49.357881+00,2026-06-09 18:34:22.630018+00,2026-06-09 18:34:22.737581+00,0.107563,33.379700,
4ff4df32-6b7b-4013-987b-0bc196997a5f,numbered,92193,completed,sold,1,2026-06-09 18:33:49.386339+00,2026-06-09 18:34:22.724898+00,2026-06-09 18:34:22.829061+00,0.104163,33.442722,
72e8a2ed-6519-42ac-a653-fe20719fb7e8,numbered,69246,completed,sold,1,2026-06-09 18:33:49.586191+00,2026-06-09 18:34:22.769603+00,2026-06-09 18:34:22.877953+00,0.108350,33.291762,
36a630e7-df21-4b3d-82f9-1c31cb87df1a,numbered,69216,completed,sold,1,2026-06-09 18:33:49.472097+00,2026-06-09 18:34:22.771066+00,2026-06-09 18:34:22.881452+00,0.110386,33.409355,
d041b6e6-ca87-43e6-95a5-f4bb8d05d7c4,numbered,84862,completed,sold,1,2026-06-09 18:33:49.529333+00,2026-06-09 18:34:22.770359+00,2026-06-09 18:34:22.881983+00,0.111624,33.352650,
e6aca482-8fb0-4e38-b824-b4e7a3467842,numbered,24755,completed,sold,1,2026-06-09 18:33:49.50065+00,2026-06-09 18:34:22.775135+00,2026-06-09 18:34:22.882357+00,0.107222,33.381707,
d8038688-548c-46dc-9cec-cad84d3445eb,numbered,78140,completed,sold,1,2026-06-09 18:33:49.415289+00,2026-06-09 18:34:22.771776+00,2026-06-09 18:34:22.882637+00,0.110861,33.467348,
1858655a-6194-47a3-aa1f-b84c2e5059c9,numbered,96234,completed,sold,1,2026-06-09 18:33:49.443719+00,2026-06-09 18:34:22.776055+00,2026-06-09 18:34:22.88339+00,0.107335,33.439671,
991a3bdf-d4eb-4630-84c4-196547560d94,numbered,67350,completed,sold,1,2026-06-09 18:33:49.557777+00,2026-06-09 18:34:22.777369+00,2026-06-09 18:34:22.88553+00,0.108161,33.327753,
43d766c3-3768-4586-8b12-37b7be963ed1,numbered,68252,completed,sold,1,2026-06-09 18:33:49.615126+00,2026-06-09 18:34:22.849227+00,2026-06-09 18:34:22.95327+00,0.104043,33.338144,
0a486718-adc3-4fe6-848d-15b56ead939a,numbered,12877,completed,sold,1,2026-06-09 18:33:49.672217+00,2026-06-09 18:34:22.912001+00,2026-06-09 18:34:23.017258+00,0.105257,33.345041,
785799d6-6692-40db-8e6b-52a6cb08afaa,numbered,30664,completed,sold,1,2026-06-09 18:33:49.729201+00,2026-06-09 18:34:22.911222+00,2026-06-09 18:34:23.017408+00,0.106186,33.288207,
1458e13f-0c4b-4582-8862-71d13f0d19b5,numbered,53183,completed,sold,1,2026-06-09 18:33:49.643659+00,2026-06-09 18:34:22.926909+00,2026-06-09 18:34:23.035258+00,0.108349,33.391599,
1652f71a-bd5c-4f03-9cdc-ffeaf4dc23dc,numbered,94467,completed,sold,1,2026-06-09 18:33:49.757874+00,2026-06-09 18:34:22.929171+00,2026-06-09 18:34:23.035949+00,0.106778,33.278075,
b9f2cb19-5144-4afb-91a4-d42a7cafc23f,numbered,5146,completed,sold,1,2026-06-09 18:33:49.700741+00,2026-06-09 18:34:22.926935+00,2026-06-09 18:34:23.037267+00,0.110332,33.336526,
31dd349d-7bb8-488b-9832-08f666bb3b4a,numbered,63439,completed,sold,1,2026-06-09 18:33:49.786318+00,2026-06-09 18:34:22.929715+00,2026-06-09 18:34:23.039435+00,0.109720,33.253117,
4270bb42-4cab-40b7-90e9-28771b987fa6,numbered,79415,completed,sold,1,2026-06-09 18:33:49.814806+00,2026-06-09 18:34:22.93395+00,2026-06-09 18:34:23.042136+00,0.108186,33.227330,
e82fd3ae-9ee2-4572-a484-8df53c8138a3,numbered,5571,completed,sold,1,2026-06-09 18:33:49.843675+00,2026-06-09 18:34:22.972452+00,2026-06-09 18:34:23.077314+00,0.104862,33.233639,
d82b5a45-b72c-4311-979b-68a40fc83590,numbered,3203,completed,sold,1,2026-06-09 18:33:49.872214+00,2026-06-09 18:34:23.058341+00,2026-06-09 18:34:23.163715+00,0.105374,33.291501,
df4aa1af-c8b8-441e-a116-42bc81dddd84,numbered,6360,completed,sold,1,2026-06-09 18:33:49.900741+00,2026-06-09 18:34:23.060407+00,2026-06-09 18:34:23.165958+00,0.105551,33.265217,
4aa56011-9736-4443-8a70-d617faa0557b,numbered,87055,completed,sold,1,2026-06-09 18:33:49.929241+00,2026-06-09 18:34:23.067311+00,2026-06-09 18:34:23.173179+00,0.105868,33.243938,
18421790-5411-4f4d-a936-814da252faf5,numbered,53659,completed,sold,1,2026-06-09 18:33:49.957761+00,2026-06-09 18:34:23.084464+00,2026-06-09 18:34:23.191572+00,0.107108,33.233811,
5302d681-05bd-4805-a373-485dac3dba50,numbered,31499,completed,sold,1,2026-06-09 18:33:50.043845+00,2026-06-09 18:34:23.083677+00,2026-06-09 18:34:23.194552+00,0.110875,33.150707,
e5dde280-7633-4272-aaed-54056f8f277f,numbered,65972,completed,sold,1,2026-06-09 18:33:49.986425+00,2026-06-09 18:34:23.087629+00,2026-06-09 18:34:23.195089+00,0.107460,33.208664,
b129415e-ddd4-42e2-91bd-ab819e4ab9ed,numbered,44085,completed,sold,1,2026-06-09 18:33:50.014984+00,2026-06-09 18:34:23.085495+00,2026-06-09 18:34:23.19564+00,0.110145,33.180656,
acfe1038-cc33-4f80-83af-1e63f1f36d36,numbered,65261,completed,sold,1,2026-06-09 18:33:50.072091+00,2026-06-09 18:34:23.099921+00,2026-06-09 18:34:23.206626+00,0.106705,33.134535,
f0ec021d-2fae-4147-b1f9-bfccf767a19b,numbered,54853,completed,sold,1,2026-06-09 18:33:50.129128+00,2026-06-09 18:34:23.19484+00,2026-06-09 18:34:23.304288+00,0.109448,33.175160,
42b60833-02c1-4bf8-9dca-d20c0e304bf4,numbered,14234,completed,sold,1,2026-06-09 18:33:50.100674+00,2026-06-09 18:34:23.206171+00,2026-06-09 18:34:23.311459+00,0.105288,33.210785,
62c630d3-5a5d-4ccc-afa6-21d9c0f235a6,numbered,38743,completed,sold,1,2026-06-09 18:33:50.157743+00,2026-06-09 18:34:23.219244+00,2026-06-09 18:34:23.324343+00,0.105099,33.166600,
df9d7907-7c5d-4d9f-a808-5a4b3e7e17eb,numbered,46525,completed,sold,1,2026-06-09 18:33:50.186076+00,2026-06-09 18:34:23.22873+00,2026-06-09 18:34:23.334076+00,0.105346,33.148000,
d3741b05-b0bc-4bc8-b64e-718d9a3f92ac,numbered,45010,completed,sold,1,2026-06-09 18:33:50.24383+00,2026-06-09 18:34:23.235885+00,2026-06-09 18:34:23.342281+00,0.106396,33.098451,
1efb67af-7d2a-4795-bec7-aff99d9b0894,numbered,55345,completed,sold,1,2026-06-09 18:33:50.300964+00,2026-06-09 18:34:23.236596+00,2026-06-09 18:34:23.344739+00,0.108143,33.043775,
a7f2a9c3-d892-4a50-a3b3-e3af7ce60e46,numbered,43395,completed,sold,1,2026-06-09 18:33:50.272189+00,2026-06-09 18:34:23.238767+00,2026-06-09 18:34:23.346704+00,0.107937,33.074515,
e3ec36af-485f-4d0f-9401-ed6ac68e1fb1,numbered,25833,completed,sold,1,2026-06-09 18:33:50.215113+00,2026-06-09 18:34:23.238143+00,2026-06-09 18:34:23.350268+00,0.112125,33.135155,
5b3071b4-f0be-4ad7-b96b-31e115e5e3ca,numbered,48169,completed,sold,1,2026-06-09 18:33:50.329269+00,2026-06-09 18:34:23.331255+00,2026-06-09 18:34:23.436514+00,0.105259,33.107245,
eb13b150-0005-4039-b123-f3b9fedd4e0e,numbered,99110,completed,sold,1,2026-06-09 18:33:50.358561+00,2026-06-09 18:34:23.345902+00,2026-06-09 18:34:23.450673+00,0.104771,33.092112,
04d7151a-0469-4580-903b-2198e15c6c88,numbered,91009,completed,sold,1,2026-06-09 18:33:50.386232+00,2026-06-09 18:34:23.365218+00,2026-06-09 18:34:23.471571+00,0.106353,33.085339,
923dba87-6ffc-476e-8449-f21fad0d0b96,numbered,49966,completed,sold,1,2026-06-09 18:33:50.415313+00,2026-06-09 18:34:23.37117+00,2026-06-09 18:34:23.477187+00,0.106017,33.061874,
4e4b8e77-5996-4f84-a38d-41864668293b,numbered,7566,completed,sold,1,2026-06-09 18:33:50.444081+00,2026-06-09 18:34:23.379956+00,2026-06-09 18:34:23.48811+00,0.108154,33.044029,
a60ebff5-c354-41c6-90a0-30d712e9dc3d,numbered,79664,completed,sold,1,2026-06-09 18:33:50.472103+00,2026-06-09 18:34:23.382276+00,2026-06-09 18:34:23.490254+00,0.107978,33.018151,
748edfce-02e3-40dc-a9ee-3801232432c3,numbered,94318,completed,sold,1,2026-06-09 18:33:50.529399+00,2026-06-09 18:34:23.385274+00,2026-06-09 18:34:23.492168+00,0.106894,32.962769,
05bd7cce-f170-4dcc-bf0b-814829de7df4,numbered,72333,completed,sold,1,2026-06-09 18:33:50.500788+00,2026-06-09 18:34:23.384597+00,2026-06-09 18:34:23.49301+00,0.108413,32.992222,
a7f69ca6-c58c-4127-b3b1-6c81875a053f,numbered,23287,completed,sold,1,2026-06-09 18:33:50.557998+00,2026-06-09 18:34:23.461508+00,2026-06-09 18:34:23.566991+00,0.105483,33.008993,
93352bc1-ffd0-451e-8066-f7aec95f5bcb,numbered,76460,completed,sold,1,2026-06-09 18:33:50.586139+00,2026-06-09 18:34:23.473242+00,2026-06-09 18:34:23.577997+00,0.104755,32.991858,
deb70754-db36-46e9-880b-cab65a55c704,numbered,30883,completed,sold,1,2026-06-09 18:33:50.61516+00,2026-06-09 18:34:23.507617+00,2026-06-09 18:34:23.61253+00,0.104913,32.997370,
1e3464c7-2455-4008-bac1-9893925183e0,numbered,76387,completed,sold,1,2026-06-09 18:33:50.643814+00,2026-06-09 18:34:23.513011+00,2026-06-09 18:34:23.618463+00,0.105452,32.974649,
144d9a1a-5754-43da-9b61-d7e233eb8b1e,numbered,5015,completed,sold,1,2026-06-09 18:33:50.757949+00,2026-06-09 18:34:23.529083+00,2026-06-09 18:34:23.636023+00,0.106940,32.878074,
0f8c3f45-e58f-4d33-bbb1-e4d65113ffcb,numbered,67774,completed,sold,1,2026-06-09 18:33:50.672145+00,2026-06-09 18:34:23.530175+00,2026-06-09 18:34:23.636333+00,0.106158,32.964188,
da3fc063-1baa-46ca-be34-c95cead2e1e6,numbered,55082,completed,sold,1,2026-06-09 18:33:50.700585+00,2026-06-09 18:34:23.527828+00,2026-06-09 18:34:23.636908+00,0.109080,32.936323,
91695dbb-edd7-4960-87f3-cbb06034c2b9,numbered,21357,completed,sold,1,2026-06-09 18:33:50.7293+00,2026-06-09 18:34:23.528387+00,2026-06-09 18:34:23.637878+00,0.109491,32.908578,
ec0398d1-eccb-4d28-a9a6-6f51d31375d2,numbered,72407,completed,sold,1,2026-06-09 18:33:50.786425+00,2026-06-09 18:34:23.592538+00,2026-06-09 18:34:23.69787+00,0.105332,32.911445,
4076dcb4-bc2c-4b80-a9e5-ed965995cc05,numbered,33424,completed,sold,1,2026-06-09 18:33:50.815094+00,2026-06-09 18:34:23.600186+00,2026-06-09 18:34:23.705925+00,0.105739,32.890831,
e4fcf051-d70b-43d8-b93b-8866dd6a11ee,numbered,32043,completed,sold,1,2026-06-09 18:33:50.872289+00,2026-06-09 18:34:23.651764+00,2026-06-09 18:34:23.756941+00,0.105177,32.884652,
e80c7a1f-0057-4ede-a7c4-283af90aac18,numbered,10784,completed,sold,1,2026-06-09 18:33:50.843391+00,2026-06-09 18:34:23.652459+00,2026-06-09 18:34:23.757503+00,0.105044,32.914112,
8583c76e-50d9-4b25-a175-fb0aa1def089,numbered,221,completed,sold,1,2026-06-09 18:33:50.900614+00,2026-06-09 18:34:23.669487+00,2026-06-09 18:34:23.7771+00,0.107613,32.876486,
b1ac672b-7865-40f4-b1cb-a4694e73c797,numbered,81907,completed,sold,1,2026-06-09 18:33:50.958136+00,2026-06-09 18:34:23.670755+00,2026-06-09 18:34:23.777903+00,0.107148,32.819767,
074005b5-eed7-4c47-92c6-0aad0f0d168f,numbered,33017,completed,sold,1,2026-06-09 18:33:50.929298+00,2026-06-09 18:34:23.671456+00,2026-06-09 18:34:23.779033+00,0.107577,32.849735,
71c13894-e677-4622-bc4a-c7354e47e0b7,numbered,83366,completed,sold,1,2026-06-09 18:33:50.98654+00,2026-06-09 18:34:23.674651+00,2026-06-09 18:34:23.782536+00,0.107885,32.795996,
94175061-e4d8-4469-941c-073058f5470a,numbered,98824,completed,sold,1,2026-06-09 18:33:51.015375+00,2026-06-09 18:34:23.72337+00,2026-06-09 18:34:23.828904+00,0.105534,32.813529,
81bdefcf-8676-40e9-9687-423bee68a3e2,numbered,45782,completed,sold,1,2026-06-09 18:33:51.043879+00,2026-06-09 18:34:23.727643+00,2026-06-09 18:34:23.832399+00,0.104756,32.788520,
d3010d3b-6bc8-4b8c-a8c3-c95442d0e74d,numbered,24694,completed,sold,1,2026-06-09 18:33:51.072036+00,2026-06-09 18:34:23.793392+00,2026-06-09 18:34:23.897956+00,0.104564,32.825920,
49c4f305-5844-4c0a-bced-db936f4c1823,numbered,24731,completed,sold,1,2026-06-09 18:33:51.100651+00,2026-06-09 18:34:23.798493+00,2026-06-09 18:34:23.903967+00,0.105474,32.803316,
33a22507-fd11-4103-a9a9-970024c621c4,numbered,38120,completed,sold,1,2026-06-09 18:33:51.129332+00,2026-06-09 18:34:23.814998+00,2026-06-09 18:34:23.922319+00,0.107321,32.792987,
6ddb9044-d15b-4ffa-bcf9-9466f9de95e4,numbered,22635,completed,sold,1,2026-06-09 18:33:51.186376+00,2026-06-09 18:34:23.815402+00,2026-06-09 18:34:23.922957+00,0.107555,32.736581,
c9590bcd-9c35-4aca-95a3-194f76c51174,numbered,98826,completed,sold,1,2026-06-09 18:33:51.157826+00,2026-06-09 18:34:23.817769+00,2026-06-09 18:34:23.923838+00,0.106069,32.766012,
2ccf66dd-3529-43c8-9543-6ddfd9a5f6a9,numbered,68456,completed,sold,1,2026-06-09 18:33:51.214847+00,2026-06-09 18:34:23.819521+00,2026-06-09 18:34:23.925646+00,0.106125,32.710799,
adccbb9b-4d87-4950-a153-02fc5e38939f,numbered,14753,completed,sold,1,2026-06-09 18:33:51.272124+00,2026-06-09 18:34:23.855983+00,2026-06-09 18:34:23.961677+00,0.105694,32.689553,
09533109-b507-4ab8-8120-554d02b16a17,numbered,75674,completed,sold,1,2026-06-09 18:33:51.243806+00,2026-06-09 18:34:23.856676+00,2026-06-09 18:34:23.962297+00,0.105621,32.718491,
5f4fb75f-c58a-4de6-bc93-f2a4e7f038ed,numbered,9253,completed,sold,1,2026-06-09 18:33:51.300778+00,2026-06-09 18:34:23.92646+00,2026-06-09 18:34:24.031248+00,0.104788,32.730470,
b5cb0374-66a8-4277-b113-1e61b74fc00c,numbered,13869,completed,sold,1,2026-06-09 18:33:51.329192+00,2026-06-09 18:34:23.939334+00,2026-06-09 18:34:24.044093+00,0.104759,32.714901,
f4e4d22f-eece-48f6-aa66-063ed85662f3,numbered,46482,completed,sold,1,2026-06-09 18:33:51.386308+00,2026-06-09 18:34:23.959582+00,2026-06-09 18:34:24.065329+00,0.105747,32.679021,
ee12d3be-3314-4104-9aac-555503667419,numbered,23380,completed,sold,1,2026-06-09 18:33:51.357947+00,2026-06-09 18:34:23.959325+00,2026-06-09 18:34:24.068426+00,0.109101,32.710479,
ca0a485a-0e55-4717-8849-7fc6edebe213,numbered,80901,completed,sold,1,2026-06-09 18:33:51.415186+00,2026-06-09 18:34:23.96496+00,2026-06-09 18:34:24.071154+00,0.106194,32.655968,
1a3c2a7f-171b-4574-a585-8acafc3a83c1,numbered,62541,completed,sold,1,2026-06-09 18:33:51.443857+00,2026-06-09 18:34:23.971342+00,2026-06-09 18:34:24.077851+00,0.106509,32.633994,
baf509a2-2e7f-4bcf-a57c-35940fe5c969,numbered,14169,completed,sold,1,2026-06-09 18:33:51.500657+00,2026-06-09 18:34:23.988544+00,2026-06-09 18:34:24.095602+00,0.107058,32.594945,
f817e401-4011-493b-9c22-a2e151f5fb03,numbered,97799,completed,sold,1,2026-06-09 18:33:51.472061+00,2026-06-09 18:34:23.989089+00,2026-06-09 18:34:24.096083+00,0.106994,32.624022,
5814b994-c5e2-4d98-8ef6-91d1ebdc1eac,numbered,58714,completed,sold,1,2026-06-09 18:33:51.529284+00,2026-06-09 18:34:24.053358+00,2026-06-09 18:34:24.157945+00,0.104587,32.628661,
6b0364d0-8bf7-422a-8e9c-be2a19060d7a,numbered,32630,completed,sold,1,2026-06-09 18:33:51.558007+00,2026-06-09 18:34:24.068365+00,2026-06-09 18:34:24.174895+00,0.106530,32.616888,
1b246dd5-5642-4a2d-9281-b36ec2c221ff,numbered,51288,completed,sold,1,2026-06-09 18:33:51.614953+00,2026-06-09 18:34:24.094405+00,2026-06-09 18:34:24.199255+00,0.104850,32.584302,
355925fd-0bca-4a53-b9ab-106306598cbf,numbered,98661,completed,sold,1,2026-06-09 18:33:51.586344+00,2026-06-09 18:34:24.097219+00,2026-06-09 18:34:24.202526+00,0.105307,32.616182,
d8f955cd-4cda-4a83-ade3-79021b1e6dc8,numbered,51523,completed,sold,1,2026-06-09 18:33:51.643711+00,2026-06-09 18:34:24.110203+00,2026-06-09 18:34:24.216002+00,0.105799,32.572291,
0685268d-d785-4556-a3d2-5f219847459b,numbered,80350,completed,sold,1,2026-06-09 18:33:51.672205+00,2026-06-09 18:34:24.112845+00,2026-06-09 18:34:24.219076+00,0.106231,32.546871,
d8c5d174-59d4-4206-a650-652cc9938c43,numbered,61592,completed,sold,1,2026-06-09 18:33:51.700698+00,2026-06-09 18:34:24.122291+00,2026-06-09 18:34:24.228112+00,0.105821,32.527414,
295fc95c-96d2-4a51-a6cd-68c6449cc271,numbered,86762,completed,sold,1,2026-06-09 18:33:51.729+00,2026-06-09 18:34:24.124194+00,2026-06-09 18:34:24.231071+00,0.106877,32.502071,
c52f9d8a-f5a7-40c8-a19c-7397253bd8a8,numbered,96846,completed,sold,1,2026-06-09 18:33:51.757762+00,2026-06-09 18:34:24.183691+00,2026-06-09 18:34:24.288231+00,0.104540,32.530469,
668f8bfa-c12b-47cb-9e7b-c69b7ea2a0d2,numbered,10218,completed,sold,1,2026-06-09 18:33:52.257681+00,2026-06-09 18:34:24.199919+00,2026-06-09 18:34:24.305228+00,0.105309,32.047547,
eb95df64-12ca-4861-8720-3ed4c3319f93,numbered,25874,completed,sold,1,2026-06-09 18:33:52.757899+00,2026-06-09 18:34:24.220092+00,2026-06-09 18:34:24.324724+00,0.104632,31.566825,
032c2030-1364-4941-87b6-ed35d68f8b34,numbered,12546,completed,sold,1,2026-06-09 18:33:53.25791+00,2026-06-09 18:34:24.238656+00,2026-06-09 18:34:24.343846+00,0.105190,31.085936,
e8e29dbf-5e1f-4e74-b924-67c35ce5785f,numbered,80072,completed,sold,1,2026-06-09 18:33:53.757919+00,2026-06-09 18:34:24.253345+00,2026-06-09 18:34:24.358824+00,0.105479,30.600905,
cf6b101c-21a9-4310-85e7-d88857fbdb86,numbered,83233,completed,sold,1,2026-06-09 18:33:54.757832+00,2026-06-09 18:34:24.259334+00,2026-06-09 18:34:24.365873+00,0.106539,29.608041,
aa97714d-ec13-445e-a0f7-2e345afd3e4b,numbered,7389,completed,sold,1,2026-06-09 18:33:55.257813+00,2026-06-09 18:34:24.259685+00,2026-06-09 18:34:24.366082+00,0.106397,29.108269,
01de5c1c-1940-412a-81e4-8dc1d7ee1c28,numbered,81348,completed,sold,1,2026-06-09 18:33:54.258542+00,2026-06-09 18:34:24.26046+00,2026-06-09 18:34:24.367098+00,0.106638,30.108556,
48df71a3-be6d-4f37-8f9c-859711b34da4,numbered,49277,completed,sold,1,2026-06-09 18:33:55.757794+00,2026-06-09 18:34:24.310373+00,2026-06-09 18:34:24.415447+00,0.105074,28.657653,
c28dfd8d-e38e-4001-abd3-39c8291ad95b,numbered,63963,completed,sold,1,2026-06-09 18:33:56.257947+00,2026-06-09 18:34:24.328414+00,2026-06-09 18:34:24.433217+00,0.104803,28.175270,
