request_id,mode,seat_id,status,result,attempts,enqueued_at,worker_started_at,completed_at,processing_seconds,end_to_end_seconds,error
dcd7ff3f-23cb-44bb-a9a2-2a87011a9b43,numbered,99105,completed,sold,1,2026-06-08 17:45:34.717889+00,2026-06-08 17:45:34.750308+00,2026-06-08 17:45:34.856688+00,0.106380,0.138799,
3cdd91f8-f6c7-46cd-a830-3fadcc1be85c,numbered,21831,completed,sold,1,2026-06-08 17:45:35.215767+00,2026-06-08 17:45:35.240295+00,2026-06-08 17:45:35.346102+00,0.105807,0.130335,
7ce79d1d-8b37-4acc-86a5-39304d39d40c,numbered,79420,completed,sold,1,2026-06-08 17:45:35.715663+00,2026-06-08 17:45:35.740027+00,2026-06-08 17:45:35.846006+00,0.105979,0.130343,
1b8ade98-05ce-432f-8556-e83ca3249b06,numbered,38541,completed,sold,1,2026-06-08 17:45:36.215585+00,2026-06-08 17:45:36.240318+00,2026-06-08 17:45:36.346321+00,0.106003,0.130736,
1860370b-e813-4fdb-8448-e1b8d42f4839,numbered,23754,completed,sold,1,2026-06-08 17:45:36.715675+00,2026-06-08 17:45:36.741369+00,2026-06-08 17:45:36.847387+00,0.106018,0.131712,
07802aaf-db7a-414c-82cc-31c232c2507f,numbered,2241,completed,sold,1,2026-06-08 17:45:37.215814+00,2026-06-08 17:45:37.24022+00,2026-06-08 17:45:37.345913+00,0.105693,0.130099,
99f1f3a5-583c-45d5-9c57-b75a08cc200f,numbered,98064,completed,sold,1,2026-06-08 17:45:37.715481+00,2026-06-08 17:45:37.740337+00,2026-06-08 17:45:37.846126+00,0.105789,0.130645,
b260d36e-cdd7-44b4-9322-0c9534edf14f,numbered,27876,completed,sold,1,2026-06-08 17:45:38.215387+00,2026-06-08 17:45:38.241567+00,2026-06-08 17:45:38.347393+00,0.105826,0.132006,
328782dc-5de8-4361-91af-17251915111f,numbered,14281,completed,sold,1,2026-06-08 17:45:38.715414+00,2026-06-08 17:45:38.741356+00,2026-06-08 17:45:38.847257+00,0.105901,0.131843,
f0e285ef-6fc9-4c71-a20f-73f25673093d,numbered,78345,completed,sold,1,2026-06-08 17:45:39.215448+00,2026-06-08 17:45:39.2402+00,2026-06-08 17:45:39.346025+00,0.105825,0.130577,
ac28a266-a844-4c8d-842c-f4672133097a,numbered,31524,completed,sold,1,2026-06-08 17:45:39.715663+00,2026-06-08 17:45:39.740206+00,2026-06-08 17:45:39.846127+00,0.105921,0.130464,
ce82a999-c4e2-4fe7-956e-3cd014163b92,numbered,70262,completed,sold,1,2026-06-08 17:45:39.76556+00,2026-06-08 17:45:39.872122+00,2026-06-08 17:45:39.977636+00,0.105514,0.212076,
0af17065-9dd4-40f7-b812-f90b16c53af4,numbered,5028,completed,sold,1,2026-06-08 17:45:39.815236+00,2026-06-08 17:45:40.004032+00,2026-06-08 17:45:40.110043+00,0.106011,0.294807,
3e715863-b382-47d3-8117-0f544c4cadb8,numbered,17876,completed,sold,1,2026-06-08 17:45:39.865032+00,2026-06-08 17:45:40.136298+00,2026-06-08 17:45:40.242141+00,0.105843,0.377109,
18e2d387-d435-457c-bb19-42a3d13d9878,numbered,28020,completed,sold,1,2026-06-08 17:45:39.91517+00,2026-06-08 17:45:40.267913+00,2026-06-08 17:45:40.373397+00,0.105484,0.458227,
df9a9718-b4e3-4aa4-8036-6f47abb2eaac,numbered,96470,completed,sold,1,2026-06-08 17:45:39.965195+00,2026-06-08 17:45:40.399244+00,2026-06-08 17:45:40.504708+00,0.105464,0.539513,
1ab13a81-8b2c-42a6-a54e-bb100e2c4e6f,numbered,95845,completed,sold,1,2026-06-08 17:45:40.015181+00,2026-06-08 17:45:40.530332+00,2026-06-08 17:45:40.636072+00,0.105740,0.620891,
933ddea5-2db8-4a53-b33a-3da65fa8e0f9,numbered,57001,completed,sold,1,2026-06-08 17:45:40.065117+00,2026-06-08 17:45:40.66231+00,2026-06-08 17:45:40.768347+00,0.106037,0.703230,
3297d8ca-d742-4b48-8869-353703cd4013,numbered,30691,completed,sold,1,2026-06-08 17:45:40.115179+00,2026-06-08 17:45:40.794525+00,2026-06-08 17:45:40.900278+00,0.105753,0.785099,
e7955e60-95ec-4172-9ffa-5536a38f974d,numbered,56379,completed,sold,1,2026-06-08 17:45:40.165159+00,2026-06-08 17:45:40.925952+00,2026-06-08 17:45:41.031559+00,0.105607,0.866400,
08593a57-c330-4087-9550-e6955378eb94,numbered,14225,completed,sold,1,2026-06-08 17:45:40.215122+00,2026-06-08 17:45:41.057673+00,2026-06-08 17:45:41.163689+00,0.106016,0.948567,
42738f9d-c7c5-451e-8707-548b804c8789,numbered,80638,completed,sold,1,2026-06-08 17:45:40.265149+00,2026-06-08 17:45:41.190764+00,2026-06-08 17:45:41.297931+00,0.107167,1.032782,
bbfdfdf2-d978-481d-a42b-4896552bda96,numbered,75669,completed,sold,1,2026-06-08 17:45:40.315191+00,2026-06-08 17:45:41.323911+00,2026-06-08 17:45:41.429676+00,0.105765,1.114485,
c5970513-4d7e-4e93-8ac5-685f027d5bb7,numbered,14781,completed,sold,1,2026-06-08 17:45:40.365098+00,2026-06-08 17:45:41.456343+00,2026-06-08 17:45:41.562181+00,0.105838,1.197083,
8e1bfeae-2c1e-4457-89ed-7ed56a859390,numbered,69572,completed,sold,1,2026-06-08 17:45:40.415201+00,2026-06-08 17:45:41.587581+00,2026-06-08 17:45:41.693104+00,0.105523,1.277903,
153d4130-53de-4fe9-a358-163f0bc3ba94,numbered,84144,completed,sold,1,2026-06-08 17:45:40.464988+00,2026-06-08 17:45:41.721693+00,2026-06-08 17:45:41.828513+00,0.106820,1.363525,
f1939025-d14f-4c5c-804f-ff8c2cc164fa,numbered,75535,completed,sold,1,2026-06-08 17:45:40.515149+00,2026-06-08 17:45:41.856099+00,2026-06-08 17:45:41.962212+00,0.106113,1.447063,
a540e204-15ed-4e8f-8eb4-6b8f135920df,numbered,21370,completed,sold,1,2026-06-08 17:45:40.565342+00,2026-06-08 17:45:41.988165+00,2026-06-08 17:45:42.09419+00,0.106025,1.528848,
60572495-a680-43d1-b720-07d1576770be,numbered,96496,completed,sold,1,2026-06-08 17:45:40.615288+00,2026-06-08 17:45:42.122264+00,2026-06-08 17:45:42.228005+00,0.105741,1.612717,
41ed27bc-9dce-4cf4-83e4-4fa4fbe2bcf0,numbered,50437,completed,sold,1,2026-06-08 17:45:40.665068+00,2026-06-08 17:45:42.255261+00,2026-06-08 17:45:42.360933+00,0.105672,1.695865,
b41e2c1f-ddd1-495d-8eec-4da5d321e299,numbered,89410,completed,sold,1,2026-06-08 17:45:40.715335+00,2026-06-08 17:45:42.387263+00,2026-06-08 17:45:42.493292+00,0.106029,1.777957,
f5958e7c-17bd-4098-9fe6-137b91b3e728,numbered,10512,completed,sold,1,2026-06-08 17:45:40.765126+00,2026-06-08 17:45:42.521675+00,2026-06-08 17:45:42.62749+00,0.105815,1.862364,
2b3c3519-ddeb-4009-b456-c7004e247729,numbered,41168,completed,sold,1,2026-06-08 17:45:40.81529+00,2026-06-08 17:45:42.65466+00,2026-06-08 17:45:42.760451+00,0.105791,1.945161,
68afe80b-05b9-4fc0-85c2-04133f1c99c1,numbered,52406,completed,sold,1,2026-06-08 17:45:40.865108+00,2026-06-08 17:45:42.788324+00,2026-06-08 17:45:42.894161+00,0.105837,2.029053,
d1de7b60-7f8b-4236-b934-f92a21bae209,numbered,8682,completed,sold,1,2026-06-08 17:45:40.915137+00,2026-06-08 17:45:42.92172+00,2026-06-08 17:45:43.027354+00,0.105634,2.112217,
d0c75df2-a701-45be-a3ba-b47d924f8cd5,numbered,15618,completed,sold,1,2026-06-08 17:45:40.965165+00,2026-06-08 17:45:43.053084+00,2026-06-08 17:45:43.158726+00,0.105642,2.193561,
027633d9-b848-46cc-aeb9-f488298e9b87,numbered,10338,completed,sold,1,2026-06-08 17:45:41.015288+00,2026-06-08 17:45:43.185005+00,2026-06-08 17:45:43.290581+00,0.105576,2.275293,
d1d9e36b-72f1-4260-91b0-8b3de5a25b80,numbered,94505,completed,sold,1,2026-06-08 17:45:41.065212+00,2026-06-08 17:45:43.317286+00,2026-06-08 17:45:43.422503+00,0.105217,2.357291,
38e73729-5659-421c-907d-d020a8d1e34a,numbered,40323,completed,sold,1,2026-06-08 17:45:41.115122+00,2026-06-08 17:45:43.448867+00,2026-06-08 17:45:43.554364+00,0.105497,2.439242,
38480f69-534d-48fd-a694-93c48eece69d,numbered,21524,completed,sold,1,2026-06-08 17:45:41.164896+00,2026-06-08 17:45:43.590299+00,2026-06-08 17:45:43.696229+00,0.105930,2.531333,
9f3b7c3a-fe32-4166-8da4-2cfcf98ecc80,numbered,81627,completed,sold,1,2026-06-08 17:45:41.215289+00,2026-06-08 17:45:43.722702+00,2026-06-08 17:45:43.828184+00,0.105482,2.612895,
e95f3a7b-029c-4974-8a9f-7f540deba7a9,numbered,49915,completed,sold,1,2026-06-08 17:45:41.265637+00,2026-06-08 17:45:43.854569+00,2026-06-08 17:45:43.960466+00,0.105897,2.694829,
f22c853d-dd32-4590-bd69-979720843acc,numbered,22276,completed,sold,1,2026-06-08 17:45:41.315239+00,2026-06-08 17:45:43.988089+00,2026-06-08 17:45:44.093683+00,0.105594,2.778444,
afbf9bb0-7c80-41d5-8f4b-780c34dfd7d0,numbered,13273,completed,sold,1,2026-06-08 17:45:41.36497+00,2026-06-08 17:45:44.121783+00,2026-06-08 17:45:44.2274+00,0.105617,2.862430,
ee40a5eb-7599-4995-832d-65df6d02cb8c,numbered,61785,completed,sold,1,2026-06-08 17:45:41.41512+00,2026-06-08 17:45:44.253216+00,2026-06-08 17:45:44.358775+00,0.105559,2.943655,
2c8e649b-6b3a-46f6-8aa3-ca878568f954,numbered,10800,completed,sold,1,2026-06-08 17:45:41.46675+00,2026-06-08 17:45:44.385529+00,2026-06-08 17:45:44.491492+00,0.105963,3.024742,
953bc27f-1df6-4d3d-85d9-a6c11f186529,numbered,62473,completed,sold,1,2026-06-08 17:45:41.515132+00,2026-06-08 17:45:44.518043+00,2026-06-08 17:45:44.623478+00,0.105435,3.108346,
13c8310a-268f-4177-b882-52c3328df435,numbered,1678,completed,sold,1,2026-06-08 17:45:41.5649+00,2026-06-08 17:45:44.648975+00,2026-06-08 17:45:44.754677+00,0.105702,3.189777,
e822d4ec-538c-4e94-83f4-0137c447c69d,numbered,25393,completed,sold,1,2026-06-08 17:45:41.615082+00,2026-06-08 17:45:44.784164+00,2026-06-08 17:45:44.890848+00,0.106684,3.275766,
94cbbf0e-4fb6-4cec-8fbf-f9725c8fc0cf,numbered,88994,completed,sold,1,2026-06-08 17:45:41.665091+00,2026-06-08 17:45:44.917172+00,2026-06-08 17:45:45.023067+00,0.105895,3.357976,
59f1f79e-6613-42de-b991-2f43769b7874,numbered,85302,completed,sold,1,2026-06-08 17:45:41.714926+00,2026-06-08 17:45:45.050038+00,2026-06-08 17:45:45.156174+00,0.106136,3.441248,
a4e52bf6-ff8a-4902-8ba3-91fce0193ce4,numbered,43256,completed,sold,1,2026-06-08 17:45:41.765113+00,2026-06-08 17:45:45.185072+00,2026-06-08 17:45:45.291267+00,0.106195,3.526154,
c524d8d1-52cd-41b9-a8e4-9dd12c96042d,numbered,14351,completed,sold,1,2026-06-08 17:45:41.815323+00,2026-06-08 17:45:45.318389+00,2026-06-08 17:45:45.423797+00,0.105408,3.608474,
26541cb1-61ad-47c9-be7b-06c2ac5f0837,numbered,97478,completed,sold,1,2026-06-08 17:45:41.864978+00,2026-06-08 17:45:45.449222+00,2026-06-08 17:45:45.554995+00,0.105773,3.690017,
5c5e5212-fe09-43a2-a11c-021cf0379431,numbered,42189,completed,sold,1,2026-06-08 17:45:41.915046+00,2026-06-08 17:45:45.584147+00,2026-06-08 17:45:45.690003+00,0.105856,3.774957,
7bf59bc6-9cae-4472-95f9-1056cd6a5892,numbered,36832,completed,sold,1,2026-06-08 17:45:41.965004+00,2026-06-08 17:45:45.715746+00,2026-06-08 17:45:45.821472+00,0.105726,3.856468,
856bd627-8444-4dd3-84c1-5e0d533c0fb4,numbered,63024,completed,sold,1,2026-06-08 17:45:42.015198+00,2026-06-08 17:45:45.847993+00,2026-06-08 17:45:45.954139+00,0.106146,3.938941,
5d54026b-0360-4ecd-be6c-6f228de1e2dd,numbered,68965,completed,sold,1,2026-06-08 17:45:42.065138+00,2026-06-08 17:45:45.979713+00,2026-06-08 17:45:46.085235+00,0.105522,4.020097,
c5e404d7-fa7f-482c-a18a-ef6722c99645,numbered,41423,completed,sold,1,2026-06-08 17:45:42.115153+00,2026-06-08 17:45:46.111621+00,2026-06-08 17:45:46.21738+00,0.105759,4.102227,
dc1f563e-6ec2-4745-9ac5-a158cd3fd131,numbered,71253,completed,sold,1,2026-06-08 17:45:42.164981+00,2026-06-08 17:45:46.244056+00,2026-06-08 17:45:46.349667+00,0.105611,4.184686,
204a895f-e9a1-4a3c-9008-a9024c260900,numbered,72565,completed,sold,1,2026-06-08 17:45:42.215003+00,2026-06-08 17:45:46.375645+00,2026-06-08 17:45:46.481261+00,0.105616,4.266258,
bd6263cd-4b01-4e91-900a-08e47cc898df,numbered,34120,completed,sold,1,2026-06-08 17:45:42.264933+00,2026-06-08 17:45:46.506706+00,2026-06-08 17:45:46.612415+00,0.105709,4.347482,
40e8b421-8726-4c1a-a07c-e05235972aaa,numbered,57742,completed,sold,1,2026-06-08 17:45:42.315032+00,2026-06-08 17:45:46.639644+00,2026-06-08 17:45:46.745337+00,0.105693,4.430305,
eca0c367-0fdb-47c8-9ef8-f905b60a77b4,numbered,15942,completed,sold,1,2026-06-08 17:45:42.364892+00,2026-06-08 17:45:46.773617+00,2026-06-08 17:45:46.879575+00,0.105958,4.514683,
677f7625-4e5f-4854-80a9-938290a3390f,numbered,87748,completed,sold,1,2026-06-08 17:45:42.414971+00,2026-06-08 17:45:46.90562+00,2026-06-08 17:45:47.0113+00,0.105680,4.596329,
9c29ecc3-f92d-492f-8d20-1a584d3b0788,numbered,31392,completed,sold,1,2026-06-08 17:45:42.465024+00,2026-06-08 17:45:47.037808+00,2026-06-08 17:45:47.143867+00,0.106059,4.678843,
6aa73815-2d51-48dc-9b89-fb32db813e62,numbered,59003,completed,sold,1,2026-06-08 17:45:42.514925+00,2026-06-08 17:45:47.171412+00,2026-06-08 17:45:47.27715+00,0.105738,4.762225,
f0945e5f-d360-4c29-988f-76ee41ca9fe6,numbered,54361,completed,sold,1,2026-06-08 17:45:42.565119+00,2026-06-08 17:45:47.304756+00,2026-06-08 17:45:47.410122+00,0.105366,4.845003,
030271fa-ad8a-43b5-984a-0a4bc0586ea3,numbered,25719,completed,sold,1,2026-06-08 17:45:42.61513+00,2026-06-08 17:45:47.435709+00,2026-06-08 17:45:47.541657+00,0.105948,4.926527,
a5925b2c-a156-4a4a-aeba-f7c45039eb8d,numbered,63709,completed,sold,1,2026-06-08 17:45:42.664925+00,2026-06-08 17:45:47.571147+00,2026-06-08 17:45:47.676791+00,0.105644,5.011866,
96f04c2b-6b65-4d83-8ee2-af4374ab5b08,numbered,24733,completed,sold,1,2026-06-08 17:45:42.715326+00,2026-06-08 17:45:47.704308+00,2026-06-08 17:45:47.810331+00,0.106023,5.095005,
0a298db5-df4c-4959-be1a-197666354d48,numbered,98622,completed,sold,1,2026-06-08 17:45:42.76488+00,2026-06-08 17:45:47.837249+00,2026-06-08 17:45:47.943414+00,0.106165,5.178534,
6166e4a4-6f09-4b23-99e9-297778555564,numbered,8065,completed,sold,1,2026-06-08 17:45:42.814934+00,2026-06-08 17:45:47.971955+00,2026-06-08 17:45:48.077892+00,0.105937,5.262958,
c1deb5f0-ce24-4120-8bce-84148f66a9dd,numbered,60490,completed,sold,1,2026-06-08 17:45:42.864828+00,2026-06-08 17:45:48.106992+00,2026-06-08 17:45:48.21274+00,0.105748,5.347912,
8de9753d-6821-456b-bf48-b880d5aa4d9a,numbered,95848,completed,sold,1,2026-06-08 17:45:42.914837+00,2026-06-08 17:45:48.239774+00,2026-06-08 17:45:48.345264+00,0.105490,5.430427,
75f199ae-6186-45e3-a0ce-d9a8476ac44a,numbered,41268,completed,sold,1,2026-06-08 17:45:42.964903+00,2026-06-08 17:45:48.37122+00,2026-06-08 17:45:48.476921+00,0.105701,5.512018,
f6071015-ae80-4dcc-8a7e-f38b04ff26c8,numbered,39097,completed,sold,1,2026-06-08 17:45:43.014879+00,2026-06-08 17:45:48.504072+00,2026-06-08 17:45:48.609699+00,0.105627,5.594820,
cc33e09c-2035-4bc8-947f-7110f1de036e,numbered,64728,completed,sold,1,2026-06-08 17:45:43.06499+00,2026-06-08 17:45:48.636297+00,2026-06-08 17:45:48.742252+00,0.105955,5.677262,
cc06bd39-b6d7-4c45-9489-1a4361fadbb5,numbered,13309,completed,sold,1,2026-06-08 17:45:43.114943+00,2026-06-08 17:45:48.768252+00,2026-06-08 17:45:48.87423+00,0.105978,5.759287,
08e63f27-5fbd-4702-b18b-a848a4e44ce3,numbered,70658,completed,sold,1,2026-06-08 17:45:43.164922+00,2026-06-08 17:45:48.900469+00,2026-06-08 17:45:49.006133+00,0.105664,5.841211,
900c8597-abb2-445d-9d2e-0fb31d5afc1d,numbered,47134,completed,sold,1,2026-06-08 17:45:43.214946+00,2026-06-08 17:45:49.031425+00,2026-06-08 17:45:49.137019+00,0.105594,5.922073,
f52e538a-c71e-4082-8534-579f9a26a7d6,numbered,1027,completed,sold,1,2026-06-08 17:45:43.265085+00,2026-06-08 17:45:49.163382+00,2026-06-08 17:45:49.269376+00,0.105994,6.004291,
9c4293a0-5675-4807-a106-21da79f83f73,numbered,31314,completed,sold,1,2026-06-08 17:45:43.314783+00,2026-06-08 17:45:49.297372+00,2026-06-08 17:45:49.403155+00,0.105783,6.088372,
bcbe869a-088f-4764-bf68-bf8ce8a83017,numbered,16316,completed,sold,1,2026-06-08 17:45:43.364938+00,2026-06-08 17:45:49.429319+00,2026-06-08 17:45:49.535013+00,0.105694,6.170075,
92d0d213-af38-4265-80a6-32fe9e1b9833,numbered,21884,completed,sold,1,2026-06-08 17:45:43.414865+00,2026-06-08 17:45:49.561121+00,2026-06-08 17:45:49.666632+00,0.105511,6.251767,
2df4b160-bf02-46d0-ba43-718ba1b48f9f,numbered,14315,completed,sold,1,2026-06-08 17:45:43.464973+00,2026-06-08 17:45:49.693425+00,2026-06-08 17:45:49.799306+00,0.105881,6.334333,
d0913dd3-663e-4fde-870b-438bcae63ee5,numbered,33868,completed,sold,1,2026-06-08 17:45:43.51483+00,2026-06-08 17:45:49.826022+00,2026-06-08 17:45:49.931694+00,0.105672,6.416864,
1305a941-7f81-4122-8e74-c53a1739333c,numbered,16041,completed,sold,1,2026-06-08 17:45:43.564733+00,2026-06-08 17:45:49.958124+00,2026-06-08 17:45:50.063942+00,0.105818,6.499209,
a1227fda-9853-4ceb-82fa-7c495d5c1f78,numbered,62451,completed,sold,1,2026-06-08 17:45:43.614854+00,2026-06-08 17:45:50.090186+00,2026-06-08 17:45:50.195914+00,0.105728,6.581060,
e311f113-c339-4fcd-b23c-545a35000b21,numbered,582,completed,sold,1,2026-06-08 17:45:43.666156+00,2026-06-08 17:45:50.222209+00,2026-06-08 17:45:50.327731+00,0.105522,6.661575,
d2a92705-aa42-4d65-88f2-c4fa98e718f7,numbered,9525,completed,sold,1,2026-06-08 17:45:43.714923+00,2026-06-08 17:45:50.353536+00,2026-06-08 17:45:50.459895+00,0.106359,6.744972,
f44c1c4b-3070-46f4-bb2f-feeb7abd7ce0,numbered,2365,completed,sold,1,2026-06-08 17:45:43.764876+00,2026-06-08 17:45:50.485039+00,2026-06-08 17:45:50.590502+00,0.105463,6.825626,
31d6d464-53d4-4309-a3fb-349133bc7d54,numbered,52895,completed,sold,1,2026-06-08 17:45:43.814944+00,2026-06-08 17:45:50.616464+00,2026-06-08 17:45:50.722081+00,0.105617,6.907137,
4d09db4d-64e4-4c8d-8e35-eca0e5a47e67,numbered,29297,completed,sold,1,2026-06-08 17:45:43.864868+00,2026-06-08 17:45:50.749776+00,2026-06-08 17:45:50.855549+00,0.105773,6.990681,
fddfaf1e-1b6f-4428-a62b-fc15b97067db,numbered,58434,completed,sold,1,2026-06-08 17:45:43.91502+00,2026-06-08 17:45:50.881215+00,2026-06-08 17:45:50.98671+00,0.105495,7.071690,
156d552c-c644-493d-98d6-4f7895096a41,numbered,32008,completed,sold,1,2026-06-08 17:45:43.964974+00,2026-06-08 17:45:51.012745+00,2026-06-08 17:45:51.118622+00,0.105877,7.153648,
bda12832-ac85-43fd-aaae-9d9d8f2af922,numbered,40009,completed,sold,1,2026-06-08 17:45:44.015099+00,2026-06-08 17:45:51.143579+00,2026-06-08 17:45:51.24894+00,0.105361,7.233841,
3e694a80-9b68-4ff1-b09c-14ad18218e0c,numbered,81578,completed,sold,1,2026-06-08 17:45:44.06522+00,2026-06-08 17:45:51.274285+00,2026-06-08 17:45:51.381763+00,0.107478,7.316543,
c649aef9-b8ab-4e36-8dcd-999c01df204d,numbered,37099,completed,sold,1,2026-06-08 17:45:44.114929+00,2026-06-08 17:45:51.408468+00,2026-06-08 17:45:51.514327+00,0.105859,7.399398,
e19fa2dc-86f2-446d-88cd-8529f755ffcb,numbered,77398,completed,sold,1,2026-06-08 17:45:44.164932+00,2026-06-08 17:45:51.540572+00,2026-06-08 17:45:51.646269+00,0.105697,7.481337,
0c7bc1ab-410c-43f0-ac3c-28aaf1d19cf0,numbered,28478,completed,sold,1,2026-06-08 17:45:44.214973+00,2026-06-08 17:45:51.674121+00,2026-06-08 17:45:51.779533+00,0.105412,7.564560,
f8a9095b-55ea-42f1-a791-d203faa69c7a,numbered,10516,completed,sold,1,2026-06-08 17:45:44.264784+00,2026-06-08 17:45:51.804798+00,2026-06-08 17:45:51.910677+00,0.105879,7.645893,
21491e17-2bb0-4bd8-bd68-6738283d67f6,numbered,73026,completed,sold,1,2026-06-08 17:45:44.314898+00,2026-06-08 17:45:51.937193+00,2026-06-08 17:45:52.042744+00,0.105551,7.727846,
0ce93f2f-0466-4e99-9556-24c07ffa885c,numbered,79799,completed,sold,1,2026-06-08 17:45:44.364916+00,2026-06-08 17:45:52.067612+00,2026-06-08 17:45:52.173172+00,0.105560,7.808256,
fff484f5-e60d-4647-9a11-e536bec3af59,numbered,80493,completed,sold,1,2026-06-08 17:45:44.415004+00,2026-06-08 17:45:52.198644+00,2026-06-08 17:45:52.304288+00,0.105644,7.889284,
f959a88b-7c63-4178-b6ba-f6cebb03318d,numbered,97168,completed,sold,1,2026-06-08 17:45:44.465011+00,2026-06-08 17:45:52.329135+00,2026-06-08 17:45:52.434464+00,0.105329,7.969453,
73a96ff9-0550-4619-8122-14ec56ef4f80,numbered,79905,completed,sold,1,2026-06-08 17:45:44.514789+00,2026-06-08 17:45:52.459753+00,2026-06-08 17:45:52.565196+00,0.105443,8.050407,
d9d64b67-07f6-4f0c-a006-b3a284db1c29,numbered,69779,completed,sold,1,2026-06-08 17:45:44.564785+00,2026-06-08 17:45:52.591122+00,2026-06-08 17:45:52.696715+00,0.105593,8.131930,
9e52b050-7a41-4249-8cf4-ab18769f82cc,numbered,81048,completed,sold,1,2026-06-08 17:45:44.614887+00,2026-06-08 17:45:52.721434+00,2026-06-08 17:45:52.826986+00,0.105552,8.212099,
eeddee78-92f4-42cf-b5f7-207042676c0b,numbered,43769,completed,sold,1,2026-06-08 17:45:44.664994+00,2026-06-08 17:45:52.852602+00,2026-06-08 17:45:52.958353+00,0.105751,8.293359,
2d0f3fe2-c6f5-4681-a471-7cabb4e4d7e7,numbered,97707,completed,sold,1,2026-06-08 17:45:44.715001+00,2026-06-08 17:45:52.983716+00,2026-06-08 17:45:53.089481+00,0.105765,8.374480,
e9c9f04c-6a24-4a5c-93e3-b3fe33baea52,numbered,13930,completed,sold,1,2026-06-08 17:45:44.727545+00,2026-06-08 17:45:53.114906+00,2026-06-08 17:45:53.220741+00,0.105835,8.493196,
29d756c8-b543-48b7-ae56-116fae62b06f,numbered,88144,completed,sold,1,2026-06-08 17:45:44.740114+00,2026-06-08 17:45:53.246266+00,2026-06-08 17:45:53.352086+00,0.105820,8.611972,
f4bf3c1b-33c3-4c4c-9db5-648da8ecbea4,numbered,11088,completed,sold,1,2026-06-08 17:45:44.752313+00,2026-06-08 17:45:53.378444+00,2026-06-08 17:45:53.484051+00,0.105607,8.731738,
5ade637d-94ca-4971-a29b-13c97f6edb40,numbered,82316,completed,sold,1,2026-06-08 17:45:44.764778+00,2026-06-08 17:45:53.508867+00,2026-06-08 17:45:53.614568+00,0.105701,8.849790,
95a7d4f8-1eff-458b-bff2-de54575a1a4c,numbered,32360,completed,sold,1,2026-06-08 17:45:44.777267+00,2026-06-08 17:45:53.639699+00,2026-06-08 17:45:53.74526+00,0.105561,8.967993,
d9825a7e-5324-4960-ad76-b9b1c013af72,numbered,85562,completed,sold,1,2026-06-08 17:45:44.790065+00,2026-06-08 17:45:53.769659+00,2026-06-08 17:45:53.875181+00,0.105522,9.085116,
88ffa220-1254-4bd5-acb5-d4862bdc540a,numbered,69932,completed,sold,1,2026-06-08 17:45:44.802508+00,2026-06-08 17:45:53.899759+00,2026-06-08 17:45:54.005478+00,0.105719,9.202970,
284f77b7-a27b-4f94-9b86-c645e7f0c759,numbered,19842,completed,sold,1,2026-06-08 17:45:44.814919+00,2026-06-08 17:45:54.031529+00,2026-06-08 17:45:54.137177+00,0.105648,9.322258,
b438bccc-69be-4a1c-913a-3db1a7457aab,numbered,61890,completed,sold,1,2026-06-08 17:45:44.827421+00,2026-06-08 17:45:54.162521+00,2026-06-08 17:45:54.268029+00,0.105508,9.440608,
0a01a4d8-33bf-482b-9802-36dac0af6b18,numbered,90287,completed,sold,1,2026-06-08 17:45:44.839947+00,2026-06-08 17:45:54.292714+00,2026-06-08 17:45:54.398484+00,0.105770,9.558537,
1a7fc24b-9fd5-44c9-9688-5ceada9dd856,numbered,55015,completed,sold,1,2026-06-08 17:45:44.852666+00,2026-06-08 17:45:54.423354+00,2026-06-08 17:45:54.528652+00,0.105298,9.675986,
4401f43b-16e4-47f4-a853-7d02176a84d1,numbered,91591,completed,sold,1,2026-06-08 17:45:44.865001+00,2026-06-08 17:45:54.553192+00,2026-06-08 17:45:54.658738+00,0.105546,9.793737,
15141faf-70c3-41b6-8f33-2d887511c287,numbered,83753,completed,sold,1,2026-06-08 17:45:44.877574+00,2026-06-08 17:45:54.684003+00,2026-06-08 17:45:54.789746+00,0.105743,9.912172,
3df5b147-368d-4b17-be7d-57ff285da116,numbered,71328,completed,sold,1,2026-06-08 17:45:44.890105+00,2026-06-08 17:45:54.81614+00,2026-06-08 17:45:54.922005+00,0.105865,10.031900,
46fe9d9f-2d23-40bf-95fc-4befa8acbb9e,numbered,60035,completed,sold,1,2026-06-08 17:45:44.902514+00,2026-06-08 17:45:54.947347+00,2026-06-08 17:45:55.052959+00,0.105612,10.150445,
cef3c8cd-fc0e-40cd-98e3-ddf9b73ddac2,numbered,79027,completed,sold,1,2026-06-08 17:45:44.91474+00,2026-06-08 17:45:55.079492+00,2026-06-08 17:45:55.185278+00,0.105786,10.270538,
519430a6-175b-4050-95bc-45d9122bc3e9,numbered,63472,completed,sold,1,2026-06-08 17:45:44.927385+00,2026-06-08 17:45:55.210323+00,2026-06-08 17:45:55.316248+00,0.105925,10.388863,
e6d8c49c-44a6-4a36-9fa9-da8653bf3211,numbered,48511,completed,sold,1,2026-06-08 17:45:44.940022+00,2026-06-08 17:45:55.341418+00,2026-06-08 17:45:55.446971+00,0.105553,10.506949,
acbd7337-1eeb-4ce4-bfe3-c74d9755aa83,numbered,76447,completed,sold,1,2026-06-08 17:45:44.952377+00,2026-06-08 17:45:55.47195+00,2026-06-08 17:45:55.577268+00,0.105318,10.624891,
95914163-3481-4600-ac12-22166606e39e,numbered,917,completed,sold,1,2026-06-08 17:45:44.964748+00,2026-06-08 17:45:55.601936+00,2026-06-08 17:45:55.707215+00,0.105279,10.742467,
86d41914-4ebe-4c55-b5be-43928d691b65,numbered,6972,completed,sold,1,2026-06-08 17:45:44.977978+00,2026-06-08 17:45:55.732304+00,2026-06-08 17:45:55.837777+00,0.105473,10.859799,
fa94ca6b-5c98-4cd1-8cd2-55b4d08f8159,numbered,56115,completed,sold,1,2026-06-08 17:45:44.990278+00,2026-06-08 17:45:55.863717+00,2026-06-08 17:45:55.969369+00,0.105652,10.979091,
8dafa289-21d2-4d74-a10d-d4636f72d439,numbered,50570,completed,sold,1,2026-06-08 17:45:45.018275+00,2026-06-08 17:45:55.994261+00,2026-06-08 17:45:56.099795+00,0.105534,11.081520,
13159307-1845-429c-81d0-6f0a616b4277,numbered,79168,completed,sold,1,2026-06-08 17:45:45.022565+00,2026-06-08 17:45:56.124646+00,2026-06-08 17:45:56.230424+00,0.105778,11.207859,
b690345a-fac9-445c-8165-586edace6f0c,numbered,89088,completed,sold,1,2026-06-08 17:45:45.029089+00,2026-06-08 17:45:56.255897+00,2026-06-08 17:45:56.361734+00,0.105837,11.332645,
162351f4-2976-4fd4-b12c-489330c227d9,numbered,55266,completed,sold,1,2026-06-08 17:45:45.040209+00,2026-06-08 17:45:56.387735+00,2026-06-08 17:45:56.493297+00,0.105562,11.453088,
b004b9de-01ef-4e27-a960-68ff7f1fab76,numbered,10392,completed,sold,1,2026-06-08 17:45:45.052566+00,2026-06-08 17:45:56.518431+00,2026-06-08 17:45:56.624132+00,0.105701,11.571566,
bdfb22c7-c407-4a6a-8111-32063c0371e9,numbered,89895,completed,sold,1,2026-06-08 17:45:45.065297+00,2026-06-08 17:45:56.649271+00,2026-06-08 17:45:56.75469+00,0.105419,11.689393,
459689bd-2bd9-4a46-a1c6-aa40b597a34a,numbered,26075,completed,sold,1,2026-06-08 17:45:45.079831+00,2026-06-08 17:45:56.77969+00,2026-06-08 17:45:56.885164+00,0.105474,11.805333,
db5131c2-241d-4311-9a93-4bfb5c666410,numbered,85173,completed,sold,1,2026-06-08 17:45:45.090669+00,2026-06-08 17:45:56.910289+00,2026-06-08 17:45:57.016125+00,0.105836,11.925456,
c30018f0-ec64-46af-a13b-b23eeff35409,numbered,25677,completed,sold,1,2026-06-08 17:45:45.103088+00,2026-06-08 17:45:57.041723+00,2026-06-08 17:45:57.147623+00,0.105900,12.044535,
58c13475-2f5e-4b56-b226-9d37065251c0,numbered,66140,completed,sold,1,2026-06-08 17:45:45.115335+00,2026-06-08 17:45:57.173236+00,2026-06-08 17:45:57.278948+00,0.105712,12.163613,
c268f403-0167-4d69-badc-60100c56a92b,numbered,5269,completed,sold,1,2026-06-08 17:45:45.127607+00,2026-06-08 17:45:57.305025+00,2026-06-08 17:45:57.410648+00,0.105623,12.283041,
f7088bac-395d-4e88-b67c-8f631ba6ef4a,numbered,65604,completed,sold,1,2026-06-08 17:45:45.143492+00,2026-06-08 17:45:57.436926+00,2026-06-08 17:45:57.542315+00,0.105389,12.398823,
42bc0428-afc4-4b8d-9646-ce6f2b799e49,numbered,77705,completed,sold,1,2026-06-08 17:45:45.152592+00,2026-06-08 17:45:57.569737+00,2026-06-08 17:45:57.675696+00,0.105959,12.523104,
7c8c903f-582f-435d-8988-efa5a85aeef5,numbered,16528,completed,sold,1,2026-06-08 17:45:45.165157+00,2026-06-08 17:45:57.701192+00,2026-06-08 17:45:57.806566+00,0.105374,12.641409,
5bbbbb19-0bfd-4c2d-9130-f1b7c705c75e,numbered,68170,completed,sold,1,2026-06-08 17:45:45.178029+00,2026-06-08 17:45:57.831811+00,2026-06-08 17:45:57.937453+00,0.105642,12.759424,
754cbc2d-2495-40ac-82c2-52379c4eb018,numbered,16310,completed,sold,1,2026-06-08 17:45:45.190383+00,2026-06-08 17:45:57.962568+00,2026-06-08 17:45:58.068283+00,0.105715,12.877900,
c5ccff09-d19e-4bcb-88dd-92b402a4009e,numbered,55285,completed,sold,1,2026-06-08 17:45:45.202688+00,2026-06-08 17:45:58.093696+00,2026-06-08 17:45:58.199452+00,0.105756,12.996764,
858c40fe-9a25-462b-ab03-51881f9e76e0,numbered,81322,completed,sold,1,2026-06-08 17:45:45.215138+00,2026-06-08 17:45:58.224756+00,2026-06-08 17:45:58.330437+00,0.105681,13.115299,
53784b54-7379-4c35-b921-8bc3f73e6b19,numbered,30992,completed,sold,1,2026-06-08 17:45:45.227685+00,2026-06-08 17:45:58.356084+00,2026-06-08 17:45:58.462024+00,0.105940,13.234339,
a6cef011-f1f3-46a6-9bd0-34c1debf0b95,numbered,89263,completed,sold,1,2026-06-08 17:45:45.240069+00,2026-06-08 17:45:58.486886+00,2026-06-08 17:45:58.592472+00,0.105586,13.352403,
7bdeba29-98ac-4397-b295-e6a47aca4f27,numbered,77446,completed,sold,1,2026-06-08 17:45:45.252599+00,2026-06-08 17:45:58.618254+00,2026-06-08 17:45:58.723648+00,0.105394,13.471049,
f626e81e-cbba-4b81-b55b-dc12272a878d,numbered,29881,completed,sold,1,2026-06-08 17:45:45.264957+00,2026-06-08 17:45:58.749674+00,2026-06-08 17:45:58.85545+00,0.105776,13.590493,
07a9b933-7046-4d8a-8c20-f32c23586f2a,numbered,85440,completed,sold,1,2026-06-08 17:45:45.277687+00,2026-06-08 17:45:58.880668+00,2026-06-08 17:45:58.986206+00,0.105538,13.708519,
78165018-cc96-4c75-afce-cc91658a1771,numbered,73918,completed,sold,1,2026-06-08 17:45:45.290072+00,2026-06-08 17:45:59.011203+00,2026-06-08 17:45:59.116622+00,0.105419,13.826550,
c9e8ca3e-928d-454c-9eda-6ca772d89200,numbered,62904,completed,sold,1,2026-06-08 17:45:45.302662+00,2026-06-08 17:45:59.141969+00,2026-06-08 17:45:59.247655+00,0.105686,13.944993,
e197f8b1-c5e5-4d4d-b0fc-a2b50b5ea0bb,numbered,70486,completed,sold,1,2026-06-08 17:45:45.315054+00,2026-06-08 17:45:59.272684+00,2026-06-08 17:45:59.378329+00,0.105645,14.063275,
9b9b0caf-c11a-4b69-92e2-e7baa377bff2,numbered,42931,completed,sold,1,2026-06-08 17:45:45.327372+00,2026-06-08 17:45:59.403441+00,2026-06-08 17:45:59.509123+00,0.105682,14.181751,
cd0bd26e-7d05-45ca-9c58-733f298edab9,numbered,7131,completed,sold,1,2026-06-08 17:45:45.340202+00,2026-06-08 17:45:59.534324+00,2026-06-08 17:45:59.640124+00,0.105800,14.299922,
bb5c502d-0ec1-4fee-b538-cdd72108e22f,numbered,33618,completed,sold,1,2026-06-08 17:45:45.352576+00,2026-06-08 17:45:59.664915+00,2026-06-08 17:45:59.770102+00,0.105187,14.417526,
0203f7c4-d7c4-4205-8f38-d1bcf8c781cd,numbered,47854,completed,sold,1,2026-06-08 17:45:45.365119+00,2026-06-08 17:45:59.794408+00,2026-06-08 17:45:59.899971+00,0.105563,14.534852,
3944fe0f-3227-4930-a0c6-409d0d9a7a8c,numbered,62867,completed,sold,1,2026-06-08 17:45:45.377628+00,2026-06-08 17:45:59.925326+00,2026-06-08 17:46:00.041036+00,0.115710,14.663408,
28726da8-ee0e-40ee-bbac-6ce69e47ab32,numbered,79364,completed,sold,1,2026-06-08 17:45:45.39034+00,2026-06-08 17:46:00.087539+00,2026-06-08 17:46:00.193795+00,0.106256,14.803455,
07918779-6495-4ecb-9456-1c0f68443e75,numbered,5207,completed,sold,1,2026-06-08 17:45:45.403061+00,2026-06-08 17:46:00.219794+00,2026-06-08 17:46:00.325549+00,0.105755,14.922488,
3b911199-1bc5-4def-83ed-60e4ff9717d3,numbered,38109,completed,sold,1,2026-06-08 17:45:45.415013+00,2026-06-08 17:46:00.351628+00,2026-06-08 17:46:00.457533+00,0.105905,15.042520,
e1318e30-96a8-4470-bbbe-f3c5d10105bf,numbered,78560,completed,sold,1,2026-06-08 17:45:45.42725+00,2026-06-08 17:46:00.482607+00,2026-06-08 17:46:00.588275+00,0.105668,15.161025,
a2b1ad2e-4c5f-45df-aa8d-53cc72a30b72,numbered,978,completed,sold,1,2026-06-08 17:45:45.439878+00,2026-06-08 17:46:00.612812+00,2026-06-08 17:46:00.718589+00,0.105777,15.278711,
a1c0d01f-a9ef-4466-b93e-9e52b2215b41,numbered,45589,completed,sold,1,2026-06-08 17:45:45.452352+00,2026-06-08 17:46:00.743469+00,2026-06-08 17:46:00.849208+00,0.105739,15.396856,
4288ae2a-5a1e-4818-87cf-c9e4e7c139fa,numbered,57468,completed,sold,1,2026-06-08 17:45:45.464793+00,2026-06-08 17:46:00.874574+00,2026-06-08 17:46:00.980189+00,0.105615,15.515396,
00dc9faa-839d-49b7-b548-b6f523c989df,numbered,37647,completed,sold,1,2026-06-08 17:45:45.477567+00,2026-06-08 17:46:01.0063+00,2026-06-08 17:46:01.112968+00,0.106668,15.635401,
421be976-a7d2-422a-bc9b-5c1293a3ba5d,numbered,9354,completed,sold,1,2026-06-08 17:45:45.490162+00,2026-06-08 17:46:01.154162+00,2026-06-08 17:46:01.267561+00,0.113399,15.777399,
7128839a-71a5-4d86-aa63-4e5d1a77f42e,numbered,87862,completed,sold,1,2026-06-08 17:45:45.50254+00,2026-06-08 17:46:01.358809+00,2026-06-08 17:46:01.474338+00,0.115529,15.971798,
fb808b73-6936-40be-b947-f1f4e7b4d984,numbered,22934,completed,sold,1,2026-06-08 17:45:45.515033+00,2026-06-08 17:46:01.537388+00,2026-06-08 17:46:01.65063+00,0.113242,16.135597,
93b15116-b9af-448e-b0a3-a98119320a91,numbered,30100,completed,sold,1,2026-06-08 17:45:45.527366+00,2026-06-08 17:46:01.720213+00,2026-06-08 17:46:01.830472+00,0.110259,16.303106,
8213a04c-57fb-4a98-b2cb-95947a563c2b,numbered,33844,completed,sold,1,2026-06-08 17:45:45.539869+00,2026-06-08 17:46:01.897243+00,2026-06-08 17:46:02.034771+00,0.137528,16.494902,
aaf19b2c-33a0-4112-a42c-905036ea46c3,numbered,87021,completed,sold,1,2026-06-08 17:45:45.552478+00,2026-06-08 17:46:02.08407+00,2026-06-08 17:46:02.197059+00,0.112989,16.644581,
72dff23e-a8ee-4ec9-b936-9da08c8469cb,numbered,84248,completed,sold,1,2026-06-08 17:45:45.564915+00,2026-06-08 17:46:02.239668+00,2026-06-08 17:46:02.346415+00,0.106747,16.781500,
96e5fcee-be88-4d71-b72b-ed25af9ab552,numbered,50594,completed,sold,1,2026-06-08 17:45:45.578012+00,2026-06-08 17:46:02.381216+00,2026-06-08 17:46:02.487333+00,0.106117,16.909321,
e69e4ca1-48a1-4ecd-a091-8c301001e411,numbered,78001,completed,sold,1,2026-06-08 17:45:45.590039+00,2026-06-08 17:46:02.51342+00,2026-06-08 17:46:02.619317+00,0.105897,17.029278,
a0f4371b-942d-441b-acd8-0a0e39dc9ab1,numbered,62408,completed,sold,1,2026-06-08 17:45:45.602537+00,2026-06-08 17:46:02.645767+00,2026-06-08 17:46:02.751917+00,0.106150,17.149380,
017c054b-4247-41fb-a991-3fddc5d78a6a,numbered,91086,completed,sold,1,2026-06-08 17:45:45.614897+00,2026-06-08 17:46:02.778342+00,2026-06-08 17:46:02.884251+00,0.105909,17.269354,
2a6dcc90-430d-4926-8007-36e9d78dbcaa,numbered,48706,completed,sold,1,2026-06-08 17:45:45.627334+00,2026-06-08 17:46:02.910363+00,2026-06-08 17:46:03.01617+00,0.105807,17.388836,
90ab104a-8dba-4dbe-828f-e7d75e5cefcb,numbered,8040,completed,sold,1,2026-06-08 17:45:45.639939+00,2026-06-08 17:46:03.042418+00,2026-06-08 17:46:03.148455+00,0.106037,17.508516,
6829fc17-ba0a-4109-9bb3-c8ce7d5506ca,numbered,35816,completed,sold,1,2026-06-08 17:45:45.652522+00,2026-06-08 17:46:03.173689+00,2026-06-08 17:46:03.279445+00,0.105756,17.626923,
c51c0a1b-286a-47cb-afd6-61f5f615e03d,numbered,17757,completed,sold,1,2026-06-08 17:45:45.664828+00,2026-06-08 17:46:03.306477+00,2026-06-08 17:46:03.412623+00,0.106146,17.747795,
3881623e-a3fa-43ac-88db-5cf05163eaa2,numbered,60733,completed,sold,1,2026-06-08 17:45:45.677638+00,2026-06-08 17:46:03.440332+00,2026-06-08 17:46:03.546135+00,0.105803,17.868497,
1b74d558-cbbc-43db-b976-10206260ec28,numbered,3176,completed,sold,1,2026-06-08 17:45:45.690005+00,2026-06-08 17:46:03.572436+00,2026-06-08 17:46:03.678242+00,0.105806,17.988237,
5f3064b6-dcff-4c62-9e2f-f81b798a0527,numbered,90563,completed,sold,1,2026-06-08 17:45:45.702437+00,2026-06-08 17:46:03.703519+00,2026-06-08 17:46:03.810126+00,0.106607,18.107689,
2a595ce2-d693-4d5e-b1ee-33bdb95fdd20,numbered,45531,completed,sold,1,2026-06-08 17:45:45.714793+00,2026-06-08 17:46:03.836434+00,2026-06-08 17:46:03.94225+00,0.105816,18.227457,
349fda6f-9573-4704-b279-b478f5d27089,numbered,11496,completed,sold,1,2026-06-08 17:45:45.727447+00,2026-06-08 17:46:03.967954+00,2026-06-08 17:46:04.073954+00,0.106000,18.346507,
8f91b96a-50b8-4b24-9e6c-aefbdd90208b,numbered,5199,completed,sold,1,2026-06-08 17:45:45.739863+00,2026-06-08 17:46:04.099794+00,2026-06-08 17:46:04.206059+00,0.106265,18.466196,
6ffa8e49-94c1-4202-9787-b306dff5ba49,numbered,71005,completed,sold,1,2026-06-08 17:45:45.752396+00,2026-06-08 17:46:04.235063+00,2026-06-08 17:46:04.340721+00,0.105658,18.588325,
80c73621-6562-49e3-8c7d-e836631f9819,numbered,12640,completed,sold,1,2026-06-08 17:45:45.7648+00,2026-06-08 17:46:04.367192+00,2026-06-08 17:46:04.473466+00,0.106274,18.708666,
f73d193f-43c3-46dd-b7b8-b5eca5ff77bd,numbered,49877,completed,sold,1,2026-06-08 17:45:45.777551+00,2026-06-08 17:46:04.500027+00,2026-06-08 17:46:04.606092+00,0.106065,18.828541,
2f63bc6a-ffdf-4dca-adc0-075c64ae5bc2,numbered,87951,completed,sold,1,2026-06-08 17:45:45.790126+00,2026-06-08 17:46:04.631257+00,2026-06-08 17:46:04.736989+00,0.105732,18.946863,
c0e462cb-e252-4eb2-a8e2-561dd72aca1b,numbered,62735,completed,sold,1,2026-06-08 17:45:45.80263+00,2026-06-08 17:46:04.762604+00,2026-06-08 17:46:04.868277+00,0.105673,19.065647,
b7482218-6142-4672-93ba-effdcbbaa1ca,numbered,92127,completed,sold,1,2026-06-08 17:45:45.815112+00,2026-06-08 17:46:04.894359+00,2026-06-08 17:46:05.000274+00,0.105915,19.185162,
eee1da95-62b0-4a53-8e15-bb189463c8ea,numbered,32302,completed,sold,1,2026-06-08 17:45:45.827365+00,2026-06-08 17:46:05.025937+00,2026-06-08 17:46:05.131669+00,0.105732,19.304304,
b77d2f06-78cf-410a-8340-f533dcb54c2e,numbered,15908,completed,sold,1,2026-06-08 17:45:45.840009+00,2026-06-08 17:46:05.157529+00,2026-06-08 17:46:05.263466+00,0.105937,19.423457,
aca180ae-1795-4117-93ef-dc4fe947b342,numbered,74785,completed,sold,1,2026-06-08 17:45:45.852303+00,2026-06-08 17:46:05.28929+00,2026-06-08 17:46:05.395039+00,0.105749,19.542736,
bd85543a-9741-4c3e-a6fd-cecd6281562f,numbered,28764,completed,sold,1,2026-06-08 17:45:45.864996+00,2026-06-08 17:46:05.420759+00,2026-06-08 17:46:05.526329+00,0.105570,19.661333,
fc7dc833-1450-4166-ab27-f450f5211f41,numbered,9828,completed,sold,1,2026-06-08 17:45:45.877426+00,2026-06-08 17:46:05.551588+00,2026-06-08 17:46:05.657524+00,0.105936,19.780098,
0414a6b4-b9ef-4df6-9e49-75b3c15789ba,numbered,44084,completed,sold,1,2026-06-08 17:45:45.889995+00,2026-06-08 17:46:05.683885+00,2026-06-08 17:46:05.789635+00,0.105750,19.899640,
1acc9ac2-dfe0-4bfb-a2c3-b81656d2e9fc,numbered,35566,completed,sold,1,2026-06-08 17:45:45.902676+00,2026-06-08 17:46:05.817044+00,2026-06-08 17:46:05.922768+00,0.105724,20.020092,
0d079381-88a4-4983-a900-b1b3b9de58da,numbered,53378,completed,sold,1,2026-06-08 17:45:45.914892+00,2026-06-08 17:46:05.947881+00,2026-06-08 17:46:06.054146+00,0.106265,20.139254,
4b9fe172-9d98-495a-9db4-d9e6451f3942,numbered,81974,completed,sold,1,2026-06-08 17:45:45.927427+00,2026-06-08 17:46:06.088915+00,2026-06-08 17:46:06.194748+00,0.105833,20.267321,
4751281c-7b4e-40e9-9b88-9749f6edda5c,numbered,79244,completed,sold,1,2026-06-08 17:45:45.940097+00,2026-06-08 17:46:06.221373+00,2026-06-08 17:46:06.327276+00,0.105903,20.387179,
f6079a15-c45b-4c69-8be5-4627ee43adc5,numbered,24797,completed,sold,1,2026-06-08 17:45:45.952369+00,2026-06-08 17:46:06.354365+00,2026-06-08 17:46:06.460633+00,0.106268,20.508264,
bde17344-ca15-41c2-8ce8-e973b113c543,numbered,2447,completed,sold,1,2026-06-08 17:45:45.964722+00,2026-06-08 17:46:06.487547+00,2026-06-08 17:46:06.593408+00,0.105861,20.628686,
6add4ed2-d99e-4698-b302-1ee06207af62,numbered,65902,completed,sold,1,2026-06-08 17:45:45.977212+00,2026-06-08 17:46:06.618349+00,2026-06-08 17:46:06.724139+00,0.105790,20.746927,
64312c5c-ebcd-4ac1-9e0b-51507c56186a,numbered,25225,completed,sold,1,2026-06-08 17:45:45.989945+00,2026-06-08 17:46:06.75078+00,2026-06-08 17:46:06.856367+00,0.105587,20.866422,
96c67122-2da4-48d9-b4c7-471c100870e0,numbered,50423,completed,sold,1,2026-06-08 17:45:46.002703+00,2026-06-08 17:46:06.882644+00,2026-06-08 17:46:06.988209+00,0.105565,20.985506,
d8f2b6bf-dc49-4249-82f9-b3102948b3ea,numbered,38996,completed,sold,1,2026-06-08 17:45:46.014918+00,2026-06-08 17:46:07.013226+00,2026-06-08 17:46:07.119211+00,0.105985,21.104293,
5c87bb4a-adc2-413d-b3ae-2fe90752068f,numbered,77005,completed,sold,1,2026-06-08 17:45:46.027554+00,2026-06-08 17:46:07.144814+00,2026-06-08 17:46:07.25066+00,0.105846,21.223106,
b8929e58-d609-4518-a928-e31a8a378455,numbered,68796,completed,sold,1,2026-06-08 17:45:46.040203+00,2026-06-08 17:46:07.276205+00,2026-06-08 17:46:07.382148+00,0.105943,21.341945,
b855fd21-2eab-4aae-9c86-76f47618faed,numbered,52446,completed,sold,1,2026-06-08 17:45:46.05264+00,2026-06-08 17:46:07.407811+00,2026-06-08 17:46:07.513435+00,0.105624,21.460795,
6a4b5f89-ac8e-42ad-bb7d-d84cc4b151f2,numbered,96425,completed,sold,1,2026-06-08 17:45:46.064929+00,2026-06-08 17:46:07.538533+00,2026-06-08 17:46:07.644041+00,0.105508,21.579112,
be53f2d1-c8ba-4c57-93b9-86eeb569f1e9,numbered,66668,completed,sold,1,2026-06-08 17:45:46.077503+00,2026-06-08 17:46:07.670357+00,2026-06-08 17:46:07.776062+00,0.105705,21.698559,
a57b84f0-255a-45b5-aedb-a795dd5f23a4,numbered,25553,completed,sold,1,2026-06-08 17:45:46.089986+00,2026-06-08 17:46:07.801005+00,2026-06-08 17:46:07.906668+00,0.105663,21.816682,
8c2cbc9f-e3bf-4724-a843-1b2bb1c521ae,numbered,42487,completed,sold,1,2026-06-08 17:45:46.102583+00,2026-06-08 17:46:07.932182+00,2026-06-08 17:46:08.038136+00,0.105954,21.935553,
12ca6ed0-06ea-4cdd-a6f1-764d1ae0cda2,numbered,63057,completed,sold,1,2026-06-08 17:45:46.114748+00,2026-06-08 17:46:08.063671+00,2026-06-08 17:46:08.169637+00,0.105966,22.054889,
93899cfe-31e9-42da-a1aa-57e55c9dc68e,numbered,57720,completed,sold,1,2026-06-08 17:45:46.127338+00,2026-06-08 17:46:08.195236+00,2026-06-08 17:46:08.303455+00,0.108219,22.176117,
eef3dd94-5a1e-467a-9683-10a1b2f1d72e,numbered,84216,completed,sold,1,2026-06-08 17:45:46.139819+00,2026-06-08 17:46:08.330162+00,2026-06-08 17:46:08.436106+00,0.105944,22.296287,
741340ea-9edd-41cc-94ea-db9c9042d2d9,numbered,1317,completed,sold,1,2026-06-08 17:45:46.152498+00,2026-06-08 17:46:08.461464+00,2026-06-08 17:46:08.567353+00,0.105889,22.414855,
abfc4e85-46e8-4531-83b1-888a79c126d6,numbered,49111,completed,sold,1,2026-06-08 17:45:46.164948+00,2026-06-08 17:46:08.592616+00,2026-06-08 17:46:08.698319+00,0.105703,22.533371,
a010f9b7-0d98-4610-807f-29b8ceaf00e9,numbered,6977,completed,sold,1,2026-06-08 17:45:46.177455+00,2026-06-08 17:46:08.726504+00,2026-06-08 17:46:08.83231+00,0.105806,22.654855,
d5feabf7-d864-487d-bd99-6fbf6c70ad9e,numbered,31646,completed,sold,1,2026-06-08 17:45:46.190284+00,2026-06-08 17:46:08.858293+00,2026-06-08 17:46:08.963862+00,0.105569,22.773578,
ada08ff0-1441-4e3a-9a9a-44952fb31c3c,numbered,65356,completed,sold,1,2026-06-08 17:45:46.202594+00,2026-06-08 17:46:08.989022+00,2026-06-08 17:46:09.094596+00,0.105574,22.892002,
286110f4-731f-4d79-9f4a-af0a96dc62e4,numbered,4568,completed,sold,1,2026-06-08 17:45:46.214934+00,2026-06-08 17:46:09.11986+00,2026-06-08 17:46:09.225592+00,0.105732,23.010658,
d51c4ce7-526f-49e4-8a43-1982bf21dd8d,numbered,59776,completed,sold,1,2026-06-08 17:45:46.227255+00,2026-06-08 17:46:09.251604+00,2026-06-08 17:46:09.357324+00,0.105720,23.130069,
6c01eac7-74bb-4e11-9a2c-600d59d36a5d,numbered,85910,completed,sold,1,2026-06-08 17:45:46.239764+00,2026-06-08 17:46:09.383283+00,2026-06-08 17:46:09.488993+00,0.105710,23.249229,
96033f12-a528-44e1-9f0d-fa0144000aeb,numbered,12562,completed,sold,1,2026-06-08 17:45:46.252353+00,2026-06-08 17:46:09.514587+00,2026-06-08 17:46:09.620348+00,0.105761,23.367995,
95e2343d-17d3-4fd4-b21c-151464cb2c35,numbered,74833,completed,sold,1,2026-06-08 17:45:46.264877+00,2026-06-08 17:46:09.646205+00,2026-06-08 17:46:09.751975+00,0.105770,23.487098,
d86c3cb0-4e2b-4529-9f48-257597e6663b,numbered,15022,completed,sold,1,2026-06-08 17:45:46.277715+00,2026-06-08 17:46:09.77704+00,2026-06-08 17:46:09.882715+00,0.105675,23.605000,
96f358c8-33bd-471a-baf4-2085736d5ee8,numbered,97031,completed,sold,1,2026-06-08 17:45:46.290099+00,2026-06-08 17:46:09.908276+00,2026-06-08 17:46:10.014092+00,0.105816,23.723993,
b858f1d1-21be-408e-97aa-d281693ee0e3,numbered,94362,completed,sold,1,2026-06-08 17:45:46.302607+00,2026-06-08 17:46:10.03982+00,2026-06-08 17:46:10.145725+00,0.105905,23.843118,
29ab093b-294f-41fd-8175-9d9211caa2bb,numbered,96766,completed,sold,1,2026-06-08 17:45:46.314884+00,2026-06-08 17:46:10.171387+00,2026-06-08 17:46:10.277419+00,0.106032,23.962535,
6cf77dfc-e34c-43d6-8785-d83fc67f058a,numbered,4059,completed,sold,1,2026-06-08 17:45:46.328292+00,2026-06-08 17:46:10.303672+00,2026-06-08 17:46:10.409402+00,0.105730,24.081110,
f7427180-d72c-4974-aabc-e0c3ccc813b4,numbered,79969,completed,sold,1,2026-06-08 17:45:46.339962+00,2026-06-08 17:46:10.435327+00,2026-06-08 17:46:10.540745+00,0.105418,24.200783,
2608daff-2817-4a7e-939a-cc3d14c48800,numbered,1864,completed,sold,1,2026-06-08 17:45:46.352376+00,2026-06-08 17:46:10.566836+00,2026-06-08 17:46:10.672326+00,0.105490,24.319950,
704159aa-2b73-40c9-893d-f198ad228441,numbered,25314,completed,sold,1,2026-06-08 17:45:46.364957+00,2026-06-08 17:46:10.697861+00,2026-06-08 17:46:10.803554+00,0.105693,24.438597,
24c5320b-b2bc-4324-bfe6-b6f6a507eb2b,numbered,70585,completed,sold,1,2026-06-08 17:45:46.377194+00,2026-06-08 17:46:10.829622+00,2026-06-08 17:46:10.935489+00,0.105867,24.558295,
2dd1a342-42bc-46e1-ad86-3c0d541239a1,numbered,91984,completed,sold,1,2026-06-08 17:45:46.390139+00,2026-06-08 17:46:10.960838+00,2026-06-08 17:46:11.067219+00,0.106381,24.677080,
5105b3c4-a5a2-4a04-ad1e-37bc8333c476,numbered,70452,completed,sold,1,2026-06-08 17:45:46.40254+00,2026-06-08 17:46:11.092898+00,2026-06-08 17:46:11.198567+00,0.105669,24.796027,
51ee645f-d048-442c-82ac-ac3fc11397a9,numbered,84230,completed,sold,1,2026-06-08 17:45:46.414908+00,2026-06-08 17:46:11.224127+00,2026-06-08 17:46:11.330063+00,0.105936,24.915155,
caaf4d96-ced2-4ce7-8b77-79a051520a9f,numbered,63692,completed,sold,1,2026-06-08 17:45:46.427418+00,2026-06-08 17:46:11.35593+00,2026-06-08 17:46:11.462013+00,0.106083,25.034595,
2f29bfdc-5ce7-489e-9fbc-93a7c09cb5ee,numbered,61454,completed,sold,1,2026-06-08 17:45:46.439859+00,2026-06-08 17:46:11.486876+00,2026-06-08 17:46:11.592171+00,0.105295,25.152312,
07ce02e0-eb10-48f8-a41c-207a64af0a75,numbered,36114,completed,sold,1,2026-06-08 17:45:46.452589+00,2026-06-08 17:46:11.585391+00,2026-06-08 17:46:11.690241+00,0.104850,25.237652,
7dc8b4f9-fe1c-4072-b963-5027b71b2448,numbered,54612,completed,sold,1,2026-06-08 17:45:46.464901+00,2026-06-08 17:46:11.617618+00,2026-06-08 17:46:11.723469+00,0.105851,25.258568,
b502c34e-5f58-41c8-940d-63936b39f040,numbered,46480,completed,sold,1,2026-06-08 17:45:46.477622+00,2026-06-08 17:46:11.647917+00,2026-06-08 17:46:11.753788+00,0.105871,25.276166,
80d6dec6-e789-4184-8e7d-c64197f1a02d,numbered,23721,completed,sold,1,2026-06-08 17:45:46.489991+00,2026-06-08 17:46:11.712099+00,2026-06-08 17:46:11.817013+00,0.104914,25.327022,
e41cd1ac-0cca-49f4-b691-1d8e5dbed9c9,numbered,17784,completed,sold,1,2026-06-08 17:45:46.502559+00,2026-06-08 17:46:11.749446+00,2026-06-08 17:46:11.85519+00,0.105744,25.352631,
4acf6c26-dc0f-4752-a066-2144723d4e19,numbered,46532,completed,sold,1,2026-06-08 17:45:46.51496+00,2026-06-08 17:46:11.78034+00,2026-06-08 17:46:11.885908+00,0.105568,25.370948,
fa6b7a75-5aed-4f7d-b0a0-25cac41aa13d,numbered,51231,completed,sold,1,2026-06-08 17:45:46.527569+00,2026-06-08 17:46:11.838552+00,2026-06-08 17:46:11.943279+00,0.104727,25.415710,
b0ec2391-1f5b-4e3f-a021-e91b4c569619,numbered,10046,completed,sold,1,2026-06-08 17:45:46.539975+00,2026-06-08 17:46:11.879707+00,2026-06-08 17:46:11.985359+00,0.105652,25.445384,
b72c5827-7366-4e18-91d6-0e47d591d847,numbered,48857,completed,sold,1,2026-06-08 17:45:46.55256+00,2026-06-08 17:46:11.911917+00,2026-06-08 17:46:12.01756+00,0.105643,25.465000,
54cfec07-459d-4531-bf23-f1ba9314e868,numbered,58494,completed,sold,1,2026-06-08 17:45:46.565042+00,2026-06-08 17:46:11.964877+00,2026-06-08 17:46:12.069577+00,0.104700,25.504535,
d8cf915a-75d0-44c9-8c77-504dc689f789,numbered,19933,completed,sold,1,2026-06-08 17:45:46.577693+00,2026-06-08 17:46:12.010662+00,2026-06-08 17:46:12.116486+00,0.105824,25.538793,
b031e59f-4753-4e1c-afe1-9c5fd919315c,numbered,77278,completed,sold,1,2026-06-08 17:45:46.590152+00,2026-06-08 17:46:12.043461+00,2026-06-08 17:46:12.149015+00,0.105554,25.558863,
d86c8d32-cdf8-47ab-b1e8-67972427f51b,numbered,9853,completed,sold,1,2026-06-08 17:45:46.602666+00,2026-06-08 17:46:12.091427+00,2026-06-08 17:46:12.19605+00,0.104623,25.593384,
56856f93-6caa-4ed6-9f57-d28534b4929a,numbered,12511,completed,sold,1,2026-06-08 17:45:46.614994+00,2026-06-08 17:46:12.141616+00,2026-06-08 17:46:12.247338+00,0.105722,25.632344,
d73ddeec-15a8-48a9-9488-c23f1dabe229,numbered,74408,completed,sold,1,2026-06-08 17:45:46.627232+00,2026-06-08 17:46:12.175518+00,2026-06-08 17:46:12.281802+00,0.106284,25.654570,
52e5e89d-fe2d-4ff4-aa7a-055e14fb52b9,numbered,82153,completed,sold,1,2026-06-08 17:45:46.639816+00,2026-06-08 17:46:12.218163+00,2026-06-08 17:46:12.323238+00,0.105075,25.683422,
99a70b4d-08a1-4af7-a8a7-db56d4a57d3e,numbered,56728,completed,sold,1,2026-06-08 17:45:46.664893+00,2026-06-08 17:46:12.27264+00,2026-06-08 17:46:12.378504+00,0.105864,25.713611,
fc175871-3e17-4d76-9fed-85a779923cae,numbered,14008,completed,sold,1,2026-06-08 17:45:46.677599+00,2026-06-08 17:46:12.273794+00,2026-06-08 17:46:12.379573+00,0.105779,25.701974,
9905387a-bf34-4c41-8189-f41997135be9,numbered,28024,completed,sold,1,2026-06-08 17:45:46.690286+00,2026-06-08 17:46:12.287309+00,2026-06-08 17:46:12.392793+00,0.105484,25.702507,
7507ac97-23b6-4cf0-b348-01026e53eb3b,numbered,89983,completed,sold,1,2026-06-08 17:45:46.702579+00,2026-06-08 17:46:12.308246+00,2026-06-08 17:46:12.414403+00,0.106157,25.711824,
949fb63e-10a2-41d3-ae29-1a109dc13d08,numbered,39094,completed,sold,1,2026-06-08 17:45:46.65239+00,2026-06-08 17:46:12.315554+00,2026-06-08 17:46:12.42044+00,0.104886,25.768050,
9f8982fe-491c-40b2-b096-89d1ff1c1f0b,numbered,93776,completed,sold,1,2026-06-08 17:45:46.714891+00,2026-06-08 17:46:12.345451+00,2026-06-08 17:46:12.45013+00,0.104679,25.735239,
beac66b3-e911-4aad-b498-1cc7773a2260,numbered,50951,completed,sold,1,2026-06-08 17:45:46.727397+00,2026-06-08 17:46:12.40578+00,2026-06-08 17:46:12.511632+00,0.105852,25.784235,
7232e6ef-9076-4d9b-b894-84a808213c4c,numbered,96641,completed,sold,1,2026-06-08 17:45:46.739859+00,2026-06-08 17:46:12.407601+00,2026-06-08 17:46:12.513524+00,0.105923,25.773665,
6543ca0b-a9fe-4465-96de-06d2d3db6bf3,numbered,13117,completed,sold,1,2026-06-08 17:45:46.752351+00,2026-06-08 17:46:12.42253+00,2026-06-08 17:46:12.528003+00,0.105473,25.775652,
e4e7308f-b176-4039-9ee4-b30a577e5305,numbered,71963,completed,sold,1,2026-06-08 17:45:46.777497+00,2026-06-08 17:46:12.443218+00,2026-06-08 17:46:12.550057+00,0.106839,25.772560,
314317b6-c367-49a7-a170-0edf2cdf9551,numbered,2878,completed,sold,1,2026-06-08 17:45:46.764872+00,2026-06-08 17:46:12.443953+00,2026-06-08 17:46:12.55077+00,0.106817,25.785898,
b254c720-2b46-4029-90fe-a0c00a7d8d42,numbered,58355,completed,sold,1,2026-06-08 17:45:46.790013+00,2026-06-08 17:46:12.47239+00,2026-06-08 17:46:12.577674+00,0.105284,25.787661,
f2a27497-5feb-436c-976d-bb6ccb88da4d,numbered,66033,completed,sold,1,2026-06-08 17:45:46.802605+00,2026-06-08 17:46:12.539679+00,2026-06-08 17:46:12.645319+00,0.105640,25.842714,
7e8919f3-6923-45a9-83f2-c78e1dd6c0c5,numbered,46198,completed,sold,1,2026-06-08 17:45:46.814887+00,2026-06-08 17:46:12.544495+00,2026-06-08 17:46:12.6503+00,0.105805,25.835413,
cc598160-21b5-40fb-a475-5353c037ad98,numbered,55694,completed,sold,1,2026-06-08 17:45:46.827441+00,2026-06-08 17:46:12.56024+00,2026-06-08 17:46:12.666418+00,0.106178,25.838977,
fd1009eb-044b-4447-9baa-2e1898f40de8,numbered,61591,completed,sold,1,2026-06-08 17:45:46.839856+00,2026-06-08 17:46:12.578969+00,2026-06-08 17:46:12.683686+00,0.104717,25.843830,
b9946a2b-532c-443e-aaa7-4554a18224fe,numbered,44009,completed,sold,1,2026-06-08 17:45:46.852462+00,2026-06-08 17:46:12.582595+00,2026-06-08 17:46:12.688891+00,0.106296,25.836429,
8dcfe53e-a2ce-4335-8c42-75a007f74f13,numbered,36226,completed,sold,1,2026-06-08 17:45:46.865263+00,2026-06-08 17:46:12.600342+00,2026-06-08 17:46:12.705495+00,0.105153,25.840232,
31b943aa-c590-4345-a613-97ce9b313399,numbered,38914,completed,sold,1,2026-06-08 17:45:46.877508+00,2026-06-08 17:46:12.673246+00,2026-06-08 17:46:12.779312+00,0.106066,25.901804,
613430da-cf4a-4a22-a93b-bfcda5db39d4,numbered,78685,completed,sold,1,2026-06-08 17:45:46.890029+00,2026-06-08 17:46:12.677363+00,2026-06-08 17:46:12.782836+00,0.105473,25.892807,
e0218c34-3e3e-4abf-abf7-a8da105127bc,numbered,18522,completed,sold,1,2026-06-08 17:45:46.902427+00,2026-06-08 17:46:12.700077+00,2026-06-08 17:46:12.806304+00,0.106227,25.903877,
1ea99e44-13ca-4451-b051-37f6b6efc7d5,numbered,85861,completed,sold,1,2026-06-08 17:45:46.914979+00,2026-06-08 17:46:12.70774+00,2026-06-08 17:46:12.814266+00,0.106526,25.899287,
2961c8e9-5c91-4a34-8085-55a656165ff3,numbered,23582,completed,sold,1,2026-06-08 17:45:46.927529+00,2026-06-08 17:46:12.716011+00,2026-06-08 17:46:12.822595+00,0.106584,25.895066,
c6b9608b-c62f-4495-a410-c77a7ed3771c,numbered,17726,completed,sold,1,2026-06-08 17:45:46.939874+00,2026-06-08 17:46:12.729311+00,2026-06-08 17:46:12.834731+00,0.105420,25.894857,
ea8a36ef-0f83-4200-81d1-d62acf7960e5,numbered,89508,completed,sold,1,2026-06-08 17:45:46.952486+00,2026-06-08 17:46:12.807592+00,2026-06-08 17:46:12.913444+00,0.105852,25.960958,
cc13486b-a791-4ead-80bc-27254f13a01a,numbered,73724,completed,sold,1,2026-06-08 17:45:46.964893+00,2026-06-08 17:46:12.808669+00,2026-06-08 17:46:12.914257+00,0.105588,25.949364,
e69da53f-c28f-416a-bedf-be55a48d033a,numbered,88003,completed,sold,1,2026-06-08 17:45:46.977541+00,2026-06-08 17:46:12.835542+00,2026-06-08 17:46:12.941997+00,0.106455,25.964456,
cfbcb3bf-ee1b-4863-9e13-ad0701366854,numbered,71575,completed,sold,1,2026-06-08 17:45:46.990281+00,2026-06-08 17:46:12.840668+00,2026-06-08 17:46:12.945939+00,0.105271,25.955658,
bdd0911b-0c03-4762-94b2-bea57c055600,numbered,46310,completed,sold,1,2026-06-08 17:45:47.002784+00,2026-06-08 17:46:12.851886+00,2026-06-08 17:46:12.95774+00,0.105854,25.954956,
d826c260-52b6-4386-a818-1a5fcb412127,numbered,79636,completed,sold,1,2026-06-08 17:45:47.014828+00,2026-06-08 17:46:12.858036+00,2026-06-08 17:46:12.963599+00,0.105563,25.948771,
9bcaf07a-01e0-4627-a4bc-53ebc93e0b3a,numbered,18557,completed,sold,1,2026-06-08 17:45:47.027374+00,2026-06-08 17:46:12.941489+00,2026-06-08 17:46:13.047289+00,0.105800,26.019915,
70a571eb-747a-4236-b881-fbd95dadbb56,numbered,4656,completed,sold,1,2026-06-08 17:45:47.039857+00,2026-06-08 17:46:12.942778+00,2026-06-08 17:46:13.048265+00,0.105487,26.008408,
ec1e5d3a-25bf-498b-83f5-7e1ea1f791dc,numbered,18549,completed,sold,1,2026-06-08 17:45:47.052446+00,2026-06-08 17:46:12.972192+00,2026-06-08 17:46:13.078305+00,0.106113,26.025859,
2a5b3665-77d9-47c8-b21e-ca1ea7be6f31,numbered,43584,completed,sold,1,2026-06-08 17:45:47.064913+00,2026-06-08 17:46:12.975629+00,2026-06-08 17:46:13.080162+00,0.104533,26.015249,
3af9c8fb-e6c2-439c-8742-8abc676cf1cb,numbered,67657,completed,sold,1,2026-06-08 17:45:47.090127+00,2026-06-08 17:46:12.98938+00,2026-06-08 17:46:13.09392+00,0.104540,26.003793,
fb4280ca-4d94-4d32-a9cd-da41771bddc5,numbered,44063,completed,sold,1,2026-06-08 17:45:47.077684+00,2026-06-08 17:46:12.991733+00,2026-06-08 17:46:13.098117+00,0.106384,26.020433,
fd3d18f9-2d96-47c2-bb2e-3e15efb2ad5a,numbered,50340,completed,sold,1,2026-06-08 17:45:47.102544+00,2026-06-08 17:46:13.074029+00,2026-06-08 17:46:13.180065+00,0.106036,26.077521,
b2903069-cfee-4fc7-98d7-f84fa1f6eddb,numbered,28121,completed,sold,1,2026-06-08 17:45:47.115081+00,2026-06-08 17:46:13.074737+00,2026-06-08 17:46:13.180568+00,0.105831,26.065487,
5a19b061-e75f-42cb-a6f6-ddddc2d9521e,numbered,27611,completed,sold,1,2026-06-08 17:45:47.127607+00,2026-06-08 17:46:13.108493+00,2026-06-08 17:46:13.213994+00,0.105501,26.086387,
2c9e5621-6913-4169-819a-cd106a291b31,numbered,75659,completed,sold,1,2026-06-08 17:45:47.140097+00,2026-06-08 17:46:13.111501+00,2026-06-08 17:46:13.216081+00,0.104580,26.075984,
b0398f4d-b072-4509-b95c-6eeac1d5ad12,numbered,69829,completed,sold,1,2026-06-08 17:45:47.152441+00,2026-06-08 17:46:13.119867+00,2026-06-08 17:46:13.225774+00,0.105907,26.073333,
1546453f-ee4b-4f52-bb6f-cde7ad2f5291,numbered,19772,completed,sold,1,2026-06-08 17:45:47.164981+00,2026-06-08 17:46:13.126598+00,2026-06-08 17:46:13.23297+00,0.106372,26.067989,
421e0c7a-9387-4bb2-82da-fa3b3410cc07,numbered,14420,completed,sold,1,2026-06-08 17:45:47.17748+00,2026-06-08 17:46:13.209263+00,2026-06-08 17:46:13.316136+00,0.106873,26.138656,
8f44fc45-0c93-4084-994f-6a6e45b2fb4c,numbered,35704,completed,sold,1,2026-06-08 17:45:47.190034+00,2026-06-08 17:46:13.209263+00,2026-06-08 17:46:13.316136+00,0.106873,26.126102,
a1eae638-0195-4ad9-85b5-3186f9fdc3ae,numbered,32248,completed,sold,1,2026-06-08 17:45:47.214975+00,2026-06-08 17:46:13.244856+00,2026-06-08 17:46:13.349903+00,0.105047,26.134928,
1f3261c4-2021-4f73-bed8-5949e289c953,numbered,5101,completed,sold,1,2026-06-08 17:45:47.202675+00,2026-06-08 17:46:13.247485+00,2026-06-08 17:46:13.353059+00,0.105574,26.150384,
8ad23a25-33b6-450c-9ca3-25afb966f177,numbered,48801,completed,sold,1,2026-06-08 17:45:47.227396+00,2026-06-08 17:46:13.252781+00,2026-06-08 17:46:13.358205+00,0.105424,26.130809,
9c98d0f9-b608-46fb-af69-13f74627c9e2,numbered,7423,completed,sold,1,2026-06-08 17:45:47.240001+00,2026-06-08 17:46:13.262407+00,2026-06-08 17:46:13.370267+00,0.107860,26.130266,
4110bb9d-8369-41d7-a268-834c72333307,numbered,126,completed,sold,1,2026-06-08 17:45:47.277233+00,2026-06-08 17:46:13.344012+00,2026-06-08 17:46:13.450533+00,0.106521,26.173300,
3ea72426-1a40-4e9e-a2e1-505ad2cd5e33,numbered,77238,completed,sold,1,2026-06-08 17:45:47.265082+00,2026-06-08 17:46:13.344296+00,2026-06-08 17:46:13.451+00,0.106704,26.185918,
2fe40596-a11a-4157-97d1-e995dbc8f675,numbered,66930,completed,sold,1,2026-06-08 17:45:47.252813+00,2026-06-08 17:46:13.287517+00,2026-06-08 17:46:13.454047+00,0.166530,26.201234,
90a61328-fc3c-49b1-b1ac-91d1ffe3c236,numbered,18104,completed,sold,1,2026-06-08 17:45:47.290277+00,2026-06-08 17:46:13.374307+00,2026-06-08 17:46:13.479653+00,0.105346,26.189376,
3274b045-2913-4bb1-ba57-85dbe86f753e,numbered,59414,completed,sold,1,2026-06-08 17:45:47.302485+00,2026-06-08 17:46:13.383415+00,2026-06-08 17:46:13.490039+00,0.106624,26.187554,
7d50d672-339e-4994-9a7b-02b2504f8ce4,numbered,69774,completed,sold,1,2026-06-08 17:45:47.315058+00,2026-06-08 17:46:13.386306+00,2026-06-08 17:46:13.491925+00,0.105619,26.176867,
da64e74a-eb49-45d4-abe7-42a151355820,numbered,78661,completed,sold,1,2026-06-08 17:45:47.32764+00,2026-06-08 17:46:13.399034+00,2026-06-08 17:46:13.505546+00,0.106512,26.177906,
3fe66724-d64d-49cb-af1f-94976f6c6dbc,numbered,9278,completed,sold,1,2026-06-08 17:45:47.340105+00,2026-06-08 17:46:13.481088+00,2026-06-08 17:46:13.58747+00,0.106382,26.247365,
a28299fb-44c8-46ca-8576-108f4f906fc5,numbered,81069,completed,sold,1,2026-06-08 17:45:47.364954+00,2026-06-08 17:46:13.481452+00,2026-06-08 17:46:13.588012+00,0.106560,26.223058,
195882a6-cd69-4887-8067-5d70df931ddd,numbered,52185,completed,sold,1,2026-06-08 17:45:47.352603+00,2026-06-08 17:46:13.483829+00,2026-06-08 17:46:13.590091+00,0.106262,26.237488,
c12eddf7-2293-43e5-884e-d413904d57c3,numbered,40709,completed,sold,1,2026-06-08 17:45:47.377601+00,2026-06-08 17:46:13.507428+00,2026-06-08 17:46:13.613295+00,0.105867,26.235694,
d0ea7932-540f-433f-bf54-6fea767842d7,numbered,12974,completed,sold,1,2026-06-08 17:45:47.402675+00,2026-06-08 17:46:13.519051+00,2026-06-08 17:46:13.624367+00,0.105316,26.221692,
9ca1e8aa-8a68-48f6-bc74-2936648db7d3,numbered,38913,completed,sold,1,2026-06-08 17:45:47.390278+00,2026-06-08 17:46:13.521227+00,2026-06-08 17:46:13.627144+00,0.105917,26.236866,
d7cbc2c3-3b33-4841-975d-abdcec612832,numbered,75935,completed,sold,1,2026-06-08 17:45:47.415544+00,2026-06-08 17:46:13.534931+00,2026-06-08 17:46:13.641519+00,0.106588,26.225975,
d94409e4-b25f-4e45-aaea-c7eba7284a96,numbered,72717,completed,sold,1,2026-06-08 17:45:47.439713+00,2026-06-08 17:46:13.616883+00,2026-06-08 17:46:13.721082+00,0.104199,26.281369,
56ccc969-8a2f-43c4-888d-0ea80a2816d5,numbered,69942,completed,sold,1,2026-06-08 17:45:47.427287+00,2026-06-08 17:46:13.621541+00,2026-06-08 17:46:13.729373+00,0.107832,26.302086,
1d36e910-ce23-42fe-81e6-e9d0b387451d,numbered,17502,completed,sold,1,2026-06-08 17:45:47.452522+00,2026-06-08 17:46:13.624734+00,2026-06-08 17:46:13.730866+00,0.106132,26.278344,
d8539612-95d7-4a89-8311-972895d99ebc,numbered,17090,completed,sold,1,2026-06-08 17:45:47.46494+00,2026-06-08 17:46:13.643586+00,2026-06-08 17:46:13.748167+00,0.104581,26.283227,
a194930d-fa65-40e9-848b-0ccb90023c77,numbered,68496,completed,sold,1,2026-06-08 17:45:47.477519+00,2026-06-08 17:46:13.648553+00,2026-06-08 17:46:13.7548+00,0.106247,26.277281,
b49db877-54f7-4f11-9beb-eee35470145f,numbered,62146,completed,sold,1,2026-06-08 17:45:47.490202+00,2026-06-08 17:46:13.657444+00,2026-06-08 17:46:13.763503+00,0.106059,26.273301,
ee0c622d-880e-4192-97c6-ed6d9c307154,numbered,42543,completed,sold,1,2026-06-08 17:45:47.502538+00,2026-06-08 17:46:13.671819+00,2026-06-08 17:46:13.778933+00,0.107114,26.276395,
6b14e090-7e6f-45da-afac-c5dc9cc3b203,numbered,85186,completed,sold,1,2026-06-08 17:45:47.527415+00,2026-06-08 17:46:13.744584+00,2026-06-08 17:46:13.848722+00,0.104138,26.321307,
d25a3da3-a8d5-46c1-9be2-5a54e62d7357,numbered,67349,completed,sold,1,2026-06-08 17:45:47.539816+00,2026-06-08 17:46:13.765488+00,2026-06-08 17:46:13.871603+00,0.106115,26.331787,
ed05b4a1-5455-4bcf-8e47-629f3608c3bb,numbered,6106,completed,sold,1,2026-06-08 17:45:47.552176+00,2026-06-08 17:46:13.766474+00,2026-06-08 17:46:13.872374+00,0.105900,26.320198,
00e2a8e2-f238-474e-b136-fc6b1bee91f8,numbered,31161,completed,sold,1,2026-06-08 17:45:47.514887+00,2026-06-08 17:46:13.77835+00,2026-06-08 17:46:13.884183+00,0.105833,26.369296,
b980956c-ff5e-4c43-99f4-fd789131c071,numbered,81141,completed,sold,1,2026-06-08 17:45:47.564772+00,2026-06-08 17:46:13.781044+00,2026-06-08 17:46:13.886313+00,0.105269,26.321541,
48671476-8032-4b5b-89c9-61ed78edef44,numbered,9110,completed,sold,1,2026-06-08 17:45:47.577351+00,2026-06-08 17:46:13.783486+00,2026-06-08 17:46:13.888642+00,0.105156,26.311291,
f458d3ae-569e-4478-bd5c-005884a8e4be,numbered,32050,completed,sold,1,2026-06-08 17:45:47.590091+00,2026-06-08 17:46:13.797924+00,2026-06-08 17:46:13.904212+00,0.106288,26.314121,
d508887d-9b9c-42a3-ae33-8e709a5b993f,numbered,71514,completed,sold,1,2026-06-08 17:45:47.602535+00,2026-06-08 17:46:13.80492+00,2026-06-08 17:46:13.911153+00,0.106233,26.308618,
9b4c2824-9945-47b9-bc64-ce6d75c75c1e,numbered,78817,completed,sold,1,2026-06-08 17:45:47.614948+00,2026-06-08 17:46:13.868664+00,2026-06-08 17:46:13.972844+00,0.104180,26.357896,
01cb4f32-c252-4de9-908e-cd0f91fca212,numbered,4388,completed,sold,1,2026-06-08 17:45:47.627406+00,2026-06-08 17:46:13.901741+00,2026-06-08 17:46:14.007293+00,0.105552,26.379887,
47744bb9-f242-461b-9c36-8dbcc9b89721,numbered,42359,completed,sold,1,2026-06-08 17:45:47.639924+00,2026-06-08 17:46:13.914113+00,2026-06-08 17:46:14.020119+00,0.106006,26.380195,
776bd206-a407-44c0-a9b8-4831db6a149b,numbered,48492,completed,sold,1,2026-06-08 17:45:47.664889+00,2026-06-08 17:46:13.92527+00,2026-06-08 17:46:14.030548+00,0.105278,26.365659,
8eaf4963-c920-4636-90fe-b6829c9e4a32,numbered,31857,completed,sold,1,2026-06-08 17:45:47.652383+00,2026-06-08 17:46:13.925936+00,2026-06-08 17:46:14.033478+00,0.107542,26.381095,
91fbc89a-33b3-4ef1-9e56-a9710decbfc1,numbered,94,completed,sold,1,2026-06-08 17:45:47.677401+00,2026-06-08 17:46:13.92723+00,2026-06-08 17:46:14.034125+00,0.106895,26.356724,
e1c5b3f6-ebf1-43ad-8c9c-4a7cb0d63efe,numbered,17589,completed,sold,1,2026-06-08 17:45:47.689977+00,2026-06-08 17:46:13.941755+00,2026-06-08 17:46:14.048852+00,0.107097,26.358875,
f7d23d2b-9e88-455f-8310-0c8ba49a60d1,numbered,36581,completed,sold,1,2026-06-08 17:45:47.702401+00,2026-06-08 17:46:13.941755+00,2026-06-08 17:46:14.051911+00,0.110156,26.349510,
4da7d022-aafd-4802-8be2-65d4e53d43a3,numbered,2848,completed,sold,1,2026-06-08 17:45:47.715021+00,2026-06-08 17:46:13.992535+00,2026-06-08 17:46:14.096771+00,0.104236,26.381750,
9f4cc503-b504-43f2-b0f9-aec34ed123d2,numbered,98736,completed,sold,1,2026-06-08 17:45:47.727371+00,2026-06-08 17:46:14.04832+00,2026-06-08 17:46:14.154572+00,0.106252,26.427201,
6398fd6b-135f-49b0-9ef2-b8ebe5d68ede,numbered,63252,completed,sold,1,2026-06-08 17:45:47.739827+00,2026-06-08 17:46:14.051997+00,2026-06-08 17:46:14.157731+00,0.105734,26.417904,
2b5eaea1-c3f1-43cf-8ef4-9250452b7ebb,numbered,97450,completed,sold,1,2026-06-08 17:45:47.752396+00,2026-06-08 17:46:14.062382+00,2026-06-08 17:46:14.167687+00,0.105305,26.415291,
29577a06-286c-4ea0-9238-fe2b2d6199a6,numbered,71585,completed,sold,1,2026-06-08 17:45:47.777563+00,2026-06-08 17:46:14.071372+00,2026-06-08 17:46:14.177564+00,0.106192,26.400001,
0e71284d-3047-4b80-8c88-6bff2feef45e,numbered,90152,completed,sold,1,2026-06-08 17:45:47.765023+00,2026-06-08 17:46:14.071794+00,2026-06-08 17:46:14.179515+00,0.107721,26.414492,
4d1a5eed-4c92-4eb8-b8bc-e09014a09e17,numbered,83112,completed,sold,1,2026-06-08 17:45:47.789885+00,2026-06-08 17:46:14.081706+00,2026-06-08 17:46:14.188617+00,0.106911,26.398732,
bcd55e82-8a05-4268-bf85-4b75d05acd26,numbered,82422,completed,sold,1,2026-06-08 17:45:47.802462+00,2026-06-08 17:46:14.083696+00,2026-06-08 17:46:14.190091+00,0.106395,26.387629,
0c137429-128e-4357-9b74-3aa5b2639de7,numbered,39595,completed,sold,1,2026-06-08 17:45:47.814782+00,2026-06-08 17:46:14.116314+00,2026-06-08 17:46:14.221183+00,0.104869,26.406401,
878dc329-4dba-4dc6-ba89-80807828de27,numbered,17628,completed,sold,1,2026-06-08 17:45:47.827495+00,2026-06-08 17:46:14.193157+00,2026-06-08 17:46:14.299109+00,0.105952,26.471614,
2ec3cdbc-6d44-485b-93b1-d90a5e5417bd,numbered,3343,completed,sold,1,2026-06-08 17:45:47.852737+00,2026-06-08 17:46:14.208354+00,2026-06-08 17:46:14.3133+00,0.104946,26.460563,
6b585d37-02b4-4a86-8c98-ea629e34ee8e,numbered,94939,completed,sold,1,2026-06-08 17:45:47.839856+00,2026-06-08 17:46:14.208489+00,2026-06-08 17:46:14.31448+00,0.105991,26.474624,
e191bf61-f81b-4ced-b7f9-f62c0cf0c14b,numbered,65282,completed,sold,1,2026-06-08 17:45:47.865248+00,2026-06-08 17:46:14.213749+00,2026-06-08 17:46:14.319782+00,0.106033,26.454534,
2cd3b831-586c-4a79-acf0-20eff492e8f0,numbered,92049,completed,sold,1,2026-06-08 17:45:47.877659+00,2026-06-08 17:46:14.215728+00,2026-06-08 17:46:14.325688+00,0.109960,26.448029,
4f23e36b-03c8-4fa3-ab22-2ff02b63a591,numbered,89544,completed,sold,1,2026-06-08 17:45:47.902945+00,2026-06-08 17:46:14.226559+00,2026-06-08 17:46:14.334092+00,0.107533,26.431147,
4c2853f5-7c2e-4d2c-b3d5-fdf94b0f370c,numbered,10199,completed,sold,1,2026-06-08 17:45:47.890247+00,2026-06-08 17:46:14.222135+00,2026-06-08 17:46:14.334685+00,0.112550,26.444438,
8cdb1a7e-ee10-49a8-af00-14827440d7a1,numbered,83016,completed,sold,1,2026-06-08 17:45:47.914921+00,2026-06-08 17:46:14.241393+00,2026-06-08 17:46:14.348842+00,0.107449,26.433921,
bdb6721f-26a5-4e47-bed9-4bff5808b91a,numbered,97099,completed,sold,1,2026-06-08 17:45:47.927359+00,2026-06-08 17:46:14.34694+00,2026-06-08 17:46:14.452396+00,0.105456,26.525037,
97f069a4-7574-4c87-b8aa-8fce14ffeeff,numbered,87238,completed,sold,1,2026-06-08 17:45:47.977493+00,2026-06-08 17:46:14.361607+00,2026-06-08 17:46:14.468436+00,0.106829,26.490943,
ada94c33-e6a8-4e43-af5e-b20362e1090c,numbered,11084,completed,sold,1,2026-06-08 17:45:47.952382+00,2026-06-08 17:46:14.362035+00,2026-06-08 17:46:14.46925+00,0.107215,26.516868,
36a467dc-07be-491f-b041-7d62b14ee576,numbered,86405,completed,sold,1,2026-06-08 17:45:47.93981+00,2026-06-08 17:46:14.363972+00,2026-06-08 17:46:14.471323+00,0.107351,26.531513,
bcd1c0bc-b377-4c5e-8e16-7b97d1da5cf0,numbered,14805,completed,sold,1,2026-06-08 17:45:47.964809+00,2026-06-08 17:46:14.364779+00,2026-06-08 17:46:14.47196+00,0.107181,26.507151,
48d6e65e-8344-48b4-a364-5a07d5b73573,numbered,41599,completed,sold,1,2026-06-08 17:45:48.002864+00,2026-06-08 17:46:14.374793+00,2026-06-08 17:46:14.483319+00,0.108526,26.480455,
e58d9a9f-078a-40a6-a00a-ffd32a5c77cc,numbered,82983,completed,sold,1,2026-06-08 17:45:48.015099+00,2026-06-08 17:46:14.380999+00,2026-06-08 17:46:14.485826+00,0.104827,26.470727,
82d48626-9e6e-4e02-b564-e2419770a7a7,numbered,58078,completed,sold,1,2026-06-08 17:45:47.990062+00,2026-06-08 17:46:14.379844+00,2026-06-08 17:46:14.486204+00,0.106360,26.496142,
2381bbc8-254d-4fe4-8b13-647bef3a3e0c,numbered,29932,completed,sold,1,2026-06-08 17:45:48.027366+00,2026-06-08 17:46:14.492537+00,2026-06-08 17:46:14.598174+00,0.105637,26.570808,
f46db08a-9574-491c-bd38-cbb2dc020e53,numbered,55442,completed,sold,1,2026-06-08 17:45:48.039846+00,2026-06-08 17:46:14.507583+00,2026-06-08 17:46:14.612514+00,0.104931,26.572668,
ca4babd3-3feb-4fb4-89e7-1b88c66343a8,numbered,69935,completed,sold,1,2026-06-08 17:45:48.052393+00,2026-06-08 17:46:14.511544+00,2026-06-08 17:46:14.619087+00,0.107543,26.566694,
35cfece7-8655-4cd5-95ee-c5cb5a953322,numbered,44371,completed,sold,1,2026-06-08 17:45:48.064819+00,2026-06-08 17:46:14.514352+00,2026-06-08 17:46:14.619698+00,0.105346,26.554879,
e7126a3c-f1d6-4378-9095-84cb006736ba,numbered,32435,completed,sold,1,2026-06-08 17:45:48.077263+00,2026-06-08 17:46:14.527662+00,2026-06-08 17:46:14.634448+00,0.106786,26.557185,
44861ebe-f541-4c30-a260-22b8278ee3be,numbered,74837,completed,sold,1,2026-06-08 17:45:48.089998+00,2026-06-08 17:46:14.527388+00,2026-06-08 17:46:14.63532+00,0.107932,26.545322,
9dffb65c-c528-47f5-879d-cbe847623209,numbered,3344,completed,sold,1,2026-06-08 17:45:48.114718+00,2026-06-08 17:46:14.528167+00,2026-06-08 17:46:14.636523+00,0.108356,26.521805,
df96f424-e026-4872-91c1-7bca2745da0c,numbered,95994,completed,sold,1,2026-06-08 17:45:48.102751+00,2026-06-08 17:46:14.530236+00,2026-06-08 17:46:14.637417+00,0.107181,26.534666,
e939932b-04b2-49e5-aa61-4ac5913718d5,numbered,62278,completed,sold,1,2026-06-08 17:45:48.152548+00,2026-06-08 17:46:14.654969+00,2026-06-08 17:46:14.760939+00,0.105970,26.608391,
4f3f44ce-6c5a-409d-8e21-8373dad96e3a,numbered,54286,completed,sold,1,2026-06-08 17:45:48.127355+00,2026-06-08 17:46:14.65579+00,2026-06-08 17:46:14.761488+00,0.105698,26.634133,
797d4924-3dba-442a-bda4-0ae9b1501fde,numbered,64668,completed,sold,1,2026-06-08 17:45:48.140029+00,2026-06-08 17:46:14.661277+00,2026-06-08 17:46:14.766901+00,0.105624,26.626872,
c5732563-9903-4088-934e-06ae9d021649,numbered,61852,completed,sold,1,2026-06-08 17:45:48.165015+00,2026-06-08 17:46:14.660769+00,2026-06-08 17:46:14.768041+00,0.107272,26.603026,
6bfe8cea-4299-46e8-98ea-2746af7c93cc,numbered,17018,completed,sold,1,2026-06-08 17:45:48.189998+00,2026-06-08 17:46:14.676733+00,2026-06-08 17:46:14.783886+00,0.107153,26.593888,
bc27de67-6456-4db2-88d2-ac2a6fe4965e,numbered,30400,completed,sold,1,2026-06-08 17:45:48.177548+00,2026-06-08 17:46:14.678704+00,2026-06-08 17:46:14.784273+00,0.105569,26.606725,
37428951-95df-4e51-baf2-e56ba622f720,numbered,98069,completed,sold,1,2026-06-08 17:45:48.214863+00,2026-06-08 17:46:14.678704+00,2026-06-08 17:46:14.798021+00,0.119317,26.583158,
1a486776-cdcc-4dc9-bd40-97af258f97b3,numbered,70400,completed,sold,1,2026-06-08 17:45:48.202665+00,2026-06-08 17:46:14.684817+00,2026-06-08 17:46:14.800474+00,0.115657,26.597809,
4a74f2b8-02e3-4e78-8109-e37cc7096055,numbered,43605,completed,sold,1,2026-06-08 17:45:48.227304+00,2026-06-08 17:46:14.795298+00,2026-06-08 17:46:14.901191+00,0.105893,26.673887,
3d71f30a-edbb-4271-81c2-ffea89d6d083,numbered,93999,completed,sold,1,2026-06-08 17:45:48.252478+00,2026-06-08 17:46:14.805986+00,2026-06-08 17:46:14.911144+00,0.105158,26.658666,
5e0e1564-ca8c-423b-8477-be422c2a77bc,numbered,92903,completed,sold,1,2026-06-08 17:45:48.239885+00,2026-06-08 17:46:14.807932+00,2026-06-08 17:46:14.913632+00,0.105700,26.673747,
12487735-cc6e-478d-ae23-0faed1cf9a9f,numbered,28032,completed,sold,1,2026-06-08 17:45:48.265108+00,2026-06-08 17:46:14.813204+00,2026-06-08 17:46:14.923929+00,0.110725,26.658821,
b6cbd645-5159-4ef8-b8b4-995c4a393ef8,numbered,91708,completed,sold,1,2026-06-08 17:45:48.277463+00,2026-06-08 17:46:14.819963+00,2026-06-08 17:46:14.924844+00,0.104881,26.647381,
d9cb4c1d-6269-4057-814a-aca0e073d980,numbered,48332,completed,sold,1,2026-06-08 17:45:48.290012+00,2026-06-08 17:46:14.823211+00,2026-06-08 17:46:14.932399+00,0.109188,26.642387,
23d164ea-8330-4526-9e28-8f302b299d89,numbered,41880,completed,sold,1,2026-06-08 17:45:48.302645+00,2026-06-08 17:46:14.831574+00,2026-06-08 17:46:14.938207+00,0.106633,26.635562,
0d86f426-3463-4b57-ab52-84a79e8db37f,numbered,94065,completed,sold,1,2026-06-08 17:45:48.314972+00,2026-06-08 17:46:14.833184+00,2026-06-08 17:46:14.93988+00,0.106696,26.624908,
81480b19-e7a9-4e6d-ad80-9e0b3d151bd0,numbered,89017,completed,sold,1,2026-06-08 17:45:48.327424+00,2026-06-08 17:46:14.938523+00,2026-06-08 17:46:15.044532+00,0.106009,26.717108,
1f70f315-774f-48f2-bf9d-b80e44103737,numbered,19951,completed,sold,1,2026-06-08 17:45:48.340207+00,2026-06-08 17:46:14.948633+00,2026-06-08 17:46:15.054099+00,0.105466,26.713892,
8fd6b535-92c8-43ff-aee8-00cfd083d94f,numbered,41331,completed,sold,1,2026-06-08 17:45:48.364792+00,2026-06-08 17:46:14.961595+00,2026-06-08 17:46:15.066209+00,0.104614,26.701417,
0281d03c-a9d5-4ef0-9271-c2bf64174cfb,numbered,62998,completed,sold,1,2026-06-08 17:45:48.352419+00,2026-06-08 17:46:14.96216+00,2026-06-08 17:46:15.069074+00,0.106914,26.716655,
762d480d-09f6-4a9d-b937-e7fc75c96071,numbered,89512,completed,sold,1,2026-06-08 17:45:48.377461+00,2026-06-08 17:46:14.965704+00,2026-06-08 17:46:15.074769+00,0.109065,26.697308,
f31d9e8d-1295-42d8-bac9-d2ef614b8ae3,numbered,77011,completed,sold,1,2026-06-08 17:45:48.402579+00,2026-06-08 17:46:14.977218+00,2026-06-08 17:46:15.083431+00,0.106213,26.680852,
6f9d9ba9-b3c9-447b-80c3-9baa769e0ff0,numbered,19137,completed,sold,1,2026-06-08 17:45:48.414813+00,2026-06-08 17:46:14.974963+00,2026-06-08 17:46:15.087468+00,0.112505,26.672655,
b7d0f6d3-9785-4b35-92fc-bcc3799d8818,numbered,61477,completed,sold,1,2026-06-08 17:45:48.38991+00,2026-06-08 17:46:14.977161+00,2026-06-08 17:46:15.092882+00,0.115721,26.702972,
400052f9-5ad7-403d-934c-da25997853ae,numbered,50960,completed,sold,1,2026-06-08 17:45:48.439811+00,2026-06-08 17:46:15.082206+00,2026-06-08 17:46:15.187605+00,0.105399,26.747794,
feee1e30-835b-4a59-a246-934036f5b8c7,numbered,95415,completed,sold,1,2026-06-08 17:45:48.4274+00,2026-06-08 17:46:15.082907+00,2026-06-08 17:46:15.188665+00,0.105758,26.761265,
ad2c5a16-808d-4d4d-8fac-43600d7ea08a,numbered,99157,completed,sold,1,2026-06-08 17:45:48.452508+00,2026-06-08 17:46:15.102478+00,2026-06-08 17:46:15.20815+00,0.105672,26.755642,
55be8000-7557-4091-bad0-8f7fbe6531de,numbered,58809,completed,sold,1,2026-06-08 17:45:48.46493+00,2026-06-08 17:46:15.10979+00,2026-06-08 17:46:15.216118+00,0.106328,26.751188,
63907a08-7709-4a50-9b94-79d01e107638,numbered,64029,completed,sold,1,2026-06-08 17:45:48.477485+00,2026-06-08 17:46:15.115248+00,2026-06-08 17:46:15.22271+00,0.107462,26.745225,
ad4d822a-deb7-4c96-ad77-5b7b4d0dd118,numbered,89386,completed,sold,1,2026-06-08 17:45:48.489995+00,2026-06-08 17:46:15.117273+00,2026-06-08 17:46:15.224294+00,0.107021,26.734299,
b6b40dd1-745f-4800-b742-94127ab3cc77,numbered,10994,completed,sold,1,2026-06-08 17:45:48.515024+00,2026-06-08 17:46:15.12557+00,2026-06-08 17:46:15.234324+00,0.108754,26.719300,
902eb759-268e-43ec-ac88-c70115e4d44e,numbered,61579,completed,sold,1,2026-06-08 17:45:48.502546+00,2026-06-08 17:46:15.124486+00,2026-06-08 17:46:15.235468+00,0.110982,26.732922,
cee9e866-0f4b-4fea-b1c0-be56b3d31cb5,numbered,83900,completed,sold,1,2026-06-08 17:45:48.527539+00,2026-06-08 17:46:15.212894+00,2026-06-08 17:46:15.319848+00,0.106954,26.792309,
63de60d8-0370-4584-a1d6-74e0a146ead5,numbered,85771,completed,sold,1,2026-06-08 17:45:48.539988+00,2026-06-08 17:46:15.225462+00,2026-06-08 17:46:15.331065+00,0.105603,26.791077,
de4227e9-bfd9-4feb-8c6e-81772673ea65,numbered,20221,completed,sold,1,2026-06-08 17:45:48.552464+00,2026-06-08 17:46:15.248185+00,2026-06-08 17:46:15.352799+00,0.104614,26.800335,
c185ec09-b849-4b6c-9928-88145d68dc56,numbered,71115,completed,sold,1,2026-06-08 17:45:48.590149+00,2026-06-08 17:46:15.255366+00,2026-06-08 17:46:15.363118+00,0.107752,26.772969,
b925e063-a269-48a2-a350-2920e88a4e00,numbered,6891,completed,sold,1,2026-06-08 17:45:48.565001+00,2026-06-08 17:46:15.25604+00,2026-06-08 17:46:15.36483+00,0.108790,26.799829,
793cf695-bd74-41d6-956b-24d09659a2fb,numbered,29660,completed,sold,1,2026-06-08 17:45:48.577486+00,2026-06-08 17:46:15.258278+00,2026-06-08 17:46:15.366183+00,0.107905,26.788697,
b4aa6037-d6b9-46f6-bf60-cdaf1b76b1e4,numbered,41885,completed,sold,1,2026-06-08 17:45:48.602594+00,2026-06-08 17:46:15.265347+00,2026-06-08 17:46:15.373582+00,0.108235,26.770988,
cd7b8a89-60fb-4f3f-92c0-3dfbe3f91966,numbered,53399,completed,sold,1,2026-06-08 17:45:48.614812+00,2026-06-08 17:46:15.269909+00,2026-06-08 17:46:15.376963+00,0.107054,26.762151,
e0995a7f-adbd-4a21-8091-9fa1b07a021b,numbered,12215,completed,sold,1,2026-06-08 17:45:48.627302+00,2026-06-08 17:46:15.342399+00,2026-06-08 17:46:15.447191+00,0.104792,26.819889,
64592ef2-1043-4cbc-8eb6-c962e03f6af5,numbered,63927,completed,sold,1,2026-06-08 17:45:48.639851+00,2026-06-08 17:46:15.362264+00,2026-06-08 17:46:15.468498+00,0.106234,26.828647,
3e70e7f1-8952-44dd-99f9-d74d3ca13984,numbered,74604,completed,sold,1,2026-06-08 17:45:48.652568+00,2026-06-08 17:46:15.387674+00,2026-06-08 17:46:15.492849+00,0.105175,26.840281,
59cafe23-f482-465b-bd03-58a382bc6647,numbered,20825,completed,sold,1,2026-06-08 17:45:48.677567+00,2026-06-08 17:46:15.400223+00,2026-06-08 17:46:15.506063+00,0.105840,26.828496,
24d513aa-54b6-4b71-883e-ea9c61fec42a,numbered,83873,completed,sold,1,2026-06-08 17:45:48.664966+00,2026-06-08 17:46:15.401976+00,2026-06-08 17:46:15.506595+00,0.104619,26.841629,
9b168b5c-f6ab-44d3-8a58-9a3a43e23010,numbered,17,completed,sold,1,2026-06-08 17:45:48.702704+00,2026-06-08 17:46:15.406243+00,2026-06-08 17:46:15.516269+00,0.110026,26.813565,
a57f4ec2-37ea-40ff-a2d7-b1ec8a9b401e,numbered,64495,completed,sold,1,2026-06-08 17:45:48.714918+00,2026-06-08 17:46:15.409494+00,2026-06-08 17:46:15.516526+00,0.107032,26.801608,
b1826b8d-d36c-4de7-bf0c-22a8852327a7,numbered,41690,completed,sold,1,2026-06-08 17:45:48.690002+00,2026-06-08 17:46:15.406891+00,2026-06-08 17:46:15.517462+00,0.110571,26.827460,
21aae85f-f188-4ad8-a097-0796a40e3f14,numbered,99212,completed,sold,1,2026-06-08 17:45:48.743319+00,2026-06-08 17:46:15.469351+00,2026-06-08 17:46:15.574112+00,0.104761,26.830793,
896e8ef8-e988-4b6b-9fc6-efaadce418b4,numbered,64398,completed,sold,1,2026-06-08 17:45:48.772095+00,2026-06-08 17:46:15.494908+00,2026-06-08 17:46:15.600132+00,0.105224,26.828037,
8fda6148-e5bf-42ae-b438-ee76a1d2e4bb,numbered,89477,completed,sold,1,2026-06-08 17:45:48.800708+00,2026-06-08 17:46:15.523758+00,2026-06-08 17:46:15.631544+00,0.107786,26.830836,
d489eaec-df0f-41bc-affd-a2c14c5ce58a,numbered,53709,completed,sold,1,2026-06-08 17:45:48.85802+00,2026-06-08 17:46:15.539753+00,2026-06-08 17:46:15.644677+00,0.104924,26.786657,
86e9d432-6e34-4aed-a80f-82378452fbe6,numbered,85231,completed,sold,1,2026-06-08 17:45:48.829242+00,2026-06-08 17:46:15.542245+00,2026-06-08 17:46:15.648243+00,0.105998,26.819001,
ec8b8222-c854-409f-a366-10fb72a65198,numbered,2909,completed,sold,1,2026-06-08 17:45:48.914905+00,2026-06-08 17:46:15.548023+00,2026-06-08 17:46:15.653815+00,0.105792,26.738910,
3da7b82f-b948-4e06-94ec-6f92c0f27cc6,numbered,55512,completed,sold,1,2026-06-08 17:45:48.886449+00,2026-06-08 17:46:15.553924+00,2026-06-08 17:46:15.663893+00,0.109969,26.777444,
99ff28bd-0f09-4203-bddf-efb502290a99,numbered,32192,completed,sold,1,2026-06-08 17:45:48.943556+00,2026-06-08 17:46:15.55204+00,2026-06-08 17:46:15.664771+00,0.112731,26.721215,
d62b5527-17ea-4a9a-a699-4193574166e8,numbered,14051,completed,sold,1,2026-06-08 17:45:48.97214+00,2026-06-08 17:46:15.595477+00,2026-06-08 17:46:15.700012+00,0.104535,26.727872,
3e43d9fa-5ba5-4a12-b1aa-7d4005ca74c0,numbered,75631,completed,sold,1,2026-06-08 17:45:49.000745+00,2026-06-08 17:46:15.624583+00,2026-06-08 17:46:15.730067+00,0.105484,26.729322,
088a63ee-b7bd-474a-b671-02e47ce50a90,numbered,56205,completed,sold,1,2026-06-08 17:45:49.028996+00,2026-06-08 17:46:15.660547+00,2026-06-08 17:46:15.7647+00,0.104153,26.735704,
090e7c68-1074-4224-af9e-3024f6e13150,numbered,47621,completed,sold,1,2026-06-08 17:45:49.086433+00,2026-06-08 17:46:15.681751+00,2026-06-08 17:46:15.788207+00,0.106456,26.701774,
d30eef51-1017-4bdb-ae83-4280ed748126,numbered,34156,completed,sold,1,2026-06-08 17:45:49.058035+00,2026-06-08 17:46:15.68254+00,2026-06-08 17:46:15.788806+00,0.106266,26.730771,
ceebf3f9-3042-4271-b2af-8108b1c65e93,numbered,11295,completed,sold,1,2026-06-08 17:45:49.114927+00,2026-06-08 17:46:15.686704+00,2026-06-08 17:46:15.791645+00,0.104941,26.676718,
e8826674-57c3-44f8-ac55-43e6b276224b,numbered,23439,completed,sold,1,2026-06-08 17:45:49.172139+00,2026-06-08 17:46:15.697645+00,2026-06-08 17:46:15.804481+00,0.106836,26.632342,
1a7060c2-149e-435f-b095-5c5ee1270b17,numbered,1412,completed,sold,1,2026-06-08 17:45:49.143595+00,2026-06-08 17:46:15.698263+00,2026-06-08 17:46:15.805721+00,0.107458,26.662126,
68d8b067-986f-4e6a-9857-6fac31e72e73,numbered,41538,completed,sold,1,2026-06-08 17:45:49.200671+00,2026-06-08 17:46:15.72229+00,2026-06-08 17:46:15.827235+00,0.104945,26.626564,
2834458b-f975-4e50-bacd-74aa5d279400,numbered,7284,completed,sold,1,2026-06-08 17:45:49.229204+00,2026-06-08 17:46:15.755769+00,2026-06-08 17:46:15.861266+00,0.105497,26.632062,
b9e94d21-1c43-4af9-b980-06aab2c714bb,numbered,30781,completed,sold,1,2026-06-08 17:45:49.257977+00,2026-06-08 17:46:15.789472+00,2026-06-08 17:46:15.893764+00,0.104292,26.635787,
8e308dbb-e731-4cbe-9266-c238b98cc289,numbered,39759,completed,sold,1,2026-06-08 17:45:49.314864+00,2026-06-08 17:46:15.827857+00,2026-06-08 17:46:15.932973+00,0.105116,26.618109,
bdf922eb-a3ae-4a86-b68e-a416c2e48c3f,numbered,75726,completed,sold,1,2026-06-08 17:45:49.286486+00,2026-06-08 17:46:15.828536+00,2026-06-08 17:46:15.934355+00,0.105819,26.647869,
e8a5487a-7e25-4a47-a851-d4452bba787f,numbered,43507,completed,sold,1,2026-06-08 17:45:49.343471+00,2026-06-08 17:46:15.83343+00,2026-06-08 17:46:15.939278+00,0.105848,26.595807,
b7efc56d-f13b-4c79-87d4-6355c3577802,numbered,37167,completed,sold,1,2026-06-08 17:45:49.400659+00,2026-06-08 17:46:15.840416+00,2026-06-08 17:46:15.94735+00,0.106934,26.546691,
13e3b250-984d-44be-8de5-9d6e2b099b61,numbered,2,completed,sold,1,2026-06-08 17:45:49.37204+00,2026-06-08 17:46:15.844739+00,2026-06-08 17:46:15.954269+00,0.109530,26.582229,
432c3b25-10cd-40af-a38e-b851af494721,numbered,10423,completed,sold,1,2026-06-08 17:45:49.42902+00,2026-06-08 17:46:15.849572+00,2026-06-08 17:46:15.95459+00,0.105018,26.525570,
b02c064e-1bd7-41b5-9b1e-bd90e0caa85a,numbered,54524,completed,sold,1,2026-06-08 17:45:49.458037+00,2026-06-08 17:46:15.886027+00,2026-06-08 17:46:15.992196+00,0.106169,26.534159,
e0f6399f-731b-40d7-bbdb-320d66c38357,numbered,32301,completed,sold,1,2026-06-08 17:45:49.4864+00,2026-06-08 17:46:15.913595+00,2026-06-08 17:46:16.017903+00,0.104308,26.531503,
e74e71eb-30fe-4c7f-8a4b-9833880e7920,numbered,44760,completed,sold,1,2026-06-08 17:45:49.514934+00,2026-06-08 17:46:15.969881+00,2026-06-08 17:46:16.075809+00,0.105928,26.560875,
2d2ed397-df84-4564-8dec-e88ffcfb4eed,numbered,87303,completed,sold,1,2026-06-08 17:45:49.572192+00,2026-06-08 17:46:15.970512+00,2026-06-08 17:46:16.076366+00,0.105854,26.504174,
87db26a4-2584-4c8d-bbfd-e0544e24ac0e,numbered,90027,completed,sold,1,2026-06-08 17:45:49.543439+00,2026-06-08 17:46:15.971163+00,2026-06-08 17:46:16.077623+00,0.106460,26.534184,
9e0ec2f6-b3bc-4d58-903a-47ddcb46ffa1,numbered,25141,completed,sold,1,2026-06-08 17:45:49.629266+00,2026-06-08 17:46:15.985502+00,2026-06-08 17:46:16.090941+00,0.105439,26.461675,
41df31e7-a463-4c5f-97d9-a8f89a18a783,numbered,87680,completed,sold,1,2026-06-08 17:45:49.600666+00,2026-06-08 17:46:15.988992+00,2026-06-08 17:46:16.096559+00,0.107567,26.495893,
f81cbe22-5696-46af-9554-24fbbba3ac0e,numbered,84790,completed,sold,1,2026-06-08 17:45:49.657926+00,2026-06-08 17:46:15.991461+00,2026-06-08 17:46:16.100798+00,0.109337,26.442872,
084f8e71-f5c4-41e7-9728-78b7bbb051fa,numbered,91978,completed,sold,1,2026-06-08 17:45:49.686556+00,2026-06-08 17:46:16.017633+00,2026-06-08 17:46:16.12514+00,0.107507,26.438584,
d44643b0-0322-465b-9fb1-f81155d54ffd,numbered,960,completed,sold,1,2026-06-08 17:45:49.714863+00,2026-06-08 17:46:16.040556+00,2026-06-08 17:46:16.145033+00,0.104477,26.430170,
20e835b7-706e-4c99-9f69-c25cc152f8cc,numbered,41864,completed,sold,1,2026-06-08 17:45:49.772082+00,2026-06-08 17:46:16.105471+00,2026-06-08 17:46:16.210363+00,0.104892,26.438281,
66c931c6-1ca9-48ec-9c19-93b6193b1855,numbered,65423,completed,sold,1,2026-06-08 17:45:49.74356+00,2026-06-08 17:46:16.10966+00,2026-06-08 17:46:16.214274+00,0.104614,26.470714,
e19591a2-7732-40c3-9112-04be63dc2a88,numbered,27540,completed,sold,1,2026-06-08 17:45:49.800678+00,2026-06-08 17:46:16.120482+00,2026-06-08 17:46:16.226155+00,0.105673,26.425477,
0609122e-a68f-4d70-8ca8-37e1b44541e8,numbered,15640,completed,sold,1,2026-06-08 17:45:49.829074+00,2026-06-08 17:46:16.12692+00,2026-06-08 17:46:16.233519+00,0.106599,26.404445,
c55babdf-60a0-489e-924a-ae4d972a3118,numbered,54904,completed,sold,1,2026-06-08 17:45:49.886581+00,2026-06-08 17:46:16.135255+00,2026-06-08 17:46:16.2415+00,0.106245,26.354919,
679c6d6f-c56e-44ba-b258-eb38250ccc41,numbered,16963,completed,sold,1,2026-06-08 17:45:49.858007+00,2026-06-08 17:46:16.1322+00,2026-06-08 17:46:16.242224+00,0.110024,26.384217,
06d6b43c-0d03-44d3-bd6a-c143facd5c4f,numbered,21521,completed,sold,1,2026-06-08 17:45:49.915092+00,2026-06-08 17:46:16.154285+00,2026-06-08 17:46:16.260663+00,0.106378,26.345571,
cd1db862-5ff3-41ec-9559-d8ebe9b856c2,numbered,85000,completed,sold,1,2026-06-08 17:45:49.943416+00,2026-06-08 17:46:16.165616+00,2026-06-08 17:46:16.27042+00,0.104804,26.327004,
4454be07-b3ef-45a5-a0b3-2a5f1cc6c4f4,numbered,39378,completed,sold,1,2026-06-08 17:45:49.972203+00,2026-06-08 17:46:16.240343+00,2026-06-08 17:46:16.345403+00,0.105060,26.373200,
912a8e5c-b349-40e0-964c-050333059efb,numbered,27761,completed,sold,1,2026-06-08 17:45:50.000755+00,2026-06-08 17:46:16.254546+00,2026-06-08 17:46:16.359353+00,0.104807,26.358598,
0c02fc9b-0d7d-4d85-9ece-ba2a14905da0,numbered,98705,completed,sold,1,2026-06-08 17:45:50.058044+00,2026-06-08 17:46:16.261427+00,2026-06-08 17:46:16.366684+00,0.105257,26.308640,
e599a0a4-bcce-40ab-8367-bde05d66a453,numbered,60512,completed,sold,1,2026-06-08 17:45:50.029278+00,2026-06-08 17:46:16.261057+00,2026-06-08 17:46:16.372236+00,0.111179,26.342958,
5fbaa0d5-57e7-4b55-bc5a-6deb99afe45e,numbered,25630,completed,sold,1,2026-06-08 17:45:50.086492+00,2026-06-08 17:46:16.275918+00,2026-06-08 17:46:16.384023+00,0.108105,26.297531,
fe2ca13e-cccf-4c6d-9a27-3394c40aa296,numbered,36480,completed,sold,1,2026-06-08 17:45:50.11514+00,2026-06-08 17:46:16.280426+00,2026-06-08 17:46:16.387167+00,0.106741,26.272027,
f2475b29-db79-4b4a-bcb7-02e085aa9771,numbered,4692,completed,sold,1,2026-06-08 17:45:50.172108+00,2026-06-08 17:46:16.293899+00,2026-06-08 17:46:16.400753+00,0.106854,26.228645,
4c42398c-a875-43d0-bc70-532f8c5d7df6,numbered,24251,completed,sold,1,2026-06-08 17:45:50.143513+00,2026-06-08 17:46:16.291182+00,2026-06-08 17:46:16.401148+00,0.109966,26.257635,
b383376b-0537-43c4-8f39-37119b039e4e,numbered,40328,completed,sold,1,2026-06-08 17:45:50.200607+00,2026-06-08 17:46:16.374483+00,2026-06-08 17:46:16.479712+00,0.105229,26.279105,
f175c89e-4a87-47e8-9610-21eea87c9066,numbered,49123,completed,sold,1,2026-06-08 17:45:50.22941+00,2026-06-08 17:46:16.389661+00,2026-06-08 17:46:16.4944+00,0.104739,26.264990,
f64cb23f-3da1-416f-bd90-b24dad3bbfe2,numbered,10080,completed,sold,1,2026-06-08 17:45:50.257971+00,2026-06-08 17:46:16.39448+00,2026-06-08 17:46:16.500002+00,0.105522,26.242031,
0c93cf86-44b1-4612-a944-b4570adf62b8,numbered,53989,completed,sold,1,2026-06-08 17:45:50.286991+00,2026-06-08 17:46:16.405791+00,2026-06-08 17:46:16.511622+00,0.105831,26.224631,
1e7e58e1-82ab-46f5-843e-f089b1cd4d0d,numbered,27847,completed,sold,1,2026-06-08 17:45:50.343481+00,2026-06-08 17:46:16.424749+00,2026-06-08 17:46:16.531183+00,0.106434,26.187702,
b278462f-ba96-4460-a8c9-e2934c26d5a6,numbered,27641,completed,sold,1,2026-06-08 17:45:50.315098+00,2026-06-08 17:46:16.423084+00,2026-06-08 17:46:16.532841+00,0.109757,26.217743,
5c923852-4ee2-4139-b2a8-a8dbc68f9a46,numbered,84534,completed,sold,1,2026-06-08 17:45:50.371997+00,2026-06-08 17:46:16.425252+00,2026-06-08 17:46:16.533249+00,0.107997,26.161252,
9c0a8db7-872f-48bd-8bd1-a22a031d8ea4,numbered,96123,completed,sold,1,2026-06-08 17:45:50.400652+00,2026-06-08 17:46:16.429985+00,2026-06-08 17:46:16.536314+00,0.106329,26.135662,
32357992-2a2e-4bf9-8717-bd576d2339e4,numbered,71675,completed,sold,1,2026-06-08 17:45:50.429243+00,2026-06-08 17:46:16.507389+00,2026-06-08 17:46:16.612212+00,0.104823,26.182969,
2660e153-a9a6-4e64-9297-e3885442a894,numbered,28006,completed,sold,1,2026-06-08 17:45:50.457635+00,2026-06-08 17:46:16.522893+00,2026-06-08 17:46:16.628272+00,0.105379,26.170637,
7c07efe0-2c8c-4916-aa4a-14e95e25aec8,numbered,38126,completed,sold,1,2026-06-08 17:45:50.486413+00,2026-06-08 17:46:16.531959+00,2026-06-08 17:46:16.637451+00,0.105492,26.151038,
6bdfec8a-37e1-4b41-a635-80b79b574aec,numbered,46761,completed,sold,1,2026-06-08 17:45:50.515038+00,2026-06-08 17:46:16.546941+00,2026-06-08 17:46:16.652874+00,0.105933,26.137836,
b6b17ca1-2584-4c7d-8c2e-ab7e6635d914,numbered,50333,completed,sold,1,2026-06-08 17:45:50.629231+00,2026-06-08 17:46:16.564408+00,2026-06-08 17:46:16.670871+00,0.106463,26.041640,
07985346-24e8-4e42-b724-e7739fb574cc,numbered,42355,completed,sold,1,2026-06-08 17:45:50.600577+00,2026-06-08 17:46:16.569567+00,2026-06-08 17:46:16.675843+00,0.106276,26.075266,
06e086e9-8b6b-409e-b58d-3f339f6c66d4,numbered,36589,completed,sold,1,2026-06-08 17:45:50.572204+00,2026-06-08 17:46:16.57033+00,2026-06-08 17:46:16.676289+00,0.105959,26.104085,
1d583fc5-a3f5-46e2-8799-b42098d6a26e,numbered,36847,completed,sold,1,2026-06-08 17:45:50.543484+00,2026-06-08 17:46:16.572024+00,2026-06-08 17:46:16.679747+00,0.107723,26.136263,
9079e3ff-f748-4e83-ac7a-8b4f15a7a87d,numbered,30250,completed,sold,1,2026-06-08 17:45:50.65805+00,2026-06-08 17:46:16.637464+00,2026-06-08 17:46:16.742104+00,0.104640,26.084054,
15ee1aa1-7849-4499-a3dc-affb78826a80,numbered,70844,completed,sold,1,2026-06-08 17:45:50.686751+00,2026-06-08 17:46:16.654439+00,2026-06-08 17:46:16.759757+00,0.105318,26.073006,
b79cc112-7135-4d6c-a006-fcd1cebf3cb8,numbered,16021,completed,sold,1,2026-06-08 17:45:50.714989+00,2026-06-08 17:46:16.660188+00,2026-06-08 17:46:16.766223+00,0.106035,26.051234,
fcecceff-6195-4a27-b5e4-98ce0511fd75,numbered,67178,completed,sold,1,2026-06-08 17:45:50.743433+00,2026-06-08 17:46:16.689228+00,2026-06-08 17:46:16.794724+00,0.105496,26.051291,
0cef5eba-b03e-42d1-8a3c-78ce5e3ee71f,numbered,7590,completed,sold,1,2026-06-08 17:45:50.772116+00,2026-06-08 17:46:16.708788+00,2026-06-08 17:46:16.8174+00,0.108612,26.045284,
6ff0ae74-62b8-471b-8b93-ac1264ebe8d6,numbered,42479,completed,sold,1,2026-06-08 17:45:50.829238+00,2026-06-08 17:46:16.711298+00,2026-06-08 17:46:16.818075+00,0.106777,25.988837,
57ede56f-f122-4c03-80ca-22c7ffb3d5fb,numbered,5472,completed,sold,1,2026-06-08 17:45:50.800598+00,2026-06-08 17:46:16.709526+00,2026-06-08 17:46:16.818552+00,0.109026,26.017954,
f746ef49-f0d2-4cb0-a73f-39e6a848d82c,numbered,81895,completed,sold,1,2026-06-08 17:45:50.857912+00,2026-06-08 17:46:16.712118+00,2026-06-08 17:46:16.819579+00,0.107461,25.961667,
852dad0f-2a1b-4ed5-8140-e20f8036910e,numbered,48601,completed,sold,1,2026-06-08 17:45:50.886457+00,2026-06-08 17:46:16.768321+00,2026-06-08 17:46:16.872984+00,0.104663,25.986527,
ce3627a5-cf7a-47d6-8175-3f45ce537084,numbered,42565,completed,sold,1,2026-06-08 17:45:50.914976+00,2026-06-08 17:46:16.783655+00,2026-06-08 17:46:16.888867+00,0.105212,25.973891,
83e13e53-618d-4b8f-8138-c6b18dad541b,numbered,41556,completed,sold,1,2026-06-08 17:45:50.943635+00,2026-06-08 17:46:16.789264+00,2026-06-08 17:46:16.89441+00,0.105146,25.950775,
01db647b-2724-4139-8d5b-83c02d84b666,numbered,13524,completed,sold,1,2026-06-08 17:45:50.97211+00,2026-06-08 17:46:16.833571+00,2026-06-08 17:46:16.939432+00,0.105861,25.967322,
b9893522-059d-41c2-b952-9b2e1b5f8410,numbered,76718,completed,sold,1,2026-06-08 17:45:51.029222+00,2026-06-08 17:46:16.853908+00,2026-06-08 17:46:16.96188+00,0.107972,25.932658,
9c447f9b-6f29-4fd8-b7e3-fc36a3a40a14,numbered,28033,completed,sold,1,2026-06-08 17:45:51.086526+00,2026-06-08 17:46:16.854725+00,2026-06-08 17:46:16.962565+00,0.107840,25.876039,
d7cb8c99-138b-4de2-b2b6-0a760ddd6af5,numbered,56359,completed,sold,1,2026-06-08 17:45:51.000711+00,2026-06-08 17:46:16.85524+00,2026-06-08 17:46:16.962835+00,0.107595,25.962124,
f068bd16-2b66-4dd9-aa71-56f6ae14e2a8,numbered,57295,completed,sold,1,2026-06-08 17:45:51.05805+00,2026-06-08 17:46:16.85581+00,2026-06-08 17:46:16.963402+00,0.107592,25.905352,
a56f005a-e853-48ce-bccc-df3f2b6940e3,numbered,29960,completed,sold,1,2026-06-08 17:45:51.115035+00,2026-06-08 17:46:16.899551+00,2026-06-08 17:46:17.004141+00,0.104590,25.889106,
49872da4-3375-4305-91c4-e24c86f6782a,numbered,92470,completed,sold,1,2026-06-08 17:45:51.143519+00,2026-06-08 17:46:16.912704+00,2026-06-08 17:46:17.017492+00,0.104788,25.873973,
90ba1c5e-9238-45b9-81fb-f13fdfedd30e,numbered,75311,completed,sold,1,2026-06-08 17:45:51.172236+00,2026-06-08 17:46:16.916691+00,2026-06-08 17:46:17.021704+00,0.105013,25.849468,
9de17da5-cb05-4ac2-8a42-c9aab4b687b0,numbered,97836,completed,sold,1,2026-06-08 17:45:51.201111+00,2026-06-08 17:46:16.981055+00,2026-06-08 17:46:17.086398+00,0.105343,25.885287,
43a4a088-66fc-4d34-8c0e-4beb1b152098,numbered,970,completed,sold,1,2026-06-08 17:45:51.229426+00,2026-06-08 17:46:16.986226+00,2026-06-08 17:46:17.090649+00,0.104423,25.861223,
a19b3045-760f-4194-b9c1-579b5d527de9,numbered,95699,completed,sold,1,2026-06-08 17:45:51.257929+00,2026-06-08 17:46:16.994216+00,2026-06-08 17:46:17.101307+00,0.107091,25.843378,
bc63c29e-cb05-4df4-88a8-cdfba3abffbd,numbered,56797,completed,sold,1,2026-06-08 17:45:51.286579+00,2026-06-08 17:46:16.998451+00,2026-06-08 17:46:17.104659+00,0.106208,25.818080,
54e4633e-0c9a-475d-9df9-22ccc1520ce4,numbered,48057,completed,sold,1,2026-06-08 17:45:51.31486+00,2026-06-08 17:46:16.998794+00,2026-06-08 17:46:17.104908+00,0.106114,25.790048,
91047f99-ada6-4291-94a5-0e0639bae579,numbered,90332,completed,sold,1,2026-06-08 17:45:51.343632+00,2026-06-08 17:46:17.029074+00,2026-06-08 17:46:17.134434+00,0.105360,25.790802,
aefaa1bb-a117-4868-a364-6c243b2b3e49,numbered,7239,completed,sold,1,2026-06-08 17:45:51.372281+00,2026-06-08 17:46:17.043133+00,2026-06-08 17:46:17.148165+00,0.105032,25.775884,
6cbc23e7-d6fe-48a8-887d-c44827f36150,numbered,72288,completed,sold,1,2026-06-08 17:45:51.400762+00,2026-06-08 17:46:17.045485+00,2026-06-08 17:46:17.150114+00,0.104629,25.749352,
8f8b4000-c3d8-4f56-858c-91c63879bdd4,numbered,73105,completed,sold,1,2026-06-08 17:45:51.457977+00,2026-06-08 17:46:17.121776+00,2026-06-08 17:46:17.226985+00,0.105209,25.769008,
9bc92680-cde1-41a9-bb79-3e1f9feb4f01,numbered,51474,completed,sold,1,2026-06-08 17:45:51.430138+00,2026-06-08 17:46:17.120949+00,2026-06-08 17:46:17.227286+00,0.106337,25.797148,
2858438e-60d3-430a-b55c-62efb01806b5,numbered,19622,completed,sold,1,2026-06-08 17:45:51.486629+00,2026-06-08 17:46:17.137473+00,2026-06-08 17:46:17.244355+00,0.106882,25.757726,
50572eb0-39f6-4072-b960-6aa148f824a2,numbered,82278,completed,sold,1,2026-06-08 17:45:51.514932+00,2026-06-08 17:46:17.140629+00,2026-06-08 17:46:17.246681+00,0.106052,25.731749,
b83abed7-cb4b-416b-ba2c-75654d14a2b0,numbered,28685,completed,sold,1,2026-06-08 17:45:51.54353+00,2026-06-08 17:46:17.143487+00,2026-06-08 17:46:17.255515+00,0.112028,25.711985,
b2074d11-4a5f-4260-a36e-4809069d911b,numbered,50397,completed,sold,1,2026-06-08 17:45:51.572187+00,2026-06-08 17:46:17.162292+00,2026-06-08 17:46:17.267085+00,0.104793,25.694898,
2702dbfe-dd81-4eca-9352-15a020c863a4,numbered,23318,completed,sold,1,2026-06-08 17:45:51.600718+00,2026-06-08 17:46:17.173437+00,2026-06-08 17:46:17.281272+00,0.107835,25.680554,
9e02714c-2c71-45a9-b77a-dc1be80f4bb4,numbered,60229,completed,sold,1,2026-06-08 17:45:51.629254+00,2026-06-08 17:46:17.175058+00,2026-06-08 17:46:17.281867+00,0.106809,25.652613,
20fa4352-6184-4324-9c70-f13bbd964a48,numbered,63136,completed,sold,1,2026-06-08 17:45:51.658148+00,2026-06-08 17:46:17.26249+00,2026-06-08 17:46:17.367554+00,0.105064,25.709406,
a7f126f4-5729-4e34-9198-5bb3794a8473,numbered,92359,completed,sold,1,2026-06-08 17:45:51.686443+00,2026-06-08 17:46:17.26171+00,2026-06-08 17:46:17.368363+00,0.106653,25.681920,
48227039-c422-4b7c-922c-bc4bd6879083,numbered,84163,completed,sold,1,2026-06-08 17:45:51.743506+00,2026-06-08 17:46:17.286636+00,2026-06-08 17:46:17.392849+00,0.106213,25.649343,
536067cd-5641-4b4c-9036-af0e5137df34,numbered,792,completed,sold,1,2026-06-08 17:45:51.714873+00,2026-06-08 17:46:17.293594+00,2026-06-08 17:46:17.402116+00,0.108522,25.687243,
2029c867-e48c-4b9b-8161-52fde490ff29,numbered,52395,completed,sold,1,2026-06-08 17:45:51.772082+00,2026-06-08 17:46:17.296375+00,2026-06-08 17:46:17.402591+00,0.106216,25.630509,
c034d4b7-280c-4363-bfbe-8cb7b9f0dd39,numbered,56000,completed,sold,1,2026-06-08 17:45:51.800508+00,2026-06-08 17:46:17.302295+00,2026-06-08 17:46:17.406927+00,0.104632,25.606419,
00355775-13f9-4c96-921e-51d1286c73c5,numbered,70832,completed,sold,1,2026-06-08 17:45:51.857738+00,2026-06-08 17:46:17.311623+00,2026-06-08 17:46:17.417156+00,0.105533,25.559418,
1497e48e-552e-4922-b4a3-ba265798584c,numbered,64959,completed,sold,1,2026-06-08 17:45:51.829221+00,2026-06-08 17:46:17.309121+00,2026-06-08 17:46:17.417156+00,0.108035,25.587935,
11189330-3858-4532-90b0-66c32f91b155,numbered,7866,completed,sold,1,2026-06-08 17:45:51.886537+00,2026-06-08 17:46:17.390272+00,2026-06-08 17:46:17.49464+00,0.104368,25.608103,
6bedc574-c54c-4b0c-96b6-0e0167344b91,numbered,63689,completed,sold,1,2026-06-08 17:45:51.914886+00,2026-06-08 17:46:17.395765+00,2026-06-08 17:46:17.502125+00,0.106360,25.587239,
811c387f-6947-4961-a6e1-4ba6183235e6,numbered,35651,completed,sold,1,2026-06-08 17:45:51.943572+00,2026-06-08 17:46:17.430735+00,2026-06-08 17:46:17.536087+00,0.105352,25.592515,
42de1983-fb9a-418f-bf9d-06eceb9b40e0,numbered,8217,completed,sold,1,2026-06-08 17:45:51.972123+00,2026-06-08 17:46:17.443061+00,2026-06-08 17:46:17.54877+00,0.105709,25.576647,
e9991f75-62da-4f61-9126-356bd08f16fa,numbered,27887,completed,sold,1,2026-06-08 17:45:52.029274+00,2026-06-08 17:46:17.446174+00,2026-06-08 17:46:17.552437+00,0.106263,25.523163,
0202dbdf-9bc7-4147-b261-4ca63fb4c31a,numbered,20872,completed,sold,1,2026-06-08 17:45:52.000681+00,2026-06-08 17:46:17.447944+00,2026-06-08 17:46:17.556503+00,0.108559,25.555822,
3b1f2cb9-d274-4f6d-b6dd-5cc54c4577e7,numbered,75372,completed,sold,1,2026-06-08 17:45:52.086498+00,2026-06-08 17:46:17.449934+00,2026-06-08 17:46:17.557019+00,0.107085,25.470521,
0eb30036-9ec9-4537-a1a6-bb6856901b54,numbered,68,completed,sold,1,2026-06-08 17:45:52.057961+00,2026-06-08 17:46:17.448455+00,2026-06-08 17:46:17.558145+00,0.109690,25.500184,
c4cb273f-0186-49ca-bf69-ca11d43492b3,numbered,5112,completed,sold,1,2026-06-08 17:45:52.11496+00,2026-06-08 17:46:17.518127+00,2026-06-08 17:46:17.622755+00,0.104628,25.507795,
0d3ad7da-3313-41ed-a492-ce6319ff3cab,numbered,88189,completed,sold,1,2026-06-08 17:45:52.14343+00,2026-06-08 17:46:17.530745+00,2026-06-08 17:46:17.636086+00,0.105341,25.492656,
98777e4c-1298-46e7-8c60-c498fe651425,numbered,49832,completed,sold,1,2026-06-08 17:45:52.173014+00,2026-06-08 17:46:17.570147+00,2026-06-08 17:46:17.676044+00,0.105897,25.503030,
3c460964-1dd7-49d6-b9b7-03e83725b02c,numbered,99754,completed,sold,1,2026-06-08 17:45:52.229217+00,2026-06-08 17:46:17.590453+00,2026-06-08 17:46:17.696259+00,0.105806,25.467042,
cc288e03-6c38-46b0-b6da-3675f4857c4a,numbered,14173,completed,sold,1,2026-06-08 17:45:52.200426+00,2026-06-08 17:46:17.588761+00,2026-06-08 17:46:17.696298+00,0.107537,25.495872,
c4bfe3dd-b8d5-4625-a6a4-0e810ee25775,numbered,13152,completed,sold,1,2026-06-08 17:45:52.257977+00,2026-06-08 17:46:17.590152+00,2026-06-08 17:46:17.696928+00,0.106776,25.438951,
760c8e9b-d597-486a-8821-524a97cf94eb,numbered,56568,completed,sold,1,2026-06-08 17:45:52.28657+00,2026-06-08 17:46:17.596308+00,2026-06-08 17:46:17.706189+00,0.109881,25.419619,
d747aeb0-3a7d-4b7c-8e95-2da5abc3aecd,numbered,83936,completed,sold,1,2026-06-08 17:45:52.3149+00,2026-06-08 17:46:17.598313+00,2026-06-08 17:46:17.706189+00,0.107876,25.391289,
07b05f08-6fad-409a-b0ba-50400e7970ff,numbered,59407,completed,sold,1,2026-06-08 17:45:52.343596+00,2026-06-08 17:46:17.644446+00,2026-06-08 17:46:17.749004+00,0.104558,25.405408,
5ceb783d-c5d2-439c-b8e5-5efbb0dfb360,numbered,94412,completed,sold,1,2026-06-08 17:45:52.372109+00,2026-06-08 17:46:17.662303+00,2026-06-08 17:46:17.768477+00,0.106174,25.396368,
caada746-ae28-42eb-91c1-056c6c715910,numbered,48709,completed,sold,1,2026-06-08 17:45:52.400706+00,2026-06-08 17:46:17.714553+00,2026-06-08 17:46:17.820121+00,0.105568,25.419415,
9ad82fd9-a619-4ef1-88ff-a90f05e5f1a1,numbered,26281,completed,sold,1,2026-06-08 17:45:52.486457+00,2026-06-08 17:46:17.731259+00,2026-06-08 17:46:17.838315+00,0.107056,25.351858,
a7e5eb15-3f67-4b43-9f0a-f1498466d8da,numbered,92073,completed,sold,1,2026-06-08 17:45:52.457603+00,2026-06-08 17:46:17.735244+00,2026-06-08 17:46:17.840959+00,0.105715,25.383356,
63a9b453-064e-46cc-9041-30d1d5d4bb56,numbered,51249,completed,sold,1,2026-06-08 17:45:52.429235+00,2026-06-08 17:46:17.736196+00,2026-06-08 17:46:17.843439+00,0.107243,25.414204,
83ac3a89-95f8-45e6-952d-fafebfae2a0a,numbered,16132,completed,sold,1,2026-06-08 17:45:52.543461+00,2026-06-08 17:46:17.740593+00,2026-06-08 17:46:17.848087+00,0.107494,25.304626,
399ab89e-e4bd-4e2d-add4-da4742ae6d0a,numbered,44585,completed,sold,1,2026-06-08 17:45:52.514843+00,2026-06-08 17:46:17.740407+00,2026-06-08 17:46:17.848655+00,0.108248,25.333812,
f09e100a-1cae-4583-b251-d9023647f109,numbered,18593,completed,sold,1,2026-06-08 17:45:52.572059+00,2026-06-08 17:46:17.770373+00,2026-06-08 17:46:17.877568+00,0.107195,25.305509,
87c71e47-b1db-499c-88cd-7bbece3e6a32,numbered,83431,completed,sold,1,2026-06-08 17:45:52.60054+00,2026-06-08 17:46:17.793844+00,2026-06-08 17:46:17.899518+00,0.105674,25.298978,
c66a147b-e3a5-4734-80f5-51c861e44a64,numbered,49720,completed,sold,1,2026-06-08 17:45:52.629251+00,2026-06-08 17:46:17.862356+00,2026-06-08 17:46:17.967995+00,0.105639,25.338744,
cdbb3c5d-745d-4452-be8c-ddb2e661b146,numbered,55557,completed,sold,1,2026-06-08 17:45:52.714807+00,2026-06-08 17:46:17.882465+00,2026-06-08 17:46:17.987871+00,0.105406,25.273064,
1ba60487-8122-4d6d-b821-9f96f718bb23,numbered,40677,completed,sold,1,2026-06-08 17:45:52.657994+00,2026-06-08 17:46:17.885747+00,2026-06-08 17:46:17.99533+00,0.109583,25.337336,
56cb8b1a-c72b-4dd2-91e5-cbe25555648f,numbered,79003,completed,sold,1,2026-06-08 17:45:52.77223+00,2026-06-08 17:46:17.88857+00,2026-06-08 17:46:17.995766+00,0.107196,25.223536,
e61d5858-17d4-4929-8000-94a151aa878f,numbered,9849,completed,sold,1,2026-06-08 17:45:52.743541+00,2026-06-08 17:46:17.890403+00,2026-06-08 17:46:17.995836+00,0.105433,25.252295,
36d10df2-a9e1-47c4-bda4-217f5f0d830c,numbered,9590,completed,sold,1,2026-06-08 17:45:52.686591+00,2026-06-08 17:46:17.891666+00,2026-06-08 17:46:18.002898+00,0.111232,25.316307,
4b110f71-bec5-48a3-8805-96ecabb38f87,numbered,78615,completed,sold,1,2026-06-08 17:45:52.800597+00,2026-06-08 17:46:17.90361+00,2026-06-08 17:46:18.012551+00,0.108941,25.211954,
7a4c802f-ce2e-4421-bfdf-b8cd0123de8b,numbered,50256,completed,sold,1,2026-06-08 17:45:52.829194+00,2026-06-08 17:46:17.924144+00,2026-06-08 17:46:18.031195+00,0.107051,25.202001,
84bce89e-9777-43a7-8951-6a0dca6bc1c5,numbered,48494,completed,sold,1,2026-06-08 17:45:52.857728+00,2026-06-08 17:46:18.010941+00,2026-06-08 17:46:18.116516+00,0.105575,25.258788,
ae665216-2a2e-4885-9a0c-7e0ba5794bfd,numbered,31935,completed,sold,1,2026-06-08 17:45:52.886489+00,2026-06-08 17:46:18.026283+00,2026-06-08 17:46:18.130938+00,0.104655,25.244449,
c460804d-330c-4cbd-bcf1-4c43a243852d,numbered,23628,completed,sold,1,2026-06-08 17:45:52.914989+00,2026-06-08 17:46:18.036058+00,2026-06-08 17:46:18.142602+00,0.106544,25.227613,
f1b03b2d-3232-417c-8612-e671db7de56c,numbered,17787,completed,sold,1,2026-06-08 17:45:52.972083+00,2026-06-08 17:46:18.041474+00,2026-06-08 17:46:18.15091+00,0.109436,25.178827,
9ef46d00-b96b-41a1-ab33-d54fbf03ed91,numbered,18030,completed,sold,1,2026-06-08 17:45:52.943526+00,2026-06-08 17:46:18.04221+00,2026-06-08 17:46:18.15352+00,0.111310,25.209994,
a95a8312-bca6-4f19-9bae-16b46878d6fc,numbered,45124,completed,sold,1,2026-06-08 17:45:53.029232+00,2026-06-08 17:46:18.048527+00,2026-06-08 17:46:18.154202+00,0.105675,25.124970,
03ff4b5c-4813-4be8-81fc-afa89465c9b4,numbered,71828,completed,sold,1,2026-06-08 17:45:53.00057+00,2026-06-08 17:46:18.04373+00,2026-06-08 17:46:18.154772+00,0.111042,25.154202,
5ff8b94d-65ca-485e-b1ed-1774b0c5db37,numbered,96532,completed,sold,1,2026-06-08 17:45:53.05795+00,2026-06-08 17:46:18.061654+00,2026-06-08 17:46:18.172234+00,0.110580,25.114284,
1e6a1004-218c-4da9-a668-a9273cae6d89,numbered,95230,completed,sold,1,2026-06-08 17:45:53.086481+00,2026-06-08 17:46:18.145291+00,2026-06-08 17:46:18.250888+00,0.105597,25.164407,
0101f868-2dc4-45c7-9ba8-f7c0d121b11f,numbered,5016,completed,sold,1,2026-06-08 17:45:53.114676+00,2026-06-08 17:46:18.171577+00,2026-06-08 17:46:18.277017+00,0.105440,25.162341,
4a93715f-185c-4eb5-9e63-b2b1168eb1e1,numbered,77389,completed,sold,1,2026-06-08 17:45:53.143611+00,2026-06-08 17:46:18.180123+00,2026-06-08 17:46:18.286549+00,0.106426,25.142938,
192376c5-1aa1-4f5f-92f4-160ddd63f399,numbered,22626,completed,sold,1,2026-06-08 17:45:53.229524+00,2026-06-08 17:46:18.194081+00,2026-06-08 17:46:18.302926+00,0.108845,25.073402,
5026c29a-dbd4-491e-af19-e2bdeea33100,numbered,13874,completed,sold,1,2026-06-08 17:45:53.200791+00,2026-06-08 17:46:18.194845+00,2026-06-08 17:46:18.303842+00,0.108997,25.103051,
c6615876-82dd-424f-afb4-61bc28884473,numbered,10645,completed,sold,1,2026-06-08 17:45:53.172121+00,2026-06-08 17:46:18.195392+00,2026-06-08 17:46:18.304341+00,0.108949,25.132220,
068b0836-6cc8-485c-ba64-7efc3e59b7bd,numbered,48452,completed,sold,1,2026-06-08 17:45:53.258021+00,2026-06-08 17:46:18.196668+00,2026-06-08 17:46:18.304777+00,0.108109,25.046756,
b93c6121-2270-462b-9809-01b0476c9f9c,numbered,25045,completed,sold,1,2026-06-08 17:45:53.286689+00,2026-06-08 17:46:18.204715+00,2026-06-08 17:46:18.311107+00,0.106392,25.024418,
67721e84-0db9-404e-8cc7-8da92c61687a,numbered,15866,completed,sold,1,2026-06-08 17:45:53.314996+00,2026-06-08 17:46:18.277029+00,2026-06-08 17:46:18.382622+00,0.105593,25.067626,
ab16d72d-a07b-4eb8-a2d4-409dee554288,numbered,29380,completed,sold,1,2026-06-08 17:45:53.343658+00,2026-06-08 17:46:18.320435+00,2026-06-08 17:46:18.426357+00,0.105922,25.082699,
586d8932-cbd5-49be-af52-9a62facfe259,numbered,38914,completed,seat_unavailable,1,2026-06-08 17:45:53.372048+00,2026-06-08 17:46:18.325062+00,2026-06-08 17:46:18.428302+00,0.103240,25.056254,
92b58ce1-40b0-4da3-a75b-5e961b90e4aa,numbered,48878,completed,sold,1,2026-06-08 17:45:53.429477+00,2026-06-08 17:46:18.349794+00,2026-06-08 17:46:18.457073+00,0.107279,25.027596,
d95c8c33-6032-4fd1-88ab-99ae3451357d,numbered,79565,completed,sold,1,2026-06-08 17:45:53.486372+00,2026-06-08 17:46:18.350692+00,2026-06-08 17:46:18.458259+00,0.107567,24.971887,
c2371c70-9a87-49b8-b99b-ef87247ed779,numbered,11665,completed,sold,1,2026-06-08 17:45:53.514685+00,2026-06-08 17:46:18.348676+00,2026-06-08 17:46:18.459631+00,0.110955,24.944946,
b46b2a21-2a8e-4268-b72a-f029a15edc19,numbered,60033,completed,sold,1,2026-06-08 17:45:53.458013+00,2026-06-08 17:46:18.349383+00,2026-06-08 17:46:18.459634+00,0.110251,25.001621,
b9ba12e8-1d00-4b67-9cf9-b0cc5181e2d5,numbered,31970,completed,sold,1,2026-06-08 17:45:53.400719+00,2026-06-08 17:46:18.350063+00,2026-06-08 17:46:18.460402+00,0.110339,25.059683,
9453bbd6-5f90-47a0-a412-ee65ebfe625a,numbered,78120,completed,sold,1,2026-06-08 17:45:53.543407+00,2026-06-08 17:46:18.407171+00,2026-06-08 17:46:18.512859+00,0.105688,24.969452,
32a57527-fabb-4606-a7ac-b9b428120dfb,numbered,80302,completed,sold,1,2026-06-08 17:45:53.5722+00,2026-06-08 17:46:18.450327+00,2026-06-08 17:46:18.555398+00,0.105071,24.983198,
5b382205-ad07-47ba-bbbc-f4b5c255cebc,numbered,91805,completed,sold,1,2026-06-08 17:45:53.600762+00,2026-06-08 17:46:18.468769+00,2026-06-08 17:46:18.575457+00,0.106688,24.974695,
5681b8b8-0ee6-4e49-8781-afb37e2a483a,numbered,67302,completed,sold,1,2026-06-08 17:45:53.657714+00,2026-06-08 17:46:18.493621+00,2026-06-08 17:46:18.604761+00,0.111140,24.947047,
24aa2c0f-5133-4593-a85d-81c3b7616890,numbered,34370,completed,sold,1,2026-06-08 17:45:53.686527+00,2026-06-08 17:46:18.499761+00,2026-06-08 17:46:18.60529+00,0.105529,24.918763,
f96897c6-a2c2-4378-b429-74d24a642ad6,numbered,94657,completed,sold,1,2026-06-08 17:45:53.62924+00,2026-06-08 17:46:18.49821+00,2026-06-08 17:46:18.60731+00,0.109100,24.978070,
bba7d2fe-032c-4a21-afad-3cf7d06642f2,numbered,1862,completed,sold,1,2026-06-08 17:45:53.715026+00,2026-06-08 17:46:18.497613+00,2026-06-08 17:46:18.607925+00,0.110312,24.892899,
2e1b66c4-5cff-4e80-a9da-ed044e360c23,numbered,87740,completed,sold,1,2026-06-08 17:45:53.743311+00,2026-06-08 17:46:18.500544+00,2026-06-08 17:46:18.608061+00,0.107517,24.864750,
3a0d14dd-a966-4778-910f-ae6bc22890c6,numbered,1161,completed,sold,1,2026-06-08 17:45:53.771949+00,2026-06-08 17:46:18.538118+00,2026-06-08 17:46:18.644064+00,0.105946,24.872115,
afd67fe6-a294-4dc8-bffd-8996f57996c7,numbered,79860,completed,sold,1,2026-06-08 17:45:53.800621+00,2026-06-08 17:46:18.578463+00,2026-06-08 17:46:18.683136+00,0.104673,24.882515,
58f5cf38-eec9-4a41-9674-93012504bed1,numbered,67246,completed,sold,1,2026-06-08 17:45:53.829319+00,2026-06-08 17:46:18.60266+00,2026-06-08 17:46:18.709991+00,0.107331,24.880672,
89cdf747-242c-4378-89f5-d283ecb3c881,numbered,25093,completed,sold,1,2026-06-08 17:45:53.858081+00,2026-06-08 17:46:18.63967+00,2026-06-08 17:46:18.744411+00,0.104741,24.886330,
e8e6bfb4-048d-42cb-8678-3125b59a92bb,numbered,39512,completed,sold,1,2026-06-08 17:45:53.886372+00,2026-06-08 17:46:18.64607+00,2026-06-08 17:46:18.755521+00,0.109451,24.869149,
c053a10f-e3b9-4655-bd52-2cc08a37be12,numbered,4373,completed,sold,1,2026-06-08 17:45:53.915079+00,2026-06-08 17:46:18.646708+00,2026-06-08 17:46:18.756514+00,0.109806,24.841435,
b062c283-2bc9-46fe-9136-173a7ef23e15,numbered,55171,completed,sold,1,2026-06-08 17:45:53.943579+00,2026-06-08 17:46:18.64861+00,2026-06-08 17:46:18.756703+00,0.108093,24.813124,
f10e3000-842e-45c0-9d3e-0c7630f752e5,numbered,51594,completed,sold,1,2026-06-08 17:45:53.972127+00,2026-06-08 17:46:18.646304+00,2026-06-08 17:46:18.757617+00,0.111313,24.785490,
6ec1f439-a4ce-4acf-86de-a1af41faee67,numbered,95162,completed,sold,1,2026-06-08 17:45:54.000706+00,2026-06-08 17:46:18.669548+00,2026-06-08 17:46:18.776022+00,0.106474,24.775316,
2fba9342-ebbd-4aaf-9e5a-a07da370700c,numbered,93719,completed,sold,1,2026-06-08 17:45:54.029199+00,2026-06-08 17:46:18.704668+00,2026-06-08 17:46:18.81037+00,0.105702,24.781171,
80aff316-999b-4fb5-bfd3-c79b98b98e90,numbered,48295,completed,sold,1,2026-06-08 17:45:54.058085+00,2026-06-08 17:46:18.734483+00,2026-06-08 17:46:18.83991+00,0.105427,24.781825,
542adf9a-1a16-4a1c-9bd8-8d3af42ba32d,numbered,18617,completed,sold,1,2026-06-08 17:45:54.086487+00,2026-06-08 17:46:18.777475+00,2026-06-08 17:46:18.881996+00,0.104521,24.795509,
9e7716c9-06d9-40ca-9300-c2c8df33254e,numbered,1145,completed,sold,1,2026-06-08 17:45:54.172092+00,2026-06-08 17:46:18.793326+00,2026-06-08 17:46:18.898737+00,0.105411,24.726645,
8cbc59ac-451d-4a01-9149-a10785eaa8e5,numbered,34705,completed,sold,1,2026-06-08 17:45:54.143519+00,2026-06-08 17:46:18.793861+00,2026-06-08 17:46:18.900722+00,0.106861,24.757203,
1ff4372a-8387-4cb8-8909-82a65204a5e9,numbered,46459,completed,sold,1,2026-06-08 17:45:54.200675+00,2026-06-08 17:46:18.797172+00,2026-06-08 17:46:18.903407+00,0.106235,24.702732,
7f513666-e612-4207-80a7-fd0a3bfa4b44,numbered,63756,completed,sold,1,2026-06-08 17:45:54.114981+00,2026-06-08 17:46:18.796245+00,2026-06-08 17:46:18.907527+00,0.111282,24.792546,
c883bb60-b427-4127-a263-90d15a1d30a7,numbered,27733,completed,sold,1,2026-06-08 17:45:54.22922+00,2026-06-08 17:46:18.812243+00,2026-06-08 17:46:18.919021+00,0.106778,24.689801,
72dd9309-1787-4981-b084-3846536e25a6,numbered,99099,completed,sold,1,2026-06-08 17:45:54.257987+00,2026-06-08 17:46:18.832329+00,2026-06-08 17:46:18.937166+00,0.104837,24.679179,
a4b4c667-8dc8-43ea-8b72-ffc3902173d4,numbered,86404,completed,sold,1,2026-06-08 17:45:54.286418+00,2026-06-08 17:46:18.865171+00,2026-06-08 17:46:18.970636+00,0.105465,24.684218,
266ac617-1e97-43e4-96a0-0f707d39f3e7,numbered,65993,completed,sold,1,2026-06-08 17:45:54.314916+00,2026-06-08 17:46:18.918597+00,2026-06-08 17:46:19.023369+00,0.104772,24.708453,
531b3903-8c9a-45f4-a188-637976a4b1bc,numbered,47932,completed,sold,1,2026-06-08 17:45:54.372018+00,2026-06-08 17:46:18.932822+00,2026-06-08 17:46:19.037099+00,0.104277,24.665081,
9ef9392d-2c85-4c16-9e61-375460bb0d16,numbered,22119,completed,sold,1,2026-06-08 17:45:54.343642+00,2026-06-08 17:46:18.935045+00,2026-06-08 17:46:19.043511+00,0.108466,24.699869,
0cdd9a0c-c687-41e6-9970-7a4ecf256854,numbered,10131,completed,sold,1,2026-06-08 17:45:54.400461+00,2026-06-08 17:46:18.938082+00,2026-06-08 17:46:19.044292+00,0.106210,24.643831,
5fe96466-9a59-4696-a71c-1c6f1b2969b6,numbered,90269,completed,sold,1,2026-06-08 17:45:54.428991+00,2026-06-08 17:46:18.94411+00,2026-06-08 17:46:19.05298+00,0.108870,24.623989,
4add6e55-d5da-45d9-8f81-83d80d124b90,numbered,39903,completed,sold,1,2026-06-08 17:45:54.457995+00,2026-06-08 17:46:18.951526+00,2026-06-08 17:46:19.058671+00,0.107145,24.600676,
8d92c32f-a59b-4d7b-b72b-9d82d9af7c32,numbered,79290,completed,sold,1,2026-06-08 17:45:54.486436+00,2026-06-08 17:46:18.960214+00,2026-06-08 17:46:19.068484+00,0.108270,24.582048,
c0ab9ed0-3227-4c51-89f9-0ecc6156f8e0,numbered,90596,completed,sold,1,2026-06-08 17:45:54.514953+00,2026-06-08 17:46:18.996237+00,2026-06-08 17:46:19.101541+00,0.105304,24.586588,
b5491349-eaf5-4c4b-8d8b-c2854ea1b5b6,numbered,35738,completed,sold,1,2026-06-08 17:45:54.543341+00,2026-06-08 17:46:19.056954+00,2026-06-08 17:46:19.162016+00,0.105062,24.618675,
7a3588f5-cd10-4d76-a7d7-ce5176a189ec,numbered,87731,completed,sold,1,2026-06-08 17:45:54.57203+00,2026-06-08 17:46:19.070469+00,2026-06-08 17:46:19.174407+00,0.103938,24.602377,
4db6cff8-2b95-4152-a0c8-ef085a881c3d,numbered,72488,completed,sold,1,2026-06-08 17:45:54.600614+00,2026-06-08 17:46:19.074689+00,2026-06-08 17:46:19.179705+00,0.105016,24.579091,
2038478b-2029-4fbf-a73f-31623c486a77,numbered,47634,completed,sold,1,2026-06-08 17:45:54.629075+00,2026-06-08 17:46:19.082169+00,2026-06-08 17:46:19.188184+00,0.106015,24.559109,
3fcb64cc-491e-4bdc-a18a-147020343adf,numbered,41898,completed,sold,1,2026-06-08 17:45:54.657873+00,2026-06-08 17:46:19.093272+00,2026-06-08 17:46:19.202738+00,0.109466,24.544865,
6cfb71f6-1bfd-44d3-97b0-59e6e2bfd36b,numbered,82815,completed,sold,1,2026-06-08 17:45:54.686414+00,2026-06-08 17:46:19.094521+00,2026-06-08 17:46:19.202738+00,0.108217,24.516324,
f42973dd-c4ef-4eb1-b307-f2a1abdb1667,numbered,24779,completed,sold,1,2026-06-08 17:45:54.715007+00,2026-06-08 17:46:19.096502+00,2026-06-08 17:46:19.203387+00,0.106885,24.488380,
1f2912a4-5c00-4854-8ccf-52d28f12f754,numbered,11568,completed,sold,1,2026-06-08 17:45:54.743467+00,2026-06-08 17:46:19.126867+00,2026-06-08 17:46:19.233376+00,0.106509,24.489909,
b17c1c81-898a-4814-a82b-bf72498bcb91,numbered,32407,completed,sold,1,2026-06-08 17:45:54.772058+00,2026-06-08 17:46:19.195318+00,2026-06-08 17:46:19.300555+00,0.105237,24.528497,
d09532ec-6f9b-417e-b9de-51744fa48dda,numbered,78669,completed,sold,1,2026-06-08 17:45:54.800535+00,2026-06-08 17:46:19.197124+00,2026-06-08 17:46:19.30169+00,0.104566,24.501155,
5226b33c-37d1-4bf7-8f7b-0703f73a8d07,numbered,45627,completed,sold,1,2026-06-08 17:45:54.829181+00,2026-06-08 17:46:19.214912+00,2026-06-08 17:46:19.320424+00,0.105512,24.491243,
1e058053-144f-4c17-ac6a-218b9ddd720a,numbered,5727,completed,sold,1,2026-06-08 17:45:54.858089+00,2026-06-08 17:46:19.220263+00,2026-06-08 17:46:19.32827+00,0.108007,24.470181,
ad24161a-c7e5-459f-b0df-92644b5db4f6,numbered,36102,completed,sold,1,2026-06-08 17:45:54.915055+00,2026-06-08 17:46:19.237578+00,2026-06-08 17:46:19.343281+00,0.105703,24.428226,
e57303d2-e82c-49d7-8cea-539d31394152,numbered,75513,completed,sold,1,2026-06-08 17:45:54.943346+00,2026-06-08 17:46:19.24054+00,2026-06-08 17:46:19.349877+00,0.109337,24.406531,
956ceb55-8a72-4474-a57b-8675bbd8ccd3,numbered,91163,completed,sold,1,2026-06-08 17:45:54.886377+00,2026-06-08 17:46:19.242911+00,2026-06-08 17:46:19.350422+00,0.107511,24.464045,
af418269-2dc5-4208-9e5a-e11a98bf5484,numbered,65779,completed,sold,1,2026-06-08 17:45:54.972087+00,2026-06-08 17:46:19.259826+00,2026-06-08 17:46:19.365592+00,0.105766,24.393505,
5bc53a75-1942-4abf-ba5d-f117279d7c8c,numbered,26541,completed,sold,1,2026-06-08 17:45:55.029465+00,2026-06-08 17:46:19.32788+00,2026-06-08 17:46:19.432348+00,0.104468,24.402883,
4bbe6d58-b421-4c55-a5c1-9196c34af580,numbered,77048,completed,sold,1,2026-06-08 17:45:55.000818+00,2026-06-08 17:46:19.328479+00,2026-06-08 17:46:19.433359+00,0.104880,24.432541,
f2ebd5eb-bfd2-4927-b66b-611d81b861ac,numbered,41625,completed,sold,1,2026-06-08 17:45:55.057679+00,2026-06-08 17:46:19.348536+00,2026-06-08 17:46:19.454078+00,0.105542,24.396399,
a76a7a2d-e4a8-4fcd-b24c-a40c0fb76e59,numbered,37090,completed,sold,1,2026-06-08 17:45:55.086439+00,2026-06-08 17:46:19.361152+00,2026-06-08 17:46:19.466228+00,0.105076,24.379789,
930d4973-79b2-4f0a-a82c-80d60cd803b7,numbered,53206,completed,sold,1,2026-06-08 17:45:55.114948+00,2026-06-08 17:46:19.369101+00,2026-06-08 17:46:19.475137+00,0.106036,24.360189,
7deb7942-3fcd-4c03-9b96-ba44d8bceec6,numbered,10333,completed,sold,1,2026-06-08 17:45:55.172205+00,2026-06-08 17:46:19.379753+00,2026-06-08 17:46:19.485725+00,0.105972,24.313520,
c4d2d7fa-e8ba-4f39-9dea-a0be40bce447,numbered,20085,completed,sold,1,2026-06-08 17:45:55.143437+00,2026-06-08 17:46:19.382466+00,2026-06-08 17:46:19.488785+00,0.106319,24.345348,
bad20244-6eb0-4251-bff9-beebec6129e4,numbered,11802,completed,sold,1,2026-06-08 17:45:55.20075+00,2026-06-08 17:46:19.392943+00,2026-06-08 17:46:19.499607+00,0.106664,24.298857,
4f2b4651-9d0f-4885-99f9-61697009a16a,numbered,31814,completed,sold,1,2026-06-08 17:45:55.229511+00,2026-06-08 17:46:19.45544+00,2026-06-08 17:46:19.559672+00,0.104232,24.330161,
021d8520-d189-4583-be91-86013feef637,numbered,52261,completed,sold,1,2026-06-08 17:45:55.25805+00,2026-06-08 17:46:19.458513+00,2026-06-08 17:46:19.564362+00,0.105849,24.306312,
2e1559d3-4a69-4cce-9311-83e6768d3a9c,numbered,93185,completed,sold,1,2026-06-08 17:45:55.286433+00,2026-06-08 17:46:19.4783+00,2026-06-08 17:46:19.583224+00,0.104924,24.296791,
21738192-f5c6-42a2-a48d-d3601c55a5b6,numbered,81958,completed,sold,1,2026-06-08 17:45:55.343304+00,2026-06-08 17:46:19.504644+00,2026-06-08 17:46:19.609711+00,0.105067,24.266407,
429d2ee0-5976-45cf-802c-7f56768c9610,numbered,30204,completed,sold,1,2026-06-08 17:45:55.314803+00,2026-06-08 17:46:19.503961+00,2026-06-08 17:46:19.609735+00,0.105774,24.294932,
435624c4-200d-4d5f-ae5a-16a755f5d7e7,numbered,79536,completed,sold,1,2026-06-08 17:45:55.372096+00,2026-06-08 17:46:19.518778+00,2026-06-08 17:46:19.624077+00,0.105299,24.251981,
5f4b244e-f3ce-4108-9cfb-cdaacd1027df,numbered,96826,completed,sold,1,2026-06-08 17:45:55.400587+00,2026-06-08 17:46:19.521503+00,2026-06-08 17:46:19.628567+00,0.107064,24.227980,
8ac7ddb8-230a-4676-b07d-a707a8a9f619,numbered,45292,completed,sold,1,2026-06-08 17:45:55.429091+00,2026-06-08 17:46:19.52575+00,2026-06-08 17:46:19.636354+00,0.110604,24.207263,
a42bda5a-b959-4040-83a5-a3decc3422bd,numbered,46697,completed,sold,1,2026-06-08 17:45:55.457642+00,2026-06-08 17:46:19.581026+00,2026-06-08 17:46:19.685324+00,0.104298,24.227682,
4af2ba03-bfd7-47c3-9549-5892fdbbd908,numbered,69011,completed,sold,1,2026-06-08 17:45:55.486563+00,2026-06-08 17:46:19.58881+00,2026-06-08 17:46:19.694047+00,0.105237,24.207484,
e19cffdb-b99c-4143-8c58-43765bf7244d,numbered,68912,completed,sold,1,2026-06-08 17:45:55.514926+00,2026-06-08 17:46:19.604843+00,2026-06-08 17:46:19.709599+00,0.104756,24.194673,
9d681d59-539c-4f38-8fe7-5bcffed87643,numbered,90366,completed,sold,1,2026-06-08 17:45:55.543558+00,2026-06-08 17:46:19.634697+00,2026-06-08 17:46:19.739258+00,0.104561,24.195700,
ddc52010-cb93-4efc-8c34-e68717cc5756,numbered,2719,completed,sold,1,2026-06-08 17:45:55.572075+00,2026-06-08 17:46:19.642202+00,2026-06-08 17:46:19.751892+00,0.109690,24.179817,
497b2afe-3df0-4fe7-bcdf-1e0b8849c55a,numbered,31526,completed,sold,1,2026-06-08 17:45:55.600581+00,2026-06-08 17:46:19.653743+00,2026-06-08 17:46:19.760065+00,0.106322,24.159484,
3bc4251d-688d-4046-bf93-a69bcca74e8a,numbered,42235,completed,sold,1,2026-06-08 17:45:55.657992+00,2026-06-08 17:46:19.664431+00,2026-06-08 17:46:19.771076+00,0.106645,24.113084,
4b017ddb-6232-49bc-a216-176f3dbeea47,numbered,60776,completed,sold,1,2026-06-08 17:45:55.629092+00,2026-06-08 17:46:19.664496+00,2026-06-08 17:46:19.771219+00,0.106723,24.142127,
d60053c1-28fb-425c-b1cf-a8bec653d62e,numbered,17111,completed,sold,1,2026-06-08 17:45:55.686364+00,2026-06-08 17:46:19.706968+00,2026-06-08 17:46:19.811399+00,0.104431,24.125035,
de0406a6-5eb2-47da-8f81-7e8c4dbd9f58,numbered,79214,completed,sold,1,2026-06-08 17:45:55.714681+00,2026-06-08 17:46:19.718204+00,2026-06-08 17:46:19.82257+00,0.104366,24.107889,
13ca882e-9ee6-4c9a-99bd-21e6328cd521,numbered,80434,completed,sold,1,2026-06-08 17:45:55.743495+00,2026-06-08 17:46:19.732454+00,2026-06-08 17:46:19.837181+00,0.104727,24.093686,
1998a4b1-474f-4664-9a10-b1d3bf57f137,numbered,2037,completed,sold,1,2026-06-08 17:45:55.772063+00,2026-06-08 17:46:19.764735+00,2026-06-08 17:46:19.870083+00,0.105348,24.098020,
196435f2-3bdf-48c1-8c63-539cbe30ee62,numbered,34941,completed,sold,1,2026-06-08 17:45:55.800614+00,2026-06-08 17:46:19.785627+00,2026-06-08 17:46:19.89153+00,0.105903,24.090916,
fe08ff2c-ca35-4509-bcaa-83b0d11d17cb,numbered,10054,completed,sold,1,2026-06-08 17:45:55.829266+00,2026-06-08 17:46:19.78926+00,2026-06-08 17:46:19.895152+00,0.105892,24.065886,
904d0f7b-07d7-42b0-aa55-6e9da7ed6bc6,numbered,59326,completed,sold,1,2026-06-08 17:45:55.85793+00,2026-06-08 17:46:19.79884+00,2026-06-08 17:46:19.904823+00,0.105983,24.046893,
d561abbd-785b-484e-8afc-96804791acd8,numbered,98382,completed,sold,1,2026-06-08 17:45:55.886667+00,2026-06-08 17:46:19.800046+00,2026-06-08 17:46:19.907239+00,0.107193,24.020572,
af09a429-2b22-4043-a05e-56c0a88ccf05,numbered,76515,completed,sold,1,2026-06-08 17:45:55.914908+00,2026-06-08 17:46:19.832301+00,2026-06-08 17:46:19.936086+00,0.103785,24.021178,
39928852-02ea-4ed3-a041-50f1d83389c8,numbered,54658,completed,sold,1,2026-06-08 17:45:55.9436+00,2026-06-08 17:46:19.847433+00,2026-06-08 17:46:19.952377+00,0.104944,24.008777,
b7c4bb7e-4729-41fa-9464-8520e9cda012,numbered,90475,completed,sold,1,2026-06-08 17:45:55.971863+00,2026-06-08 17:46:19.860149+00,2026-06-08 17:46:19.964671+00,0.104522,23.992808,
d2e19040-ab8e-499e-8b1f-f8cd76ff72a0,numbered,99459,completed,sold,1,2026-06-08 17:45:56.000675+00,2026-06-08 17:46:19.894429+00,2026-06-08 17:46:19.999031+00,0.104602,23.998356,
11e1bc03-3ab7-426d-b49a-4f125e584e25,numbered,77489,completed,sold,1,2026-06-08 17:45:56.029227+00,2026-06-08 17:46:19.923846+00,2026-06-08 17:46:20.029313+00,0.105467,24.000086,
f434a567-a6b0-4167-a237-8d85e7797eeb,numbered,51507,completed,sold,1,2026-06-08 17:45:56.058055+00,2026-06-08 17:46:19.924597+00,2026-06-08 17:46:20.030078+00,0.105481,23.972023,
c1c123fc-aa2a-4e57-822f-f125ea2e4d19,numbered,12797,completed,sold,1,2026-06-08 17:45:56.086443+00,2026-06-08 17:46:19.931738+00,2026-06-08 17:46:20.041768+00,0.110030,23.955325,
16693eb9-ff8d-462a-87d6-e0b4da3f59e2,numbered,46009,completed,sold,1,2026-06-08 17:45:56.114988+00,2026-06-08 17:46:19.936136+00,2026-06-08 17:46:20.042682+00,0.106546,23.927694,
025d5792-ea0b-48d2-8a4d-90e1ae58e649,numbered,30108,completed,sold,1,2026-06-08 17:45:56.143608+00,2026-06-08 17:46:19.956794+00,2026-06-08 17:46:20.062383+00,0.105589,23.918775,
8e3f5edf-3f98-49cb-9955-0a94f24a8594,numbered,56447,completed,sold,1,2026-06-08 17:45:56.172061+00,2026-06-08 17:46:19.975924+00,2026-06-08 17:46:20.080734+00,0.104810,23.908673,
d48894d6-2026-44ac-bbb4-09cfef7d1b3d,numbered,31993,completed,sold,1,2026-06-08 17:45:56.200838+00,2026-06-08 17:46:19.985739+00,2026-06-08 17:46:20.090327+00,0.104588,23.889489,
5e29d093-b5e3-46ef-ba9a-114e93d770be,numbered,67892,completed,sold,1,2026-06-08 17:45:56.229173+00,2026-06-08 17:46:20.024046+00,2026-06-08 17:46:20.128566+00,0.104520,23.899393,
06d54b6c-11ec-498a-b304-a584834057d7,numbered,74315,completed,sold,1,2026-06-08 17:45:56.257583+00,2026-06-08 17:46:20.06113+00,2026-06-08 17:46:20.166644+00,0.105514,23.909061,
b12a9a96-8b8c-4fc1-b720-f8895afcd93a,numbered,56847,completed,sold,1,2026-06-08 17:45:56.286642+00,2026-06-08 17:46:20.061957+00,2026-06-08 17:46:20.1675+00,0.105543,23.880858,
72c4e82e-0b64-4e99-8aa2-0705fb3341aa,numbered,47492,completed,sold,1,2026-06-08 17:45:56.315091+00,2026-06-08 17:46:20.072088+00,2026-06-08 17:46:20.178173+00,0.106085,23.863082,
93bb84c6-a157-43bb-89f4-d8a4268bf1d0,numbered,33854,completed,sold,1,2026-06-08 17:45:56.343555+00,2026-06-08 17:46:20.075632+00,2026-06-08 17:46:20.181674+00,0.106042,23.838119,
29de6005-d350-4b80-8d6c-b1f639adb057,numbered,15474,completed,sold,1,2026-06-08 17:45:56.372143+00,2026-06-08 17:46:20.087011+00,2026-06-08 17:46:20.191908+00,0.104897,23.819765,
ae9dcbca-1cb6-4388-a9c5-f062496f2a76,numbered,60669,completed,sold,1,2026-06-08 17:45:56.400574+00,2026-06-08 17:46:20.103679+00,2026-06-08 17:46:20.208807+00,0.105128,23.808233,
b6f8933c-e33c-4019-85dc-549b8a7b214b,numbered,89576,completed,sold,1,2026-06-08 17:45:56.42935+00,2026-06-08 17:46:20.111883+00,2026-06-08 17:46:20.217103+00,0.105220,23.787753,
13d2444b-bfd8-4e53-a457-6ac06b9018a4,numbered,59418,completed,sold,1,2026-06-08 17:45:56.45808+00,2026-06-08 17:46:20.149329+00,2026-06-08 17:46:20.254019+00,0.104690,23.795939,
14857e28-06c9-44ee-a966-a4c6048b2056,numbered,5581,completed,sold,1,2026-06-08 17:45:56.514931+00,2026-06-08 17:46:20.199233+00,2026-06-08 17:46:20.305628+00,0.106395,23.790697,
2252a802-cee7-4de7-9ca3-a3e58e29aee7,numbered,92858,completed,sold,1,2026-06-08 17:45:56.486565+00,2026-06-08 17:46:20.199891+00,2026-06-08 17:46:20.305696+00,0.105805,23.819131,
8b3ede19-4af0-4b34-93e7-7eab4fceed7a,numbered,67344,completed,sold,1,2026-06-08 17:45:56.543442+00,2026-06-08 17:46:20.21264+00,2026-06-08 17:46:20.318604+00,0.105964,23.775162,
75f4b097-b98b-4eac-91b2-f0ff2ac7a45f,numbered,32852,completed,sold,1,2026-06-08 17:45:56.600749+00,2026-06-08 17:46:20.220837+00,2026-06-08 17:46:20.327596+00,0.106759,23.726847,
06c78e2e-94ed-4b41-b9ec-0208fcee894e,numbered,86862,completed,sold,1,2026-06-08 17:45:56.572055+00,2026-06-08 17:46:20.221928+00,2026-06-08 17:46:20.328437+00,0.106509,23.756382,
ef5c8de1-0fd3-4a44-9948-5dba08f3bbc3,numbered,68903,completed,sold,1,2026-06-08 17:45:56.629159+00,2026-06-08 17:46:20.235762+00,2026-06-08 17:46:20.343311+00,0.107549,23.714152,
a9ef8f8f-0e17-4a73-b259-dea008e5e2cb,numbered,6356,completed,sold,1,2026-06-08 17:45:56.658063+00,2026-06-08 17:46:20.239797+00,2026-06-08 17:46:20.345612+00,0.105815,23.687549,
7f7d3056-c5d3-4050-bb80-da2e8bc437a1,numbered,36444,completed,sold,1,2026-06-08 17:45:56.68656+00,2026-06-08 17:46:20.275574+00,2026-06-08 17:46:20.3797+00,0.104126,23.693140,
9b6fd63c-81fc-4e74-a6a0-a1a0aca52877,numbered,30936,completed,sold,1,2026-06-08 17:45:56.714946+00,2026-06-08 17:46:20.345194+00,2026-06-08 17:46:20.450992+00,0.105798,23.736046,
07999796-f3a1-4cdd-ac7c-b649e72fb730,numbered,14076,completed,sold,1,2026-06-08 17:45:57.215105+00,2026-06-08 17:46:20.346174+00,2026-06-08 17:46:20.451876+00,0.105702,23.236771,
fda890ff-e79e-45a1-9a6e-1b63cc748855,numbered,76650,completed,sold,1,2026-06-08 17:45:57.71495+00,2026-06-08 17:46:20.356958+00,2026-06-08 17:46:20.463213+00,0.106255,22.748263,
3c6028fa-ca13-4d79-807a-0da6aff8068c,numbered,74586,completed,sold,1,2026-06-08 17:45:58.214888+00,2026-06-08 17:46:20.362706+00,2026-06-08 17:46:20.466731+00,0.104025,22.251843,
8798085f-85a4-42af-b943-dd1fb1c42616,numbered,85541,completed,sold,1,2026-06-08 17:45:58.714894+00,2026-06-08 17:46:20.366667+00,2026-06-08 17:46:20.475475+00,0.108808,21.760581,
0eb06b95-7f18-4375-b168-5d6b3183186c,numbered,73168,completed,sold,1,2026-06-08 17:45:59.214964+00,2026-06-08 17:46:20.373157+00,2026-06-08 17:46:20.478389+00,0.105232,21.263425,
3067c390-ac4a-4153-b098-33e225579957,numbered,44613,completed,sold,1,2026-06-08 17:45:59.714874+00,2026-06-08 17:46:20.374424+00,2026-06-08 17:46:20.47965+00,0.105226,20.764776,
429f6a3f-78b9-4614-b4f8-17ea2cd45200,numbered,65395,completed,sold,1,2026-06-08 17:46:00.217384+00,2026-06-08 17:46:20.401088+00,2026-06-08 17:46:20.506153+00,0.105065,20.288769,
e1a4aaf8-289d-4ea8-9bae-4900ac524dab,numbered,69579,completed,sold,1,2026-06-08 17:46:01.216312+00,2026-06-08 17:46:20.490244+00,2026-06-08 17:46:20.596178+00,0.105934,19.379866,
fd00d14e-e006-41d7-b546-e617a4f45a2a,numbered,19257,completed,sold,1,2026-06-08 17:46:00.71491+00,2026-06-08 17:46:20.48951+00,2026-06-08 17:46:20.596195+00,0.106685,19.881285,
