request_id,mode,seat_id,status,result,attempts,enqueued_at,worker_started_at,completed_at,processing_seconds,end_to_end_seconds,error
b96f960b-2923-4560-96d5-9ad9946afa55,numbered,14255,completed,sold,1,2026-06-08 17:39:44.861189+00,2026-06-08 17:39:44.890406+00,2026-06-08 17:39:44.995363+00,0.104957,0.134174,
a3c9d316-8087-4b8a-a815-9446641eeb8d,numbered,42473,completed,sold,1,2026-06-08 17:39:45.359626+00,2026-06-08 17:39:45.382013+00,2026-06-08 17:39:45.4868+00,0.104787,0.127174,
60cd4453-ff25-4d69-b40e-cd3600441770,numbered,20907,completed,sold,1,2026-06-08 17:39:45.859498+00,2026-06-08 17:39:45.887375+00,2026-06-08 17:39:45.992062+00,0.104687,0.132564,
c08b43b0-1dd2-44a0-aff3-c17f7ca05d04,numbered,69887,completed,sold,1,2026-06-08 17:39:46.359412+00,2026-06-08 17:39:46.381483+00,2026-06-08 17:39:46.48608+00,0.104597,0.126668,
590992d2-4699-439e-8e44-9f876a7d71a7,numbered,64781,completed,sold,1,2026-06-08 17:39:46.859449+00,2026-06-08 17:39:46.881775+00,2026-06-08 17:39:46.986457+00,0.104682,0.127008,
b98e953c-30a3-4f2d-8c02-58f39326cdcf,numbered,83784,completed,sold,1,2026-06-08 17:39:47.360473+00,2026-06-08 17:39:47.383159+00,2026-06-08 17:39:47.48801+00,0.104851,0.127537,
8858b990-d992-4ccb-9b5d-ae44f4b563b0,numbered,42306,completed,sold,1,2026-06-08 17:39:47.859377+00,2026-06-08 17:39:47.881782+00,2026-06-08 17:39:47.986255+00,0.104473,0.126878,
3cb2c066-b8f3-4cf6-885a-8d587bc1da3f,numbered,25023,completed,sold,1,2026-06-08 17:39:48.359428+00,2026-06-08 17:39:48.382063+00,2026-06-08 17:39:48.486759+00,0.104696,0.127331,
023a94c8-fab2-40a7-8bad-ef1b057e0e9a,numbered,94778,completed,sold,1,2026-06-08 17:39:48.860424+00,2026-06-08 17:39:48.882364+00,2026-06-08 17:39:48.987148+00,0.104784,0.126724,
8dee835f-7920-4a83-b64b-1813cbaf24ce,numbered,8454,completed,sold,1,2026-06-08 17:39:49.35937+00,2026-06-08 17:39:49.381414+00,2026-06-08 17:39:49.486222+00,0.104808,0.126852,
4ba4fafe-02fd-4098-8971-b64aadb92cb4,numbered,12414,completed,sold,1,2026-06-08 17:39:49.859423+00,2026-06-08 17:39:49.882353+00,2026-06-08 17:39:49.987021+00,0.104668,0.127598,
de2c2c65-825e-4064-9183-10ddbfc24021,numbered,16138,completed,sold,1,2026-06-08 17:39:49.910716+00,2026-06-08 17:39:50.018403+00,2026-06-08 17:39:50.122843+00,0.104440,0.212127,
fff97320-bf8a-44a1-86c3-0baff5d9c048,numbered,22226,completed,sold,1,2026-06-08 17:39:49.95927+00,2026-06-08 17:39:50.144561+00,2026-06-08 17:39:50.24931+00,0.104749,0.290040,
944d2d9e-aee9-4836-bdb3-ae3e976a8de9,numbered,88967,completed,sold,1,2026-06-08 17:39:50.009543+00,2026-06-08 17:39:50.271537+00,2026-06-08 17:39:50.376092+00,0.104555,0.366549,
c30b7656-b257-4358-a415-3c8b0287bea0,numbered,78458,completed,sold,1,2026-06-08 17:39:50.059328+00,2026-06-08 17:39:50.398131+00,2026-06-08 17:39:50.502348+00,0.104217,0.443020,
8203ea9e-ce37-4aae-8888-1b84c5cee501,numbered,15399,completed,sold,1,2026-06-08 17:39:50.109408+00,2026-06-08 17:39:50.524139+00,2026-06-08 17:39:50.628508+00,0.104369,0.519100,
650c44d4-ffff-4aa1-bea1-1a93f5ef82be,numbered,4253,completed,sold,1,2026-06-08 17:39:50.159358+00,2026-06-08 17:39:50.650247+00,2026-06-08 17:39:50.754736+00,0.104489,0.595378,
45fae1c3-e057-429d-9938-5932dab4c8f1,numbered,69734,completed,sold,1,2026-06-08 17:39:50.209379+00,2026-06-08 17:39:50.776941+00,2026-06-08 17:39:50.881488+00,0.104547,0.672109,
237203e5-c6e3-4980-a4f1-1ea9b462b460,numbered,96978,completed,sold,1,2026-06-08 17:39:50.259052+00,2026-06-08 17:39:50.903246+00,2026-06-08 17:39:51.008132+00,0.104886,0.749080,
2e83ab95-74de-469e-966f-9030178d2475,numbered,93920,completed,sold,1,2026-06-08 17:39:50.309481+00,2026-06-08 17:39:51.030921+00,2026-06-08 17:39:51.135529+00,0.104608,0.826048,
2fa398a9-fff8-453a-9db9-d1864afc4867,numbered,8842,completed,sold,1,2026-06-08 17:39:50.359407+00,2026-06-08 17:39:51.15657+00,2026-06-08 17:39:51.261185+00,0.104615,0.901778,
75c2d3e2-8b0c-4b36-a156-3e765e37ae57,numbered,93014,completed,sold,1,2026-06-08 17:39:50.409303+00,2026-06-08 17:39:51.282325+00,2026-06-08 17:39:51.387311+00,0.104986,0.978008,
45079f3a-8c1d-4415-9920-02067d8293e9,numbered,79306,completed,sold,1,2026-06-08 17:39:50.459117+00,2026-06-08 17:39:51.409076+00,2026-06-08 17:39:51.513529+00,0.104453,1.054412,
5ee52697-144a-41f8-9424-fbd1f5c3f1d9,numbered,96515,completed,sold,1,2026-06-08 17:39:50.50929+00,2026-06-08 17:39:51.535806+00,2026-06-08 17:39:51.640238+00,0.104432,1.130948,
bb39f0d1-23d0-4b76-b7c8-801b88f3e44c,numbered,2293,completed,sold,1,2026-06-08 17:39:50.559285+00,2026-06-08 17:39:51.665414+00,2026-06-08 17:39:51.770131+00,0.104717,1.210846,
8aa4783b-eb1c-43c1-a210-9824cf674bfc,numbered,92670,completed,sold,1,2026-06-08 17:39:50.609258+00,2026-06-08 17:39:51.792065+00,2026-06-08 17:39:51.89655+00,0.104485,1.287292,
74f3739a-d8f1-4fc6-b49e-8724d060ae2e,numbered,92448,completed,sold,1,2026-06-08 17:39:50.659164+00,2026-06-08 17:39:51.919485+00,2026-06-08 17:39:52.024167+00,0.104682,1.365003,
e0738d4c-7a12-4c7c-af58-2996c352576d,numbered,80036,completed,sold,1,2026-06-08 17:39:50.709297+00,2026-06-08 17:39:52.045436+00,2026-06-08 17:39:52.150047+00,0.104611,1.440750,
308786df-4204-4dad-9713-2afc7b1d8630,numbered,71433,completed,sold,1,2026-06-08 17:39:50.759128+00,2026-06-08 17:39:52.172983+00,2026-06-08 17:39:52.277161+00,0.104178,1.518033,
9d70270c-f188-4c76-9946-dc594b3e7a73,numbered,85805,completed,sold,1,2026-06-08 17:39:50.809314+00,2026-06-08 17:39:52.299957+00,2026-06-08 17:39:52.404353+00,0.104396,1.595039,
c211a00f-c5b1-4838-a40e-392ce17f7392,numbered,54525,completed,sold,1,2026-06-08 17:39:50.859339+00,2026-06-08 17:39:52.426805+00,2026-06-08 17:39:52.531318+00,0.104513,1.671979,
c16ed7bf-74cb-4ab9-ac72-2bc8a9ddab2f,numbered,62508,completed,sold,1,2026-06-08 17:39:50.909372+00,2026-06-08 17:39:52.553267+00,2026-06-08 17:39:52.65765+00,0.104383,1.748278,
8ee24c33-f571-4b79-9ea9-35540db6c8cf,numbered,94722,completed,sold,1,2026-06-08 17:39:50.959254+00,2026-06-08 17:39:52.680083+00,2026-06-08 17:39:52.784595+00,0.104512,1.825341,
d41d17d2-e78c-452f-9efb-a727585a8974,numbered,27954,completed,sold,1,2026-06-08 17:39:51.009334+00,2026-06-08 17:39:52.808885+00,2026-06-08 17:39:52.913519+00,0.104634,1.904185,
e087c65e-b960-449c-a0f1-bae60f3cc21d,numbered,98184,completed,sold,1,2026-06-08 17:39:51.059247+00,2026-06-08 17:39:52.934938+00,2026-06-08 17:39:53.039639+00,0.104701,1.980392,
09655627-0dd2-4252-bc70-51367ba27319,numbered,67394,completed,sold,1,2026-06-08 17:39:51.109544+00,2026-06-08 17:39:53.061315+00,2026-06-08 17:39:53.165405+00,0.104090,2.055861,
3db179a4-3162-4661-881f-a52263beb098,numbered,22081,completed,sold,1,2026-06-08 17:39:51.158988+00,2026-06-08 17:39:53.188303+00,2026-06-08 17:39:53.292761+00,0.104458,2.133773,
6927a865-9628-443a-bc3c-1409e7fdca0e,numbered,18695,completed,sold,1,2026-06-08 17:39:51.209435+00,2026-06-08 17:39:53.315258+00,2026-06-08 17:39:53.419601+00,0.104343,2.210166,
3779ff27-e542-4694-8158-6fd05f98161d,numbered,57737,completed,sold,1,2026-06-08 17:39:51.259266+00,2026-06-08 17:39:53.440706+00,2026-06-08 17:39:53.545109+00,0.104403,2.285843,
08827bb5-b138-4bc8-bbb1-21b690710c31,numbered,57522,completed,sold,1,2026-06-08 17:39:51.309354+00,2026-06-08 17:39:53.566145+00,2026-06-08 17:39:53.670317+00,0.104172,2.360963,
997379b1-7c7b-4038-b639-c80da81f32b5,numbered,40346,completed,sold,1,2026-06-08 17:39:51.359673+00,2026-06-08 17:39:53.691721+00,2026-06-08 17:39:53.795886+00,0.104165,2.436213,
3d042695-28f0-4bbe-b42a-cb9c99ae4bb3,numbered,16077,completed,sold,1,2026-06-08 17:39:51.409201+00,2026-06-08 17:39:53.817314+00,2026-06-08 17:39:53.921673+00,0.104359,2.512472,
756521a8-5844-4427-884f-b85426203de3,numbered,15424,completed,sold,1,2026-06-08 17:39:51.459254+00,2026-06-08 17:39:53.943046+00,2026-06-08 17:39:54.047579+00,0.104533,2.588325,
c52b88cc-34b4-4ebe-8465-ef5754bf1fef,numbered,6874,completed,sold,1,2026-06-08 17:39:51.509373+00,2026-06-08 17:39:54.069642+00,2026-06-08 17:39:54.174253+00,0.104611,2.664880,
9fef1c9a-7afb-44d8-a77b-c42a8b6986df,numbered,31370,completed,sold,1,2026-06-08 17:39:51.559248+00,2026-06-08 17:39:54.196456+00,2026-06-08 17:39:54.300839+00,0.104383,2.741591,
abf37011-80e8-41f2-aa4d-edd229200c2d,numbered,84980,completed,sold,1,2026-06-08 17:39:51.609244+00,2026-06-08 17:39:54.336312+00,2026-06-08 17:39:54.440885+00,0.104573,2.831641,
814a1601-94b4-411e-881d-bacdab2f51b6,numbered,81947,completed,sold,1,2026-06-08 17:39:51.659204+00,2026-06-08 17:39:54.464923+00,2026-06-08 17:39:54.569419+00,0.104496,2.910215,
b53580f2-421c-4677-ace4-68df060fc2dc,numbered,91755,completed,sold,1,2026-06-08 17:39:51.70918+00,2026-06-08 17:39:54.592381+00,2026-06-08 17:39:54.696847+00,0.104466,2.987667,
6068da77-435a-427d-b140-30896f7eae82,numbered,60460,completed,sold,1,2026-06-08 17:39:51.759279+00,2026-06-08 17:39:54.718241+00,2026-06-08 17:39:54.822727+00,0.104486,3.063448,
5becc263-556b-4c03-b0a9-8f8cbbf8dee0,numbered,2921,completed,sold,1,2026-06-08 17:39:51.809339+00,2026-06-08 17:39:54.843591+00,2026-06-08 17:39:54.948409+00,0.104818,3.139070,
0693d905-38c6-4d1d-942c-98088df11472,numbered,75097,completed,sold,1,2026-06-08 17:39:51.859284+00,2026-06-08 17:39:54.969886+00,2026-06-08 17:39:55.074359+00,0.104473,3.215075,
89142387-4fe1-48f0-b666-593273ca05fe,numbered,214,completed,sold,1,2026-06-08 17:39:51.908985+00,2026-06-08 17:39:55.095336+00,2026-06-08 17:39:55.199941+00,0.104605,3.290956,
1c4ad148-ba07-4440-b3bd-6dddb7f139f2,numbered,82942,completed,sold,1,2026-06-08 17:39:51.959119+00,2026-06-08 17:39:55.222116+00,2026-06-08 17:39:55.32636+00,0.104244,3.367241,
b72cecee-e1c9-44ac-9a1e-e37f5d2fda12,numbered,96901,completed,sold,1,2026-06-08 17:39:52.009325+00,2026-06-08 17:39:55.347162+00,2026-06-08 17:39:55.451385+00,0.104223,3.442060,
d3e5b491-ead4-468a-8ecb-b78d05be6795,numbered,83419,completed,sold,1,2026-06-08 17:39:52.059301+00,2026-06-08 17:39:55.477642+00,2026-06-08 17:39:55.582013+00,0.104371,3.522712,
a5015201-5c5f-42dc-9762-3899fb3152e1,numbered,48731,completed,sold,1,2026-06-08 17:39:52.109296+00,2026-06-08 17:39:55.605694+00,2026-06-08 17:39:55.710259+00,0.104565,3.600963,
5c01a766-5798-4322-836b-3b2c25b271b5,numbered,72463,completed,sold,1,2026-06-08 17:39:52.15907+00,2026-06-08 17:39:55.732954+00,2026-06-08 17:39:55.837383+00,0.104429,3.678313,
e2e78305-5532-4757-9beb-3a7b35b8bb53,numbered,43898,completed,sold,1,2026-06-08 17:39:52.209335+00,2026-06-08 17:39:55.859602+00,2026-06-08 17:39:55.963739+00,0.104137,3.754404,
f617e1e1-5ef4-4e12-9977-d85aa1349e11,numbered,63986,completed,sold,1,2026-06-08 17:39:52.259313+00,2026-06-08 17:39:55.9851+00,2026-06-08 17:39:56.089356+00,0.104256,3.830043,
a7f3db80-7d9b-4985-a5bb-03423cf53829,numbered,12757,completed,sold,1,2026-06-08 17:39:52.309286+00,2026-06-08 17:39:56.111337+00,2026-06-08 17:39:56.215735+00,0.104398,3.906449,
249e7af9-c62b-4119-bdef-d148ed32d46e,numbered,72184,completed,sold,1,2026-06-08 17:39:52.359297+00,2026-06-08 17:39:56.240402+00,2026-06-08 17:39:56.344745+00,0.104343,3.985448,
c1e82c6f-b30a-4cbb-922d-50a204b914e5,numbered,42176,completed,sold,1,2026-06-08 17:39:52.409159+00,2026-06-08 17:39:56.366575+00,2026-06-08 17:39:56.471151+00,0.104576,4.061992,
58a9cd16-3670-473e-b1e9-124614a2675e,numbered,25465,completed,sold,1,2026-06-08 17:39:52.459327+00,2026-06-08 17:39:56.494488+00,2026-06-08 17:39:56.598905+00,0.104417,4.139578,
bec3120e-e7d8-4fa6-b22e-f39787bb1000,numbered,95398,completed,sold,1,2026-06-08 17:39:52.50931+00,2026-06-08 17:39:56.621502+00,2026-06-08 17:39:56.726006+00,0.104504,4.216696,
2cbe740a-5eee-4f3e-8af1-637cb39bc6e5,numbered,20276,completed,sold,1,2026-06-08 17:39:52.558971+00,2026-06-08 17:39:56.747584+00,2026-06-08 17:39:56.851832+00,0.104248,4.292861,
728728ab-15cc-4d8c-82c3-bfedf9a40ac8,numbered,17756,completed,sold,1,2026-06-08 17:39:52.609157+00,2026-06-08 17:39:56.878066+00,2026-06-08 17:39:56.982412+00,0.104346,4.373255,
7a767706-f824-4d27-859c-e88b096d5191,numbered,67895,completed,sold,1,2026-06-08 17:39:52.659092+00,2026-06-08 17:39:57.003784+00,2026-06-08 17:39:57.108511+00,0.104727,4.449419,
67efc5c2-5008-47e2-92b8-37b43b343ea1,numbered,21309,completed,sold,1,2026-06-08 17:39:52.709389+00,2026-06-08 17:39:57.12975+00,2026-06-08 17:39:57.23437+00,0.104620,4.524981,
fcf3b410-911b-4b56-8808-02fe95097554,numbered,13662,completed,sold,1,2026-06-08 17:39:52.759316+00,2026-06-08 17:39:57.257707+00,2026-06-08 17:39:57.36236+00,0.104653,4.603044,
6a5d8d36-7584-4df7-adb8-dbbbdb557221,numbered,61670,completed,sold,1,2026-06-08 17:39:52.809042+00,2026-06-08 17:39:57.383876+00,2026-06-08 17:39:57.488214+00,0.104338,4.679172,
21445d0e-06b2-42d3-bb63-1071d7ff8803,numbered,22715,completed,sold,1,2026-06-08 17:39:52.859337+00,2026-06-08 17:39:57.509255+00,2026-06-08 17:39:57.613697+00,0.104442,4.754360,
4e496b67-4d33-4d60-85d6-14a8dbdb2763,numbered,55816,completed,sold,1,2026-06-08 17:39:52.909263+00,2026-06-08 17:39:57.635054+00,2026-06-08 17:39:57.739509+00,0.104455,4.830246,
471a1547-a712-403e-8119-ddf6fd9de548,numbered,61493,completed,sold,1,2026-06-08 17:39:52.959194+00,2026-06-08 17:39:57.765086+00,2026-06-08 17:39:57.869574+00,0.104488,4.910380,
c5c94593-7c3b-4120-abfd-64b3bbfa1ebd,numbered,95187,completed,sold,1,2026-06-08 17:39:53.009408+00,2026-06-08 17:39:57.891086+00,2026-06-08 17:39:57.995613+00,0.104527,4.986205,
11460128-ba89-4d92-84df-17aeaab4ba8c,numbered,64645,completed,sold,1,2026-06-08 17:39:53.059137+00,2026-06-08 17:39:58.017109+00,2026-06-08 17:39:58.12165+00,0.104541,5.062513,
893be73a-a651-473d-8fb6-2797996fbb6a,numbered,52422,completed,sold,1,2026-06-08 17:39:53.109247+00,2026-06-08 17:39:58.145311+00,2026-06-08 17:39:58.249465+00,0.104154,5.140218,
e3e52982-e9db-4877-9ef8-45ad411cb562,numbered,91893,completed,sold,1,2026-06-08 17:39:53.159431+00,2026-06-08 17:39:58.270901+00,2026-06-08 17:39:58.375466+00,0.104565,5.216035,
8f40c758-b13e-49bf-aa28-e69b36fb1540,numbered,89521,completed,sold,1,2026-06-08 17:39:53.209325+00,2026-06-08 17:39:58.396916+00,2026-06-08 17:39:58.501251+00,0.104335,5.291926,
1e92bb26-881e-43db-9cf2-8709b7d59120,numbered,11149,completed,sold,1,2026-06-08 17:39:53.259251+00,2026-06-08 17:39:58.527403+00,2026-06-08 17:39:58.631921+00,0.104518,5.372670,
d9efa132-eed6-4d0c-a8db-0fb7cef43ee0,numbered,23956,completed,sold,1,2026-06-08 17:39:53.309258+00,2026-06-08 17:39:58.654184+00,2026-06-08 17:39:58.75865+00,0.104466,5.449392,
d8385cb3-c804-4d1b-ab55-625b0bd460e4,numbered,61616,completed,sold,1,2026-06-08 17:39:53.35926+00,2026-06-08 17:39:58.779866+00,2026-06-08 17:39:58.884523+00,0.104657,5.525263,
7332b077-8bf4-4b6c-bf05-6fefbadc80db,numbered,55531,completed,sold,1,2026-06-08 17:39:53.409325+00,2026-06-08 17:39:58.9065+00,2026-06-08 17:39:59.010765+00,0.104265,5.601440,
afb1c73a-5643-4683-86ca-eb4dc94b2e0d,numbered,72843,completed,sold,1,2026-06-08 17:39:53.459354+00,2026-06-08 17:39:59.031681+00,2026-06-08 17:39:59.135872+00,0.104191,5.676518,
16923268-23c4-4ee5-bc6a-2edc19ce382a,numbered,63723,completed,sold,1,2026-06-08 17:39:53.5094+00,2026-06-08 17:39:59.156613+00,2026-06-08 17:39:59.261033+00,0.104420,5.751633,
ac2172b4-58ef-4e12-9577-18bd51b5f127,numbered,74627,completed,sold,1,2026-06-08 17:39:53.55924+00,2026-06-08 17:39:59.282241+00,2026-06-08 17:39:59.386587+00,0.104346,5.827347,
78d70b09-4c0a-4c79-95fc-43eeba887ff7,numbered,28211,completed,sold,1,2026-06-08 17:39:53.609468+00,2026-06-08 17:39:59.408516+00,2026-06-08 17:39:59.513051+00,0.104535,5.903583,
f85cc02e-a804-44b1-b7da-7330f6f98933,numbered,96192,completed,sold,1,2026-06-08 17:39:53.659225+00,2026-06-08 17:39:59.536196+00,2026-06-08 17:39:59.640595+00,0.104399,5.981370,
afea9f9a-3b9e-454c-8bc4-13af2c38df84,numbered,83341,completed,sold,1,2026-06-08 17:39:53.709354+00,2026-06-08 17:39:59.661548+00,2026-06-08 17:39:59.765774+00,0.104226,6.056420,
a39a7117-6fa1-4e31-af5a-78bea753acfd,numbered,573,completed,sold,1,2026-06-08 17:39:53.759241+00,2026-06-08 17:39:59.787053+00,2026-06-08 17:39:59.89136+00,0.104307,6.132119,
8fa8bcf9-b3c9-47cc-942a-8090d6f78841,numbered,27281,completed,sold,1,2026-06-08 17:39:53.809253+00,2026-06-08 17:39:59.912783+00,2026-06-08 17:40:00.045838+00,0.133055,6.236585,
f43e2552-e8eb-40a9-8a33-2dbb951c20a7,numbered,39580,completed,sold,1,2026-06-08 17:39:53.859321+00,2026-06-08 17:40:00.112256+00,2026-06-08 17:40:00.219912+00,0.107656,6.360591,
4cc764ed-68ca-4c52-956e-460589c17b5f,numbered,8377,completed,sold,1,2026-06-08 17:39:53.909458+00,2026-06-08 17:40:00.277348+00,2026-06-08 17:40:00.382235+00,0.104887,6.472777,
5f230c63-ab7c-4830-811e-5a513ff185af,numbered,13906,completed,sold,1,2026-06-08 17:39:53.959326+00,2026-06-08 17:40:00.410473+00,2026-06-08 17:40:00.515319+00,0.104846,6.555993,
9f3cdbb9-03da-4e0d-8148-d8e415435e53,numbered,11969,completed,sold,1,2026-06-08 17:39:54.009544+00,2026-06-08 17:40:00.539023+00,2026-06-08 17:40:00.644106+00,0.105083,6.634562,
a5ac62bf-f858-4fcb-a327-707d14219cdd,numbered,9115,completed,sold,1,2026-06-08 17:39:54.059185+00,2026-06-08 17:40:00.667132+00,2026-06-08 17:40:00.771483+00,0.104351,6.712298,
9afb17e9-7077-4172-878c-e9b79c1db8fa,numbered,78837,completed,sold,1,2026-06-08 17:39:54.109465+00,2026-06-08 17:40:00.796893+00,2026-06-08 17:40:00.902256+00,0.105363,6.792791,
0356c3d7-f5eb-44da-93fa-b72bbf189718,numbered,64709,completed,sold,1,2026-06-08 17:39:54.159266+00,2026-06-08 17:40:00.93134+00,2026-06-08 17:40:01.036158+00,0.104818,6.876892,
33ce66bb-6add-4c16-9ae5-c934d4e3fae3,numbered,6504,completed,sold,1,2026-06-08 17:39:54.209448+00,2026-06-08 17:40:01.062097+00,2026-06-08 17:40:01.173679+00,0.111582,6.964231,
ee5ea243-c03c-4352-a7c0-824f28d04d41,numbered,91798,completed,sold,1,2026-06-08 17:39:54.259337+00,2026-06-08 17:40:01.259307+00,2026-06-08 17:40:01.374069+00,0.114762,7.114732,
cf9ef456-8683-4558-93c1-acffe5994089,numbered,61021,completed,sold,1,2026-06-08 17:39:54.309276+00,2026-06-08 17:40:01.435873+00,2026-06-08 17:40:01.553613+00,0.117740,7.244337,
ef1c8e77-ae25-44d5-8775-154a66e1ea5f,numbered,86416,completed,sold,1,2026-06-08 17:39:54.359281+00,2026-06-08 17:40:01.595555+00,2026-06-08 17:40:01.714389+00,0.118834,7.355108,
0b6cb60d-1eb0-459d-b334-fa5c9792611e,numbered,3899,completed,sold,1,2026-06-08 17:39:54.409574+00,2026-06-08 17:40:01.771394+00,2026-06-08 17:40:01.915664+00,0.144270,7.506090,
80e78432-598d-4c91-bb0d-c7ca88483574,numbered,5447,completed,sold,1,2026-06-08 17:39:54.45911+00,2026-06-08 17:40:02.042333+00,2026-06-08 17:40:02.15828+00,0.115947,7.699170,
1b214cc4-5cf2-4d4b-a6fa-ebf90db1e707,numbered,26849,completed,sold,1,2026-06-08 17:39:54.50931+00,2026-06-08 17:40:02.218429+00,2026-06-08 17:40:02.326775+00,0.108346,7.817465,
5e087806-bdeb-4ff7-83f1-a8e3a375ba58,numbered,14204,completed,sold,1,2026-06-08 17:39:54.559225+00,2026-06-08 17:40:02.419231+00,2026-06-08 17:40:02.527486+00,0.108255,7.968261,
02be582a-de36-45be-85f6-86b7450028af,numbered,56427,completed,sold,1,2026-06-08 17:39:54.609277+00,2026-06-08 17:40:02.587664+00,2026-06-08 17:40:02.69352+00,0.105856,8.084243,
61bb5716-f0e9-4d04-95c9-cb2554044787,numbered,28460,completed,sold,1,2026-06-08 17:39:54.659197+00,2026-06-08 17:40:02.731761+00,2026-06-08 17:40:02.839101+00,0.107340,8.179904,
d6e5bf5c-e82a-4f9d-9ad0-a4dd987e7f6d,numbered,71138,completed,sold,1,2026-06-08 17:39:54.709168+00,2026-06-08 17:40:02.900958+00,2026-06-08 17:40:03.006916+00,0.105958,8.297748,
75670473-0a0e-48ac-a581-634a8156a285,numbered,76754,completed,sold,1,2026-06-08 17:39:54.759356+00,2026-06-08 17:40:03.043241+00,2026-06-08 17:40:03.148506+00,0.105265,8.389150,
a3a93416-b655-4c0e-9646-2897fb5396c4,numbered,71522,completed,sold,1,2026-06-08 17:39:54.809296+00,2026-06-08 17:40:03.173269+00,2026-06-08 17:40:03.278221+00,0.104952,8.468925,
e38eb0db-3ec6-4d64-98bc-a2e44b62f49c,numbered,60218,completed,sold,1,2026-06-08 17:39:54.859188+00,2026-06-08 17:40:03.314499+00,2026-06-08 17:40:03.419462+00,0.104963,8.560274,
04152445-f255-4692-87c7-a5b04b24eccc,numbered,45612,completed,sold,1,2026-06-08 17:39:54.871802+00,2026-06-08 17:40:03.480989+00,2026-06-08 17:40:03.586536+00,0.105547,8.714734,
122a8602-692e-4b26-8551-40cd6e131917,numbered,23090,completed,sold,1,2026-06-08 17:39:54.884104+00,2026-06-08 17:40:03.61924+00,2026-06-08 17:40:03.724091+00,0.104851,8.839987,
c0cdb301-e1ba-47a2-b007-ad812cd6fa6d,numbered,79884,completed,sold,1,2026-06-08 17:39:54.896487+00,2026-06-08 17:40:03.751397+00,2026-06-08 17:40:03.857185+00,0.105788,8.960698,
8942f4bb-c810-4fac-91e7-1d07dc1593f1,numbered,32708,completed,sold,1,2026-06-08 17:39:54.90916+00,2026-06-08 17:40:03.883047+00,2026-06-08 17:40:03.988429+00,0.105382,9.079269,
d8a448df-76e4-4c71-bdac-27986f75bd73,numbered,79668,completed,sold,1,2026-06-08 17:39:54.921647+00,2026-06-08 17:40:04.012608+00,2026-06-08 17:40:04.117658+00,0.105050,9.196011,
fee8402a-16ae-4de6-9f05-5339dd3a0791,numbered,98996,completed,sold,1,2026-06-08 17:39:54.934438+00,2026-06-08 17:40:04.141084+00,2026-06-08 17:40:04.245996+00,0.104912,9.311558,
009f6fb1-759d-49ea-b6e0-e707b7ede175,numbered,50700,completed,sold,1,2026-06-08 17:39:54.946574+00,2026-06-08 17:40:04.268114+00,2026-06-08 17:40:04.372926+00,0.104812,9.426352,
740cd9f4-5029-434c-8d3c-c432316bfc8d,numbered,32607,completed,sold,1,2026-06-08 17:39:54.959161+00,2026-06-08 17:40:04.395648+00,2026-06-08 17:40:04.500448+00,0.104800,9.541287,
b3efa87a-4cef-4eb0-9c04-025d35ec1b16,numbered,18112,completed,sold,1,2026-06-08 17:39:54.971429+00,2026-06-08 17:40:04.523849+00,2026-06-08 17:40:04.628575+00,0.104726,9.657146,
eb191ae8-36c9-4d93-a12d-957ff807e157,numbered,27597,completed,sold,1,2026-06-08 17:39:54.984022+00,2026-06-08 17:40:04.654079+00,2026-06-08 17:40:04.759002+00,0.104923,9.774980,
f3462964-1058-4d5c-ad89-3d73e9714796,numbered,30936,completed,sold,1,2026-06-08 17:39:54.99656+00,2026-06-08 17:40:04.783802+00,2026-06-08 17:40:04.888991+00,0.105189,9.892431,
10e33d71-003f-44f5-a2cd-13411b098bb8,numbered,84839,completed,sold,1,2026-06-08 17:39:55.009302+00,2026-06-08 17:40:04.913097+00,2026-06-08 17:40:05.018671+00,0.105574,10.009369,
a017c237-05fb-4fd1-a958-d5f0ca378ec7,numbered,48413,completed,sold,1,2026-06-08 17:39:55.021737+00,2026-06-08 17:40:05.046934+00,2026-06-08 17:40:05.151428+00,0.104494,10.129691,
32e2007e-0db9-4958-88f1-f14bcfd5db7e,numbered,86113,completed,sold,1,2026-06-08 17:39:55.035538+00,2026-06-08 17:40:05.17532+00,2026-06-08 17:40:05.279969+00,0.104649,10.244431,
6f3d560f-47ca-40ad-a712-53258c3c32f2,numbered,93042,completed,sold,1,2026-06-08 17:39:55.046754+00,2026-06-08 17:40:05.300845+00,2026-06-08 17:40:05.405226+00,0.104381,10.358472,
4539abf1-a919-49b2-9bee-94caacbc5b45,numbered,61012,completed,sold,1,2026-06-08 17:39:55.059285+00,2026-06-08 17:40:05.42914+00,2026-06-08 17:40:05.534526+00,0.105386,10.475241,
5ebf0caa-00d5-47c9-9e69-7c488cbed356,numbered,74571,completed,sold,1,2026-06-08 17:39:55.0717+00,2026-06-08 17:40:05.556495+00,2026-06-08 17:40:05.661135+00,0.104640,10.589435,
5f77d869-6db4-405d-bed7-af7fe73ad306,numbered,43844,completed,sold,1,2026-06-08 17:39:55.084014+00,2026-06-08 17:40:05.683308+00,2026-06-08 17:40:05.788151+00,0.104843,10.704137,
dc2c99cf-2818-4629-84a9-48c887226df9,numbered,35339,completed,sold,1,2026-06-08 17:39:55.096481+00,2026-06-08 17:40:05.810802+00,2026-06-08 17:40:05.915636+00,0.104834,10.819155,
3a4a9129-9b63-43ac-ad23-9d91e702b07a,numbered,88271,completed,sold,1,2026-06-08 17:39:55.10904+00,2026-06-08 17:40:05.945177+00,2026-06-08 17:40:06.049747+00,0.104570,10.940707,
5218f6b6-9283-464b-a9e7-c93f5a3842b9,numbered,43038,completed,sold,1,2026-06-08 17:39:55.121559+00,2026-06-08 17:40:06.072879+00,2026-06-08 17:40:06.177549+00,0.104670,11.055990,
3eb545ea-8ddf-43a9-9ab8-7f7e2c396439,numbered,7593,completed,sold,1,2026-06-08 17:39:55.134123+00,2026-06-08 17:40:06.200756+00,2026-06-08 17:40:06.306666+00,0.105910,11.172543,
ec38ce77-87d8-461f-b51e-774fd1698e70,numbered,10630,completed,sold,1,2026-06-08 17:39:55.146519+00,2026-06-08 17:40:06.329366+00,2026-06-08 17:40:06.434304+00,0.104938,11.287785,
0c4da1a6-f2f0-44c1-9deb-9e4acafffa6b,numbered,97849,completed,sold,1,2026-06-08 17:39:55.159224+00,2026-06-08 17:40:06.458672+00,2026-06-08 17:40:06.563354+00,0.104682,11.404130,
6db3ca6f-e753-4938-b690-9092835884f9,numbered,11320,completed,sold,1,2026-06-08 17:39:55.171773+00,2026-06-08 17:40:06.585937+00,2026-06-08 17:40:06.690794+00,0.104857,11.519021,
4c0a1c5b-56cd-49f8-923d-fced067ae476,numbered,96797,completed,sold,1,2026-06-08 17:39:55.18409+00,2026-06-08 17:40:06.713289+00,2026-06-08 17:40:06.817929+00,0.104640,11.633839,
24128a8d-230e-440d-8bc7-6cb24f344728,numbered,85823,completed,sold,1,2026-06-08 17:39:55.19649+00,2026-06-08 17:40:06.840796+00,2026-06-08 17:40:06.945258+00,0.104462,11.748768,
67211753-4d9c-4501-8fbf-cee71a19723d,numbered,69352,completed,sold,1,2026-06-08 17:39:55.209081+00,2026-06-08 17:40:06.966924+00,2026-06-08 17:40:07.071597+00,0.104673,11.862516,
6e0f5b0a-da3c-4a33-b5eb-44d8853f695d,numbered,79371,completed,sold,1,2026-06-08 17:39:55.221437+00,2026-06-08 17:40:07.095575+00,2026-06-08 17:40:07.200274+00,0.104699,11.978837,
319db6e9-abda-4b7e-840e-ea9d399effc9,numbered,4547,completed,sold,1,2026-06-08 17:39:55.234232+00,2026-06-08 17:40:07.222028+00,2026-06-08 17:40:07.326547+00,0.104519,12.092315,
6f36c789-1699-4f9c-8235-545435324b52,numbered,36915,completed,sold,1,2026-06-08 17:39:55.24681+00,2026-06-08 17:40:07.348978+00,2026-06-08 17:40:07.454061+00,0.105083,12.207251,
33d59122-785e-4a81-a48d-65cb0ee20751,numbered,77583,completed,sold,1,2026-06-08 17:39:55.259115+00,2026-06-08 17:40:07.475579+00,2026-06-08 17:40:07.580091+00,0.104512,12.320976,
98361085-9f40-4f77-b5ad-8b8f534bdef0,numbered,24894,completed,sold,1,2026-06-08 17:39:55.271695+00,2026-06-08 17:40:07.603194+00,2026-06-08 17:40:07.707878+00,0.104684,12.436183,
e5b75821-fa80-4c28-a592-f1a8e754740c,numbered,37305,completed,sold,1,2026-06-08 17:39:55.284308+00,2026-06-08 17:40:07.730599+00,2026-06-08 17:40:07.835231+00,0.104632,12.550923,
e7f6d040-7107-4304-993f-27b64603dbf7,numbered,28902,completed,sold,1,2026-06-08 17:39:55.296609+00,2026-06-08 17:40:07.858811+00,2026-06-08 17:40:07.963472+00,0.104661,12.666863,
3bbe2807-aedd-48f8-bfc9-481a2454e723,numbered,36015,completed,sold,1,2026-06-08 17:39:55.309308+00,2026-06-08 17:40:07.985368+00,2026-06-08 17:40:08.09052+00,0.105152,12.781212,
5e931cf7-3fb8-4fdc-8289-290c0120fa85,numbered,41375,completed,sold,1,2026-06-08 17:39:55.321694+00,2026-06-08 17:40:08.114846+00,2026-06-08 17:40:08.219696+00,0.104850,12.898002,
fb72cf62-ad4f-4f6e-b300-c047bc02f61f,numbered,2854,completed,sold,1,2026-06-08 17:39:55.333999+00,2026-06-08 17:40:08.242768+00,2026-06-08 17:40:08.347492+00,0.104724,13.013493,
389988ab-1aee-44ed-9baf-47550966afe9,numbered,86508,completed,sold,1,2026-06-08 17:39:55.346519+00,2026-06-08 17:40:08.372497+00,2026-06-08 17:40:08.477338+00,0.104841,13.130819,
207970ea-e615-4125-966c-ed38f55960ad,numbered,50876,completed,sold,1,2026-06-08 17:39:55.359138+00,2026-06-08 17:40:08.499546+00,2026-06-08 17:40:08.6043+00,0.104754,13.245162,
203ed89c-78e0-4a1d-b227-52a16001e7e1,numbered,76489,completed,sold,1,2026-06-08 17:39:55.371644+00,2026-06-08 17:40:08.627051+00,2026-06-08 17:40:08.732109+00,0.105058,13.360465,
b68e4e42-be62-4a7c-8c4a-8f0af4acdca9,numbered,66024,completed,sold,1,2026-06-08 17:39:55.384172+00,2026-06-08 17:40:08.755434+00,2026-06-08 17:40:08.860123+00,0.104689,13.475951,
06c96481-77b0-4158-b993-6c1eacc95d0a,numbered,31641,completed,sold,1,2026-06-08 17:39:55.396681+00,2026-06-08 17:40:08.882673+00,2026-06-08 17:40:08.987151+00,0.104478,13.590470,
9221e90c-c17f-47fe-9087-938a56e11aae,numbered,96624,completed,sold,1,2026-06-08 17:39:55.409192+00,2026-06-08 17:40:09.009644+00,2026-06-08 17:40:09.114267+00,0.104623,13.705075,
174cc681-195e-4764-b1e5-16f9f3ef3bf6,numbered,47958,completed,sold,1,2026-06-08 17:39:55.421616+00,2026-06-08 17:40:09.13619+00,2026-06-08 17:40:09.240607+00,0.104417,13.818991,
6a21798e-fd7f-4379-9d66-abf1806affad,numbered,9229,completed,sold,1,2026-06-08 17:39:55.434133+00,2026-06-08 17:40:09.262687+00,2026-06-08 17:40:09.367294+00,0.104607,13.933161,
0aa3c290-3443-4f1a-aacb-e8b08e8cf3b8,numbered,65393,completed,sold,1,2026-06-08 17:39:55.44652+00,2026-06-08 17:40:09.390199+00,2026-06-08 17:40:09.494911+00,0.104712,14.048391,
7de10d7b-f7e1-4962-9602-acf553e730ab,numbered,72094,completed,sold,1,2026-06-08 17:39:55.458883+00,2026-06-08 17:40:09.517171+00,2026-06-08 17:40:09.621891+00,0.104720,14.163008,
42089eaa-3fe3-4103-adc5-7c38c3eab597,numbered,60338,completed,sold,1,2026-06-08 17:39:55.471753+00,2026-06-08 17:40:09.643502+00,2026-06-08 17:40:09.748129+00,0.104627,14.276376,
0ae35859-0787-4d83-97f3-d7320664169b,numbered,73681,completed,sold,1,2026-06-08 17:39:55.483976+00,2026-06-08 17:40:09.770273+00,2026-06-08 17:40:09.87473+00,0.104457,14.390754,
c7fc32a9-58b7-4479-8230-dc6802b5a090,numbered,47306,completed,sold,1,2026-06-08 17:39:55.496669+00,2026-06-08 17:40:09.896576+00,2026-06-08 17:40:10.001234+00,0.104658,14.504565,
4d93a54c-2042-49db-8ef2-788149be8058,numbered,39713,completed,sold,1,2026-06-08 17:39:55.509234+00,2026-06-08 17:40:10.02362+00,2026-06-08 17:40:10.128101+00,0.104481,14.618867,
dfc6e496-4a5d-466b-a561-7c5ff9d97772,numbered,39134,completed,sold,1,2026-06-08 17:39:55.521497+00,2026-06-08 17:40:10.150448+00,2026-06-08 17:40:10.255462+00,0.105014,14.733965,
8cfee185-0e30-47c8-a9b3-e1216837ef2c,numbered,54616,completed,sold,1,2026-06-08 17:39:55.534253+00,2026-06-08 17:40:10.283219+00,2026-06-08 17:40:10.387974+00,0.104755,14.853721,
5801edc1-26da-4df4-b638-9e180280540f,numbered,52519,completed,sold,1,2026-06-08 17:39:55.546502+00,2026-06-08 17:40:10.4101+00,2026-06-08 17:40:10.514734+00,0.104634,14.968232,
96dba716-cce9-4eba-9577-566be1cf3816,numbered,84678,completed,sold,1,2026-06-08 17:39:55.559129+00,2026-06-08 17:40:10.536776+00,2026-06-08 17:40:10.641516+00,0.104740,15.082387,
012b1873-767a-408f-8f6f-f08033f6081b,numbered,52899,completed,sold,1,2026-06-08 17:39:55.571734+00,2026-06-08 17:40:10.66373+00,2026-06-08 17:40:10.768241+00,0.104511,15.196507,
01dd215d-edf4-4681-94a1-abd19d3229f4,numbered,48983,completed,sold,1,2026-06-08 17:39:55.584015+00,2026-06-08 17:40:10.790873+00,2026-06-08 17:40:10.895443+00,0.104570,15.311428,
85f22bab-bea4-4509-8b93-dd6ca3a2d536,numbered,63694,completed,sold,1,2026-06-08 17:39:55.596593+00,2026-06-08 17:40:10.918409+00,2026-06-08 17:40:11.02326+00,0.104851,15.426667,
15df9bf4-7a43-4afc-8790-e93d672aa1bb,numbered,50990,completed,sold,1,2026-06-08 17:39:55.609035+00,2026-06-08 17:40:11.046812+00,2026-06-08 17:40:11.151354+00,0.104542,15.542319,
7fb509d3-1491-4779-98d8-9d8219113123,numbered,49655,completed,sold,1,2026-06-08 17:39:55.621898+00,2026-06-08 17:40:11.172999+00,2026-06-08 17:40:11.27753+00,0.104531,15.655632,
322f8247-b18f-4ca0-b349-0fa902d9c400,numbered,97091,completed,sold,1,2026-06-08 17:39:55.634217+00,2026-06-08 17:40:11.299282+00,2026-06-08 17:40:11.403661+00,0.104379,15.769444,
89324780-0eba-4f68-bf81-03e1ee983f5c,numbered,61171,completed,sold,1,2026-06-08 17:39:55.646739+00,2026-06-08 17:40:11.425168+00,2026-06-08 17:40:11.529747+00,0.104579,15.883008,
a45f6a64-7eae-4d79-88b3-aef683a44945,numbered,60164,completed,sold,1,2026-06-08 17:39:55.659126+00,2026-06-08 17:40:11.553909+00,2026-06-08 17:40:11.658338+00,0.104429,15.999212,
8425eaaa-8851-4303-8985-6867fd43cd32,numbered,94740,completed,sold,1,2026-06-08 17:39:55.67177+00,2026-06-08 17:40:11.679914+00,2026-06-08 17:40:11.784863+00,0.104949,16.113093,
3338569b-fef7-4c17-aee6-ac45fa1ea4cd,numbered,15708,completed,sold,1,2026-06-08 17:39:55.684162+00,2026-06-08 17:40:11.80733+00,2026-06-08 17:40:11.912028+00,0.104698,16.227866,
95b22347-6161-47ef-9067-96bf630309aa,numbered,13473,completed,sold,1,2026-06-08 17:39:55.69664+00,2026-06-08 17:40:11.934078+00,2026-06-08 17:40:12.039045+00,0.104967,16.342405,
5741b1a8-dcec-4755-9aba-bc15bba1d079,numbered,10758,completed,sold,1,2026-06-08 17:39:55.709092+00,2026-06-08 17:40:12.061638+00,2026-06-08 17:40:12.166715+00,0.105077,16.457623,
c45b8588-c2f9-4818-9131-bf79f254d9ed,numbered,23204,completed,sold,1,2026-06-08 17:39:55.721462+00,2026-06-08 17:40:12.189318+00,2026-06-08 17:40:12.294247+00,0.104929,16.572785,
d6c2599a-2fe0-4752-830c-9629f0f24434,numbered,56818,completed,sold,1,2026-06-08 17:39:55.734039+00,2026-06-08 17:40:12.316712+00,2026-06-08 17:40:12.421331+00,0.104619,16.687292,
dcc1d0f4-2042-4040-b1e8-02fb852d56e2,numbered,14386,completed,sold,1,2026-06-08 17:39:55.746704+00,2026-06-08 17:40:12.443305+00,2026-06-08 17:40:12.548299+00,0.104994,16.801595,
510a588d-77a3-4db1-8ae2-405cd626f543,numbered,85908,completed,sold,1,2026-06-08 17:39:55.759197+00,2026-06-08 17:40:12.57304+00,2026-06-08 17:40:12.677666+00,0.104626,16.918469,
bdfb207b-8937-4a63-841f-0647c6e2725f,numbered,25538,completed,sold,1,2026-06-08 17:39:55.771705+00,2026-06-08 17:40:12.701008+00,2026-06-08 17:40:12.806227+00,0.105219,17.034522,
d79db1ff-c185-4469-9608-fba57d5ef588,numbered,64949,completed,sold,1,2026-06-08 17:39:55.784061+00,2026-06-08 17:40:12.829024+00,2026-06-08 17:40:12.933572+00,0.104548,17.149511,
4fa92ee6-b476-485c-a4d5-17b9fa689f14,numbered,4378,completed,sold,1,2026-06-08 17:39:55.796579+00,2026-06-08 17:40:12.9581+00,2026-06-08 17:40:13.062878+00,0.104778,17.266299,
11a3b4f3-5c1f-4e9f-b67d-baff8618fd5d,numbered,51912,completed,sold,1,2026-06-08 17:39:55.809101+00,2026-06-08 17:40:13.086982+00,2026-06-08 17:40:13.192483+00,0.105501,17.383382,
8d0b657c-baa5-4f3a-b11e-c40fcffdfce7,numbered,2804,completed,sold,1,2026-06-08 17:39:55.821724+00,2026-06-08 17:40:13.214629+00,2026-06-08 17:40:13.319301+00,0.104672,17.497577,
e18dd10e-9d9f-4a9c-a4f8-10c93bac436a,numbered,93001,completed,sold,1,2026-06-08 17:39:55.83434+00,2026-06-08 17:40:13.341378+00,2026-06-08 17:40:13.446049+00,0.104671,17.611709,
f7a20958-e6b6-40be-9ed1-6fbf7e82902c,numbered,24615,completed,sold,1,2026-06-08 17:39:55.846438+00,2026-06-08 17:40:13.467739+00,2026-06-08 17:40:13.572556+00,0.104817,17.726118,
4c8e3da2-49ce-4def-87ac-5311de31a3dd,numbered,8673,completed,sold,1,2026-06-08 17:39:55.858998+00,2026-06-08 17:40:13.594599+00,2026-06-08 17:40:13.699337+00,0.104738,17.840339,
c2b61d4c-a96e-4055-8090-9f44019ab2b9,numbered,56039,completed,sold,1,2026-06-08 17:39:55.871779+00,2026-06-08 17:40:13.720828+00,2026-06-08 17:40:13.825947+00,0.105119,17.954168,
34c5f012-619e-4b49-bd73-7ffd96bd6c10,numbered,18415,completed,sold,1,2026-06-08 17:39:55.884135+00,2026-06-08 17:40:13.849719+00,2026-06-08 17:40:13.954422+00,0.104703,18.070287,
bbf47de1-18b4-49dd-b944-8c5c91974ad4,numbered,30796,completed,sold,1,2026-06-08 17:39:55.896668+00,2026-06-08 17:40:13.97724+00,2026-06-08 17:40:14.081738+00,0.104498,18.185070,
03cdb02c-648e-4eca-ab3a-196fed8ff797,numbered,31554,completed,sold,1,2026-06-08 17:39:55.909102+00,2026-06-08 17:40:14.103685+00,2026-06-08 17:40:14.20824+00,0.104555,18.299138,
fdf8438f-1471-493a-93c0-842c5e1fef42,numbered,30369,completed,sold,1,2026-06-08 17:39:55.921674+00,2026-06-08 17:40:14.231533+00,2026-06-08 17:40:14.336482+00,0.104949,18.414808,
941cfda6-2832-4c44-a7e7-46d2e934447a,numbered,97791,completed,sold,1,2026-06-08 17:39:55.934321+00,2026-06-08 17:40:14.359027+00,2026-06-08 17:40:14.463525+00,0.104498,18.529204,
23459c56-1b3f-463d-8467-8e437ad991a6,numbered,36338,completed,sold,1,2026-06-08 17:39:55.946811+00,2026-06-08 17:40:14.485923+00,2026-06-08 17:40:14.590724+00,0.104801,18.643913,
5054de63-bee7-4bdd-bf52-848855333aa3,numbered,22004,completed,sold,1,2026-06-08 17:39:55.95927+00,2026-06-08 17:40:14.615162+00,2026-06-08 17:40:14.71977+00,0.104608,18.760500,
5a44220a-ec1e-4499-91f0-df4fd49e6022,numbered,86365,completed,sold,1,2026-06-08 17:39:55.971603+00,2026-06-08 17:40:14.742264+00,2026-06-08 17:40:14.84686+00,0.104596,18.875257,
6eda5900-bfa7-48f5-af4f-d60e06a2f267,numbered,82804,completed,sold,1,2026-06-08 17:39:55.983958+00,2026-06-08 17:40:14.871397+00,2026-06-08 17:40:14.975952+00,0.104555,18.991994,
5e6977af-d36e-48d8-9244-743c83301655,numbered,8783,completed,sold,1,2026-06-08 17:39:55.996656+00,2026-06-08 17:40:15.000224+00,2026-06-08 17:40:15.105495+00,0.105271,19.108839,
af1587af-26e6-4082-afc0-0f364119fe2e,numbered,79878,completed,sold,1,2026-06-08 17:39:56.009439+00,2026-06-08 17:40:15.128986+00,2026-06-08 17:40:15.234486+00,0.105500,19.225047,
05902d8a-cf86-4271-aa0a-e8cbc4d6d8bf,numbered,28371,completed,sold,1,2026-06-08 17:39:56.021661+00,2026-06-08 17:40:15.261583+00,2026-06-08 17:40:15.366214+00,0.104631,19.344553,
680477c6-e6b9-4b30-bb50-f84511a76fe8,numbered,1535,completed,sold,1,2026-06-08 17:39:56.034329+00,2026-06-08 17:40:15.387571+00,2026-06-08 17:40:15.491958+00,0.104387,19.457629,
6a599362-7150-46a6-93a4-831d8177d285,numbered,61796,completed,sold,1,2026-06-08 17:39:56.0468+00,2026-06-08 17:40:15.512817+00,2026-06-08 17:40:15.617419+00,0.104602,19.570619,
44ee0610-f171-4471-9152-1c54b05b047d,numbered,78114,completed,sold,1,2026-06-08 17:39:56.059095+00,2026-06-08 17:40:15.639387+00,2026-06-08 17:40:15.744022+00,0.104635,19.684927,
623608b4-2940-41a7-bbb1-713e01eeacc8,numbered,57541,completed,sold,1,2026-06-08 17:39:56.071845+00,2026-06-08 17:40:15.765643+00,2026-06-08 17:40:15.870287+00,0.104644,19.798442,
ac297627-cabb-4241-aded-3c567e3f6a4a,numbered,82129,completed,sold,1,2026-06-08 17:39:56.084301+00,2026-06-08 17:40:15.891942+00,2026-06-08 17:40:15.996417+00,0.104475,19.912116,
fc2d1be2-c385-4cbf-941b-efa5bf47047c,numbered,23788,completed,sold,1,2026-06-08 17:39:56.096845+00,2026-06-08 17:40:16.018212+00,2026-06-08 17:40:16.122701+00,0.104489,20.025856,
396c6d5e-ea3c-45e4-81bf-9771f9e6027e,numbered,26268,completed,sold,1,2026-06-08 17:39:56.10911+00,2026-06-08 17:40:16.144801+00,2026-06-08 17:40:16.249349+00,0.104548,20.140239,
3b2871be-dc89-497a-a5e0-d933e09bf645,numbered,37872,completed,sold,1,2026-06-08 17:39:56.121734+00,2026-06-08 17:40:16.271639+00,2026-06-08 17:40:16.376277+00,0.104638,20.254543,
280ddc26-db46-4235-ac97-5f353766d77b,numbered,31677,completed,sold,1,2026-06-08 17:39:56.13434+00,2026-06-08 17:40:16.398613+00,2026-06-08 17:40:16.503293+00,0.104680,20.368953,
2997affd-a4a4-4cb2-a09b-93f973cc89d2,numbered,670,completed,sold,1,2026-06-08 17:39:56.146857+00,2026-06-08 17:40:16.525085+00,2026-06-08 17:40:16.629956+00,0.104871,20.483099,
7862c5da-7a33-4fa5-94db-3155951d1813,numbered,5043,completed,sold,1,2026-06-08 17:39:56.159131+00,2026-06-08 17:40:16.652543+00,2026-06-08 17:40:16.75731+00,0.104767,20.598179,
bac9f426-08e4-42a4-89e5-1ad65c731745,numbered,41382,completed,sold,1,2026-06-08 17:39:56.171791+00,2026-06-08 17:40:16.781008+00,2026-06-08 17:40:16.885602+00,0.104594,20.713811,
5bb618d5-99d3-4b91-8bfa-418798bcf148,numbered,31016,completed,sold,1,2026-06-08 17:39:56.184403+00,2026-06-08 17:40:16.908187+00,2026-06-08 17:40:17.012878+00,0.104691,20.828475,
54e96987-794d-4faa-8894-1726be8db500,numbered,3134,completed,sold,1,2026-06-08 17:39:56.196743+00,2026-06-08 17:40:17.042522+00,2026-06-08 17:40:17.14699+00,0.104468,20.950247,
921466a8-c535-4485-ab5e-c2041fec3cc1,numbered,87448,completed,sold,1,2026-06-08 17:39:56.209419+00,2026-06-08 17:40:17.171302+00,2026-06-08 17:40:17.27591+00,0.104608,21.066491,
26a61b74-4db9-4277-84b5-14eb0783be8c,numbered,92343,completed,sold,1,2026-06-08 17:39:56.221613+00,2026-06-08 17:40:17.298286+00,2026-06-08 17:40:17.40295+00,0.104664,21.181337,
d0812a91-b81e-493d-8fe5-cd2fac46f14f,numbered,13800,completed,sold,1,2026-06-08 17:39:56.23425+00,2026-06-08 17:40:17.425232+00,2026-06-08 17:40:17.529782+00,0.104550,21.295532,
e91a8833-e3e8-4045-8b29-ce382b1ab2bf,numbered,48618,completed,sold,1,2026-06-08 17:39:56.246612+00,2026-06-08 17:40:17.551205+00,2026-06-08 17:40:17.655786+00,0.104581,21.409174,
ab18d1f3-8dbc-4cbc-ac86-e1c1df6c0701,numbered,77860,completed,sold,1,2026-06-08 17:39:56.259221+00,2026-06-08 17:40:17.677986+00,2026-06-08 17:40:17.78256+00,0.104574,21.523339,
ef975592-7320-4cc0-aeee-7c373da0f067,numbered,24338,completed,sold,1,2026-06-08 17:39:56.271754+00,2026-06-08 17:40:17.804445+00,2026-06-08 17:40:17.909101+00,0.104656,21.637347,
a77bad33-eeb8-4a03-abc8-ac39e4585710,numbered,25345,completed,sold,1,2026-06-08 17:39:56.2842+00,2026-06-08 17:40:17.931505+00,2026-06-08 17:40:18.036196+00,0.104691,21.751996,
23a560b6-4e9b-49d4-8121-9a11dc6c3c0a,numbered,47243,completed,sold,1,2026-06-08 17:39:56.29683+00,2026-06-08 17:40:18.059238+00,2026-06-08 17:40:18.164083+00,0.104845,21.867253,
ba6d8bed-1e53-4272-b912-5b72a15382f9,numbered,77370,completed,sold,1,2026-06-08 17:39:56.309501+00,2026-06-08 17:40:18.18648+00,2026-06-08 17:40:18.291072+00,0.104592,21.981571,
9b26e553-79e1-489c-a3e0-3fc6a238240b,numbered,9932,completed,sold,1,2026-06-08 17:39:56.321689+00,2026-06-08 17:40:18.313109+00,2026-06-08 17:40:18.418326+00,0.105217,22.096637,
14918459-5278-4955-91f2-7be3ff804820,numbered,52870,completed,sold,1,2026-06-08 17:39:56.334453+00,2026-06-08 17:40:18.440352+00,2026-06-08 17:40:18.544589+00,0.104237,22.210136,
6f2cd841-c4fe-4c94-8f0c-fc02d334333b,numbered,54195,completed,sold,1,2026-06-08 17:39:56.346544+00,2026-06-08 17:40:18.566329+00,2026-06-08 17:40:18.671492+00,0.105163,22.324948,
1f28c344-556e-42fe-94d6-fd95cbf50927,numbered,8056,completed,sold,1,2026-06-08 17:39:56.359249+00,2026-06-08 17:40:18.693043+00,2026-06-08 17:40:18.797908+00,0.104865,22.438659,
45bba8be-3dbc-4225-9fbb-976084c32b2c,numbered,87939,completed,sold,1,2026-06-08 17:39:56.371517+00,2026-06-08 17:40:18.819741+00,2026-06-08 17:40:18.924051+00,0.104310,22.552534,
2a7539e1-41ba-4708-8812-77467f07c351,numbered,57029,completed,sold,1,2026-06-08 17:39:56.384126+00,2026-06-08 17:40:18.944923+00,2026-06-08 17:40:19.049306+00,0.104383,22.665180,
9afeaa4d-7b3b-41b6-83f0-99b80300032f,numbered,62352,completed,sold,1,2026-06-08 17:39:56.396727+00,2026-06-08 17:40:19.071065+00,2026-06-08 17:40:19.175792+00,0.104727,22.779065,
e930742a-3ee7-477c-bd49-e0d40ef3073b,numbered,84277,completed,sold,1,2026-06-08 17:39:56.409016+00,2026-06-08 17:40:19.197552+00,2026-06-08 17:40:19.302233+00,0.104681,22.893217,
ce371f3d-a19e-4e57-81be-a7ac0cf364d3,numbered,88891,completed,sold,1,2026-06-08 17:39:56.421683+00,2026-06-08 17:40:19.326094+00,2026-06-08 17:40:19.431389+00,0.105295,23.009706,
78291449-1ddf-4d19-bd36-c0d79a6c33c9,numbered,8083,completed,sold,1,2026-06-08 17:39:56.434569+00,2026-06-08 17:40:19.452837+00,2026-06-08 17:40:19.557357+00,0.104520,23.122788,
0155649f-bd5f-46b4-9494-5cb2ffd50408,numbered,21695,completed,sold,1,2026-06-08 17:39:56.446786+00,2026-06-08 17:40:19.579249+00,2026-06-08 17:40:19.684051+00,0.104802,23.237265,
262b03c1-3e65-4f29-854e-51292f0bb89b,numbered,4405,completed,sold,1,2026-06-08 17:39:56.459194+00,2026-06-08 17:40:19.707894+00,2026-06-08 17:40:19.812472+00,0.104578,23.353278,
4cdbec44-e8cf-4c2c-bc99-096a35c48c9e,numbered,35341,completed,sold,1,2026-06-08 17:39:56.471694+00,2026-06-08 17:40:19.834801+00,2026-06-08 17:40:19.939545+00,0.104744,23.467851,
eb074e33-66d1-4fef-8460-1e5aff114072,numbered,18786,completed,sold,1,2026-06-08 17:39:56.484148+00,2026-06-08 17:40:19.960982+00,2026-06-08 17:40:20.065499+00,0.104517,23.581351,
50e3b590-fdea-4f86-a17f-b52089eaeec4,numbered,10749,completed,sold,1,2026-06-08 17:39:56.496545+00,2026-06-08 17:40:20.087541+00,2026-06-08 17:40:20.192212+00,0.104671,23.695667,
799ccbd8-6587-4582-8d4b-bd2d33938325,numbered,88391,completed,sold,1,2026-06-08 17:39:56.511776+00,2026-06-08 17:40:20.214224+00,2026-06-08 17:40:20.319106+00,0.104882,23.807330,
c4741e85-33e6-4539-a3e0-4acec97ad907,numbered,39215,completed,sold,1,2026-06-08 17:39:56.521498+00,2026-06-08 17:40:20.341938+00,2026-06-08 17:40:20.446371+00,0.104433,23.924873,
a5174894-9b96-43c8-bf10-d823a66b5d0a,numbered,123,completed,sold,1,2026-06-08 17:39:56.534286+00,2026-06-08 17:40:20.468208+00,2026-06-08 17:40:20.572996+00,0.104788,24.038710,
38c899df-d69c-40e5-9c61-ba785cd1c94c,numbered,77768,completed,sold,1,2026-06-08 17:39:56.546674+00,2026-06-08 17:40:20.594834+00,2026-06-08 17:40:20.699334+00,0.104500,24.152660,
7a85b6e5-0946-4dfb-87f1-a50cef38e167,numbered,85856,completed,sold,1,2026-06-08 17:39:56.559154+00,2026-06-08 17:40:20.720595+00,2026-06-08 17:40:20.825052+00,0.104457,24.265898,
5a2050bb-550b-413c-bb8e-bdc4a8e2491a,numbered,80299,completed,sold,1,2026-06-08 17:39:56.571742+00,2026-06-08 17:40:20.846682+00,2026-06-08 17:40:20.951062+00,0.104380,24.379320,
c6f9c554-5ea3-410f-a098-d6497479443b,numbered,45588,completed,sold,1,2026-06-08 17:39:56.584382+00,2026-06-08 17:40:20.973231+00,2026-06-08 17:40:21.077981+00,0.104750,24.493599,
0bdefcff-3e38-4340-84b4-ceaba0f69b36,numbered,1289,completed,sold,1,2026-06-08 17:39:56.596666+00,2026-06-08 17:40:21.0997+00,2026-06-08 17:40:21.204111+00,0.104411,24.607445,
af223413-5b56-4179-866e-5fa13f3943cf,numbered,73735,completed,sold,1,2026-06-08 17:39:56.609001+00,2026-06-08 17:40:21.226842+00,2026-06-08 17:40:21.331362+00,0.104520,24.722361,
3a3c6b5d-ce7d-4c43-bda5-e200213d4891,numbered,18904,completed,sold,1,2026-06-08 17:39:56.621534+00,2026-06-08 17:40:21.354637+00,2026-06-08 17:40:21.459375+00,0.104738,24.837841,
6b32e126-6acb-4b20-89e8-530bcd0cebe9,numbered,69882,completed,sold,1,2026-06-08 17:39:56.634395+00,2026-06-08 17:40:21.48237+00,2026-06-08 17:40:21.58715+00,0.104780,24.952755,
ecece8e7-79c5-431b-84a6-62024a116c14,numbered,386,completed,sold,1,2026-06-08 17:39:56.646729+00,2026-06-08 17:40:21.608442+00,2026-06-08 17:40:21.712991+00,0.104549,25.066262,
0957e89c-b120-4a2d-a79e-c5ef1c90d3e0,numbered,35851,completed,sold,1,2026-06-08 17:39:56.65921+00,2026-06-08 17:40:21.73518+00,2026-06-08 17:40:21.840021+00,0.104841,25.180811,
f479654f-be6f-4c27-b39b-38e684ad4f45,numbered,42147,completed,sold,1,2026-06-08 17:39:56.671708+00,2026-06-08 17:40:21.861533+00,2026-06-08 17:40:21.966012+00,0.104479,25.294304,
70f6f74b-c97b-4af1-8af1-92cde8de9b54,numbered,94013,completed,sold,1,2026-06-08 17:39:56.684352+00,2026-06-08 17:40:21.987878+00,2026-06-08 17:40:22.092545+00,0.104667,25.408193,
ba4039ab-5ac5-4e50-b88e-45ed5e3a7f83,numbered,13572,completed,sold,1,2026-06-08 17:39:56.696763+00,2026-06-08 17:40:22.115168+00,2026-06-08 17:40:22.219855+00,0.104687,25.523092,
44c36855-d320-418b-99b9-1aded6fbb012,numbered,21751,completed,sold,1,2026-06-08 17:39:56.709269+00,2026-06-08 17:40:22.242512+00,2026-06-08 17:40:22.347328+00,0.104816,25.638059,
bbb80113-3e30-4817-9b68-bc01f5be10f2,numbered,20414,completed,sold,1,2026-06-08 17:39:56.722003+00,2026-06-08 17:40:22.370269+00,2026-06-08 17:40:22.475247+00,0.104978,25.753244,
7359c5ed-6e81-448e-aa3d-507442397253,numbered,5584,completed,sold,1,2026-06-08 17:39:56.734292+00,2026-06-08 17:40:22.497457+00,2026-06-08 17:40:22.602258+00,0.104801,25.867966,
de87f277-460d-40be-9ccb-31d0c05da61d,numbered,33542,completed,sold,1,2026-06-08 17:39:56.746571+00,2026-06-08 17:40:22.624345+00,2026-06-08 17:40:22.728966+00,0.104621,25.982395,
67929215-0ca7-4121-9bb0-1ec5ca849291,numbered,21947,completed,sold,1,2026-06-08 17:39:56.759295+00,2026-06-08 17:40:22.750868+00,2026-06-08 17:40:22.855421+00,0.104553,26.096126,
1b063d9c-72ef-4f7c-8171-a5396ce3322b,numbered,67679,completed,sold,1,2026-06-08 17:39:56.771883+00,2026-06-08 17:40:22.87763+00,2026-06-08 17:40:22.982286+00,0.104656,26.210403,
a1ded8c3-e884-4e9b-ab24-c993bbbe3b10,numbered,1430,completed,sold,1,2026-06-08 17:39:56.784075+00,2026-06-08 17:40:23.005006+00,2026-06-08 17:40:23.109915+00,0.104909,26.325840,
27133a2c-87da-4c52-b67e-22d522c0eaa8,numbered,39925,completed,sold,1,2026-06-08 17:39:56.796672+00,2026-06-08 17:40:23.134874+00,2026-06-08 17:40:23.239839+00,0.104965,26.443167,
200a944a-daa2-494c-9139-d90c6e8eb74f,numbered,94366,completed,sold,1,2026-06-08 17:39:56.80931+00,2026-06-08 17:40:23.263518+00,2026-06-08 17:40:23.367988+00,0.104470,26.558678,
91951ac7-d296-4af8-99a1-860a13a5f6a8,numbered,85190,completed,sold,1,2026-06-08 17:39:56.821715+00,2026-06-08 17:40:23.389599+00,2026-06-08 17:40:23.494217+00,0.104618,26.672502,
ece84317-647e-4308-9314-ebca9ab50e86,numbered,38298,completed,sold,1,2026-06-08 17:39:56.83448+00,2026-06-08 17:40:23.516352+00,2026-06-08 17:40:23.620827+00,0.104475,26.786347,
0835a4e3-5245-4c1d-870b-1b2b6275534f,numbered,5679,completed,sold,1,2026-06-08 17:39:56.846791+00,2026-06-08 17:40:23.643437+00,2026-06-08 17:40:23.74815+00,0.104713,26.901359,
508eac8a-e9ba-4135-a3b8-a232e4bf592c,numbered,52785,completed,sold,1,2026-06-08 17:39:56.859097+00,2026-06-08 17:40:23.76998+00,2026-06-08 17:40:23.874635+00,0.104655,27.015538,
ce45b5f1-987d-45be-a3cc-a8f42a730382,numbered,22362,completed,sold,1,2026-06-08 17:39:56.871746+00,2026-06-08 17:40:23.89639+00,2026-06-08 17:40:24.000974+00,0.104584,27.129228,
9838eb9b-73cd-4e6c-b300-3d4389083e65,numbered,73035,completed,sold,1,2026-06-08 17:39:56.884024+00,2026-06-08 17:40:24.023+00,2026-06-08 17:40:24.127599+00,0.104599,27.243575,
2aa20d84-ecdd-485d-93fe-6f29a0b5e346,numbered,94150,completed,sold,1,2026-06-08 17:39:56.896612+00,2026-06-08 17:40:24.149446+00,2026-06-08 17:40:24.254335+00,0.104889,27.357723,
8c61d8d3-f49b-4d89-854a-99e721e63cbe,numbered,67257,completed,sold,1,2026-06-08 17:39:56.909323+00,2026-06-08 17:40:24.276517+00,2026-06-08 17:40:24.381116+00,0.104599,27.471793,
376a2c8b-59b8-4b55-b958-7c9a54d144bb,numbered,43296,completed,sold,1,2026-06-08 17:39:56.921685+00,2026-06-08 17:40:24.403702+00,2026-06-08 17:40:24.508679+00,0.104977,27.586994,
5fc1fe2a-be97-4cf0-bdfb-3463e752b5e3,numbered,58333,completed,sold,1,2026-06-08 17:39:56.934327+00,2026-06-08 17:40:24.530506+00,2026-06-08 17:40:24.635068+00,0.104562,27.700741,
ec5331b0-912e-43a6-b2df-45a77872762b,numbered,5105,completed,sold,1,2026-06-08 17:39:56.946983+00,2026-06-08 17:40:24.658032+00,2026-06-08 17:40:24.762805+00,0.104773,27.815822,
ac943c74-622c-4bdb-a159-19dd43af2908,numbered,53100,completed,sold,1,2026-06-08 17:39:56.959281+00,2026-06-08 17:40:24.785129+00,2026-06-08 17:40:24.889753+00,0.104624,27.930472,
8ce703d2-88a3-40d3-bd0e-9330aaf77ae1,numbered,95527,completed,sold,1,2026-06-08 17:39:56.971853+00,2026-06-08 17:40:24.911739+00,2026-06-08 17:40:25.016533+00,0.104794,28.044680,
0292c05a-2326-424c-b8fa-3dcc812ce41c,numbered,16551,completed,sold,1,2026-06-08 17:39:56.984107+00,2026-06-08 17:40:25.045595+00,2026-06-08 17:40:25.150395+00,0.104800,28.166288,
3d63e82d-b7d1-4b14-ad77-5dff881efff0,numbered,44789,completed,sold,1,2026-06-08 17:39:56.996602+00,2026-06-08 17:40:25.172264+00,2026-06-08 17:40:25.276771+00,0.104507,28.280169,
a5154e53-7ede-4f8e-bfa0-ac0cb8bc0838,numbered,20496,completed,sold,1,2026-06-08 17:39:57.009091+00,2026-06-08 17:40:25.299241+00,2026-06-08 17:40:25.404103+00,0.104862,28.395012,
4e9ad78a-069d-4a6c-96bf-1bccdac73e7a,numbered,12808,completed,sold,1,2026-06-08 17:39:57.021714+00,2026-06-08 17:40:25.427113+00,2026-06-08 17:40:25.531615+00,0.104502,28.509901,
224300ba-0e9b-4ee2-a49f-7d69f07ccdcd,numbered,55747,completed,sold,1,2026-06-08 17:39:57.034233+00,2026-06-08 17:40:25.553251+00,2026-06-08 17:40:25.657619+00,0.104368,28.623386,
63df9a90-b064-4de0-a5dd-29c42707c3d9,numbered,82452,completed,sold,1,2026-06-08 17:39:57.046911+00,2026-06-08 17:40:25.679141+00,2026-06-08 17:40:25.783669+00,0.104528,28.736758,
9e7ff2e7-5448-4d4d-81d4-f6bd78d01bb3,numbered,77413,completed,sold,1,2026-06-08 17:39:57.059263+00,2026-06-08 17:40:25.805701+00,2026-06-08 17:40:25.910373+00,0.104672,28.851110,
f4d37c79-5d49-4b08-bd79-03f5de179468,numbered,1926,completed,sold,1,2026-06-08 17:39:57.07196+00,2026-06-08 17:40:25.933373+00,2026-06-08 17:40:26.037976+00,0.104603,28.966016,
9ec6e671-6992-4d0c-a89b-beff3efb3fae,numbered,32362,completed,sold,1,2026-06-08 17:39:57.084585+00,2026-06-08 17:40:26.059434+00,2026-06-08 17:40:26.163914+00,0.104480,29.079329,
ad93d86b-b584-4834-841c-dfc99ec2054d,numbered,7590,completed,sold,1,2026-06-08 17:39:57.096762+00,2026-06-08 17:40:26.185491+00,2026-06-08 17:40:26.290214+00,0.104723,29.193452,
c29e7ee6-10d8-49c5-a65e-782b7db324e1,numbered,90056,completed,sold,1,2026-06-08 17:39:57.10917+00,2026-06-08 17:40:26.312125+00,2026-06-08 17:40:26.416566+00,0.104441,29.307396,
52929b8c-5852-4854-baee-3d4b2090a154,numbered,62454,completed,sold,1,2026-06-08 17:39:57.121744+00,2026-06-08 17:40:26.441519+00,2026-06-08 17:40:26.546192+00,0.104673,29.424448,
9ada9a3b-1b08-426f-95d9-90397454c994,numbered,30401,completed,sold,1,2026-06-08 17:39:57.134063+00,2026-06-08 17:40:26.568268+00,2026-06-08 17:40:26.673032+00,0.104764,29.538969,
b3587afa-6cb6-4534-b02a-28e7d13ec42f,numbered,6036,completed,sold,1,2026-06-08 17:39:57.14684+00,2026-06-08 17:40:26.696385+00,2026-06-08 17:40:26.800972+00,0.104587,29.654132,
e3eab3fb-08aa-4278-8313-b436a20b656a,numbered,82923,completed,sold,1,2026-06-08 17:39:57.159156+00,2026-06-08 17:40:26.823888+00,2026-06-08 17:40:26.928501+00,0.104613,29.769345,
449999ee-517e-410c-a98f-6037c84c4b06,numbered,3438,completed,sold,1,2026-06-08 17:39:57.171879+00,2026-06-08 17:40:26.950855+00,2026-06-08 17:40:27.056389+00,0.105534,29.884510,
559cdd04-9b72-4db1-b7e3-42a478703782,numbered,85077,completed,sold,1,2026-06-08 17:39:57.184205+00,2026-06-08 17:40:27.078051+00,2026-06-08 17:40:27.182704+00,0.104653,29.998499,
ba338614-5e13-432a-84d6-75d06c2c3b74,numbered,8008,completed,sold,1,2026-06-08 17:39:57.19675+00,2026-06-08 17:40:27.204599+00,2026-06-08 17:40:27.309206+00,0.104607,30.112456,
9c212101-967c-47fe-8aea-06403513a4a5,numbered,90496,completed,sold,1,2026-06-08 17:39:57.209369+00,2026-06-08 17:40:27.331052+00,2026-06-08 17:40:27.435651+00,0.104599,30.226282,
7103ca6f-c286-4c6b-889f-7cbc3390d386,numbered,40753,completed,sold,1,2026-06-08 17:39:57.221714+00,2026-06-08 17:40:27.457038+00,2026-06-08 17:40:27.561282+00,0.104244,30.339568,
990c8ae0-f2c1-404b-9b09-1dc969fa9d52,numbered,80384,completed,sold,1,2026-06-08 17:39:57.234264+00,2026-06-08 17:40:27.583437+00,2026-06-08 17:40:27.688088+00,0.104651,30.453824,
54923f68-3935-45d3-961f-5d3108821920,numbered,73738,completed,sold,1,2026-06-08 17:39:57.246768+00,2026-06-08 17:40:27.709908+00,2026-06-08 17:40:27.814377+00,0.104469,30.567609,
c9371d8a-a6ce-4226-81b3-8d31d6ad1784,numbered,14378,completed,sold,1,2026-06-08 17:39:57.259045+00,2026-06-08 17:40:27.836616+00,2026-06-08 17:40:27.94115+00,0.104534,30.682105,
a1d3b293-3920-46af-a26b-b2e17b9cdd8d,numbered,94299,completed,sold,1,2026-06-08 17:39:57.271986+00,2026-06-08 17:40:27.96246+00,2026-06-08 17:40:28.066953+00,0.104493,30.794967,
39eb6e82-b376-4b19-9035-6d990413fbfe,numbered,38774,completed,sold,1,2026-06-08 17:39:57.28414+00,2026-06-08 17:40:28.088792+00,2026-06-08 17:40:28.193377+00,0.104585,30.909237,
1cbc4aa7-250b-4e49-8129-8bb7244819df,numbered,23656,completed,sold,1,2026-06-08 17:39:57.296875+00,2026-06-08 17:40:28.216513+00,2026-06-08 17:40:28.321025+00,0.104512,31.024150,
045d3272-05c2-4ecf-8037-5a5de7800fc8,numbered,3664,completed,sold,1,2026-06-08 17:39:57.309117+00,2026-06-08 17:40:28.34336+00,2026-06-08 17:40:28.448041+00,0.104681,31.138924,
c057c3da-2d0e-43ba-897b-af7dd02a3550,numbered,53110,completed,sold,1,2026-06-08 17:39:57.321907+00,2026-06-08 17:40:28.469512+00,2026-06-08 17:40:28.574173+00,0.104661,31.252266,
6bb489c1-a5cb-46e3-9b72-dbb050a32af5,numbered,41858,completed,sold,1,2026-06-08 17:39:57.334432+00,2026-06-08 17:40:28.596893+00,2026-06-08 17:40:28.70143+00,0.104537,31.366998,
ae27e8a5-e474-44f2-a417-bf1c7967d95c,numbered,63022,completed,sold,1,2026-06-08 17:39:57.346797+00,2026-06-08 17:40:28.722693+00,2026-06-08 17:40:28.827113+00,0.104420,31.480316,
04894305-e4b3-46ac-8184-172170726102,numbered,15670,completed,sold,1,2026-06-08 17:39:57.359339+00,2026-06-08 17:40:28.850504+00,2026-06-08 17:40:28.95508+00,0.104576,31.595741,
6f06a854-2c80-4441-8ccf-d761ccc63d12,numbered,52928,completed,sold,1,2026-06-08 17:39:57.371826+00,2026-06-08 17:40:28.97678+00,2026-06-08 17:40:29.081246+00,0.104466,31.709420,
847a5a09-a409-46a8-bce6-7f1bff8da038,numbered,4218,completed,sold,1,2026-06-08 17:39:57.384064+00,2026-06-08 17:40:29.103205+00,2026-06-08 17:40:29.207671+00,0.104466,31.823607,
aae13b4c-513e-4d20-8e70-e7387dd33571,numbered,23635,completed,sold,1,2026-06-08 17:39:57.396869+00,2026-06-08 17:40:29.22969+00,2026-06-08 17:40:29.334304+00,0.104614,31.937435,
9eac2b8f-e1cb-46af-9de2-7822616ff2cc,numbered,8627,completed,sold,1,2026-06-08 17:39:57.409311+00,2026-06-08 17:40:29.355821+00,2026-06-08 17:40:29.460301+00,0.104480,32.050990,
4ce4552c-d8b4-4fee-acd5-4312378f3121,numbered,3090,completed,sold,1,2026-06-08 17:39:57.422033+00,2026-06-08 17:40:29.481671+00,2026-06-08 17:40:29.586366+00,0.104695,32.164333,
77514e54-d40e-41d2-8a3c-4d4de6b24a05,numbered,75720,completed,sold,1,2026-06-08 17:39:57.434591+00,2026-06-08 17:40:29.609166+00,2026-06-08 17:40:29.713716+00,0.104550,32.279125,
01a3bb76-20c7-4382-af1e-451005862e50,numbered,32733,completed,sold,1,2026-06-08 17:39:57.446832+00,2026-06-08 17:40:29.734982+00,2026-06-08 17:40:29.839415+00,0.104433,32.392583,
62e8f704-0892-473e-bc27-5221700b7945,numbered,92008,completed,sold,1,2026-06-08 17:39:57.459253+00,2026-06-08 17:40:29.861471+00,2026-06-08 17:40:29.965946+00,0.104475,32.506693,
1b077ee2-014a-4b6b-8e05-777613238c68,numbered,59147,completed,sold,1,2026-06-08 17:39:57.471731+00,2026-06-08 17:40:29.987286+00,2026-06-08 17:40:30.092146+00,0.104860,32.620415,
5f4c3a8e-68c1-486c-ac30-d8444ddc6ce1,numbered,21502,completed,sold,1,2026-06-08 17:39:57.484156+00,2026-06-08 17:40:30.11475+00,2026-06-08 17:40:30.219586+00,0.104836,32.735430,
486c1c87-e53d-431a-a65a-a21205dabdbd,numbered,10672,completed,sold,1,2026-06-08 17:39:57.49658+00,2026-06-08 17:40:30.242191+00,2026-06-08 17:40:30.347251+00,0.105060,32.850671,
3c0e9d43-b7d1-4037-ac04-8c7500ff79cb,numbered,74858,completed,sold,1,2026-06-08 17:39:57.509127+00,2026-06-08 17:40:30.369383+00,2026-06-08 17:40:30.474358+00,0.104975,32.965231,
7b3a4df1-95e4-4b2a-a54a-c1528fb687e1,numbered,94633,completed,sold,1,2026-06-08 17:39:57.521752+00,2026-06-08 17:40:30.495438+00,2026-06-08 17:40:30.600111+00,0.104673,33.078359,
809fd9dc-859a-4eb8-ac7f-04df8cb5566a,numbered,12246,completed,sold,1,2026-06-08 17:39:57.534435+00,2026-06-08 17:40:30.623835+00,2026-06-08 17:40:30.72833+00,0.104495,33.193895,
7a0162f1-ccb8-4b0d-9928-55204bd63776,numbered,75235,completed,sold,1,2026-06-08 17:39:57.546797+00,2026-06-08 17:40:30.749768+00,2026-06-08 17:40:30.854829+00,0.105061,33.308032,
38384072-a763-408b-afe5-4174ed0b7f0b,numbered,3691,completed,sold,1,2026-06-08 17:39:57.5592+00,2026-06-08 17:40:30.87754+00,2026-06-08 17:40:30.982012+00,0.104472,33.422812,
bf3df687-e79d-4c73-b2ce-684c79ce2562,numbered,87831,completed,sold,1,2026-06-08 17:39:57.571941+00,2026-06-08 17:40:31.004229+00,2026-06-08 17:40:31.108987+00,0.104758,33.537046,
9f973b96-c82b-4d2f-a733-0f0d74e83c7d,numbered,67449,completed,sold,1,2026-06-08 17:39:57.584359+00,2026-06-08 17:40:31.132153+00,2026-06-08 17:40:31.236647+00,0.104494,33.652288,
52c6e397-408f-49bc-918e-bca8d916e42f,numbered,9496,completed,sold,1,2026-06-08 17:39:57.596755+00,2026-06-08 17:40:31.258733+00,2026-06-08 17:40:31.363287+00,0.104554,33.766532,
cfa19839-04b8-459b-896b-a62c85832ff1,numbered,28792,completed,sold,1,2026-06-08 17:39:57.609447+00,2026-06-08 17:40:31.384736+00,2026-06-08 17:40:31.489263+00,0.104527,33.879816,
ec323309-3c14-44d2-a077-be5355bf8e0c,numbered,64153,completed,sold,1,2026-06-08 17:39:57.621554+00,2026-06-08 17:40:31.510543+00,2026-06-08 17:40:31.615313+00,0.104770,33.993759,
241957b8-d718-4049-b28d-c129fb9f6a8d,numbered,84919,completed,sold,1,2026-06-08 17:39:57.634161+00,2026-06-08 17:40:31.638181+00,2026-06-08 17:40:31.742824+00,0.104643,34.108663,
7ad5d1d8-05c0-451d-be5b-4f77e5b821b8,numbered,17669,completed,sold,1,2026-06-08 17:39:57.646657+00,2026-06-08 17:40:31.764924+00,2026-06-08 17:40:31.869566+00,0.104642,34.222909,
239d491e-4546-4771-b147-c12873ebdd9d,numbered,39642,completed,sold,1,2026-06-08 17:39:57.65905+00,2026-06-08 17:40:31.891537+00,2026-06-08 17:40:31.995808+00,0.104271,34.336758,
8f3849eb-d442-4b90-9f13-4db38e94fa38,numbered,7950,completed,sold,1,2026-06-08 17:39:57.671879+00,2026-06-08 17:40:32.017567+00,2026-06-08 17:40:32.122036+00,0.104469,34.450157,
b8bf6b6d-51a6-4939-9e16-f0d7cd8846f8,numbered,11392,completed,sold,1,2026-06-08 17:39:57.684105+00,2026-06-08 17:40:32.143695+00,2026-06-08 17:40:32.248118+00,0.104423,34.564013,
fa4ebf0c-947a-471f-8e51-20d145f728da,numbered,70998,completed,sold,1,2026-06-08 17:39:57.696644+00,2026-06-08 17:40:32.270392+00,2026-06-08 17:40:32.374841+00,0.104449,34.678197,
9269d4c4-3a1d-4f91-92ec-01932cc6ae7c,numbered,83469,completed,sold,1,2026-06-08 17:39:57.709157+00,2026-06-08 17:40:32.400669+00,2026-06-08 17:40:32.505245+00,0.104576,34.796088,
83e0e601-3cde-42e9-bee3-79ae3c113cf6,numbered,92290,completed,sold,1,2026-06-08 17:39:57.721663+00,2026-06-08 17:40:32.527042+00,2026-06-08 17:40:32.631736+00,0.104694,34.910073,
3e579268-c5df-4b6d-baf0-fbad846fce19,numbered,23759,completed,sold,1,2026-06-08 17:39:57.734315+00,2026-06-08 17:40:32.654029+00,2026-06-08 17:40:32.758744+00,0.104715,35.024429,
ca734e99-74a3-4153-8116-cedbf365e2d1,numbered,80033,completed,sold,1,2026-06-08 17:39:57.746807+00,2026-06-08 17:40:32.780414+00,2026-06-08 17:40:32.885126+00,0.104712,35.138319,
c42ad357-6211-446a-b19e-186060bcf3cd,numbered,32599,completed,sold,1,2026-06-08 17:39:57.759202+00,2026-06-08 17:40:32.906484+00,2026-06-08 17:40:33.011159+00,0.104675,35.251957,
b2dc80b2-deb9-4bab-a63a-2f32dcd7b0ec,numbered,41825,completed,sold,1,2026-06-08 17:39:57.771761+00,2026-06-08 17:40:33.032984+00,2026-06-08 17:40:33.137533+00,0.104549,35.365772,
862a4ea2-d3d2-4031-8f77-4c866dc8426b,numbered,63256,completed,sold,1,2026-06-08 17:39:57.784396+00,2026-06-08 17:40:33.160787+00,2026-06-08 17:40:33.265194+00,0.104407,35.480798,
299d8697-66ee-4cac-8203-5065e6892d5c,numbered,26393,completed,sold,1,2026-06-08 17:39:57.796745+00,2026-06-08 17:40:33.288242+00,2026-06-08 17:40:33.392879+00,0.104637,35.596134,
2b11ea34-4c54-4e44-83d5-06f872b83bba,numbered,76509,completed,sold,1,2026-06-08 17:39:57.809359+00,2026-06-08 17:40:33.414436+00,2026-06-08 17:40:33.519334+00,0.104898,35.709975,
7eeedab8-27b3-41de-bd88-c13b06532f00,numbered,48142,completed,sold,1,2026-06-08 17:39:57.821758+00,2026-06-08 17:40:33.541056+00,2026-06-08 17:40:33.645541+00,0.104485,35.823783,
4196bdbe-5704-4767-8548-734f40f7fed3,numbered,13115,completed,sold,1,2026-06-08 17:39:57.834228+00,2026-06-08 17:40:33.667254+00,2026-06-08 17:40:33.771739+00,0.104485,35.937511,
4bd04b76-841c-4dc5-9226-7ae7429703c9,numbered,69425,completed,sold,1,2026-06-08 17:39:57.84688+00,2026-06-08 17:40:33.792893+00,2026-06-08 17:40:33.89767+00,0.104777,36.050790,
12160b86-80be-48cb-91c6-91691a23cfb2,numbered,77681,completed,sold,1,2026-06-08 17:39:57.859173+00,2026-06-08 17:40:33.921363+00,2026-06-08 17:40:34.026198+00,0.104835,36.167025,
a29089da-21df-4762-ab7c-d2d8170d5816,numbered,99628,completed,sold,1,2026-06-08 17:39:57.871591+00,2026-06-08 17:40:34.049766+00,2026-06-08 17:40:34.154332+00,0.104566,36.282741,
884fbc7a-ffdf-4755-932a-1fc59ac091eb,numbered,36855,completed,sold,1,2026-06-08 17:39:57.884135+00,2026-06-08 17:40:34.176484+00,2026-06-08 17:40:34.280958+00,0.104474,36.396823,
95fc1743-fde4-48db-9d7c-3eefee8a7298,numbered,90892,completed,sold,1,2026-06-08 17:39:57.896624+00,2026-06-08 17:40:34.303046+00,2026-06-08 17:40:34.407707+00,0.104661,36.511083,
9a3aef08-f006-4b23-842e-64ad30cb86bf,numbered,42359,completed,sold,1,2026-06-08 17:39:57.909109+00,2026-06-08 17:40:34.430377+00,2026-06-08 17:40:34.535185+00,0.104808,36.626076,
cc997c3c-7060-48a9-8216-b553afedb120,numbered,18672,completed,sold,1,2026-06-08 17:39:57.92171+00,2026-06-08 17:40:34.558432+00,2026-06-08 17:40:34.662932+00,0.104500,36.741222,
710930d5-f7bd-4a89-927e-e130bddb1f5d,numbered,72884,completed,sold,1,2026-06-08 17:39:57.934491+00,2026-06-08 17:40:34.68459+00,2026-06-08 17:40:34.78916+00,0.104570,36.854669,
f14d4218-16a6-4a85-981b-2f2d48d78db5,numbered,90566,completed,sold,1,2026-06-08 17:39:57.946883+00,2026-06-08 17:40:34.811629+00,2026-06-08 17:40:34.916397+00,0.104768,36.969514,
a215d7ab-ff7c-4c88-91be-3ab4415edbee,numbered,20552,completed,sold,1,2026-06-08 17:39:57.959209+00,2026-06-08 17:40:34.938623+00,2026-06-08 17:40:35.043938+00,0.105315,37.084729,
9869fe99-6cb8-442d-b4d8-44e4e90461b7,numbered,92652,completed,sold,1,2026-06-08 17:39:57.971752+00,2026-06-08 17:40:35.066583+00,2026-06-08 17:40:35.171485+00,0.104902,37.199733,
8c2475a7-647c-4c86-b5bd-0d94edf6ba43,numbered,36154,completed,sold,1,2026-06-08 17:39:57.984355+00,2026-06-08 17:40:35.195482+00,2026-06-08 17:40:35.300151+00,0.104669,37.315796,
848f8cd1-a33b-466b-ac05-f19c6734d109,numbered,47078,completed,sold,1,2026-06-08 17:39:57.996785+00,2026-06-08 17:40:35.321717+00,2026-06-08 17:40:35.426419+00,0.104702,37.429634,
29e7f5f3-d781-4afd-a38b-d4778d29f63a,numbered,44738,completed,sold,1,2026-06-08 17:39:58.009105+00,2026-06-08 17:40:35.449429+00,2026-06-08 17:40:35.55394+00,0.104511,37.544835,
0c2fba20-e844-40db-a5d2-f1647537d90c,numbered,74675,completed,sold,1,2026-06-08 17:39:58.021422+00,2026-06-08 17:40:35.575453+00,2026-06-08 17:40:35.680199+00,0.104746,37.658777,
a1bce3bd-ec88-4777-8d56-732131fadb29,numbered,86697,completed,sold,1,2026-06-08 17:39:58.034155+00,2026-06-08 17:40:35.701632+00,2026-06-08 17:40:35.807179+00,0.105547,37.773024,
392eb6b6-1dc9-44ad-87d5-0d43c5add24c,numbered,20622,completed,sold,1,2026-06-08 17:39:58.046804+00,2026-06-08 17:40:35.828762+00,2026-06-08 17:40:35.933287+00,0.104525,37.886483,
80206af1-3321-4729-9003-380f860823dd,numbered,63101,completed,sold,1,2026-06-08 17:39:58.059244+00,2026-06-08 17:40:35.954918+00,2026-06-08 17:40:36.059822+00,0.104904,38.000578,
a5464735-87df-4a27-a72f-21952181fc23,numbered,63380,completed,sold,1,2026-06-08 17:39:58.071682+00,2026-06-08 17:40:36.081632+00,2026-06-08 17:40:36.186134+00,0.104502,38.114452,
fb5e27a0-784c-415f-84ce-a9e891859197,numbered,75999,completed,sold,1,2026-06-08 17:39:58.084163+00,2026-06-08 17:40:36.207522+00,2026-06-08 17:40:36.312131+00,0.104609,38.227968,
439bfb6f-c8c7-4044-9cef-c16aafcbc739,numbered,30774,completed,sold,1,2026-06-08 17:39:58.096777+00,2026-06-08 17:40:36.333997+00,2026-06-08 17:40:36.438633+00,0.104636,38.341856,
b661ae2c-7d51-4ef3-a011-95baec946e4d,numbered,33555,completed,sold,1,2026-06-08 17:39:58.109238+00,2026-06-08 17:40:36.460461+00,2026-06-08 17:40:36.565024+00,0.104563,38.455786,
23f1c244-9944-40cb-b016-e167d0c8e450,numbered,58802,completed,sold,1,2026-06-08 17:39:58.121555+00,2026-06-08 17:40:36.587087+00,2026-06-08 17:40:36.691762+00,0.104675,38.570207,
c3407ec0-61a4-40b0-aedd-c0a83e48aecb,numbered,96489,completed,sold,1,2026-06-08 17:39:58.133986+00,2026-06-08 17:40:36.718263+00,2026-06-08 17:40:36.823+00,0.104737,38.689014,
6393050d-7c45-4c6c-bcd2-ec9382bfc94d,numbered,80310,completed,sold,1,2026-06-08 17:39:58.146412+00,2026-06-08 17:40:36.844851+00,2026-06-08 17:40:36.949382+00,0.104531,38.802970,
fcc74fc8-d708-4d3c-a643-26b2ba1e7d3f,numbered,67864,completed,sold,1,2026-06-08 17:39:58.159052+00,2026-06-08 17:40:36.970752+00,2026-06-08 17:40:37.075284+00,0.104532,38.916232,
c49a30b4-fc7c-4ff4-a7ac-a24ba3d62f3a,numbered,34245,completed,sold,1,2026-06-08 17:39:58.171639+00,2026-06-08 17:40:37.098194+00,2026-06-08 17:40:37.202678+00,0.104484,39.031039,
77ac73cf-3a4c-4296-9039-2c2f0425f958,numbered,49732,completed,sold,1,2026-06-08 17:39:58.184144+00,2026-06-08 17:40:37.223571+00,2026-06-08 17:40:37.328237+00,0.104666,39.144093,
a857f816-b846-4944-9661-0af8cc3616d5,numbered,53217,completed,sold,1,2026-06-08 17:39:58.196711+00,2026-06-08 17:40:37.350098+00,2026-06-08 17:40:37.454667+00,0.104569,39.257956,
6864698b-28d0-4ab4-8048-d18a309e06c3,numbered,4413,completed,sold,1,2026-06-08 17:39:58.209122+00,2026-06-08 17:40:37.47601+00,2026-06-08 17:40:37.58078+00,0.104770,39.371658,
f385615c-947b-41b8-8c89-6161ee49e708,numbered,95676,completed,sold,1,2026-06-08 17:39:58.221703+00,2026-06-08 17:40:37.602489+00,2026-06-08 17:40:37.706868+00,0.104379,39.485165,
88eeb2b8-d29d-4843-b5a6-9428632a91ac,numbered,19391,completed,sold,1,2026-06-08 17:39:58.234383+00,2026-06-08 17:40:37.730408+00,2026-06-08 17:40:37.835027+00,0.104619,39.600644,
a8e084c0-9ffe-4c50-ba3a-eb72c8cd71c3,numbered,22441,completed,sold,1,2026-06-08 17:39:58.24681+00,2026-06-08 17:40:37.856391+00,2026-06-08 17:40:37.960891+00,0.104500,39.714081,
34bfb20c-9942-43f5-bd1f-3ac190bf04a7,numbered,90418,completed,sold,1,2026-06-08 17:39:58.25905+00,2026-06-08 17:40:37.982374+00,2026-06-08 17:40:38.087179+00,0.104805,39.828129,
0bb04fdf-f215-4fc5-a8b5-482ed984d8c1,numbered,50555,completed,sold,1,2026-06-08 17:39:58.271727+00,2026-06-08 17:40:38.11075+00,2026-06-08 17:40:38.215327+00,0.104577,39.943600,
e6f4d28a-9800-49ec-a812-526c6a6458c9,numbered,86811,completed,sold,1,2026-06-08 17:39:58.284451+00,2026-06-08 17:40:38.238162+00,2026-06-08 17:40:38.342504+00,0.104342,40.058053,
df733d83-21d5-4d7d-a581-bc1c3f08def8,numbered,73922,completed,sold,1,2026-06-08 17:39:58.296823+00,2026-06-08 17:40:38.365582+00,2026-06-08 17:40:38.470081+00,0.104499,40.173258,
603b5303-092b-446d-a897-a3b23adda92d,numbered,93156,completed,sold,1,2026-06-08 17:39:58.309194+00,2026-06-08 17:40:38.491445+00,2026-06-08 17:40:38.596532+00,0.105087,40.287338,
7d5cf0ae-7eb9-41c1-9ca4-3bc6e996f680,numbered,66329,completed,sold,1,2026-06-08 17:39:58.321592+00,2026-06-08 17:40:38.61943+00,2026-06-08 17:40:38.724157+00,0.104727,40.402565,
76a32e9a-5f0f-44ce-81ec-ba21fbaa1c94,numbered,55426,completed,sold,1,2026-06-08 17:39:58.334304+00,2026-06-08 17:40:38.745181+00,2026-06-08 17:40:38.849409+00,0.104228,40.515105,
9c55a84b-dc2f-4146-8215-d7cee7ec01f0,numbered,6754,completed,sold,1,2026-06-08 17:39:58.346866+00,2026-06-08 17:40:38.871682+00,2026-06-08 17:40:38.976163+00,0.104481,40.629297,
25f320d8-37dd-4f0a-b428-67ae4f7a116f,numbered,8996,completed,sold,1,2026-06-08 17:39:58.359218+00,2026-06-08 17:40:38.999351+00,2026-06-08 17:40:39.104028+00,0.104677,40.744810,
8f68f7cf-53b4-41c8-88e1-bbc9c5b9b9a5,numbered,85111,completed,sold,1,2026-06-08 17:39:58.371757+00,2026-06-08 17:40:39.125667+00,2026-06-08 17:40:39.230193+00,0.104526,40.858436,
b521866d-9062-421f-a11b-d8d523d11931,numbered,43650,completed,sold,1,2026-06-08 17:39:58.384081+00,2026-06-08 17:40:39.251047+00,2026-06-08 17:40:39.355235+00,0.104188,40.971154,
4823a42f-ef38-47be-b2d8-19ee62d586ed,numbered,10111,completed,sold,1,2026-06-08 17:39:58.396453+00,2026-06-08 17:40:39.378255+00,2026-06-08 17:40:39.482823+00,0.104568,41.086370,
77d95d2c-15f8-4b6c-b4da-564477441165,numbered,64707,completed,sold,1,2026-06-08 17:39:58.409161+00,2026-06-08 17:40:39.504936+00,2026-06-08 17:40:39.609754+00,0.104818,41.200593,
80523f28-032e-4cd5-9b58-dd15666e0d1d,numbered,40577,completed,sold,1,2026-06-08 17:39:58.421692+00,2026-06-08 17:40:39.633606+00,2026-06-08 17:40:39.738183+00,0.104577,41.316491,
e3c24eb0-3637-469e-9c33-e6e20eb4d356,numbered,20965,completed,sold,1,2026-06-08 17:39:58.434356+00,2026-06-08 17:40:39.759915+00,2026-06-08 17:40:39.864679+00,0.104764,41.430323,
cf59570f-5f6b-41c6-8ddb-88cbc27fac45,numbered,53914,completed,sold,1,2026-06-08 17:39:58.446664+00,2026-06-08 17:40:39.886397+00,2026-06-08 17:40:39.990971+00,0.104574,41.544307,
2226c90c-e0be-4d39-a19d-6610d757f09e,numbered,85168,completed,sold,1,2026-06-08 17:39:58.459274+00,2026-06-08 17:40:40.016503+00,2026-06-08 17:40:40.121086+00,0.104583,41.661812,
40b7d175-a954-4d12-b971-de1c428e7eb9,numbered,92303,completed,sold,1,2026-06-08 17:39:58.471651+00,2026-06-08 17:40:40.144353+00,2026-06-08 17:40:40.248948+00,0.104595,41.777297,
3fa509d8-ae43-4f65-967a-207773d1b9d4,numbered,64028,completed,sold,1,2026-06-08 17:39:58.484273+00,2026-06-08 17:40:40.272247+00,2026-06-08 17:40:40.376825+00,0.104578,41.892552,
a52e8715-4580-4a28-b35c-aeda13e4dc12,numbered,64704,completed,sold,1,2026-06-08 17:39:58.496643+00,2026-06-08 17:40:40.399039+00,2026-06-08 17:40:40.503602+00,0.104563,42.006959,
27dcf1c4-8555-4620-a2fe-46701ade644e,numbered,46080,completed,sold,1,2026-06-08 17:39:58.509608+00,2026-06-08 17:40:40.525164+00,2026-06-08 17:40:40.630112+00,0.104948,42.120504,
e9770dbc-216d-4393-abf5-9d8dfef2df19,numbered,47986,completed,sold,1,2026-06-08 17:39:58.5215+00,2026-06-08 17:40:40.65223+00,2026-06-08 17:40:40.757147+00,0.104917,42.235647,
0bf454ae-ea29-4804-9abc-a36677739540,numbered,41502,completed,sold,1,2026-06-08 17:39:58.534125+00,2026-06-08 17:40:40.782163+00,2026-06-08 17:40:40.886688+00,0.104525,42.352563,
3f8b6b50-ae14-4f72-9e41-5f09f380b083,numbered,41220,completed,sold,1,2026-06-08 17:39:58.546611+00,2026-06-08 17:40:40.909576+00,2026-06-08 17:40:41.013937+00,0.104361,42.467326,
77669e00-816e-4690-b5b1-adc362ae305d,numbered,6563,completed,sold,1,2026-06-08 17:39:58.559349+00,2026-06-08 17:40:41.035652+00,2026-06-08 17:40:41.140067+00,0.104415,42.580718,
b437ed9a-4975-4d8e-9c63-db9e3fbabbbe,numbered,68481,completed,sold,1,2026-06-08 17:39:58.571645+00,2026-06-08 17:40:41.163047+00,2026-06-08 17:40:41.267916+00,0.104869,42.696271,
19cd6dbb-7f72-4bcf-9ae4-16d35d9b4f8b,numbered,92908,completed,sold,1,2026-06-08 17:39:58.584047+00,2026-06-08 17:40:41.289543+00,2026-06-08 17:40:41.393916+00,0.104373,42.809869,
08cd155f-84a9-4a37-8290-10aee4fa408b,numbered,9420,completed,sold,1,2026-06-08 17:39:58.596613+00,2026-06-08 17:40:41.415168+00,2026-06-08 17:40:41.519741+00,0.104573,42.923128,
0fb15db0-c996-41a9-bac1-9ce8bac4861f,numbered,54375,completed,sold,1,2026-06-08 17:39:58.609114+00,2026-06-08 17:40:41.540836+00,2026-06-08 17:40:41.64525+00,0.104414,43.036136,
529304c9-9d7c-40e7-aa05-eb87971ad2bf,numbered,99135,completed,sold,1,2026-06-08 17:39:58.621502+00,2026-06-08 17:40:41.666604+00,2026-06-08 17:40:41.771099+00,0.104495,43.149597,
a0971fb4-a0cf-432c-9f6e-21355941d7ad,numbered,10192,completed,sold,1,2026-06-08 17:39:58.634034+00,2026-06-08 17:40:41.793942+00,2026-06-08 17:40:41.898437+00,0.104495,43.264403,
a98ac52f-8a6e-4d7c-ad39-bc47e3ae8a96,numbered,18227,completed,sold,1,2026-06-08 17:39:58.646503+00,2026-06-08 17:40:41.920091+00,2026-06-08 17:40:42.024818+00,0.104727,43.378315,
0671907e-de3d-4f55-9c55-c47b07c120cf,numbered,43119,completed,sold,1,2026-06-08 17:39:58.65906+00,2026-06-08 17:40:42.047028+00,2026-06-08 17:40:42.151812+00,0.104784,43.492752,
7c064799-108f-41c8-bf4e-17f9224ccdde,numbered,6568,completed,sold,1,2026-06-08 17:39:58.671842+00,2026-06-08 17:40:42.174036+00,2026-06-08 17:40:42.278614+00,0.104578,43.606772,
7ab2035b-9677-4c34-bd87-50936d699f6f,numbered,80162,completed,sold,1,2026-06-08 17:39:58.684461+00,2026-06-08 17:40:42.300024+00,2026-06-08 17:40:42.404411+00,0.104387,43.719950,
8142a1a4-524d-47a5-a2d1-c7d2539dc60a,numbered,17816,completed,sold,1,2026-06-08 17:39:58.696735+00,2026-06-08 17:40:42.425865+00,2026-06-08 17:40:42.530396+00,0.104531,43.833661,
79211cf4-4440-4956-aeff-0f5b8d990e1c,numbered,600,completed,sold,1,2026-06-08 17:39:58.709167+00,2026-06-08 17:40:42.554431+00,2026-06-08 17:40:42.65936+00,0.104929,43.950193,
316f379e-4b49-453b-bea2-b359c3611c48,numbered,78903,completed,sold,1,2026-06-08 17:39:58.721628+00,2026-06-08 17:40:42.68107+00,2026-06-08 17:40:42.786198+00,0.105128,44.064570,
5663a70c-8db7-4006-ac0c-99c9f0275882,numbered,38335,completed,sold,1,2026-06-08 17:39:58.734201+00,2026-06-08 17:40:42.808943+00,2026-06-08 17:40:42.91363+00,0.104687,44.179429,
b42ec535-0764-4dd4-853a-cd49118e64f1,numbered,87907,completed,sold,1,2026-06-08 17:39:58.746763+00,2026-06-08 17:40:42.935378+00,2026-06-08 17:40:43.040197+00,0.104819,44.293434,
6d9d6cf6-8a24-48c0-853b-c9ae24d12a5e,numbered,44672,completed,sold,1,2026-06-08 17:39:58.759067+00,2026-06-08 17:40:43.06328+00,2026-06-08 17:40:43.168185+00,0.104905,44.409118,
c76cc978-379f-41c1-8352-bc6e6c03f171,numbered,42333,completed,sold,1,2026-06-08 17:39:58.771625+00,2026-06-08 17:40:43.191133+00,2026-06-08 17:40:43.295805+00,0.104672,44.524180,
2c0a9606-638a-4305-87ea-e7890418e8bd,numbered,63693,completed,sold,1,2026-06-08 17:39:58.783888+00,2026-06-08 17:40:43.317782+00,2026-06-08 17:40:43.422229+00,0.104447,44.638341,
684fd648-4c5d-4117-9828-10e97b741187,numbered,49298,completed,sold,1,2026-06-08 17:39:58.796558+00,2026-06-08 17:40:43.443961+00,2026-06-08 17:40:43.548701+00,0.104740,44.752143,
ee99f865-3e44-41fe-87fa-787b68695724,numbered,9469,completed,sold,1,2026-06-08 17:39:58.809253+00,2026-06-08 17:40:43.570677+00,2026-06-08 17:40:43.675405+00,0.104728,44.866152,
cad8f1e1-1c95-4689-847f-1fca5779c72b,numbered,32730,completed,sold,1,2026-06-08 17:39:58.821593+00,2026-06-08 17:40:43.697685+00,2026-06-08 17:40:43.80236+00,0.104675,44.980767,
fa1a3902-192c-4c36-a5d6-dd7695f0a853,numbered,89614,completed,sold,1,2026-06-08 17:39:58.834281+00,2026-06-08 17:40:43.825008+00,2026-06-08 17:40:43.929489+00,0.104481,45.095208,
bdd40416-95b2-427f-a46b-5af8889b96be,numbered,55930,completed,sold,1,2026-06-08 17:39:58.846836+00,2026-06-08 17:40:43.952253+00,2026-06-08 17:40:44.056897+00,0.104644,45.210061,
77c12f0f-5f47-4c23-962d-4d2d7f56784a,numbered,47623,completed,sold,1,2026-06-08 17:39:58.859133+00,2026-06-08 17:40:44.079038+00,2026-06-08 17:40:44.1839+00,0.104862,45.324767,
e55caaab-835a-4a8a-8563-d75438db807d,numbered,33962,completed,sold,1,2026-06-08 17:39:58.887886+00,2026-06-08 17:40:44.20547+00,2026-06-08 17:40:44.310141+00,0.104671,45.422255,
9c0885b6-1b66-409d-b210-775a08c89205,numbered,5180,completed,sold,1,2026-06-08 17:39:58.916332+00,2026-06-08 17:40:44.332616+00,2026-06-08 17:40:44.43748+00,0.104864,45.521148,
042111ad-52f3-4e83-8d1b-41efce4dda4d,numbered,22040,completed,sold,1,2026-06-08 17:39:58.944918+00,2026-06-08 17:40:44.460128+00,2026-06-08 17:40:44.564912+00,0.104784,45.619994,
af184c8c-f120-4d28-856a-b0527ed7f0d9,numbered,80387,completed,sold,1,2026-06-08 17:39:58.973609+00,2026-06-08 17:40:44.58811+00,2026-06-08 17:40:44.692603+00,0.104493,45.718994,
0efa8e79-ef9f-4b79-b4d1-c85ac1671398,numbered,28070,completed,sold,1,2026-06-08 17:39:59.002115+00,2026-06-08 17:40:44.714853+00,2026-06-08 17:40:44.819805+00,0.104952,45.817690,
ce8c1ae6-8b90-48ba-8b20-0f5e941ef1e6,numbered,91776,completed,sold,1,2026-06-08 17:39:59.030475+00,2026-06-08 17:40:44.841527+00,2026-06-08 17:40:44.946028+00,0.104501,45.915553,
be875bc9-dcb0-4d2b-a8bb-05902af8213a,numbered,1754,completed,sold,1,2026-06-08 17:39:59.059265+00,2026-06-08 17:40:44.968199+00,2026-06-08 17:40:45.073071+00,0.104872,46.013806,
1044021e-c300-46ed-b9c1-f62cf733969d,numbered,30228,completed,sold,1,2026-06-08 17:39:59.087958+00,2026-06-08 17:40:45.097761+00,2026-06-08 17:40:45.203188+00,0.105427,46.115230,
afff25f7-eb0a-4554-9518-559606c49267,numbered,67881,completed,sold,1,2026-06-08 17:39:59.116521+00,2026-06-08 17:40:45.225728+00,2026-06-08 17:40:45.330369+00,0.104641,46.213848,
7f6b22ec-be25-461c-8e2f-6ffd48e8042b,numbered,61077,completed,sold,1,2026-06-08 17:39:59.144707+00,2026-06-08 17:40:45.352469+00,2026-06-08 17:40:45.457135+00,0.104666,46.312428,
2af58258-9fd0-4230-a713-f0ff44a099b9,numbered,55716,completed,sold,1,2026-06-08 17:39:59.173537+00,2026-06-08 17:40:45.478937+00,2026-06-08 17:40:45.583418+00,0.104481,46.409881,
a2d4fa5e-e9e2-4457-8469-fae08c7b39bd,numbered,43923,completed,sold,1,2026-06-08 17:39:59.20214+00,2026-06-08 17:40:45.608049+00,2026-06-08 17:40:45.712508+00,0.104459,46.510368,
a3860b42-649e-40ce-91aa-a3aa116eef1e,numbered,48438,completed,sold,1,2026-06-08 17:39:59.230656+00,2026-06-08 17:40:45.734128+00,2026-06-08 17:40:45.838816+00,0.104688,46.608160,
70a70261-82ce-4f73-b91f-bde8dd75cd1c,numbered,98367,completed,sold,1,2026-06-08 17:39:59.259218+00,2026-06-08 17:40:45.860444+00,2026-06-08 17:40:45.964709+00,0.104265,46.705491,
17258066-f936-4644-b5be-7ed5a378b2cd,numbered,50279,completed,sold,1,2026-06-08 17:39:59.28791+00,2026-06-08 17:40:45.985653+00,2026-06-08 17:40:46.090238+00,0.104585,46.802328,
d0714e53-c234-4962-8790-5203540ec70a,numbered,73894,completed,sold,1,2026-06-08 17:39:59.31656+00,2026-06-08 17:40:46.112118+00,2026-06-08 17:40:46.216915+00,0.104797,46.900355,
2f20522d-aa18-4fb1-acb3-0a71b4de345c,numbered,30428,completed,sold,1,2026-06-08 17:39:59.344995+00,2026-06-08 17:40:46.239233+00,2026-06-08 17:40:46.343988+00,0.104755,46.998993,
5d50690b-cc7b-4a6f-b567-542a76a7f592,numbered,28748,completed,sold,1,2026-06-08 17:39:59.373555+00,2026-06-08 17:40:46.365748+00,2026-06-08 17:40:46.470732+00,0.104984,47.097177,
60329f1f-0fe8-462b-930b-bcd750dd8186,numbered,50480,completed,sold,1,2026-06-08 17:39:59.402016+00,2026-06-08 17:40:46.492735+00,2026-06-08 17:40:46.597555+00,0.104820,47.195539,
ee345b8d-39b9-4769-9351-177c778b48f8,numbered,43646,completed,sold,1,2026-06-08 17:39:59.430742+00,2026-06-08 17:40:46.621234+00,2026-06-08 17:40:46.725954+00,0.104720,47.295212,
7c8fe681-1e3f-4607-a25e-a0cdb1819444,numbered,65348,completed,sold,1,2026-06-08 17:39:59.459111+00,2026-06-08 17:40:46.747536+00,2026-06-08 17:40:46.852234+00,0.104698,47.393123,
38d9b4bb-0d84-4fc9-bbb7-1cdafdeccb26,numbered,11056,completed,sold,1,2026-06-08 17:39:59.487913+00,2026-06-08 17:40:46.878015+00,2026-06-08 17:40:46.982841+00,0.104826,47.494928,
05e5b659-0dc5-469c-8e98-66d7d3181cec,numbered,59105,completed,sold,1,2026-06-08 17:39:59.516385+00,2026-06-08 17:40:47.005971+00,2026-06-08 17:40:47.110752+00,0.104781,47.594367,
90be4bb9-4fcb-4a5e-a427-91e538ef3b90,numbered,57563,completed,sold,1,2026-06-08 17:39:59.544812+00,2026-06-08 17:40:47.132894+00,2026-06-08 17:40:47.237682+00,0.104788,47.692870,
2e1e8925-330f-4952-ad8a-dc05261e4566,numbered,44582,completed,sold,1,2026-06-08 17:39:59.573566+00,2026-06-08 17:40:47.2606+00,2026-06-08 17:40:47.365223+00,0.104623,47.791657,
91765d47-86be-4f9d-ab68-78dd8a7544bc,numbered,18774,completed,sold,1,2026-06-08 17:39:59.602116+00,2026-06-08 17:40:47.386925+00,2026-06-08 17:40:47.491594+00,0.104669,47.889478,
089cdd89-3f29-42b7-b8f2-ee5485e89bc4,numbered,95709,completed,sold,1,2026-06-08 17:39:59.630722+00,2026-06-08 17:40:47.513494+00,2026-06-08 17:40:47.618121+00,0.104627,47.987399,
3e9e6fc0-d995-479e-aa08-ab7f8c7afa04,numbered,11611,completed,sold,1,2026-06-08 17:39:59.65913+00,2026-06-08 17:40:47.640284+00,2026-06-08 17:40:47.745121+00,0.104837,48.085991,
ad89c84e-2313-47a1-84ce-5bddb367a22f,numbered,93398,completed,sold,1,2026-06-08 17:39:59.687729+00,2026-06-08 17:40:47.766666+00,2026-06-08 17:40:47.871094+00,0.104428,48.183365,
8905e390-9a24-4a6a-99e7-66d269823abf,numbered,51843,completed,sold,1,2026-06-08 17:39:59.71635+00,2026-06-08 17:40:47.893565+00,2026-06-08 17:40:47.998389+00,0.104824,48.282039,
259a13c5-5a16-4e7d-a994-8030d6cb136c,numbered,8821,completed,sold,1,2026-06-08 17:39:59.745025+00,2026-06-08 17:40:48.021027+00,2026-06-08 17:40:48.125551+00,0.104524,48.380526,
baac062e-5c8a-49ec-8b65-6d371af85f3b,numbered,53436,completed,sold,1,2026-06-08 17:39:59.773466+00,2026-06-08 17:40:48.148209+00,2026-06-08 17:40:48.252613+00,0.104404,48.479147,
2e315339-88f0-481c-9597-9d7a6999eb0e,numbered,81851,completed,sold,1,2026-06-08 17:39:59.802041+00,2026-06-08 17:40:48.275066+00,2026-06-08 17:40:48.379682+00,0.104616,48.577641,
97cb6002-2e3a-41ac-9ea2-8a19cbab8f08,numbered,76490,completed,sold,1,2026-06-08 17:39:59.830756+00,2026-06-08 17:40:48.401254+00,2026-06-08 17:40:48.506435+00,0.105181,48.675679,
cfb67c95-bd34-42be-ab72-68644d3198a4,numbered,79896,completed,sold,1,2026-06-08 17:39:59.859328+00,2026-06-08 17:40:48.532432+00,2026-06-08 17:40:48.637143+00,0.104711,48.777815,
7f7bb926-a087-4462-9bc1-9bb78803d337,numbered,35437,completed,sold,1,2026-06-08 17:39:59.887859+00,2026-06-08 17:40:48.659382+00,2026-06-08 17:40:48.763959+00,0.104577,48.876100,
687a774c-e6c5-4729-b95b-fb33c21852e9,numbered,34523,completed,sold,1,2026-06-08 17:39:59.916173+00,2026-06-08 17:40:48.785213+00,2026-06-08 17:40:48.889742+00,0.104529,48.973569,
66e6ab60-495f-4f51-b3a4-94d518612cfa,numbered,15477,completed,sold,1,2026-06-08 17:39:59.944933+00,2026-06-08 17:40:48.91214+00,2026-06-08 17:40:49.016806+00,0.104666,49.071873,
4648b79f-2ef8-465f-b5e5-4018503f34d1,numbered,44112,completed,sold,1,2026-06-08 17:39:59.973448+00,2026-06-08 17:40:49.038858+00,2026-06-08 17:40:49.143602+00,0.104744,49.170154,
d44a543f-34ee-4674-a07a-f45f4e22de72,numbered,77213,completed,sold,1,2026-06-08 17:40:00.031939+00,2026-06-08 17:40:49.166465+00,2026-06-08 17:40:49.271622+00,0.105157,49.239683,
6bcb2523-a7dc-4503-99f3-c3ee1ddaab88,numbered,4886,completed,sold,1,2026-06-08 17:40:00.048439+00,2026-06-08 17:40:49.294953+00,2026-06-08 17:40:49.399682+00,0.104729,49.351243,
26a88bb9-d632-4382-a004-5ab723784b30,numbered,48956,completed,sold,1,2026-06-08 17:40:00.074818+00,2026-06-08 17:40:49.421282+00,2026-06-08 17:40:49.525974+00,0.104692,49.451156,
9dbf9bf8-64d5-4c2e-8ea1-58c332823e3a,numbered,38636,completed,sold,1,2026-06-08 17:40:00.093804+00,2026-06-08 17:40:49.547399+00,2026-06-08 17:40:49.651952+00,0.104553,49.558148,
ddfa2c46-cbc3-4420-9c74-f5359f3480b1,numbered,85008,completed,sold,1,2026-06-08 17:40:00.117008+00,2026-06-08 17:40:49.6737+00,2026-06-08 17:40:49.779298+00,0.105598,49.662290,
da8599fe-e92d-4c5e-aa53-7684633339e7,numbered,94583,completed,sold,1,2026-06-08 17:40:00.151996+00,2026-06-08 17:40:49.803124+00,2026-06-08 17:40:49.907682+00,0.104558,49.755686,
c742dbb1-da83-4591-a767-1dc533ee731d,numbered,29308,completed,sold,1,2026-06-08 17:40:00.174181+00,2026-06-08 17:40:49.929479+00,2026-06-08 17:40:50.034055+00,0.104576,49.859874,
96312d41-6a79-4be3-b1ef-d3599b6bd01d,numbered,80507,completed,sold,1,2026-06-08 17:40:00.203842+00,2026-06-08 17:40:50.056121+00,2026-06-08 17:40:50.160743+00,0.104622,49.956901,
8107d85e-b669-4cad-b659-12f402be771e,numbered,47329,completed,sold,1,2026-06-08 17:40:00.231634+00,2026-06-08 17:40:50.182529+00,2026-06-08 17:40:50.287205+00,0.104676,50.055571,
16ed7717-d456-4515-8d48-da91ddc9ef69,numbered,54112,completed,sold,1,2026-06-08 17:40:00.259429+00,2026-06-08 17:40:50.309614+00,2026-06-08 17:40:50.414196+00,0.104582,50.154767,
be3bbfde-a656-4f96-a07b-97d8f68c5c30,numbered,99413,completed,sold,1,2026-06-08 17:40:00.287875+00,2026-06-08 17:40:50.435572+00,2026-06-08 17:40:50.539897+00,0.104325,50.252022,
d424875d-3ca5-4f84-9ac3-44370e5fa529,numbered,10948,completed,sold,1,2026-06-08 17:40:00.316522+00,2026-06-08 17:40:50.563095+00,2026-06-08 17:40:50.667771+00,0.104676,50.351249,
995737d5-c11a-450d-8d7a-5e7c8083d1dc,numbered,59163,completed,sold,1,2026-06-08 17:40:00.345033+00,2026-06-08 17:40:50.689427+00,2026-06-08 17:40:50.79396+00,0.104533,50.448927,
2f170846-e5c9-494f-982b-46ea43564b4b,numbered,71998,completed,sold,1,2026-06-08 17:40:00.373637+00,2026-06-08 17:40:50.815988+00,2026-06-08 17:40:50.920658+00,0.104670,50.547021,
0593be70-2213-4f41-85e8-2d8b2aa9c300,numbered,84473,completed,sold,1,2026-06-08 17:40:00.402147+00,2026-06-08 17:40:50.943115+00,2026-06-08 17:40:51.04781+00,0.104695,50.645663,
4ee315f5-508c-4b68-9506-7f773b9a785f,numbered,9381,completed,sold,1,2026-06-08 17:40:00.4308+00,2026-06-08 17:40:51.070579+00,2026-06-08 17:40:51.17581+00,0.105231,50.745010,
86c48004-d271-4dd1-a865-d8054e4e8448,numbered,5457,completed,sold,1,2026-06-08 17:40:00.459301+00,2026-06-08 17:40:51.198626+00,2026-06-08 17:40:51.303523+00,0.104897,50.844222,
8fe4fefa-4658-4356-a3d9-9136a10ab074,numbered,28518,completed,sold,1,2026-06-08 17:40:00.488042+00,2026-06-08 17:40:51.326041+00,2026-06-08 17:40:51.431179+00,0.105138,50.943137,
cacc7c97-67a3-4fa6-a8ca-628f6f07ca01,numbered,43302,completed,sold,1,2026-06-08 17:40:00.516355+00,2026-06-08 17:40:51.453495+00,2026-06-08 17:40:51.558091+00,0.104596,51.041736,
73620703-cf48-4c1a-98de-717993a7fdbe,numbered,6747,completed,sold,1,2026-06-08 17:40:00.544847+00,2026-06-08 17:40:51.579011+00,2026-06-08 17:40:51.683546+00,0.104535,51.138699,
8f4fcf3d-510d-4560-9b23-941b1b732da6,numbered,69975,completed,sold,1,2026-06-08 17:40:00.573626+00,2026-06-08 17:40:51.705312+00,2026-06-08 17:40:51.811065+00,0.105753,51.237439,
66c8bee8-f0f3-45c0-8efd-cabbc9f9267f,numbered,71006,completed,sold,1,2026-06-08 17:40:00.602164+00,2026-06-08 17:40:51.832992+00,2026-06-08 17:40:51.937449+00,0.104457,51.335285,
dcb0a72b-2c8b-4814-b984-17bf12198632,numbered,82163,completed,sold,1,2026-06-08 17:40:00.630732+00,2026-06-08 17:40:51.95808+00,2026-06-08 17:40:52.062615+00,0.104535,51.431883,
1ef126ec-bccb-488a-8ae6-a406b517d45a,numbered,60369,completed,sold,1,2026-06-08 17:40:00.659496+00,2026-06-08 17:40:52.083606+00,2026-06-08 17:40:52.188191+00,0.104585,51.528695,
be56666a-e6aa-4a6f-8767-2a5bf5c7977f,numbered,30023,completed,sold,1,2026-06-08 17:40:00.688002+00,2026-06-08 17:40:52.21043+00,2026-06-08 17:40:52.315237+00,0.104807,51.627235,
d1845001-b823-44b6-a7ec-de6eca24af29,numbered,66403,completed,sold,1,2026-06-08 17:40:00.71649+00,2026-06-08 17:40:52.338127+00,2026-06-08 17:40:52.442788+00,0.104661,51.726298,
058f2b92-27f3-40b3-bc32-1ef07c9a6ce0,numbered,67986,completed,sold,1,2026-06-08 17:40:00.74495+00,2026-06-08 17:40:52.467689+00,2026-06-08 17:40:52.572573+00,0.104884,51.827623,
2c869fd3-8be8-4ae7-9206-2d3652988234,numbered,46785,completed,sold,1,2026-06-08 17:40:00.773463+00,2026-06-08 17:40:52.594388+00,2026-06-08 17:40:52.698825+00,0.104437,51.925362,
06e69c97-1b4b-4995-a2cc-c43f7057a3c5,numbered,25108,completed,sold,1,2026-06-08 17:40:00.802103+00,2026-06-08 17:40:52.721648+00,2026-06-08 17:40:52.826158+00,0.104510,52.024055,
7a8739ba-e8b9-46bf-936f-e24e0f016670,numbered,34073,completed,sold,1,2026-06-08 17:40:00.830789+00,2026-06-08 17:40:52.847498+00,2026-06-08 17:40:52.952165+00,0.104667,52.121376,
c4a3a2a3-71ed-43a7-add2-1e41505dbe9b,numbered,38508,completed,sold,1,2026-06-08 17:40:00.859437+00,2026-06-08 17:40:52.973227+00,2026-06-08 17:40:53.078118+00,0.104891,52.218681,
5ec4ffbb-3ff8-433e-a26d-4ecc514c1406,numbered,44787,completed,sold,1,2026-06-08 17:40:00.887955+00,2026-06-08 17:40:53.099879+00,2026-06-08 17:40:53.204838+00,0.104959,52.316883,
3bfe74ba-12b4-4e4b-9f8f-73a3ac6d922c,numbered,82106,completed,sold,1,2026-06-08 17:40:00.916648+00,2026-06-08 17:40:53.227033+00,2026-06-08 17:40:53.331727+00,0.104694,52.415079,
ee9d834d-6157-42a6-b12a-0fd3b21ac264,numbered,57525,completed,sold,1,2026-06-08 17:40:00.945075+00,2026-06-08 17:40:53.353934+00,2026-06-08 17:40:53.458599+00,0.104665,52.513524,
4f7049d0-60f5-4ab5-b2dd-cf7875c2e853,numbered,79027,completed,sold,1,2026-06-08 17:40:00.973551+00,2026-06-08 17:40:53.479835+00,2026-06-08 17:40:53.584713+00,0.104878,52.611162,
7a32988b-df94-4d36-881f-c6a9195dd9f0,numbered,2752,completed,sold,1,2026-06-08 17:40:01.002308+00,2026-06-08 17:40:53.606762+00,2026-06-08 17:40:53.711348+00,0.104586,52.709040,
aecc645e-f7b2-4a22-8596-ac47bcdba55b,numbered,34430,completed,sold,1,2026-06-08 17:40:01.030907+00,2026-06-08 17:40:53.732908+00,2026-06-08 17:40:53.83755+00,0.104642,52.806643,
f2119a65-b2cc-414e-8b97-c4b2e8c29b02,numbered,36261,completed,sold,1,2026-06-08 17:40:01.059653+00,2026-06-08 17:40:53.85883+00,2026-06-08 17:40:53.964029+00,0.105199,52.904376,
a9a36d38-a80f-4057-b069-c7a305c0b23c,numbered,69907,completed,sold,1,2026-06-08 17:40:01.094255+00,2026-06-08 17:40:53.98577+00,2026-06-08 17:40:54.090594+00,0.104824,52.996339,
7e38fdb3-f481-4635-804f-ab0de126d89b,numbered,15426,completed,sold,1,2026-06-08 17:40:01.117377+00,2026-06-08 17:40:54.11228+00,2026-06-08 17:40:54.216936+00,0.104656,53.099559,
2d4ea659-397a-493a-86ae-584e17ecab0a,numbered,23026,completed,sold,1,2026-06-08 17:40:01.152223+00,2026-06-08 17:40:54.243965+00,2026-06-08 17:40:54.348797+00,0.104832,53.196574,
da153ed0-a201-438a-8629-44cf286f8800,numbered,36548,completed,sold,1,2026-06-08 17:40:01.174379+00,2026-06-08 17:40:54.370686+00,2026-06-08 17:40:54.475384+00,0.104698,53.301005,
44bc31cd-1144-4ed2-ada3-6527ed7e3b68,numbered,27422,completed,sold,1,2026-06-08 17:40:01.203637+00,2026-06-08 17:40:54.501825+00,2026-06-08 17:40:54.606361+00,0.104536,53.402724,
922c194b-d60d-4b53-a045-c6922bdb0911,numbered,8200,completed,sold,1,2026-06-08 17:40:01.234727+00,2026-06-08 17:40:54.627986+00,2026-06-08 17:40:54.732407+00,0.104421,53.497680,
dc710709-d961-43a5-aa17-6c554279e6cc,numbered,94789,completed,sold,1,2026-06-08 17:40:01.261633+00,2026-06-08 17:40:54.754027+00,2026-06-08 17:40:54.858915+00,0.104888,53.597282,
c9659d19-54ee-4ee9-9ef2-71f2ca6d10ad,numbered,68791,completed,sold,1,2026-06-08 17:40:01.288454+00,2026-06-08 17:40:54.880844+00,2026-06-08 17:40:54.985393+00,0.104549,53.696939,
006b12ed-5e1e-424e-bba4-c94537b25ac6,numbered,5186,completed,sold,1,2026-06-08 17:40:01.318965+00,2026-06-08 17:40:55.010431+00,2026-06-08 17:40:55.118453+00,0.108022,53.799488,
1edcef6a-566b-4f6a-9471-e2e547fb8aa7,numbered,78782,completed,sold,1,2026-06-08 17:40:01.347035+00,2026-06-08 17:40:55.14345+00,2026-06-08 17:40:55.248452+00,0.105002,53.901417,
bb9c7170-910a-424e-a302-a95068685b28,numbered,17515,completed,sold,1,2026-06-08 17:40:01.37445+00,2026-06-08 17:40:55.270616+00,2026-06-08 17:40:55.375449+00,0.104833,54.000999,
c40ab29b-84c6-4e17-98c3-ab991f825004,numbered,68397,completed,sold,1,2026-06-08 17:40:01.402942+00,2026-06-08 17:40:55.397073+00,2026-06-08 17:40:55.501706+00,0.104633,54.098764,
5912616e-452b-43d5-a0b5-7b35ad9be747,numbered,56056,completed,sold,1,2026-06-08 17:40:01.431824+00,2026-06-08 17:40:55.524523+00,2026-06-08 17:40:55.629038+00,0.104515,54.197214,
0a6e9968-4d89-45cf-97dd-f3aae8cb5f10,numbered,99349,completed,sold,1,2026-06-08 17:40:01.462544+00,2026-06-08 17:40:55.650413+00,2026-06-08 17:40:55.755179+00,0.104766,54.292635,
47b87974-c60e-4da7-8974-25a4775f8dcc,numbered,74867,completed,sold,1,2026-06-08 17:40:01.48837+00,2026-06-08 17:40:55.777029+00,2026-06-08 17:40:55.882123+00,0.105094,54.393753,
0ea59dd2-5b32-4750-94eb-186d6e59befb,numbered,69055,completed,sold,1,2026-06-08 17:40:01.517549+00,2026-06-08 17:40:55.904967+00,2026-06-08 17:40:56.009739+00,0.104772,54.492190,
9afc2176-47ef-4e7f-8840-2ce34685ca9c,numbered,64723,completed,sold,1,2026-06-08 17:40:01.544975+00,2026-06-08 17:40:56.032868+00,2026-06-08 17:40:56.137397+00,0.104529,54.592422,
f9e0c9c4-856a-4ae7-b7c0-57727a6a2d3d,numbered,84064,completed,sold,1,2026-06-08 17:40:01.573663+00,2026-06-08 17:40:56.159872+00,2026-06-08 17:40:56.26454+00,0.104668,54.690877,
1006a483-ed8b-4550-acd9-d985d33118b3,numbered,69961,completed,sold,1,2026-06-08 17:40:01.618556+00,2026-06-08 17:40:56.287188+00,2026-06-08 17:40:56.391807+00,0.104619,54.773251,
ba58b698-7b0e-40b9-9235-1d6097f21428,numbered,43308,completed,sold,1,2026-06-08 17:40:01.631193+00,2026-06-08 17:40:56.41392+00,2026-06-08 17:40:56.518645+00,0.104725,54.887452,
04c0aeb5-d4bb-423b-b85e-b6558212e29e,numbered,8332,completed,sold,1,2026-06-08 17:40:01.66508+00,2026-06-08 17:40:56.541014+00,2026-06-08 17:40:56.645744+00,0.104730,54.980664,
b636e3d7-2b38-4444-8483-45c3c8a68913,numbered,6497,completed,sold,1,2026-06-08 17:40:01.688255+00,2026-06-08 17:40:56.667597+00,2026-06-08 17:40:56.772502+00,0.104905,55.084247,
9d636dfe-fb30-4251-8ce9-890a781e7878,numbered,84073,completed,sold,1,2026-06-08 17:40:01.716337+00,2026-06-08 17:40:56.794097+00,2026-06-08 17:40:56.898492+00,0.104395,55.182155,
3c033935-7a94-4337-8592-caa21e9a8a56,numbered,73362,completed,sold,1,2026-06-08 17:40:01.749958+00,2026-06-08 17:40:56.919932+00,2026-06-08 17:40:57.024676+00,0.104744,55.274718,
6195d288-6fec-43db-ab58-6501f0029958,numbered,38914,completed,sold,1,2026-06-08 17:40:01.773542+00,2026-06-08 17:40:57.046601+00,2026-06-08 17:40:57.151223+00,0.104622,55.377681,
8b0a1902-6b24-46d0-adfe-bc545513c0ac,numbered,97800,completed,sold,1,2026-06-08 17:40:01.803107+00,2026-06-08 17:40:57.172828+00,2026-06-08 17:40:57.277389+00,0.104561,55.474282,
8990895d-48da-4bb5-b6de-110750e9aacc,numbered,39341,completed,sold,1,2026-06-08 17:40:01.831039+00,2026-06-08 17:40:57.300578+00,2026-06-08 17:40:57.405639+00,0.105061,55.574600,
9b338ce6-90e8-40ce-b1bc-e9fd36457de8,numbered,29093,completed,sold,1,2026-06-08 17:40:01.861371+00,2026-06-08 17:40:57.427637+00,2026-06-08 17:40:57.532224+00,0.104587,55.670853,
2f4d05d5-bfaa-45ac-adc9-3928c10a6da9,numbered,82990,completed,sold,1,2026-06-08 17:40:01.894286+00,2026-06-08 17:40:57.556223+00,2026-06-08 17:40:57.660773+00,0.104550,55.766487,
22400dee-7c60-463f-a5f2-b2d9b394a804,numbered,21044,completed,sold,1,2026-06-08 17:40:01.927626+00,2026-06-08 17:40:57.682546+00,2026-06-08 17:40:57.787151+00,0.104605,55.859525,
21b29176-ea68-4942-a611-d2e96abcc78b,numbered,5397,completed,sold,1,2026-06-08 17:40:01.950805+00,2026-06-08 17:40:57.810785+00,2026-06-08 17:40:57.915245+00,0.104460,55.964440,
48798616-44bf-459c-a6a1-281e280b4483,numbered,49613,completed,sold,1,2026-06-08 17:40:01.973798+00,2026-06-08 17:40:57.936573+00,2026-06-08 17:40:58.041327+00,0.104754,56.067529,
0a2cb294-d238-4be9-88d9-4f971da5dbc2,numbered,27557,completed,sold,1,2026-06-08 17:40:02.010849+00,2026-06-08 17:40:58.062535+00,2026-06-08 17:40:58.167084+00,0.104549,56.156235,
6ec225c0-05ff-49cc-9814-ef092305305b,numbered,54101,completed,sold,1,2026-06-08 17:40:02.044917+00,2026-06-08 17:40:58.189266+00,2026-06-08 17:40:58.293698+00,0.104432,56.248781,
ee2423f1-7764-4bd6-93df-362e3fed5316,numbered,39561,completed,sold,1,2026-06-08 17:40:02.059449+00,2026-06-08 17:40:58.315565+00,2026-06-08 17:40:58.41989+00,0.104325,56.360441,
61165aea-833a-48aa-bd68-fc7edc1fb309,numbered,85835,completed,sold,1,2026-06-08 17:40:02.088082+00,2026-06-08 17:40:58.441154+00,2026-06-08 17:40:58.545893+00,0.104739,56.457811,
4933cfd4-3372-4c91-aa91-b4a1a46ea6c7,numbered,31114,completed,sold,1,2026-06-08 17:40:02.116921+00,2026-06-08 17:40:58.567506+00,2026-06-08 17:40:58.672011+00,0.104505,56.555090,
02b7ac70-1fe8-4b60-8f8a-74def8b36150,numbered,46962,completed,sold,1,2026-06-08 17:40:02.145246+00,2026-06-08 17:40:58.693785+00,2026-06-08 17:40:58.798351+00,0.104566,56.653105,
0207bbcc-1356-4a56-bf57-169410a95fc2,numbered,47115,completed,sold,1,2026-06-08 17:40:02.173717+00,2026-06-08 17:40:58.820011+00,2026-06-08 17:40:58.924778+00,0.104767,56.751061,
6ba45313-a52b-4b74-a8c8-389fed013df6,numbered,38844,completed,sold,1,2026-06-08 17:40:02.203219+00,2026-06-08 17:40:58.948164+00,2026-06-08 17:40:59.052874+00,0.104710,56.849655,
a8cc18f3-99b3-4e64-a7d9-61bc9df49430,numbered,77,completed,sold,1,2026-06-08 17:40:02.232454+00,2026-06-08 17:40:59.074221+00,2026-06-08 17:40:59.178715+00,0.104494,56.946261,
8eb0e4c3-85bc-4523-9b38-0e5b74104333,numbered,24903,completed,sold,1,2026-06-08 17:40:02.261212+00,2026-06-08 17:40:59.201614+00,2026-06-08 17:40:59.306666+00,0.105052,57.045454,
78dc9307-e1ab-47b7-ad30-69636cfcc2ce,numbered,78006,completed,sold,1,2026-06-08 17:40:02.309548+00,2026-06-08 17:40:59.329141+00,2026-06-08 17:40:59.433982+00,0.104841,57.124434,
a4c37a8f-6ab3-479f-902d-31bbb421296d,numbered,87001,completed,sold,1,2026-06-08 17:40:02.354461+00,2026-06-08 17:40:59.455871+00,2026-06-08 17:40:59.560515+00,0.104644,57.206054,
4a6a4c56-3e9a-46de-90ab-d7bef77e8fea,numbered,41947,completed,sold,1,2026-06-08 17:40:02.364229+00,2026-06-08 17:40:59.582863+00,2026-06-08 17:40:59.687701+00,0.104838,57.323472,
f3c4da29-6209-428c-93e5-8c1a24780504,numbered,57359,completed,sold,1,2026-06-08 17:40:02.382725+00,2026-06-08 17:40:59.70942+00,2026-06-08 17:40:59.814079+00,0.104659,57.431354,
f3ff98d8-e8a9-4dfb-9440-eec8d43da32c,numbered,30418,completed,sold,1,2026-06-08 17:40:02.407787+00,2026-06-08 17:40:59.836494+00,2026-06-08 17:40:59.941373+00,0.104879,57.533586,
78a6c5e2-45c2-4925-86f5-9d8bee861b44,numbered,77625,completed,sold,1,2026-06-08 17:40:02.431393+00,2026-06-08 17:40:59.964408+00,2026-06-08 17:41:00.075873+00,0.111465,57.644480,
2cb30ea9-5a77-4a6d-b487-c8b5e1849682,numbered,45601,completed,sold,1,2026-06-08 17:40:02.459694+00,2026-06-08 17:41:00.139116+00,2026-06-08 17:41:00.244227+00,0.105111,57.784533,
5d64b5eb-8e26-4f8c-aebb-406ea9061d3d,numbered,5362,completed,sold,1,2026-06-08 17:40:02.489501+00,2026-06-08 17:41:00.266912+00,2026-06-08 17:41:00.371924+00,0.105012,57.882423,
9262f2bf-33c9-46e9-aed5-2f9e662695ec,numbered,72199,completed,sold,1,2026-06-08 17:40:02.520108+00,2026-06-08 17:41:00.394517+00,2026-06-08 17:41:00.499117+00,0.104600,57.979009,
5efb9d0b-0efe-46ec-bb7b-8b45c5e20cf9,numbered,34726,completed,sold,1,2026-06-08 17:40:02.549362+00,2026-06-08 17:41:00.521196+00,2026-06-08 17:41:00.62598+00,0.104784,58.076618,
fab47eee-0bfa-4c22-b2bb-e802452cfffd,numbered,15164,completed,sold,1,2026-06-08 17:40:02.57482+00,2026-06-08 17:41:00.64757+00,2026-06-08 17:41:00.752118+00,0.104548,58.177298,
b4707f88-97dd-4e18-a6a9-e3a58d706c47,numbered,21175,completed,sold,1,2026-06-08 17:40:02.606239+00,2026-06-08 17:41:00.775297+00,2026-06-08 17:41:00.880103+00,0.104806,58.273864,
cb89b37b-7e3d-42dc-a7e0-00f6a76736b5,numbered,73433,completed,sold,1,2026-06-08 17:40:02.632393+00,2026-06-08 17:41:00.90239+00,2026-06-08 17:41:01.007313+00,0.104923,58.374920,
c4c2b4c4-704e-43eb-9e57-461d7c6b237e,numbered,78981,completed,sold,1,2026-06-08 17:40:02.659451+00,2026-06-08 17:41:01.031442+00,2026-06-08 17:41:01.136551+00,0.105109,58.477100,
f14d45eb-e621-42ed-8611-d6bf71f4a3bc,numbered,37003,completed,sold,1,2026-06-08 17:40:02.689415+00,2026-06-08 17:41:01.1635+00,2026-06-08 17:41:01.282024+00,0.118524,58.592609,
6dd41600-9b96-48e4-b238-84b243098afe,numbered,19303,completed,sold,1,2026-06-08 17:40:02.716682+00,2026-06-08 17:41:01.32577+00,2026-06-08 17:41:01.451049+00,0.125279,58.734367,
ad326ff2-a9b5-4ef3-966d-920e4076957a,numbered,58921,completed,sold,1,2026-06-08 17:40:02.749613+00,2026-06-08 17:41:01.522034+00,2026-06-08 17:41:01.633019+00,0.110985,58.883406,
6689a3ac-8794-4baf-824c-91a099f0ac3f,numbered,31566,completed,sold,1,2026-06-08 17:40:02.774006+00,2026-06-08 17:41:01.719398+00,2026-06-08 17:41:01.827359+00,0.107961,59.053353,
6e2203b3-f95c-474f-8cb6-e7f0a98043e7,numbered,97080,completed,sold,1,2026-06-08 17:40:02.803691+00,2026-06-08 17:41:01.924192+00,2026-06-08 17:41:02.033026+00,0.108834,59.229335,
1fd59a9a-49ed-4fe3-ba1a-8d2a6450645b,numbered,43106,completed,sold,1,2026-06-08 17:40:02.831637+00,2026-06-08 17:41:02.073437+00,2026-06-08 17:41:02.179942+00,0.106505,59.348305,
31b1df7f-8360-45d7-8893-b32a84587f85,numbered,88613,completed,sold,1,2026-06-08 17:40:02.859438+00,2026-06-08 17:41:02.223665+00,2026-06-08 17:41:02.328798+00,0.105133,59.469360,
9b3a3cde-98b8-4759-b1d4-ea8c17216e4c,numbered,85776,completed,sold,1,2026-06-08 17:40:02.888857+00,2026-06-08 17:41:02.357355+00,2026-06-08 17:41:02.463183+00,0.105828,59.574326,
68a6de9f-112c-4580-a3d8-adce96eb56a6,numbered,48414,completed,sold,1,2026-06-08 17:40:02.916875+00,2026-06-08 17:41:02.49598+00,2026-06-08 17:41:02.601445+00,0.105465,59.684570,
2310240b-363a-45cf-ab1e-f3ed45dde8dd,numbered,11304,completed,sold,1,2026-06-08 17:40:02.94532+00,2026-06-08 17:41:02.634514+00,2026-06-08 17:41:02.739444+00,0.104930,59.794124,
ccf4a323-f4c1-4a7b-90a8-26c41f5f40fa,numbered,8542,completed,sold,1,2026-06-08 17:40:02.974927+00,2026-06-08 17:41:02.76216+00,2026-06-08 17:41:02.867701+00,0.105541,59.892774,
38bac912-f5d6-4f2f-8c83-79a4c6b41d42,numbered,17967,completed,sold,1,2026-06-08 17:40:03.003331+00,2026-06-08 17:41:02.894125+00,2026-06-08 17:41:02.999022+00,0.104897,59.995691,
c1ce6ff4-0818-4248-abd6-f2319339e3c6,numbered,14037,completed,sold,1,2026-06-08 17:40:03.032257+00,2026-06-08 17:41:03.024488+00,2026-06-08 17:41:03.129322+00,0.104834,60.097065,
d01a77f6-5eca-426c-bd58-a0c148e6c50b,numbered,92180,completed,sold,1,2026-06-08 17:40:03.062037+00,2026-06-08 17:41:03.151794+00,2026-06-08 17:41:03.256632+00,0.104838,60.194595,
72170604-e327-4083-981e-324ce8144edc,numbered,72024,completed,sold,1,2026-06-08 17:40:03.0881+00,2026-06-08 17:41:03.278891+00,2026-06-08 17:41:03.38379+00,0.104899,60.295690,
93b66298-2e89-4a19-87d7-11bfae3085b9,numbered,83762,completed,sold,1,2026-06-08 17:40:03.116813+00,2026-06-08 17:41:03.406099+00,2026-06-08 17:41:03.510937+00,0.104838,60.394124,
4a0a179d-b01d-49f5-a1e3-1dd3fdd6cb08,numbered,86770,completed,sold,1,2026-06-08 17:40:03.145249+00,2026-06-08 17:41:03.534847+00,2026-06-08 17:41:03.639498+00,0.104651,60.494249,
10ac481f-25a1-4af5-9942-259b50135b58,numbered,16544,completed,sold,1,2026-06-08 17:40:03.173595+00,2026-06-08 17:41:03.661518+00,2026-06-08 17:41:03.767043+00,0.105525,60.593448,
933f2418-e9d7-4f48-9ede-858487adbf65,numbered,89866,completed,sold,1,2026-06-08 17:40:03.203079+00,2026-06-08 17:41:03.788717+00,2026-06-08 17:41:03.893618+00,0.104901,60.690539,
ec4abc44-1eb5-4db2-9ec2-0bc82d747768,numbered,94066,completed,sold,1,2026-06-08 17:40:03.23089+00,2026-06-08 17:41:03.916288+00,2026-06-08 17:41:04.02097+00,0.104682,60.790080,
0d870dbb-bbca-40a8-b085-3efc2edf4258,numbered,1482,completed,sold,1,2026-06-08 17:40:03.259395+00,2026-06-08 17:41:04.043388+00,2026-06-08 17:41:04.148074+00,0.104686,60.888679,
064ee3fc-a6d9-4f1d-9a1e-8dd12612ce84,numbered,47332,completed,sold,1,2026-06-08 17:40:03.288055+00,2026-06-08 17:41:04.17106+00,2026-06-08 17:41:04.275788+00,0.104728,60.987733,
431e8335-8971-4fb4-bba5-3dbf08c08a63,numbered,79309,completed,sold,1,2026-06-08 17:40:03.316378+00,2026-06-08 17:41:04.298359+00,2026-06-08 17:41:04.403231+00,0.104872,61.086853,
0de49242-605b-4b81-89d8-91a6bea012dd,numbered,35238,completed,sold,1,2026-06-08 17:40:03.345244+00,2026-06-08 17:41:04.424896+00,2026-06-08 17:41:04.52949+00,0.104594,61.184246,
cde87d52-2d4b-46a0-b28d-56b9d1a3531c,numbered,69798,completed,sold,1,2026-06-08 17:40:03.373604+00,2026-06-08 17:41:04.551102+00,2026-06-08 17:41:04.65581+00,0.104708,61.282206,
69ee39a4-e6c8-4c09-9776-28032604f539,numbered,43721,completed,sold,1,2026-06-08 17:40:03.402154+00,2026-06-08 17:41:04.677639+00,2026-06-08 17:41:04.782673+00,0.105034,61.380519,
54a3280d-4894-4258-adce-2388f3cf2508,numbered,63331,completed,sold,1,2026-06-08 17:40:03.430791+00,2026-06-08 17:41:04.804528+00,2026-06-08 17:41:04.909177+00,0.104649,61.478386,
582c96dd-ab05-451b-bf77-58cf4279fa75,numbered,13294,completed,sold,1,2026-06-08 17:40:03.459305+00,2026-06-08 17:41:04.930879+00,2026-06-08 17:41:05.036394+00,0.105515,61.577089,
a8c88a29-ad8a-4791-ac1b-2c2010175a71,numbered,82243,completed,sold,1,2026-06-08 17:40:03.488182+00,2026-06-08 17:41:05.062139+00,2026-06-08 17:41:05.166971+00,0.104832,61.678789,
bdb03c8a-ca09-4169-bb46-f41f757465ed,numbered,51347,completed,sold,1,2026-06-08 17:40:03.516977+00,2026-06-08 17:41:05.191615+00,2026-06-08 17:41:05.29659+00,0.104975,61.779613,
b71ba2d2-218a-4c9b-9cf9-57ab05585522,numbered,21439,completed,sold,1,2026-06-08 17:40:03.544942+00,2026-06-08 17:41:05.319548+00,2026-06-08 17:41:05.424237+00,0.104689,61.879295,
72932f43-eee1-46ad-965c-422a21ff77c1,numbered,73976,completed,sold,1,2026-06-08 17:40:03.574005+00,2026-06-08 17:41:05.448434+00,2026-06-08 17:41:05.553291+00,0.104857,61.979286,
2205bd63-f40f-4d41-806c-ea01bea633a1,numbered,89619,completed,sold,1,2026-06-08 17:40:03.602091+00,2026-06-08 17:41:05.576772+00,2026-06-08 17:41:05.681727+00,0.104955,62.079636,
21a40499-1e45-4caf-b705-eefd76617d6d,numbered,82749,completed,sold,1,2026-06-08 17:40:03.63104+00,2026-06-08 17:41:05.706091+00,2026-06-08 17:41:05.811822+00,0.105731,62.180782,
67d0903c-87f1-4e3d-992c-09b31df78e0e,numbered,42323,completed,sold,1,2026-06-08 17:40:03.659525+00,2026-06-08 17:41:05.833436+00,2026-06-08 17:41:05.938247+00,0.104811,62.278722,
56e8b218-0835-4016-a6cb-d327a68201a7,numbered,73392,completed,sold,1,2026-06-08 17:40:03.688054+00,2026-06-08 17:41:05.966575+00,2026-06-08 17:41:06.071346+00,0.104771,62.383292,
b29de3bd-f5c2-4e53-9a9f-fb67f83dbe9d,numbered,95208,completed,sold,1,2026-06-08 17:40:03.716576+00,2026-06-08 17:41:06.09408+00,2026-06-08 17:41:06.199495+00,0.105415,62.482919,
bbbc44da-8c7a-437d-9b38-1c9ac6fd9f30,numbered,90135,completed,sold,1,2026-06-08 17:40:03.744919+00,2026-06-08 17:41:06.222557+00,2026-06-08 17:41:06.327583+00,0.105026,62.582664,
736e012b-97cc-4e9b-a568-36f65901d16a,numbered,16933,completed,sold,1,2026-06-08 17:40:03.773678+00,2026-06-08 17:41:06.34958+00,2026-06-08 17:41:06.454401+00,0.104821,62.680723,
a0aa7851-7c99-4d34-a210-0da473ac7be4,numbered,80386,completed,sold,1,2026-06-08 17:40:03.8023+00,2026-06-08 17:41:06.476325+00,2026-06-08 17:41:06.580875+00,0.104550,62.778575,
18aa8a72-7fc0-45af-8aad-23194960a1d9,numbered,48123,completed,sold,1,2026-06-08 17:40:03.830535+00,2026-06-08 17:41:06.60258+00,2026-06-08 17:41:06.707259+00,0.104679,62.876724,
d9903216-3712-450a-a9a2-300bdc855d54,numbered,29022,completed,sold,1,2026-06-08 17:40:03.859125+00,2026-06-08 17:41:06.733737+00,2026-06-08 17:41:06.83901+00,0.105273,62.979885,
08ed3e26-c7fe-4254-a3f0-81f7729c9fa3,numbered,12849,completed,sold,1,2026-06-08 17:40:03.887856+00,2026-06-08 17:41:06.862416+00,2026-06-08 17:41:06.96742+00,0.105004,63.079564,
91be050b-24c4-46cf-8b12-e452ca59010e,numbered,9228,completed,sold,1,2026-06-08 17:40:03.916548+00,2026-06-08 17:41:06.989182+00,2026-06-08 17:41:07.094292+00,0.105110,63.177744,
8c6309e5-d67e-4b38-b83f-03383e819010,numbered,80967,completed,sold,1,2026-06-08 17:40:03.94508+00,2026-06-08 17:41:07.116011+00,2026-06-08 17:41:07.220393+00,0.104382,63.275313,
a73ba45a-8eaf-4712-8d0a-f1089799a097,numbered,24324,completed,sold,1,2026-06-08 17:40:03.973451+00,2026-06-08 17:41:07.241082+00,2026-06-08 17:41:07.345731+00,0.104649,63.372280,
ad2bb361-26f3-42ed-90e4-c6d8eb0703e5,numbered,77484,completed,sold,1,2026-06-08 17:40:04.00277+00,2026-06-08 17:41:07.36741+00,2026-06-08 17:41:07.472011+00,0.104601,63.469241,
7e2212a1-5cce-4854-8068-2c16afef79d1,numbered,40593,completed,sold,1,2026-06-08 17:40:04.030874+00,2026-06-08 17:41:07.494391+00,2026-06-08 17:41:07.599347+00,0.104956,63.568473,
13c53f27-6977-4d48-927e-fa2e7931bffb,numbered,83825,completed,sold,1,2026-06-08 17:40:04.059387+00,2026-06-08 17:41:07.623066+00,2026-06-08 17:41:07.728015+00,0.104949,63.668628,
6847bf35-df20-4d81-81e1-e5cb730b9c05,numbered,47752,completed,sold,1,2026-06-08 17:40:04.087987+00,2026-06-08 17:41:07.749067+00,2026-06-08 17:41:07.853475+00,0.104408,63.765488,
cd2f419b-953e-4848-b4e1-027f0d080110,numbered,55539,completed,sold,1,2026-06-08 17:40:04.116515+00,2026-06-08 17:41:07.875746+00,2026-06-08 17:41:07.980391+00,0.104645,63.863876,
b8569250-65d0-4e37-922e-b29514bdb246,numbered,27948,completed,sold,1,2026-06-08 17:40:04.145102+00,2026-06-08 17:41:08.004637+00,2026-06-08 17:41:08.109348+00,0.104711,63.964246,
b893c722-22c6-42da-877d-e1147117a61a,numbered,23112,completed,sold,1,2026-06-08 17:40:04.173715+00,2026-06-08 17:41:08.13229+00,2026-06-08 17:41:08.237148+00,0.104858,64.063433,
46a8691c-e5d8-4201-b3bf-b8948b4db2ad,numbered,51708,completed,sold,1,2026-06-08 17:40:04.202147+00,2026-06-08 17:41:08.259866+00,2026-06-08 17:41:08.364556+00,0.104690,64.162409,
ab6a5600-c96c-4139-a93e-57a43288b9b2,numbered,34865,completed,sold,1,2026-06-08 17:40:04.230871+00,2026-06-08 17:41:08.386168+00,2026-06-08 17:41:08.490909+00,0.104741,64.260038,
1ee96d88-e05e-4700-a5c8-04f3f2e9a0d1,numbered,1426,completed,sold,1,2026-06-08 17:40:04.259176+00,2026-06-08 17:41:08.513001+00,2026-06-08 17:41:08.617865+00,0.104864,64.358689,
4c031407-160b-4c71-8798-60096469a926,numbered,98242,completed,sold,1,2026-06-08 17:40:04.287845+00,2026-06-08 17:41:08.639575+00,2026-06-08 17:41:08.744202+00,0.104627,64.456357,
f2b86bb5-c4d5-4678-9a75-407072f76dde,numbered,27861,completed,sold,1,2026-06-08 17:40:04.316424+00,2026-06-08 17:41:08.766418+00,2026-06-08 17:41:08.871181+00,0.104763,64.554757,
8a286ea8-005d-47cf-a43a-856dcf07afe3,numbered,91484,completed,sold,1,2026-06-08 17:40:04.345107+00,2026-06-08 17:41:08.895741+00,2026-06-08 17:41:09.000362+00,0.104621,64.655255,
d6e1854e-2f1b-4d80-bd8c-b3a68dedac90,numbered,81722,completed,sold,1,2026-06-08 17:40:04.37367+00,2026-06-08 17:41:09.023028+00,2026-06-08 17:41:09.128035+00,0.105007,64.754365,
7aafa126-7f1d-4eef-a0b2-00508a18ba67,numbered,96780,completed,sold,1,2026-06-08 17:40:04.402065+00,2026-06-08 17:41:09.149995+00,2026-06-08 17:41:09.254427+00,0.104432,64.852362,
4e581a62-ddec-47bc-86b7-576fe13e8733,numbered,86198,completed,sold,1,2026-06-08 17:40:04.430998+00,2026-06-08 17:41:09.276056+00,2026-06-08 17:41:09.380717+00,0.104661,64.949719,
502c53d1-1530-41b2-88d3-b9384e8c0461,numbered,64710,completed,sold,1,2026-06-08 17:40:04.459202+00,2026-06-08 17:41:09.402515+00,2026-06-08 17:41:09.507464+00,0.104949,65.048262,
d3634868-5d58-4c0f-8a1c-47dadc67c589,numbered,24492,completed,sold,1,2026-06-08 17:40:04.487986+00,2026-06-08 17:41:09.529906+00,2026-06-08 17:41:09.634624+00,0.104718,65.146638,
e4e5c840-00c1-43f9-8c2e-0d0c494e1024,numbered,40545,completed,sold,1,2026-06-08 17:40:04.516498+00,2026-06-08 17:41:09.657432+00,2026-06-08 17:41:09.761974+00,0.104542,65.245476,
20dda2d9-fb16-4154-894f-f330da6f118f,numbered,81297,completed,sold,1,2026-06-08 17:40:04.544887+00,2026-06-08 17:41:09.783657+00,2026-06-08 17:41:09.888174+00,0.104517,65.343287,
7dc73aad-2419-4e9a-9cf9-6765a54652df,numbered,66737,completed,sold,1,2026-06-08 17:40:04.573511+00,2026-06-08 17:41:09.910096+00,2026-06-08 17:41:10.014922+00,0.104826,65.441411,
ee093542-1bfd-4493-84d5-bea86e1da67e,numbered,97926,completed,sold,1,2026-06-08 17:40:04.602213+00,2026-06-08 17:41:10.038191+00,2026-06-08 17:41:10.142694+00,0.104503,65.540481,
34f1ac54-c2d3-426a-888b-568f49f4b5c0,numbered,5825,completed,sold,1,2026-06-08 17:40:04.630484+00,2026-06-08 17:41:10.165306+00,2026-06-08 17:41:10.269777+00,0.104471,65.639293,
4e111d4a-118e-4013-abba-6545c815e87a,numbered,42177,completed,sold,1,2026-06-08 17:40:04.659189+00,2026-06-08 17:41:10.291306+00,2026-06-08 17:41:10.395885+00,0.104579,65.736696,
727701c1-a0e9-4b2c-958b-9b6ee032b0f1,numbered,90360,completed,sold,1,2026-06-08 17:40:04.688031+00,2026-06-08 17:41:10.417319+00,2026-06-08 17:41:10.522012+00,0.104693,65.833981,
89af1f52-fbfd-4b20-a65a-dddb9e4512f7,numbered,18546,completed,sold,1,2026-06-08 17:40:04.717242+00,2026-06-08 17:41:10.545122+00,2026-06-08 17:41:10.650035+00,0.104913,65.932793,
6049396c-0969-4d05-b2d7-55b136c0d850,numbered,870,completed,sold,1,2026-06-08 17:40:04.744985+00,2026-06-08 17:41:10.67187+00,2026-06-08 17:41:10.776642+00,0.104772,66.031657,
0ff628da-7f8d-4be7-9ff0-990468efc367,numbered,18556,completed,sold,1,2026-06-08 17:40:04.773641+00,2026-06-08 17:41:10.798485+00,2026-06-08 17:41:10.903724+00,0.105239,66.130083,
c58ec16a-f6b3-4971-a1db-6b9e53d1228a,numbered,52358,completed,sold,1,2026-06-08 17:40:04.802076+00,2026-06-08 17:41:10.925553+00,2026-06-08 17:41:11.030775+00,0.105222,66.228699,
bdd544e3-a6e0-463d-8cb5-5f137cae7b4f,numbered,9716,completed,sold,1,2026-06-08 17:40:04.83091+00,2026-06-08 17:41:11.054612+00,2026-06-08 17:41:11.159772+00,0.105160,66.328862,
5ae0b740-abc3-4713-a870-4520fa4ceedc,numbered,89777,completed,sold,1,2026-06-08 17:40:04.859249+00,2026-06-08 17:41:11.181733+00,2026-06-08 17:41:11.286331+00,0.104598,66.427082,
f515ba67-10cb-4215-a4bb-165c8bf2be39,numbered,77074,completed,sold,1,2026-06-08 17:40:04.887915+00,2026-06-08 17:41:11.307578+00,2026-06-08 17:41:11.412035+00,0.104457,66.524120,
12ef329e-0d33-4753-b991-81f95238c099,numbered,12085,completed,sold,1,2026-06-08 17:40:04.91644+00,2026-06-08 17:41:11.433435+00,2026-06-08 17:41:11.538282+00,0.104847,66.621842,
98820df1-faf4-41a6-becd-1e3a7237c951,numbered,69599,completed,sold,1,2026-06-08 17:40:04.945006+00,2026-06-08 17:41:11.559983+00,2026-06-08 17:41:11.664891+00,0.104908,66.719885,
2514ffe5-22f9-495b-b40e-802c74471384,numbered,90837,completed,sold,1,2026-06-08 17:40:04.973612+00,2026-06-08 17:41:11.6882+00,2026-06-08 17:41:11.792743+00,0.104543,66.819131,
ee3b9869-fe1d-41fa-b6d2-0329b2fb8b47,numbered,32874,completed,sold,1,2026-06-08 17:40:05.002205+00,2026-06-08 17:41:11.816031+00,2026-06-08 17:41:11.921122+00,0.105091,66.918917,
8cc69c1b-b2f4-40ca-9eda-b5c8a48734ff,numbered,93961,completed,sold,1,2026-06-08 17:40:05.030579+00,2026-06-08 17:41:11.944757+00,2026-06-08 17:41:12.04939+00,0.104633,67.018811,
66c1d3d5-ed9d-44b1-92dd-aee9bc399a04,numbered,9420,completed,seat_unavailable,1,2026-06-08 17:40:05.059319+00,2026-06-08 17:41:12.071545+00,2026-06-08 17:41:12.174443+00,0.102898,67.115124,
6e4d2ea9-a942-4b35-98e3-05db8bc2fd1d,numbered,84151,completed,sold,1,2026-06-08 17:40:05.088087+00,2026-06-08 17:41:12.195625+00,2026-06-08 17:41:12.300072+00,0.104447,67.211985,
60fdf310-603d-48ff-8384-9fe3f6c6e868,numbered,21475,completed,sold,1,2026-06-08 17:40:05.116624+00,2026-06-08 17:41:12.321154+00,2026-06-08 17:41:12.426103+00,0.104949,67.309479,
c9d83787-0e0e-453e-b4df-260d96fec31e,numbered,22998,completed,sold,1,2026-06-08 17:40:05.145022+00,2026-06-08 17:41:12.447841+00,2026-06-08 17:41:12.552476+00,0.104635,67.407454,
3203dc37-9dc4-4bd1-b4d1-d504dad4cc8b,numbered,15403,completed,sold,1,2026-06-08 17:40:05.173656+00,2026-06-08 17:41:12.573622+00,2026-06-08 17:41:12.678343+00,0.104721,67.504687,
60a7be1e-4ef5-4ad6-9422-187c84d22316,numbered,60057,completed,sold,1,2026-06-08 17:40:05.202243+00,2026-06-08 17:41:12.701667+00,2026-06-08 17:41:12.806345+00,0.104678,67.604102,
e33a802d-1296-4765-9634-30a6c306f097,numbered,74709,completed,sold,1,2026-06-08 17:40:05.230745+00,2026-06-08 17:41:12.827922+00,2026-06-08 17:41:12.932468+00,0.104546,67.701723,
3837eb78-c44b-48dc-8dd3-5199f6206acb,numbered,63111,completed,sold,1,2026-06-08 17:40:05.259276+00,2026-06-08 17:41:12.954383+00,2026-06-08 17:41:13.059071+00,0.104688,67.799795,
5bc7d528-161b-4765-9b66-54ef1d57b4f9,numbered,86444,completed,sold,1,2026-06-08 17:40:05.287861+00,2026-06-08 17:41:13.080943+00,2026-06-08 17:41:13.18573+00,0.104787,67.897869,
354c9ed6-a396-4d67-85d0-99edec4a9822,numbered,19027,completed,sold,1,2026-06-08 17:40:05.316594+00,2026-06-08 17:41:13.208864+00,2026-06-08 17:41:13.313659+00,0.104795,67.997065,
c7bfcc21-e440-4721-b7f3-fc31e43df2eb,numbered,73571,completed,sold,1,2026-06-08 17:40:05.344983+00,2026-06-08 17:41:13.335479+00,2026-06-08 17:41:13.44042+00,0.104941,68.095437,
460c28c7-60e0-44aa-b3f6-891de569fa03,numbered,4510,completed,sold,1,2026-06-08 17:40:05.373558+00,2026-06-08 17:41:13.462103+00,2026-06-08 17:41:13.566644+00,0.104541,68.193086,
68b1b8f2-0011-4474-9158-031bd4279fac,numbered,42064,completed,sold,1,2026-06-08 17:40:05.402104+00,2026-06-08 17:41:13.590492+00,2026-06-08 17:41:13.695651+00,0.105159,68.293547,
3e4539d7-1b18-4d3a-a34a-651d67621a32,numbered,37337,completed,sold,1,2026-06-08 17:40:05.43038+00,2026-06-08 17:41:13.718112+00,2026-06-08 17:41:13.822596+00,0.104484,68.392216,
dd57b939-b351-4a6d-bd48-f3480e7d0d72,numbered,15402,completed,sold,1,2026-06-08 17:40:05.459303+00,2026-06-08 17:41:13.845042+00,2026-06-08 17:41:13.949547+00,0.104505,68.490244,
e1d6c880-f1f1-49ba-b8ce-f1746c1c1d6f,numbered,27636,completed,sold,1,2026-06-08 17:40:05.487831+00,2026-06-08 17:41:13.97264+00,2026-06-08 17:41:14.077454+00,0.104814,68.589623,
e5c899bd-ae61-4e58-8630-ae36c549f13d,numbered,55394,completed,sold,1,2026-06-08 17:40:05.516413+00,2026-06-08 17:41:14.09902+00,2026-06-08 17:41:14.203709+00,0.104689,68.687296,
876e05ca-f3ec-43ac-86e4-a01bddb4ecbc,numbered,51111,completed,sold,1,2026-06-08 17:40:05.544736+00,2026-06-08 17:41:14.225023+00,2026-06-08 17:41:14.329619+00,0.104596,68.784883,
bb87cb60-c7b9-41b0-abb3-20399e80aebb,numbered,58027,completed,sold,1,2026-06-08 17:40:05.573481+00,2026-06-08 17:41:14.351122+00,2026-06-08 17:41:14.455674+00,0.104552,68.882193,
79de7845-136f-4c31-bf73-54f61c279643,numbered,39031,completed,sold,1,2026-06-08 17:40:05.602159+00,2026-06-08 17:41:14.477445+00,2026-06-08 17:41:14.58194+00,0.104495,68.979781,
4a2d4f63-ae9a-4bbf-9ebb-75598e30c098,numbered,89420,completed,sold,1,2026-06-08 17:40:05.630804+00,2026-06-08 17:41:14.603112+00,2026-06-08 17:41:14.70766+00,0.104548,69.076856,
65d8d06f-3ede-4eda-a4b2-01c09e9af295,numbered,48600,completed,sold,1,2026-06-08 17:40:05.659253+00,2026-06-08 17:41:14.729179+00,2026-06-08 17:41:14.833621+00,0.104442,69.174368,
6014cfe8-c825-45fe-8749-1acec5bdf322,numbered,93896,completed,sold,1,2026-06-08 17:40:05.687821+00,2026-06-08 17:41:14.855288+00,2026-06-08 17:41:14.959888+00,0.104600,69.272067,
c81c5a9d-f309-4093-aefe-acde4d058b03,numbered,93372,completed,sold,1,2026-06-08 17:40:05.716489+00,2026-06-08 17:41:14.981514+00,2026-06-08 17:41:15.086152+00,0.104638,69.369663,
7cf0fedb-c35d-46a3-9533-b6973dfe0735,numbered,60598,completed,sold,1,2026-06-08 17:40:05.74477+00,2026-06-08 17:41:15.108074+00,2026-06-08 17:41:15.21253+00,0.104456,69.467760,
801eda8a-0e0a-498a-b875-94e6fc978c4e,numbered,48579,completed,sold,1,2026-06-08 17:40:05.773443+00,2026-06-08 17:41:15.242417+00,2026-06-08 17:41:15.346934+00,0.104517,69.573491,
8dbea20d-fcb7-47e4-85dd-d9c6ee24a18e,numbered,58170,completed,sold,1,2026-06-08 17:40:05.802023+00,2026-06-08 17:41:15.369233+00,2026-06-08 17:41:15.474682+00,0.105449,69.672659,
f915184b-13a8-43e1-90b9-8b5249a1de83,numbered,73686,completed,sold,1,2026-06-08 17:40:05.830718+00,2026-06-08 17:41:15.498318+00,2026-06-08 17:41:15.603005+00,0.104687,69.772287,
28600902-f52f-4221-97fa-783f3dc5fa0d,numbered,3821,completed,sold,1,2026-06-08 17:40:05.859239+00,2026-06-08 17:41:15.62478+00,2026-06-08 17:41:15.729621+00,0.104841,69.870382,
444ae4db-0e52-46d8-9490-015b9b9bfe80,numbered,18528,completed,sold,1,2026-06-08 17:40:05.888025+00,2026-06-08 17:41:15.751807+00,2026-06-08 17:41:15.856473+00,0.104666,69.968448,
17d3f8f2-42bd-4c56-8457-b42062988412,numbered,19963,completed,sold,1,2026-06-08 17:40:05.91656+00,2026-06-08 17:41:15.879608+00,2026-06-08 17:41:15.984198+00,0.104590,70.067638,
dc17841f-bb7a-4e02-8282-ed37ff0c5af1,numbered,26561,completed,sold,1,2026-06-08 17:40:05.944729+00,2026-06-08 17:41:16.00645+00,2026-06-08 17:41:16.111216+00,0.104766,70.166487,
27a49891-c68e-48e2-95b9-547e122eaa81,numbered,69297,completed,sold,1,2026-06-08 17:40:05.973563+00,2026-06-08 17:41:16.13288+00,2026-06-08 17:41:16.237451+00,0.104571,70.263888,
2f2714f7-dd94-47c6-a3d6-d40cccdef759,numbered,25296,completed,sold,1,2026-06-08 17:40:06.002191+00,2026-06-08 17:41:16.259768+00,2026-06-08 17:41:16.364699+00,0.104931,70.362508,
aa8c517b-9881-4886-9ebc-45bd76780754,numbered,57869,completed,sold,1,2026-06-08 17:40:06.030943+00,2026-06-08 17:41:16.386973+00,2026-06-08 17:41:16.49169+00,0.104717,70.460747,
c1ca9742-7125-41bf-828c-fad537ed70d9,numbered,38414,completed,sold,1,2026-06-08 17:40:06.059161+00,2026-06-08 17:41:16.513787+00,2026-06-08 17:41:16.618288+00,0.104501,70.559127,
0dcee2ac-c05d-4110-99f3-48959b8facc4,numbered,2515,completed,sold,1,2026-06-08 17:40:06.088001+00,2026-06-08 17:41:16.641033+00,2026-06-08 17:41:16.745403+00,0.104370,70.657402,
0b360c08-cb08-46f4-81c1-50e0150f3f75,numbered,68922,completed,sold,1,2026-06-08 17:40:06.11653+00,2026-06-08 17:41:16.767349+00,2026-06-08 17:41:16.872014+00,0.104665,70.755484,
7f3197d3-fb82-4900-a6ee-33295eb5ba0f,numbered,85762,completed,sold,1,2026-06-08 17:40:06.145282+00,2026-06-08 17:41:16.893764+00,2026-06-08 17:41:16.998665+00,0.104901,70.853383,
5afafe22-b6b0-4c19-94af-d1fc2d62ea2b,numbered,62255,completed,sold,1,2026-06-08 17:40:06.173666+00,2026-06-08 17:41:17.021389+00,2026-06-08 17:41:17.125994+00,0.104605,70.952328,
2a4630bd-0e3d-4764-8e5a-801a0da0dc55,numbered,35141,completed,sold,1,2026-06-08 17:40:06.201969+00,2026-06-08 17:41:17.147539+00,2026-06-08 17:41:17.252277+00,0.104738,71.050308,
45e29446-7581-4a72-b92c-00edc1516ae9,numbered,56511,completed,sold,1,2026-06-08 17:40:06.230904+00,2026-06-08 17:41:17.274496+00,2026-06-08 17:41:17.379147+00,0.104651,71.148243,
4ae9154c-6269-4748-926a-0623e5b822fb,numbered,68071,completed,sold,1,2026-06-08 17:40:06.259258+00,2026-06-08 17:41:17.400933+00,2026-06-08 17:41:17.505634+00,0.104701,71.246376,
4d464fb3-e058-4d0c-9938-e5c269e55e3c,numbered,27339,completed,sold,1,2026-06-08 17:40:06.288089+00,2026-06-08 17:41:17.528015+00,2026-06-08 17:41:17.632549+00,0.104534,71.344460,
10ece236-5558-4a40-a1cb-b2ef4716c2a6,numbered,41396,completed,sold,1,2026-06-08 17:40:06.316157+00,2026-06-08 17:41:17.655413+00,2026-06-08 17:41:17.760562+00,0.105149,71.444405,
f5b5525b-4d15-4d52-bbc8-d97a987fe37f,numbered,39009,completed,sold,1,2026-06-08 17:40:06.345004+00,2026-06-08 17:41:17.782604+00,2026-06-08 17:41:17.887237+00,0.104633,71.542233,
6028812e-69cb-4cd7-8f95-4e34e1bf0c70,numbered,57992,completed,sold,1,2026-06-08 17:40:06.373637+00,2026-06-08 17:41:17.908352+00,2026-06-08 17:41:18.013247+00,0.104895,71.639610,
2aee2113-4071-47f6-8afd-40791f38ea9d,numbered,57729,completed,sold,1,2026-06-08 17:40:06.402153+00,2026-06-08 17:41:18.035948+00,2026-06-08 17:41:18.140747+00,0.104799,71.738594,
a6fe0aab-7244-45dd-a55b-497083408d5f,numbered,97297,completed,sold,1,2026-06-08 17:40:06.430671+00,2026-06-08 17:41:18.162521+00,2026-06-08 17:41:18.266935+00,0.104414,71.836264,
45a246f5-a4e0-45ed-8b8d-7c54115a5cac,numbered,85592,completed,sold,1,2026-06-08 17:40:06.459246+00,2026-06-08 17:41:18.288322+00,2026-06-08 17:41:18.39302+00,0.104698,71.933774,
a4ecc3a5-3bc2-4740-afff-f2cf4ff51ed4,numbered,25043,completed,sold,1,2026-06-08 17:40:06.488026+00,2026-06-08 17:41:18.41439+00,2026-06-08 17:41:18.519218+00,0.104828,72.031192,
1359c539-ba1a-4258-b060-1aa67e0f4318,numbered,80563,completed,sold,1,2026-06-08 17:40:06.516562+00,2026-06-08 17:41:18.540401+00,2026-06-08 17:41:18.644933+00,0.104532,72.128371,
2cc09c8e-6819-4238-b7ae-1e16c9f54d44,numbered,30431,completed,sold,1,2026-06-08 17:40:06.545014+00,2026-06-08 17:41:18.666812+00,2026-06-08 17:41:18.771405+00,0.104593,72.226391,
1eb1b56b-6ba8-4b59-be8e-ca2e6c096f6c,numbered,51797,completed,sold,1,2026-06-08 17:40:06.573539+00,2026-06-08 17:41:18.793091+00,2026-06-08 17:41:18.897733+00,0.104642,72.324194,
c5dd0c43-e427-48a5-94db-9f51b880de6a,numbered,52195,completed,sold,1,2026-06-08 17:40:06.602123+00,2026-06-08 17:41:18.919103+00,2026-06-08 17:41:19.023431+00,0.104328,72.421308,
111bef42-001a-472f-bb65-e13a166c6e89,numbered,48311,completed,sold,1,2026-06-08 17:40:06.630861+00,2026-06-08 17:41:19.044982+00,2026-06-08 17:41:19.149524+00,0.104542,72.518663,
625fd9ac-cbd1-41c2-b0a5-5e812be1ed9f,numbered,69756,completed,sold,1,2026-06-08 17:40:06.659267+00,2026-06-08 17:41:19.170606+00,2026-06-08 17:41:19.27526+00,0.104654,72.615993,
c0246886-a1de-4cf9-b794-79d7a76142ef,numbered,52214,completed,sold,1,2026-06-08 17:40:06.687971+00,2026-06-08 17:41:19.297339+00,2026-06-08 17:41:19.402131+00,0.104792,72.714160,
1acec6a9-7944-4a21-8be9-14d3ca401c7b,numbered,39973,completed,sold,1,2026-06-08 17:40:06.717195+00,2026-06-08 17:41:19.423198+00,2026-06-08 17:41:19.528008+00,0.104810,72.810813,
e915dad9-0f4c-4539-b8e8-8883f4d9b2e1,numbered,22815,completed,sold,1,2026-06-08 17:40:06.744983+00,2026-06-08 17:41:19.550145+00,2026-06-08 17:41:19.654875+00,0.104730,72.909892,
0e83bcaa-8f14-4d3d-8bdd-bbbf7d016132,numbered,37808,completed,sold,1,2026-06-08 17:40:06.773573+00,2026-06-08 17:41:19.677589+00,2026-06-08 17:41:19.782174+00,0.104585,73.008601,
22bfae9b-b09c-4c49-bc8c-ffde9ba8d4a8,numbered,43020,completed,sold,1,2026-06-08 17:40:06.802067+00,2026-06-08 17:41:19.804566+00,2026-06-08 17:41:19.909002+00,0.104436,73.106935,
18883858-451f-4aae-85b0-66e63b938b2f,numbered,93261,completed,sold,1,2026-06-08 17:40:06.830452+00,2026-06-08 17:41:19.930383+00,2026-06-08 17:41:20.035022+00,0.104639,73.204570,
fb3a9aab-2004-41fc-8daa-86d6342c9203,numbered,46255,completed,sold,1,2026-06-08 17:40:06.859121+00,2026-06-08 17:41:20.056816+00,2026-06-08 17:41:20.161379+00,0.104563,73.302258,
4b421c5a-e87c-490c-b07c-b9057a60d757,numbered,30987,completed,sold,1,2026-06-08 17:40:07.359074+00,2026-06-08 17:41:20.184225+00,2026-06-08 17:41:20.288992+00,0.104767,72.929918,
ce4c8a1d-5963-4d04-aadb-2680c90da51a,numbered,32104,completed,sold,1,2026-06-08 17:40:07.858957+00,2026-06-08 17:41:20.310182+00,2026-06-08 17:41:20.414476+00,0.104294,72.555519,
027c3d70-45ce-4398-bcdd-086ebdbd008e,numbered,96529,completed,sold,1,2026-06-08 17:40:08.359178+00,2026-06-08 17:41:20.437075+00,2026-06-08 17:41:20.541964+00,0.104889,72.182786,
f4101b7e-6a15-4ede-b4cf-b0d5179b378b,numbered,33842,completed,sold,1,2026-06-08 17:40:08.859165+00,2026-06-08 17:41:20.564088+00,2026-06-08 17:41:20.668914+00,0.104826,71.809749,
43bd7439-7749-455b-aa80-0c60c72f05aa,numbered,16522,completed,sold,1,2026-06-08 17:40:09.359128+00,2026-06-08 17:41:20.690864+00,2026-06-08 17:41:20.79535+00,0.104486,71.436222,
d77868d4-85d1-4d0c-88cf-ad359815b243,numbered,32296,completed,sold,1,2026-06-08 17:40:09.859249+00,2026-06-08 17:41:20.817234+00,2026-06-08 17:41:20.922106+00,0.104872,71.062857,
c2891570-106b-4174-8f2d-07cd1517f988,numbered,42784,completed,sold,1,2026-06-08 17:40:10.359139+00,2026-06-08 17:41:20.943939+00,2026-06-08 17:41:21.048597+00,0.104658,70.689458,
c6e9fd57-f1a1-4d8d-bf51-04371a015c2a,numbered,97587,completed,sold,1,2026-06-08 17:40:10.859219+00,2026-06-08 17:41:21.070967+00,2026-06-08 17:41:21.175641+00,0.104674,70.316422,
ba671c29-0515-4b8a-8f9d-aec261f0afa7,numbered,13861,completed,sold,1,2026-06-08 17:40:11.359235+00,2026-06-08 17:41:21.198599+00,2026-06-08 17:41:21.303767+00,0.105168,69.944532,
