request_id,mode,seat_id,status,result,attempts,enqueued_at,worker_started_at,completed_at,processing_seconds,end_to_end_seconds,error
75c3d8de-eb1e-49ec-9ad4-a17f6ff2a67c,numbered,23771,completed,sold,1,2026-06-08 16:02:08.683567+00,2026-06-08 16:02:08.706728+00,2026-06-08 16:02:08.811776+00,0.105048,0.128209,
658b9924-075f-4c85-824a-b094cc0b1047,numbered,5247,completed,sold,1,2026-06-08 16:02:08.698514+00,2026-06-08 16:02:08.724432+00,2026-06-08 16:02:08.829866+00,0.105434,0.131352,
aca683d4-4362-4c80-9e80-6b0f2a572b10,numbered,5468,completed,sold,1,2026-06-08 16:02:08.715011+00,2026-06-08 16:02:08.839044+00,2026-06-08 16:02:08.943771+00,0.104727,0.228760,
7c186733-1f50-421e-a45e-efaa83f4e94e,numbered,59382,completed,sold,1,2026-06-08 16:02:08.731618+00,2026-06-08 16:02:08.854091+00,2026-06-08 16:02:08.959249+00,0.105158,0.227631,
3359cc91-1a60-4268-b471-33b26b81f421,numbered,29645,completed,sold,1,2026-06-08 16:02:08.748215+00,2026-06-08 16:02:08.967302+00,2026-06-08 16:02:09.071919+00,0.104617,0.323704,
0164b32a-8c26-4360-a809-68b552fd9d69,numbered,82598,completed,sold,1,2026-06-08 16:02:08.765181+00,2026-06-08 16:02:08.982439+00,2026-06-08 16:02:09.087258+00,0.104819,0.322077,
7e5eb4f9-113f-40c5-8b0d-a5e3da22fb7a,numbered,36926,completed,sold,1,2026-06-08 16:02:08.781426+00,2026-06-08 16:02:09.094744+00,2026-06-08 16:02:09.199602+00,0.104858,0.418176,
70fbef71-9346-48e3-a0a0-0c8774d1e96f,numbered,75616,completed,sold,1,2026-06-08 16:02:08.798354+00,2026-06-08 16:02:09.11104+00,2026-06-08 16:02:09.216734+00,0.105694,0.418380,
e8053e05-37b2-4ec7-84ad-2d580d74b385,numbered,56018,completed,sold,1,2026-06-08 16:02:08.814761+00,2026-06-08 16:02:09.221179+00,2026-06-08 16:02:09.325503+00,0.104324,0.510742,
bb8502ea-514b-4697-bcdc-e52f77afdfcb,numbered,15439,completed,sold,1,2026-06-08 16:02:08.83126+00,2026-06-08 16:02:09.239804+00,2026-06-08 16:02:09.345069+00,0.105265,0.513809,
e351b452-c842-419c-b16b-065e83707d1b,numbered,97097,completed,sold,1,2026-06-08 16:02:08.848254+00,2026-06-08 16:02:09.347878+00,2026-06-08 16:02:09.452394+00,0.104516,0.604140,
93efa4e4-0f9e-46a0-8afc-745a3d9275a0,numbered,61343,completed,sold,1,2026-06-08 16:02:08.8648+00,2026-06-08 16:02:09.367618+00,2026-06-08 16:02:09.473559+00,0.105941,0.608759,
21c83277-eb3e-4855-94cd-08844ae74636,numbered,45771,completed,sold,1,2026-06-08 16:02:08.8813+00,2026-06-08 16:02:09.473921+00,2026-06-08 16:02:09.578898+00,0.104977,0.697598,
e40ab997-5626-4d3b-907a-e5867fd9c6b9,numbered,83902,completed,sold,1,2026-06-08 16:02:08.898041+00,2026-06-08 16:02:09.497216+00,2026-06-08 16:02:09.60207+00,0.104854,0.704029,
c77e93f0-804b-4508-a6eb-cf57b5a175f6,numbered,77263,completed,sold,1,2026-06-08 16:02:08.914876+00,2026-06-08 16:02:09.601209+00,2026-06-08 16:02:09.705754+00,0.104545,0.790878,
07d3a6ba-5b90-4446-a622-ae73e56a83f9,numbered,1628,completed,sold,1,2026-06-08 16:02:08.931865+00,2026-06-08 16:02:09.623855+00,2026-06-08 16:02:09.729146+00,0.105291,0.797281,
e4d1e912-d695-4d42-a782-627fc92cc323,numbered,93464,completed,sold,1,2026-06-08 16:02:08.947988+00,2026-06-08 16:02:09.727282+00,2026-06-08 16:02:09.831901+00,0.104619,0.883913,
2fab097a-b4f0-4061-83f5-66652f0822ec,numbered,4995,completed,sold,1,2026-06-08 16:02:08.964552+00,2026-06-08 16:02:09.754397+00,2026-06-08 16:02:09.859158+00,0.104761,0.894606,
eb0d322f-3828-48b0-a3fc-145151a820b5,numbered,46278,completed,sold,1,2026-06-08 16:02:08.981197+00,2026-06-08 16:02:09.853464+00,2026-06-08 16:02:09.958319+00,0.104855,0.977122,
b98179ee-7f28-4fc7-8067-d155e84f27e4,numbered,53476,completed,sold,1,2026-06-08 16:02:08.998101+00,2026-06-08 16:02:09.882383+00,2026-06-08 16:02:09.987131+00,0.104748,0.989030,
20700b73-8c0c-4658-b87a-8a5eade1d547,numbered,40715,completed,sold,1,2026-06-08 16:02:09.014726+00,2026-06-08 16:02:09.979539+00,2026-06-08 16:02:10.084103+00,0.104564,1.069377,
95afdf64-4e8d-47a3-8b22-851cd2028f0f,numbered,85002,completed,sold,1,2026-06-08 16:02:09.031427+00,2026-06-08 16:02:10.013016+00,2026-06-08 16:02:10.118128+00,0.105112,1.086701,
39ecc3b1-1b3b-47aa-9108-21c812c8b319,numbered,50709,completed,sold,1,2026-06-08 16:02:09.048127+00,2026-06-08 16:02:10.105158+00,2026-06-08 16:02:10.209817+00,0.104659,1.161690,
27fcc2a4-e3f7-49e3-8b81-def9396d55d6,numbered,85731,completed,sold,1,2026-06-08 16:02:09.064835+00,2026-06-08 16:02:10.143698+00,2026-06-08 16:02:10.249457+00,0.105759,1.184622,
d85b8b94-ecb5-4ec9-a9cd-b638fcdf6ef6,numbered,50588,completed,sold,1,2026-06-08 16:02:09.081278+00,2026-06-08 16:02:10.232427+00,2026-06-08 16:02:10.337161+00,0.104734,1.255883,
0b5cdff7-d187-4174-b638-e7a7254f5ddb,numbered,90736,completed,sold,1,2026-06-08 16:02:09.098313+00,2026-06-08 16:02:10.274356+00,2026-06-08 16:02:10.379632+00,0.105276,1.281319,
c9d7e59f-5b67-423d-abe6-5702189be849,numbered,64365,completed,sold,1,2026-06-08 16:02:09.114649+00,2026-06-08 16:02:10.358585+00,2026-06-08 16:02:10.463434+00,0.104849,1.348785,
0530d19d-0988-4452-a554-261158fc8f34,numbered,74047,completed,sold,1,2026-06-08 16:02:09.131427+00,2026-06-08 16:02:10.403522+00,2026-06-08 16:02:10.508285+00,0.104763,1.376858,
c1417405-4fc6-4af3-a60a-237ba37d6480,numbered,11195,completed,sold,1,2026-06-08 16:02:09.148073+00,2026-06-08 16:02:10.48629+00,2026-06-08 16:02:10.591081+00,0.104791,1.443008,
f35c62d7-da6e-4314-8d96-4e38f96159c7,numbered,87200,completed,sold,1,2026-06-08 16:02:09.164935+00,2026-06-08 16:02:10.531043+00,2026-06-08 16:02:10.635987+00,0.104944,1.471052,
92c0ad24-0591-4e70-8731-caabcfddf683,numbered,39144,completed,sold,1,2026-06-08 16:02:09.181291+00,2026-06-08 16:02:10.613027+00,2026-06-08 16:02:10.717964+00,0.104937,1.536673,
19cc3e37-8aa0-461a-a576-6a2d7dcca7cc,numbered,67331,completed,sold,1,2026-06-08 16:02:09.198013+00,2026-06-08 16:02:10.659099+00,2026-06-08 16:02:10.764231+00,0.105132,1.566218,
4b84486c-3c7f-48ed-8379-91d66d57312d,numbered,54794,completed,sold,1,2026-06-08 16:02:09.214519+00,2026-06-08 16:02:10.739308+00,2026-06-08 16:02:10.843813+00,0.104505,1.629294,
db15d4b0-79a5-4c26-9d93-0dc96ceaa6b3,numbered,50830,completed,sold,1,2026-06-08 16:02:09.231184+00,2026-06-08 16:02:10.787625+00,2026-06-08 16:02:10.892478+00,0.104853,1.661294,
eee41865-a341-4f34-a75b-713891e33baa,numbered,58675,completed,sold,1,2026-06-08 16:02:09.247928+00,2026-06-08 16:02:10.86497+00,2026-06-08 16:02:10.969944+00,0.104974,1.722016,
4225666d-fe2d-4463-82ba-7984129a0a0b,numbered,38106,completed,sold,1,2026-06-08 16:02:09.26472+00,2026-06-08 16:02:10.91523+00,2026-06-08 16:02:11.019925+00,0.104695,1.755205,
2fa9d890-deb0-44d7-af05-a149ec29e161,numbered,89868,completed,sold,1,2026-06-08 16:02:09.281336+00,2026-06-08 16:02:10.991027+00,2026-06-08 16:02:11.095593+00,0.104566,1.814257,
a93d44d0-7f11-447e-8659-77bbaf84e783,numbered,72880,completed,sold,1,2026-06-08 16:02:09.298083+00,2026-06-08 16:02:11.042414+00,2026-06-08 16:02:11.147406+00,0.104992,1.849323,
16ddb6d9-20d2-40f6-93da-0bfadb5dcfe9,numbered,12603,completed,sold,1,2026-06-08 16:02:09.314834+00,2026-06-08 16:02:11.116799+00,2026-06-08 16:02:11.221223+00,0.104424,1.906389,
e899f8bc-e029-489d-9f79-a3b764b98ef3,numbered,64150,completed,sold,1,2026-06-08 16:02:09.331857+00,2026-06-08 16:02:11.171792+00,2026-06-08 16:02:11.276913+00,0.105121,1.945056,
412d2e45-1d65-43d0-8560-70f5581f2545,numbered,17808,completed,sold,1,2026-06-08 16:02:09.34825+00,2026-06-08 16:02:11.242047+00,2026-06-08 16:02:11.346713+00,0.104666,1.998463,
106429c9-a3f7-49ac-a078-d706e27bce00,numbered,54446,completed,sold,1,2026-06-08 16:02:09.364557+00,2026-06-08 16:02:11.300869+00,2026-06-08 16:02:11.40557+00,0.104701,2.041013,
712eb3e5-f7b4-45a4-b5c0-1febe46119b7,numbered,29807,completed,sold,1,2026-06-08 16:02:09.381237+00,2026-06-08 16:02:11.370025+00,2026-06-08 16:02:11.474907+00,0.104882,2.093670,
0c94726c-c414-43f4-a4ad-622281981832,numbered,12549,completed,sold,1,2026-06-08 16:02:09.397955+00,2026-06-08 16:02:11.428242+00,2026-06-08 16:02:11.533446+00,0.105204,2.135491,
e03dd1ac-d4cf-42ea-bb9b-6445b412b89a,numbered,8164,completed,sold,1,2026-06-08 16:02:09.41476+00,2026-06-08 16:02:11.497366+00,2026-06-08 16:02:11.602065+00,0.104699,2.187305,
27768f40-0c16-4450-a297-eab3271a0eb5,numbered,47987,completed,sold,1,2026-06-08 16:02:09.431305+00,2026-06-08 16:02:11.55598+00,2026-06-08 16:02:11.660717+00,0.104737,2.229412,
a72f3c5e-a5dd-45f1-811f-1e2d0b58de6b,numbered,40856,completed,sold,1,2026-06-08 16:02:09.448034+00,2026-06-08 16:02:11.62299+00,2026-06-08 16:02:11.727693+00,0.104703,2.279659,
d1352a4c-4bcf-4af5-8496-2c2614a38e9a,numbered,23168,completed,sold,1,2026-06-08 16:02:09.464772+00,2026-06-08 16:02:11.683183+00,2026-06-08 16:02:11.78799+00,0.104807,2.323218,
10ce6bcc-439d-4592-857e-b23dba9627e5,numbered,48086,completed,sold,1,2026-06-08 16:02:09.481251+00,2026-06-08 16:02:11.750334+00,2026-06-08 16:02:11.854781+00,0.104447,2.373530,
80fbd7e5-c1cd-4f35-a7f0-d91cf370e8be,numbered,27599,completed,sold,1,2026-06-08 16:02:09.497947+00,2026-06-08 16:02:11.811056+00,2026-06-08 16:02:11.916327+00,0.105271,2.418380,
60db1457-dbd6-46bc-9be1-9d06f14da3db,numbered,94117,completed,sold,1,2026-06-08 16:02:09.514745+00,2026-06-08 16:02:11.87556+00,2026-06-08 16:02:11.979934+00,0.104374,2.465189,
aa27d001-516d-47e1-b9f9-de65e8710af2,numbered,33732,completed,sold,1,2026-06-08 16:02:09.531322+00,2026-06-08 16:02:11.938274+00,2026-06-08 16:02:12.043726+00,0.105452,2.512404,
c85f2b45-af11-4c4b-8fa3-61708a839011,numbered,78532,completed,sold,1,2026-06-08 16:02:09.548357+00,2026-06-08 16:02:12.002795+00,2026-06-08 16:02:12.107255+00,0.104460,2.558898,
db77d143-93a2-4dd8-89ae-477345216596,numbered,18520,completed,sold,1,2026-06-08 16:02:09.564669+00,2026-06-08 16:02:12.066778+00,2026-06-08 16:02:12.171585+00,0.104807,2.606916,
d958cca1-baba-4293-8a40-d39c85fd9355,numbered,23052,completed,sold,1,2026-06-08 16:02:09.581131+00,2026-06-08 16:02:12.129248+00,2026-06-08 16:02:12.233938+00,0.104690,2.652807,
9339b7a6-9d72-4a3a-aca1-264db556013a,numbered,68498,completed,sold,1,2026-06-08 16:02:09.597928+00,2026-06-08 16:02:12.194085+00,2026-06-08 16:02:12.299085+00,0.105000,2.701157,
60d2abdb-fd44-4d2a-ad7e-b94417ec2e74,numbered,47367,completed,sold,1,2026-06-08 16:02:09.614565+00,2026-06-08 16:02:12.254903+00,2026-06-08 16:02:12.359654+00,0.104751,2.745089,
98876208-5718-4136-a4ea-49d602f6356a,numbered,62046,completed,sold,1,2026-06-08 16:02:09.631163+00,2026-06-08 16:02:12.322129+00,2026-06-08 16:02:12.427219+00,0.105090,2.796056,
0a875a37-d3e6-41f0-9982-5dfff84ed121,numbered,3766,completed,sold,1,2026-06-08 16:02:09.647926+00,2026-06-08 16:02:12.381557+00,2026-06-08 16:02:12.486117+00,0.104560,2.838191,
dcace8ae-6bcc-42ed-af5c-277a47cbc652,numbered,52933,completed,sold,1,2026-06-08 16:02:09.664631+00,2026-06-08 16:02:12.450196+00,2026-06-08 16:02:12.554839+00,0.104643,2.890208,
fc4640fa-d672-4bf7-8ef9-d9d8019c9889,numbered,95913,completed,sold,1,2026-06-08 16:02:09.681371+00,2026-06-08 16:02:12.507205+00,2026-06-08 16:02:12.6119+00,0.104695,2.930529,
9994abe0-e083-4f68-912d-6e09704f0e1f,numbered,46423,completed,sold,1,2026-06-08 16:02:09.697994+00,2026-06-08 16:02:12.577021+00,2026-06-08 16:02:12.681811+00,0.104790,2.983817,
6aeac406-7c01-4f8e-9678-6bdba02ab233,numbered,80381,completed,sold,1,2026-06-08 16:02:09.714577+00,2026-06-08 16:02:12.633404+00,2026-06-08 16:02:12.737936+00,0.104532,3.023359,
e2764685-15cd-4940-ba8a-147f39a01391,numbered,8082,completed,sold,1,2026-06-08 16:02:09.7311+00,2026-06-08 16:02:12.704074+00,2026-06-08 16:02:12.809012+00,0.104938,3.077912,
1487d079-6f67-4af8-816f-e89e78ee6ca5,numbered,4253,completed,sold,1,2026-06-08 16:02:09.747986+00,2026-06-08 16:02:12.759059+00,2026-06-08 16:02:12.863764+00,0.104705,3.115778,
62e45036-cee1-495c-b9eb-ee22bbe77d4e,numbered,62969,completed,sold,1,2026-06-08 16:02:09.764797+00,2026-06-08 16:02:12.832004+00,2026-06-08 16:02:12.936562+00,0.104558,3.171765,
e22cedab-b773-4d72-ae6c-2bd564277708,numbered,79259,completed,sold,1,2026-06-08 16:02:09.781349+00,2026-06-08 16:02:12.886465+00,2026-06-08 16:02:12.990922+00,0.104457,3.209573,
dc008a9d-e8f2-48cc-9248-0956f927c257,numbered,89446,completed,sold,1,2026-06-08 16:02:09.798041+00,2026-06-08 16:02:12.958266+00,2026-06-08 16:02:13.062946+00,0.104680,3.264905,
666d2c81-37b5-46dc-86c1-17dc510b1461,numbered,30555,completed,sold,1,2026-06-08 16:02:09.81472+00,2026-06-08 16:02:13.012012+00,2026-06-08 16:02:13.117118+00,0.105106,3.302398,
52e3537c-f3a9-45e2-940f-842a7476b40e,numbered,96264,completed,sold,1,2026-06-08 16:02:09.831199+00,2026-06-08 16:02:13.086731+00,2026-06-08 16:02:13.191418+00,0.104687,3.360219,
8b5409b1-25e5-4d6b-ae5a-5600b75eb415,numbered,10057,completed,sold,1,2026-06-08 16:02:09.847889+00,2026-06-08 16:02:13.138519+00,2026-06-08 16:02:13.243146+00,0.104627,3.395257,
33303f86-bcca-4113-a52b-426630c30a5a,numbered,43957,completed,sold,1,2026-06-08 16:02:09.864927+00,2026-06-08 16:02:13.214077+00,2026-06-08 16:02:13.319048+00,0.104971,3.454121,
a66a1f0f-23c8-4ffb-a9d7-aa42ece6aa53,numbered,69237,completed,sold,1,2026-06-08 16:02:09.881303+00,2026-06-08 16:02:13.265264+00,2026-06-08 16:02:13.369777+00,0.104513,3.488474,
c6db80d7-0ad9-4eb4-9ba2-968f22e30812,numbered,24088,completed,sold,1,2026-06-08 16:02:09.898005+00,2026-06-08 16:02:13.343882+00,2026-06-08 16:02:13.44907+00,0.105188,3.551065,
e8618ced-8ee7-4b59-a6bf-b05b887f9b25,numbered,19712,completed,sold,1,2026-06-08 16:02:09.914759+00,2026-06-08 16:02:13.39178+00,2026-06-08 16:02:13.496267+00,0.104487,3.581508,
d9689a38-fd5c-49ff-8232-9ed5868f3170,numbered,26873,completed,sold,1,2026-06-08 16:02:09.935128+00,2026-06-08 16:02:13.471853+00,2026-06-08 16:02:13.576515+00,0.104662,3.641387,
bdbae1fd-90d7-4b66-8257-72930164b0af,numbered,6821,completed,sold,1,2026-06-08 16:02:09.948112+00,2026-06-08 16:02:13.517254+00,2026-06-08 16:02:13.621747+00,0.104493,3.673635,
01d9f164-924b-4e64-a933-07a5cc549ec8,numbered,70602,completed,sold,1,2026-06-08 16:02:09.96471+00,2026-06-08 16:02:13.598862+00,2026-06-08 16:02:13.703551+00,0.104689,3.738841,
0a6ad9ed-1997-461a-a4e6-fd00eb3771fb,numbered,85482,completed,sold,1,2026-06-08 16:02:09.981214+00,2026-06-08 16:02:13.642656+00,2026-06-08 16:02:13.747127+00,0.104471,3.765913,
d13c7171-3c36-4010-9e5c-6becfa9fe46f,numbered,5591,completed,sold,1,2026-06-08 16:02:09.997953+00,2026-06-08 16:02:13.725505+00,2026-06-08 16:02:13.830251+00,0.104746,3.832298,
2c68bc01-949e-4ba5-86b1-9f2169a17e05,numbered,96141,completed,sold,1,2026-06-08 16:02:10.014632+00,2026-06-08 16:02:13.769508+00,2026-06-08 16:02:13.873893+00,0.104385,3.859261,
a99746f2-ca99-4efa-b2b3-9b990d24425d,numbered,65562,completed,sold,1,2026-06-08 16:02:10.03131+00,2026-06-08 16:02:13.852892+00,2026-06-08 16:02:13.957591+00,0.104699,3.926281,
0d6f8193-4db0-449f-af1d-13ee1732b611,numbered,39630,completed,sold,1,2026-06-08 16:02:10.048375+00,2026-06-08 16:02:13.895609+00,2026-06-08 16:02:14.000327+00,0.104718,3.951952,
08458a12-24f1-4eec-9214-88b7031ddfe2,numbered,74345,completed,sold,1,2026-06-08 16:02:10.06475+00,2026-06-08 16:02:13.979606+00,2026-06-08 16:02:14.084612+00,0.105006,4.019862,
1d000f7b-12d7-4477-a3ed-026b95e041e5,numbered,11102,completed,sold,1,2026-06-08 16:02:10.081327+00,2026-06-08 16:02:14.021988+00,2026-06-08 16:02:14.126478+00,0.104490,4.045151,
775d1531-8e6c-46d7-9101-080ddd3447d7,numbered,99329,completed,sold,1,2026-06-08 16:02:10.097996+00,2026-06-08 16:02:14.107057+00,2026-06-08 16:02:14.2117+00,0.104643,4.113704,
4d8b5e81-ba70-45c2-8344-6abc8c29c0be,numbered,26152,completed,sold,1,2026-06-08 16:02:10.11468+00,2026-06-08 16:02:14.147574+00,2026-06-08 16:02:14.251809+00,0.104235,4.137129,
0fda0854-7f7c-49c5-b7bf-bc073ad12262,numbered,56566,completed,sold,1,2026-06-08 16:02:10.131153+00,2026-06-08 16:02:14.234302+00,2026-06-08 16:02:14.339036+00,0.104734,4.207883,
1e0ff58c-e049-4c96-b3af-f63237553fb3,numbered,44724,completed,sold,1,2026-06-08 16:02:10.147951+00,2026-06-08 16:02:14.272757+00,2026-06-08 16:02:14.377784+00,0.105027,4.229833,
9364a366-b873-490d-863d-db1394971823,numbered,48610,completed,sold,1,2026-06-08 16:02:10.164843+00,2026-06-08 16:02:14.361053+00,2026-06-08 16:02:14.46628+00,0.105227,4.301437,
45b0ea69-cac6-4d86-b01f-e99065f9f626,numbered,59136,completed,sold,1,2026-06-08 16:02:10.18135+00,2026-06-08 16:02:14.399765+00,2026-06-08 16:02:14.504403+00,0.104638,4.323053,
1bf44985-bbb6-4e72-b499-dda9f82fd379,numbered,25676,completed,sold,1,2026-06-08 16:02:10.198047+00,2026-06-08 16:02:14.490254+00,2026-06-08 16:02:14.595129+00,0.104875,4.397082,
122637c6-a9d1-4bb7-b755-beee8ebcb00c,numbered,24648,completed,sold,1,2026-06-08 16:02:10.214481+00,2026-06-08 16:02:14.526347+00,2026-06-08 16:02:14.630956+00,0.104609,4.416475,
d3f38d57-8576-4bc1-8460-2dfb0bf022e7,numbered,49247,completed,sold,1,2026-06-08 16:02:10.231173+00,2026-06-08 16:02:14.617623+00,2026-06-08 16:02:14.722564+00,0.104941,4.491391,
de587f43-3127-465d-aa8d-de11fbf20cf6,numbered,38561,completed,sold,1,2026-06-08 16:02:10.247922+00,2026-06-08 16:02:14.653003+00,2026-06-08 16:02:14.758036+00,0.105033,4.510114,
010e8a20-bd50-4e6e-8d0d-cf084cf9d87f,numbered,45633,completed,sold,1,2026-06-08 16:02:10.264826+00,2026-06-08 16:02:14.745037+00,2026-06-08 16:02:14.850128+00,0.105091,4.585302,
a6f50865-416d-4c8d-9a36-f5ae37a86474,numbered,89185,completed,sold,1,2026-06-08 16:02:10.281241+00,2026-06-08 16:02:14.779527+00,2026-06-08 16:02:14.884387+00,0.104860,4.603146,
f433e094-bcfc-4a97-a4b7-b3d44ac9b891,numbered,93144,completed,sold,1,2026-06-08 16:02:10.298066+00,2026-06-08 16:02:14.875484+00,2026-06-08 16:02:14.980564+00,0.105080,4.682498,
ea17d219-845c-46f9-8b38-2e1467e8d9db,numbered,61565,completed,sold,1,2026-06-08 16:02:10.314749+00,2026-06-08 16:02:14.905719+00,2026-06-08 16:02:15.010813+00,0.105094,4.696064,
d6400035-1764-441b-9abf-72e58a4562c8,numbered,54542,completed,sold,1,2026-06-08 16:02:10.331422+00,2026-06-08 16:02:15.004695+00,2026-06-08 16:02:15.112464+00,0.107769,4.781042,
839fc730-c59d-4920-8e78-7138e3ce83e6,numbered,60257,completed,sold,1,2026-06-08 16:02:10.348008+00,2026-06-08 16:02:15.034216+00,2026-06-08 16:02:15.139528+00,0.105312,4.791520,
b3bdce53-66e6-4270-8281-3960b1a84240,numbered,59847,completed,sold,1,2026-06-08 16:02:10.364811+00,2026-06-08 16:02:15.145008+00,2026-06-08 16:02:15.250137+00,0.105129,4.885326,
9a5af32a-4421-4e8a-98b2-30e521fdfa56,numbered,80183,completed,sold,1,2026-06-08 16:02:10.381107+00,2026-06-08 16:02:15.162155+00,2026-06-08 16:02:15.267551+00,0.105396,4.886444,
13c1dbfd-6cd2-41ad-b28d-93e0b2901e32,numbered,94115,completed,sold,1,2026-06-08 16:02:10.397907+00,2026-06-08 16:02:15.274095+00,2026-06-08 16:02:15.379079+00,0.104984,4.981172,
16b607da-b2d0-45ed-bb3b-1867fba9bb04,numbered,87412,completed,sold,1,2026-06-08 16:02:10.414705+00,2026-06-08 16:02:15.289493+00,2026-06-08 16:02:15.393733+00,0.104240,4.979028,
29680677-714b-4951-a6b8-5ff85b306e63,numbered,61918,completed,sold,1,2026-06-08 16:02:10.431233+00,2026-06-08 16:02:15.403736+00,2026-06-08 16:02:15.508513+00,0.104777,5.077280,
8466ba79-975d-4fa9-8dc3-c632407c95e7,numbered,93851,completed,sold,1,2026-06-08 16:02:10.448103+00,2026-06-08 16:02:15.415971+00,2026-06-08 16:02:15.520207+00,0.104236,5.072104,
e16d56c5-39de-4c5f-a3fa-3cf976ea26e0,numbered,89904,completed,sold,1,2026-06-08 16:02:10.464674+00,2026-06-08 16:02:15.532311+00,2026-06-08 16:02:15.63715+00,0.104839,5.172476,
32a163c6-ae9f-4d89-b9d3-a8768aea2f90,numbered,90387,completed,sold,1,2026-06-08 16:02:10.481183+00,2026-06-08 16:02:15.541592+00,2026-06-08 16:02:15.646725+00,0.105133,5.165542,
26337154-8ce0-49c2-8453-e76973e317cc,numbered,34181,completed,sold,1,2026-06-08 16:02:10.498151+00,2026-06-08 16:02:15.660534+00,2026-06-08 16:02:15.765557+00,0.105023,5.267406,
99021ce2-74e3-491c-b3ab-8df9214f12bd,numbered,92121,completed,sold,1,2026-06-08 16:02:10.514554+00,2026-06-08 16:02:15.670122+00,2026-06-08 16:02:15.774991+00,0.104869,5.260437,
73fb5ea3-25cd-42af-b0e3-9b9548f8be2f,numbered,63597,completed,sold,1,2026-06-08 16:02:10.531311+00,2026-06-08 16:02:15.788452+00,2026-06-08 16:02:15.893258+00,0.104806,5.361947,
d3b8427e-4079-4f02-8290-ebcc71b630ac,numbered,35217,completed,sold,1,2026-06-08 16:02:10.548085+00,2026-06-08 16:02:15.797583+00,2026-06-08 16:02:15.902614+00,0.105031,5.354529,
8bc9c79f-31f7-46c2-adcf-b60fb919031a,numbered,52599,completed,sold,1,2026-06-08 16:02:10.564698+00,2026-06-08 16:02:15.916476+00,2026-06-08 16:02:16.021431+00,0.104955,5.456733,
ab0debad-b24e-4c70-89f8-87de10c99767,numbered,63537,completed,sold,1,2026-06-08 16:02:10.581276+00,2026-06-08 16:02:15.923569+00,2026-06-08 16:02:16.029273+00,0.105704,5.447997,
563691d9-8368-4898-ae20-c6d3a919c1e6,numbered,10146,completed,sold,1,2026-06-08 16:02:10.597977+00,2026-06-08 16:02:16.047217+00,2026-06-08 16:02:16.152259+00,0.105042,5.554282,
5a4b63ca-85e0-44d9-bc47-e2fc393a089a,numbered,27614,completed,sold,1,2026-06-08 16:02:10.614468+00,2026-06-08 16:02:16.052867+00,2026-06-08 16:02:16.158384+00,0.105517,5.543916,
f9437f60-4f61-4f9a-8abb-060f24c8695b,numbered,28674,completed,sold,1,2026-06-08 16:02:10.631291+00,2026-06-08 16:02:16.175007+00,2026-06-08 16:02:16.279882+00,0.104875,5.648591,
b2177e35-cb12-4cc7-845f-ae17c5278812,numbered,69791,completed,sold,1,2026-06-08 16:02:10.647933+00,2026-06-08 16:02:16.179533+00,2026-06-08 16:02:16.284214+00,0.104681,5.636281,
858afa5a-f344-4483-b481-8ee772c99fdc,numbered,37535,completed,sold,1,2026-06-08 16:02:10.664733+00,2026-06-08 16:02:16.304656+00,2026-06-08 16:02:16.409659+00,0.105003,5.744926,
c421018b-535a-4806-9767-cc511a4cd665,numbered,84984,completed,sold,1,2026-06-08 16:02:10.681326+00,2026-06-08 16:02:16.306277+00,2026-06-08 16:02:16.410918+00,0.104641,5.729592,
51146ed8-c672-4053-8bb5-ee10c537c550,numbered,45041,completed,sold,1,2026-06-08 16:02:10.698186+00,2026-06-08 16:02:16.437555+00,2026-06-08 16:02:16.543311+00,0.105756,5.845125,
efe32fc6-f951-4d34-839a-6cddba9820e8,numbered,76073,completed,sold,1,2026-06-08 16:02:10.714798+00,2026-06-08 16:02:16.437566+00,2026-06-08 16:02:16.543311+00,0.105745,5.828513,
01bb4036-4f88-4496-a6df-12a61c92ca4c,numbered,14059,completed,sold,1,2026-06-08 16:02:10.748061+00,2026-06-08 16:02:16.570783+00,2026-06-08 16:02:16.677722+00,0.106939,5.929661,
6e5e12d4-954c-44e3-8164-a2005a5fb5e3,numbered,97312,completed,sold,1,2026-06-08 16:02:10.731323+00,2026-06-08 16:02:16.570762+00,2026-06-08 16:02:16.677722+00,0.106960,5.946399,
559c0b8f-dbf9-4c2b-a3db-b3672dd0793c,numbered,67650,completed,sold,1,2026-06-08 16:02:10.781288+00,2026-06-08 16:02:16.709641+00,2026-06-08 16:02:16.815142+00,0.105501,6.033854,
a25a21f3-fdd9-4620-aa4f-ff09faea700f,numbered,3594,completed,sold,1,2026-06-08 16:02:10.764685+00,2026-06-08 16:02:16.710031+00,2026-06-08 16:02:16.815948+00,0.105917,6.051263,
c4218882-4298-4fae-acf0-cd987a8d7440,numbered,79687,completed,sold,1,2026-06-08 16:02:10.798455+00,2026-06-08 16:02:16.840797+00,2026-06-08 16:02:16.946623+00,0.105826,6.148168,
43f17938-8f3b-4e03-9c17-1660e2594e36,numbered,92143,completed,sold,1,2026-06-08 16:02:10.81478+00,2026-06-08 16:02:16.840797+00,2026-06-08 16:02:16.946753+00,0.105956,6.131973,
218f554b-d70a-4f7e-89da-9b741672b9b3,numbered,76257,completed,sold,1,2026-06-08 16:02:10.831282+00,2026-06-08 16:02:16.971274+00,2026-06-08 16:02:17.076325+00,0.105051,6.245043,
98428ccc-b5fe-4b26-8ef4-fea3e9e9f57e,numbered,98094,completed,sold,1,2026-06-08 16:02:10.847876+00,2026-06-08 16:02:16.972788+00,2026-06-08 16:02:17.078305+00,0.105517,6.230429,
78f3afd0-8720-4447-9aea-7b58310f7780,numbered,28512,completed,sold,1,2026-06-08 16:02:10.86458+00,2026-06-08 16:02:17.100436+00,2026-06-08 16:02:17.204726+00,0.104290,6.340146,
b9936e4f-21f4-44ff-9118-7cac1393cec5,numbered,90991,completed,sold,1,2026-06-08 16:02:10.881252+00,2026-06-08 16:02:17.10365+00,2026-06-08 16:02:17.208889+00,0.105239,6.327637,
c92f129f-0774-4246-8d2d-e0ff7338c109,numbered,33978,completed,sold,1,2026-06-08 16:02:10.898338+00,2026-06-08 16:02:17.226892+00,2026-06-08 16:02:17.331659+00,0.104767,6.433321,
2e4b9bdf-330c-4325-8c19-81002944dac6,numbered,2140,completed,sold,1,2026-06-08 16:02:10.914604+00,2026-06-08 16:02:17.231741+00,2026-06-08 16:02:17.336869+00,0.105128,6.422265,
0cb6a3cc-a0bd-47b1-95e9-5300d0cbfe7e,numbered,72671,completed,sold,1,2026-06-08 16:02:10.931496+00,2026-06-08 16:02:17.354268+00,2026-06-08 16:02:17.459016+00,0.104748,6.527520,
724f7ae2-d1ea-4f22-919e-a344a59170b3,numbered,63206,completed,sold,1,2026-06-08 16:02:10.949395+00,2026-06-08 16:02:17.359032+00,2026-06-08 16:02:17.464427+00,0.105395,6.515032,
b673b2f0-288b-414d-b0fe-6ef2cb6aafd0,numbered,51038,completed,sold,1,2026-06-08 16:02:10.965122+00,2026-06-08 16:02:17.482394+00,2026-06-08 16:02:17.586884+00,0.104490,6.621762,
e00990a5-23e5-42d0-99fa-ca2add51968f,numbered,29151,completed,sold,1,2026-06-08 16:02:10.981184+00,2026-06-08 16:02:17.487027+00,2026-06-08 16:02:17.592672+00,0.105645,6.611488,
2359efc4-b634-475b-94d3-fd5de956b241,numbered,20459,completed,sold,1,2026-06-08 16:02:10.998162+00,2026-06-08 16:02:17.609133+00,2026-06-08 16:02:17.713437+00,0.104304,6.715275,
73b82172-3cc0-4045-8348-5552e71bfe8b,numbered,38612,completed,sold,1,2026-06-08 16:02:11.014896+00,2026-06-08 16:02:17.614963+00,2026-06-08 16:02:17.720873+00,0.105910,6.705977,
9a25596f-61ae-4a07-8e10-00f8cc560b27,numbered,38482,completed,sold,1,2026-06-08 16:02:11.031184+00,2026-06-08 16:02:17.736525+00,2026-06-08 16:02:17.841379+00,0.104854,6.810195,
799bc8b9-2617-4965-b629-8c8b8722220a,numbered,67684,completed,sold,1,2026-06-08 16:02:11.048233+00,2026-06-08 16:02:17.742867+00,2026-06-08 16:02:17.849201+00,0.106334,6.800968,
a0951cee-c737-4a43-bf2e-0a508c3dad7a,numbered,10428,completed,sold,1,2026-06-08 16:02:11.064744+00,2026-06-08 16:02:17.863921+00,2026-06-08 16:02:17.968988+00,0.105067,6.904244,
562017be-a60e-4336-9221-5adb4cce2bca,numbered,48888,completed,sold,1,2026-06-08 16:02:11.081404+00,2026-06-08 16:02:17.871277+00,2026-06-08 16:02:17.976658+00,0.105381,6.895254,
d3fdf573-3498-45a8-959a-f80608d655fb,numbered,49458,completed,sold,1,2026-06-08 16:02:11.097977+00,2026-06-08 16:02:17.991716+00,2026-06-08 16:02:18.09633+00,0.104614,6.998353,
729caf84-6ba5-489f-b297-0f9ea0f24318,numbered,9426,completed,sold,1,2026-06-08 16:02:11.114616+00,2026-06-08 16:02:17.999415+00,2026-06-08 16:02:18.105248+00,0.105833,6.990632,
a6804b04-5ad5-4ebf-9d92-6fb38aafedd2,numbered,54186,completed,sold,1,2026-06-08 16:02:11.131278+00,2026-06-08 16:02:18.119486+00,2026-06-08 16:02:18.223986+00,0.104500,7.092708,
19eb2729-0c40-48a8-b30f-ce4bdbdbdd88,numbered,67647,completed,sold,1,2026-06-08 16:02:11.147862+00,2026-06-08 16:02:18.130305+00,2026-06-08 16:02:18.235346+00,0.105041,7.087484,
30fdc751-42d5-4666-82d7-192d7fd9ac15,numbered,81268,completed,sold,1,2026-06-08 16:02:11.164748+00,2026-06-08 16:02:18.246464+00,2026-06-08 16:02:18.351327+00,0.104863,7.186579,
7cd33288-eeff-432d-b6fc-5ed18808b7ac,numbered,17012,completed,sold,1,2026-06-08 16:02:11.181164+00,2026-06-08 16:02:18.258296+00,2026-06-08 16:02:18.362873+00,0.104577,7.181709,
81485299-3e15-4e4c-9c1a-026727624782,numbered,80809,completed,sold,1,2026-06-08 16:02:11.197913+00,2026-06-08 16:02:18.373607+00,2026-06-08 16:02:18.478123+00,0.104516,7.280210,
68388955-8e81-431c-8eed-0f8210afaa66,numbered,42680,completed,sold,1,2026-06-08 16:02:11.214645+00,2026-06-08 16:02:18.386254+00,2026-06-08 16:02:18.490818+00,0.104564,7.276173,
2a636876-7966-40bd-8d4a-7a1aa2393f52,numbered,61293,completed,sold,1,2026-06-08 16:02:11.231079+00,2026-06-08 16:02:18.50109+00,2026-06-08 16:02:18.606356+00,0.105266,7.375277,
7afe516c-d13f-424f-ac2f-96d2c9f44795,numbered,7104,completed,sold,1,2026-06-08 16:02:11.247996+00,2026-06-08 16:02:18.513663+00,2026-06-08 16:02:18.618692+00,0.105029,7.370696,
4e1e92e9-8a4e-4147-812a-fcd77448e7ad,numbered,67093,completed,sold,1,2026-06-08 16:02:11.264824+00,2026-06-08 16:02:18.630918+00,2026-06-08 16:02:18.735845+00,0.104927,7.471021,
d84e64bb-70fb-4fc0-86ac-5e329e9225ff,numbered,5085,completed,sold,1,2026-06-08 16:02:11.281126+00,2026-06-08 16:02:18.641093+00,2026-06-08 16:02:18.746143+00,0.105050,7.465017,
7dd13083-209e-4fc9-aeb1-ca824b87206c,numbered,7667,completed,sold,1,2026-06-08 16:02:11.297774+00,2026-06-08 16:02:18.759782+00,2026-06-08 16:02:18.864558+00,0.104776,7.566784,
f0eb6e05-c760-4ed9-948b-48979334d959,numbered,7181,completed,sold,1,2026-06-08 16:02:11.314689+00,2026-06-08 16:02:18.769989+00,2026-06-08 16:02:18.875285+00,0.105296,7.560596,
e0444e56-0ca9-4681-8113-31eb243c7cb8,numbered,85516,completed,sold,1,2026-06-08 16:02:11.331409+00,2026-06-08 16:02:18.88762+00,2026-06-08 16:02:18.992312+00,0.104692,7.660903,
d1cbf9bc-f4bf-4dfc-9b9d-081db71b2c7a,numbered,34875,completed,sold,1,2026-06-08 16:02:11.347918+00,2026-06-08 16:02:18.898335+00,2026-06-08 16:02:19.002974+00,0.104639,7.655056,
44713613-b1b2-44dc-a6df-c0cd05f55651,numbered,22324,completed,sold,1,2026-06-08 16:02:11.364525+00,2026-06-08 16:02:19.0155+00,2026-06-08 16:02:19.120014+00,0.104514,7.755489,
cb806a6f-c725-4320-a5b4-9d3436b349ca,numbered,90817,completed,sold,1,2026-06-08 16:02:11.381277+00,2026-06-08 16:02:19.025573+00,2026-06-08 16:02:19.130359+00,0.104786,7.749082,
690cf79f-49b9-4e97-84ee-6e9e1049b92a,numbered,63816,completed,sold,1,2026-06-08 16:02:11.398039+00,2026-06-08 16:02:19.143264+00,2026-06-08 16:02:19.248135+00,0.104871,7.850096,
065e3ccd-7bef-42c3-a8b8-ba6452936c01,numbered,87150,completed,sold,1,2026-06-08 16:02:11.414472+00,2026-06-08 16:02:19.152809+00,2026-06-08 16:02:19.258108+00,0.105299,7.843636,
a42033c7-186b-4065-b540-5d80206ceb69,numbered,6327,completed,sold,1,2026-06-08 16:02:11.431088+00,2026-06-08 16:02:19.271673+00,2026-06-08 16:02:19.376861+00,0.105188,7.945773,
c62c36ea-4b94-49d5-9b96-da2bd10e3485,numbered,81425,completed,sold,1,2026-06-08 16:02:11.448786+00,2026-06-08 16:02:19.280943+00,2026-06-08 16:02:19.386606+00,0.105663,7.937820,
7cf39b2f-6f4e-4a75-b955-d9dacc5cbea3,numbered,3842,completed,sold,1,2026-06-08 16:02:11.464766+00,2026-06-08 16:02:19.400946+00,2026-06-08 16:02:19.506015+00,0.105069,8.041249,
a0830870-a712-4f88-970a-00bfe099ef43,numbered,66299,completed,sold,1,2026-06-08 16:02:11.481158+00,2026-06-08 16:02:19.410463+00,2026-06-08 16:02:19.515302+00,0.104839,8.034144,
00db3aa7-9ad9-4de3-9908-74777fe6306a,numbered,5436,completed,sold,1,2026-06-08 16:02:11.49798+00,2026-06-08 16:02:19.528213+00,2026-06-08 16:02:19.633046+00,0.104833,8.135066,
ec2319aa-bf35-44a1-9440-d9e89e5b2cb1,numbered,80375,completed,sold,1,2026-06-08 16:02:11.515036+00,2026-06-08 16:02:19.537062+00,2026-06-08 16:02:19.642123+00,0.105061,8.127087,
e49424b6-66d9-40fa-a6c8-562ecd0c0177,numbered,14994,completed,sold,1,2026-06-08 16:02:11.531327+00,2026-06-08 16:02:19.655724+00,2026-06-08 16:02:19.760659+00,0.104935,8.229332,
7cef6970-9514-4726-9267-33a0d1b0465b,numbered,26162,completed,sold,1,2026-06-08 16:02:11.547989+00,2026-06-08 16:02:19.664277+00,2026-06-08 16:02:19.769747+00,0.105470,8.221758,
1f364d3c-2968-475a-b5e3-c7073cfb5a88,numbered,24136,completed,sold,1,2026-06-08 16:02:11.564878+00,2026-06-08 16:02:19.783762+00,2026-06-08 16:02:19.888709+00,0.104947,8.323831,
2257d446-a4cd-400c-9626-d0bf77195176,numbered,49092,completed,sold,1,2026-06-08 16:02:11.581336+00,2026-06-08 16:02:19.792283+00,2026-06-08 16:02:19.897675+00,0.105392,8.316339,
5260dd96-124e-49ff-a346-ec3094974c56,numbered,71501,completed,sold,1,2026-06-08 16:02:11.598059+00,2026-06-08 16:02:19.912127+00,2026-06-08 16:02:20.016786+00,0.104659,8.418727,
75f307d7-4105-43d5-af46-70ad8a46989e,numbered,61408,completed,sold,1,2026-06-08 16:02:11.614582+00,2026-06-08 16:02:19.92106+00,2026-06-08 16:02:20.026512+00,0.105452,8.411930,
70103bf4-93d2-494e-8d37-e91361eb1b8a,numbered,96156,completed,sold,1,2026-06-08 16:02:11.631383+00,2026-06-08 16:02:20.040192+00,2026-06-08 16:02:20.145052+00,0.104860,8.513669,
11f5155b-5b61-4b95-9aa6-7ce31a00911f,numbered,88293,completed,sold,1,2026-06-08 16:02:11.648025+00,2026-06-08 16:02:20.049049+00,2026-06-08 16:02:20.154672+00,0.105623,8.506647,
688ea8a0-c5dc-4433-8a7d-e36b2517dcd3,numbered,77882,completed,sold,1,2026-06-08 16:02:11.664452+00,2026-06-08 16:02:20.16812+00,2026-06-08 16:02:20.272842+00,0.104722,8.608390,
665dec57-c363-4f07-a8c9-1a2df8469bd7,numbered,44589,completed,sold,1,2026-06-08 16:02:11.681213+00,2026-06-08 16:02:20.177592+00,2026-06-08 16:02:20.282859+00,0.105267,8.601646,
4a7ee9df-b316-4dfc-8136-256e96cbd6c6,numbered,22750,completed,sold,1,2026-06-08 16:02:11.698455+00,2026-06-08 16:02:20.297079+00,2026-06-08 16:02:20.401727+00,0.104648,8.703272,
86da418f-fcbe-4ade-ab52-1f06f49f7303,numbered,77181,completed,sold,1,2026-06-08 16:02:11.714856+00,2026-06-08 16:02:20.3055+00,2026-06-08 16:02:20.410998+00,0.105498,8.696142,
0fdde194-b850-44a1-b982-5dfcd4c77800,numbered,3017,completed,sold,1,2026-06-08 16:02:11.731178+00,2026-06-08 16:02:20.424162+00,2026-06-08 16:02:20.529179+00,0.105017,8.798001,
0c3d88f3-36d6-486b-a22a-9c14b1803269,numbered,21134,completed,sold,1,2026-06-08 16:02:11.747862+00,2026-06-08 16:02:20.433552+00,2026-06-08 16:02:20.538894+00,0.105342,8.791032,
5915f88f-1dbe-401e-8ef6-33e48ff0b6ef,numbered,25829,completed,sold,1,2026-06-08 16:02:11.764891+00,2026-06-08 16:02:20.551729+00,2026-06-08 16:02:20.656319+00,0.104590,8.891428,
3908a0a1-632b-453f-b7e3-e78e9e8e539e,numbered,61344,completed,sold,1,2026-06-08 16:02:11.781322+00,2026-06-08 16:02:20.560796+00,2026-06-08 16:02:20.665808+00,0.105012,8.884486,
5ec93665-3e67-486b-9c0c-129e0950b577,numbered,10176,completed,sold,1,2026-06-08 16:02:11.798024+00,2026-06-08 16:02:20.679593+00,2026-06-08 16:02:20.784223+00,0.104630,8.986199,
2c925fac-8c54-4dbf-8bd7-af3a4fc0c887,numbered,99905,completed,sold,1,2026-06-08 16:02:11.814658+00,2026-06-08 16:02:20.688223+00,2026-06-08 16:02:20.793723+00,0.105500,8.979065,
b94d20ca-34c1-42b4-ba85-08b87ce3f222,numbered,21466,completed,sold,1,2026-06-08 16:02:11.831406+00,2026-06-08 16:02:20.806454+00,2026-06-08 16:02:20.911106+00,0.104652,9.079700,
51a7cef1-d5c9-4f32-a929-a81b08bfdc5b,numbered,19196,completed,sold,1,2026-06-08 16:02:11.848112+00,2026-06-08 16:02:20.81649+00,2026-06-08 16:02:20.921433+00,0.104943,9.073321,
6b73ae4f-71b5-47c4-a688-f34d245a0818,numbered,68326,completed,sold,1,2026-06-08 16:02:11.86473+00,2026-06-08 16:02:20.934445+00,2026-06-08 16:02:21.040994+00,0.106549,9.176264,
744bc160-65e1-4fb0-abfb-e87e57d67f6d,numbered,83638,completed,sold,1,2026-06-08 16:02:11.881287+00,2026-06-08 16:02:20.944518+00,2026-06-08 16:02:21.051082+00,0.106564,9.169795,
05713145-8aad-40f8-93ae-e8d45e50880d,numbered,27895,completed,sold,1,2026-06-08 16:02:11.898206+00,2026-06-08 16:02:21.066179+00,2026-06-08 16:02:21.171173+00,0.104994,9.272967,
b51d2ea5-257c-4379-8358-01ce6d704e28,numbered,88555,completed,sold,1,2026-06-08 16:02:11.914686+00,2026-06-08 16:02:21.074893+00,2026-06-08 16:02:21.181556+00,0.106663,9.266870,
2f3b5cdc-1292-4812-ab47-c81bd6cee183,numbered,46410,completed,sold,1,2026-06-08 16:02:11.931294+00,2026-06-08 16:02:21.195065+00,2026-06-08 16:02:21.3001+00,0.105035,9.368806,
5ccc1ed3-6689-46a7-b7f7-fcebcdcf6e76,numbered,41565,completed,sold,1,2026-06-08 16:02:11.947985+00,2026-06-08 16:02:21.204996+00,2026-06-08 16:02:21.310109+00,0.105113,9.362124,
66233f10-9f6c-4a58-b4b7-15223f5dd3b6,numbered,76590,completed,sold,1,2026-06-08 16:02:11.964817+00,2026-06-08 16:02:21.322499+00,2026-06-08 16:02:21.427431+00,0.104932,9.462614,
5e5a55aa-7c9b-4bce-8e49-27fc97d9e1b2,numbered,96798,completed,sold,1,2026-06-08 16:02:11.98116+00,2026-06-08 16:02:21.332979+00,2026-06-08 16:02:21.43793+00,0.104951,9.456770,
a51df6da-8a44-4bb8-9339-30452e1e47b0,numbered,24477,completed,sold,1,2026-06-08 16:02:11.997997+00,2026-06-08 16:02:21.451073+00,2026-06-08 16:02:21.556143+00,0.105070,9.558146,
f155be22-27fd-4ec8-a585-2eeb302268b9,numbered,8974,completed,sold,1,2026-06-08 16:02:12.014849+00,2026-06-08 16:02:21.463606+00,2026-06-08 16:02:21.568802+00,0.105196,9.553953,
907e9874-9628-40df-9787-c821d36a5906,numbered,64769,completed,sold,1,2026-06-08 16:02:12.031297+00,2026-06-08 16:02:21.579869+00,2026-06-08 16:02:21.684568+00,0.104699,9.653271,
11a98c99-51c9-4336-a287-2904a2ab9d5b,numbered,18883,completed,sold,1,2026-06-08 16:02:12.047923+00,2026-06-08 16:02:21.593273+00,2026-06-08 16:02:21.698362+00,0.105089,9.650439,
e5393079-af9a-4c7b-8903-2f257577e44f,numbered,39315,completed,sold,1,2026-06-08 16:02:12.064933+00,2026-06-08 16:02:21.707948+00,2026-06-08 16:02:21.812534+00,0.104586,9.747601,
b16a1d69-ac92-497b-a9b4-07640c85f5a1,numbered,66300,completed,sold,1,2026-06-08 16:02:12.081476+00,2026-06-08 16:02:21.722345+00,2026-06-08 16:02:21.827369+00,0.105024,9.745893,
73ca0e4a-8373-4756-9834-ea18ee680ff1,numbered,31511,completed,sold,1,2026-06-08 16:02:12.098088+00,2026-06-08 16:02:21.835752+00,2026-06-08 16:02:21.940474+00,0.104722,9.842386,
0f5f1025-1306-4926-bdec-e3d4b86fc52b,numbered,19496,completed,sold,1,2026-06-08 16:02:12.114577+00,2026-06-08 16:02:21.851862+00,2026-06-08 16:02:21.957196+00,0.105334,9.842619,
baa3082d-7c82-42d9-abd5-719b1e7cd312,numbered,69865,completed,sold,1,2026-06-08 16:02:12.131128+00,2026-06-08 16:02:21.964648+00,2026-06-08 16:02:22.069493+00,0.104845,9.938365,
d6ea6a50-36c6-4c46-92f6-96c21bec0deb,numbered,18910,completed,sold,1,2026-06-08 16:02:12.148003+00,2026-06-08 16:02:21.980503+00,2026-06-08 16:02:22.086329+00,0.105826,9.938326,
73c6ce59-5fcd-4f6c-b582-6886831567b8,numbered,33972,completed,sold,1,2026-06-08 16:02:12.164784+00,2026-06-08 16:02:22.093036+00,2026-06-08 16:02:22.198849+00,0.105813,10.034065,
2fc11bb7-5ab0-4968-9262-190c14bcd121,numbered,89937,completed,sold,1,2026-06-08 16:02:12.181259+00,2026-06-08 16:02:22.111234+00,2026-06-08 16:02:22.216609+00,0.105375,10.035350,
203e1ee1-61e6-4fcf-93da-59e61dd64407,numbered,38419,completed,sold,1,2026-06-08 16:02:12.197931+00,2026-06-08 16:02:22.221069+00,2026-06-08 16:02:22.325783+00,0.104714,10.127852,
4c552095-c977-44a2-add0-7b8aec9adc9a,numbered,80703,completed,sold,1,2026-06-08 16:02:12.214662+00,2026-06-08 16:02:22.23898+00,2026-06-08 16:02:22.344483+00,0.105503,10.129821,
5ab9eab4-f8a2-4c48-8f92-60db064b765d,numbered,35022,completed,sold,1,2026-06-08 16:02:12.231166+00,2026-06-08 16:02:22.348386+00,2026-06-08 16:02:22.453101+00,0.104715,10.221935,
31eb83c4-6eb1-4003-8e37-e1f5ed62cbe2,numbered,62047,completed,sold,1,2026-06-08 16:02:12.247898+00,2026-06-08 16:02:22.366905+00,2026-06-08 16:02:22.472499+00,0.105594,10.224601,
050c8fca-7fa6-4013-ac6d-0485c6977a2a,numbered,89957,completed,sold,1,2026-06-08 16:02:12.264701+00,2026-06-08 16:02:22.475893+00,2026-06-08 16:02:22.580775+00,0.104882,10.316074,
09e60e76-cd06-47f4-970f-ef3d0fe29b1e,numbered,58844,completed,sold,1,2026-06-08 16:02:12.28124+00,2026-06-08 16:02:22.494458+00,2026-06-08 16:02:22.599694+00,0.105236,10.318454,
b555c695-c0c2-453f-9a04-b30b1f7608e1,numbered,29311,completed,sold,1,2026-06-08 16:02:12.297774+00,2026-06-08 16:02:22.603315+00,2026-06-08 16:02:22.707952+00,0.104637,10.410178,
cde19195-9803-4027-88ac-f7d29dfff6d7,numbered,38564,completed,sold,1,2026-06-08 16:02:12.314583+00,2026-06-08 16:02:22.621765+00,2026-06-08 16:02:22.727547+00,0.105782,10.412964,
3b2a0b0a-68b9-4765-ae9d-e3236e482bcb,numbered,71787,completed,sold,1,2026-06-08 16:02:12.331327+00,2026-06-08 16:02:22.730796+00,2026-06-08 16:02:22.835742+00,0.104946,10.504415,
77906a29-0d7f-4f7a-a8a0-f2a969f3c296,numbered,97900,completed,sold,1,2026-06-08 16:02:12.347989+00,2026-06-08 16:02:22.750907+00,2026-06-08 16:02:22.856039+00,0.105132,10.508050,
92269fd9-a573-4506-b0f2-d1a21ce5d0e3,numbered,80233,completed,sold,1,2026-06-08 16:02:12.365+00,2026-06-08 16:02:22.85814+00,2026-06-08 16:02:22.96327+00,0.105130,10.598270,
8a9b77ed-1a06-4619-b042-1594261168ed,numbered,8407,completed,sold,1,2026-06-08 16:02:12.381223+00,2026-06-08 16:02:22.878728+00,2026-06-08 16:02:22.984361+00,0.105633,10.603138,
4c2e47c6-5c30-4d06-b4e6-89a8821beba1,numbered,34097,completed,sold,1,2026-06-08 16:02:12.397771+00,2026-06-08 16:02:22.986356+00,2026-06-08 16:02:23.091646+00,0.105290,10.693875,
edcf597a-abad-4a06-83e6-90c3b6c37e27,numbered,21311,completed,sold,1,2026-06-08 16:02:12.414839+00,2026-06-08 16:02:23.007986+00,2026-06-08 16:02:23.113383+00,0.105397,10.698544,
1a2972d2-45ae-4bdd-b19f-f84cca8635d8,numbered,93762,completed,sold,1,2026-06-08 16:02:12.431208+00,2026-06-08 16:02:23.113461+00,2026-06-08 16:02:23.218263+00,0.104802,10.787055,
6bb27088-92a9-44fc-ae0f-db2d1663d919,numbered,19197,completed,sold,1,2026-06-08 16:02:12.448225+00,2026-06-08 16:02:23.136559+00,2026-06-08 16:02:23.241811+00,0.105252,10.793586,
7c0434d2-8883-4ae4-9ef2-325049bf397d,numbered,71980,completed,sold,1,2026-06-08 16:02:12.464968+00,2026-06-08 16:02:23.239833+00,2026-06-08 16:02:23.34449+00,0.104657,10.879522,
2e7f07ec-c46c-4e96-8d6c-210b0719f896,numbered,60594,completed,sold,1,2026-06-08 16:02:12.481449+00,2026-06-08 16:02:23.265515+00,2026-06-08 16:02:23.370131+00,0.104616,10.888682,
8c8d023a-c430-42a1-9d3d-4e8b6066a45b,numbered,35848,completed,sold,1,2026-06-08 16:02:12.498146+00,2026-06-08 16:02:23.365638+00,2026-06-08 16:02:23.470103+00,0.104465,10.971957,
792f3103-1fd4-4078-9cfb-33157a2ccb39,numbered,66947,completed,sold,1,2026-06-08 16:02:12.514607+00,2026-06-08 16:02:23.392657+00,2026-06-08 16:02:23.497958+00,0.105301,10.983351,
0e38ba5a-0960-4eb2-aff8-93b1c727635c,numbered,35758,completed,sold,1,2026-06-08 16:02:12.531344+00,2026-06-08 16:02:23.491714+00,2026-06-08 16:02:23.596557+00,0.104843,11.065213,
fbfdd974-e602-4daa-89bb-c687daa15bae,numbered,36509,completed,sold,1,2026-06-08 16:02:12.54801+00,2026-06-08 16:02:23.521215+00,2026-06-08 16:02:23.626027+00,0.104812,11.078017,
a9120aba-cdb1-4b86-9c6c-db5984c153de,numbered,56008,completed,sold,1,2026-06-08 16:02:12.56482+00,2026-06-08 16:02:23.61834+00,2026-06-08 16:02:23.722965+00,0.104625,11.158145,
56da3ce3-404e-4437-84eb-16f604f26e6c,numbered,53004,completed,sold,1,2026-06-08 16:02:12.581194+00,2026-06-08 16:02:23.649456+00,2026-06-08 16:02:23.755663+00,0.106207,11.174469,
03587398-720e-41a0-97ac-281775ee9f65,numbered,87625,completed,sold,1,2026-06-08 16:02:12.598024+00,2026-06-08 16:02:23.745252+00,2026-06-08 16:02:23.850347+00,0.105095,11.252323,
eeccff4a-09fd-47df-8ab3-d3a1bc377e8d,numbered,72735,completed,sold,1,2026-06-08 16:02:12.61461+00,2026-06-08 16:02:23.778862+00,2026-06-08 16:02:23.883924+00,0.105062,11.269314,
84cb889c-73fc-40b3-9545-c08e9b57b02c,numbered,82333,completed,sold,1,2026-06-08 16:02:12.631153+00,2026-06-08 16:02:23.871956+00,2026-06-08 16:02:23.976887+00,0.104931,11.345734,
5ac9662e-4f71-4a2d-9ae6-cb2c0ada6266,numbered,28281,completed,sold,1,2026-06-08 16:02:12.647941+00,2026-06-08 16:02:23.906969+00,2026-06-08 16:02:24.012063+00,0.105094,11.364122,
066b7a1d-4a53-46ce-b8e3-15e6a2f5d89d,numbered,88831,completed,sold,1,2026-06-08 16:02:12.664752+00,2026-06-08 16:02:23.998995+00,2026-06-08 16:02:24.103965+00,0.104970,11.439213,
dd5defb5-2611-4979-8a3c-db9d803c43ed,numbered,93007,completed,sold,1,2026-06-08 16:02:12.681218+00,2026-06-08 16:02:24.035247+00,2026-06-08 16:02:24.140122+00,0.104875,11.458904,
a68c0ccb-03a8-4013-b2ee-bd3ac96f71ac,numbered,81297,completed,sold,1,2026-06-08 16:02:12.698011+00,2026-06-08 16:02:24.125663+00,2026-06-08 16:02:24.230537+00,0.104874,11.532526,
c6f15309-3b3b-4cfe-ae37-4b29c77eec62,numbered,44817,completed,sold,1,2026-06-08 16:02:12.714641+00,2026-06-08 16:02:24.163557+00,2026-06-08 16:02:24.268579+00,0.105022,11.553938,
8cb3904d-cb87-4124-b2d8-fe2ffe28bc2b,numbered,40476,completed,sold,1,2026-06-08 16:02:12.731316+00,2026-06-08 16:02:24.252203+00,2026-06-08 16:02:24.35669+00,0.104487,11.625374,
4f1a61a5-cb51-43c3-b795-60f67f54ad0f,numbered,99089,completed,sold,1,2026-06-08 16:02:12.747855+00,2026-06-08 16:02:24.290969+00,2026-06-08 16:02:24.395875+00,0.104906,11.648020,
e51f0f19-2fb3-40d6-9098-c7756f09f5c9,numbered,96498,completed,sold,1,2026-06-08 16:02:12.764929+00,2026-06-08 16:02:24.377709+00,2026-06-08 16:02:24.482321+00,0.104612,11.717392,
0c6df2f8-b282-46f7-9d46-85e11820c923,numbered,14385,completed,sold,1,2026-06-08 16:02:12.781331+00,2026-06-08 16:02:24.418233+00,2026-06-08 16:02:24.52311+00,0.104877,11.741779,
f5102722-ef69-4035-bf17-fa0b7d3b17d0,numbered,99352,completed,sold,1,2026-06-08 16:02:12.79824+00,2026-06-08 16:02:24.503611+00,2026-06-08 16:02:24.608164+00,0.104553,11.809924,
ccefbcde-679a-4d0b-b876-4352f5018d2a,numbered,35653,completed,sold,1,2026-06-08 16:02:12.814997+00,2026-06-08 16:02:24.545689+00,2026-06-08 16:02:24.651019+00,0.105330,11.836022,
4a040112-ad1d-4486-9268-c54d5e5fdf2f,numbered,94743,completed,sold,1,2026-06-08 16:02:12.831334+00,2026-06-08 16:02:24.630181+00,2026-06-08 16:02:24.735113+00,0.104932,11.903779,
20c0814c-bfdc-400c-8a81-90249bd4b794,numbered,45521,completed,sold,1,2026-06-08 16:02:12.84811+00,2026-06-08 16:02:24.674176+00,2026-06-08 16:02:24.779443+00,0.105267,11.931333,
c6f735fa-b613-4584-a6d1-312c71c36bf8,numbered,73032,completed,sold,1,2026-06-08 16:02:12.864721+00,2026-06-08 16:02:24.759135+00,2026-06-08 16:02:24.864085+00,0.104950,11.999364,
c93bc271-6206-40fd-a4c0-4027a9687dd4,numbered,61352,completed,sold,1,2026-06-08 16:02:12.881202+00,2026-06-08 16:02:24.802239+00,2026-06-08 16:02:24.907123+00,0.104884,12.025921,
ce73b278-bf17-4b88-bfea-5b5bce5fd352,numbered,2363,completed,sold,1,2026-06-08 16:02:12.897991+00,2026-06-08 16:02:24.886161+00,2026-06-08 16:02:24.990832+00,0.104671,12.092841,
41a4c446-91e9-421c-a940-f7a60a30e61c,numbered,36803,completed,sold,1,2026-06-08 16:02:12.91499+00,2026-06-08 16:02:24.929665+00,2026-06-08 16:02:25.035144+00,0.105479,12.120154,
e0a103f5-83a5-42da-b441-0b04cec14aeb,numbered,69020,completed,sold,1,2026-06-08 16:02:12.931309+00,2026-06-08 16:02:25.012588+00,2026-06-08 16:02:25.117278+00,0.104690,12.185969,
393a4f23-c092-4c1a-9599-59dfcacf8454,numbered,4418,completed,sold,1,2026-06-08 16:02:12.947912+00,2026-06-08 16:02:25.058333+00,2026-06-08 16:02:25.163376+00,0.105043,12.215464,
77557369-bf6a-497a-bf4f-29462ef8036a,numbered,29490,completed,sold,1,2026-06-08 16:02:12.964728+00,2026-06-08 16:02:25.139182+00,2026-06-08 16:02:25.243929+00,0.104747,12.279201,
8d1f3c58-83b3-465b-947a-d5a7ea3853f3,numbered,40658,completed,sold,1,2026-06-08 16:02:12.981489+00,2026-06-08 16:02:25.186119+00,2026-06-08 16:02:25.291389+00,0.105270,12.309900,
fb4c7061-c62d-4d93-bb01-896a3d329715,numbered,46435,completed,sold,1,2026-06-08 16:02:12.997997+00,2026-06-08 16:02:25.266409+00,2026-06-08 16:02:25.371234+00,0.104825,12.373237,
83873be0-1ced-420a-bc60-60f823c527f1,numbered,13582,completed,sold,1,2026-06-08 16:02:13.01474+00,2026-06-08 16:02:25.315082+00,2026-06-08 16:02:25.419936+00,0.104854,12.405196,
44b73b99-c64d-4541-9dbe-199d50613cb1,numbered,70430,completed,sold,1,2026-06-08 16:02:13.031477+00,2026-06-08 16:02:25.392815+00,2026-06-08 16:02:25.497953+00,0.105138,12.466476,
3bca5313-e729-45bf-a16e-be3cc305b045,numbered,11384,completed,sold,1,2026-06-08 16:02:13.048118+00,2026-06-08 16:02:25.442032+00,2026-06-08 16:02:25.546963+00,0.104931,12.498845,
63f92081-38bb-4267-ac36-5c83671b58b2,numbered,57692,completed,sold,1,2026-06-08 16:02:13.064646+00,2026-06-08 16:02:25.519404+00,2026-06-08 16:02:25.624022+00,0.104618,12.559376,
0374bb38-159d-4382-afbe-e859e99ffe33,numbered,48701,completed,sold,1,2026-06-08 16:02:13.081372+00,2026-06-08 16:02:25.569995+00,2026-06-08 16:02:25.675025+00,0.105030,12.593653,
78b49bd4-f69e-45e9-b07a-642793ff4c5e,numbered,89890,completed,sold,1,2026-06-08 16:02:13.098068+00,2026-06-08 16:02:25.645392+00,2026-06-08 16:02:25.751171+00,0.105779,12.653103,
0032f771-4a17-4701-bd7d-a24d59cdf30a,numbered,66331,completed,sold,1,2026-06-08 16:02:13.114916+00,2026-06-08 16:02:25.697191+00,2026-06-08 16:02:25.802574+00,0.105383,12.687658,
3a87fcc2-7a2f-48d9-9848-abafb118dc8a,numbered,63873,completed,sold,1,2026-06-08 16:02:13.131278+00,2026-06-08 16:02:25.772305+00,2026-06-08 16:02:25.876853+00,0.104548,12.745575,
d63c401a-829a-4ba3-a6b0-3e68ac9b7642,numbered,37116,completed,sold,1,2026-06-08 16:02:13.148058+00,2026-06-08 16:02:25.824671+00,2026-06-08 16:02:25.929646+00,0.104975,12.781588,
33df51ca-51ca-4d7b-96af-ff19ba5e3b1f,numbered,56381,completed,sold,1,2026-06-08 16:02:13.164916+00,2026-06-08 16:02:25.898432+00,2026-06-08 16:02:26.00351+00,0.105078,12.838594,
b2df2550-bd46-47c5-b9ca-9c48393cf513,numbered,90884,completed,sold,1,2026-06-08 16:02:13.181231+00,2026-06-08 16:02:25.952503+00,2026-06-08 16:02:26.057598+00,0.105095,12.876367,
4c5c54eb-35e4-4bb2-bfd8-d01a30de1c0b,numbered,5053,completed,sold,1,2026-06-08 16:02:13.197924+00,2026-06-08 16:02:26.026175+00,2026-06-08 16:02:26.132358+00,0.106183,12.934434,
e438d443-cbe8-40e6-8b01-134f6115577f,numbered,46687,completed,sold,1,2026-06-08 16:02:13.214473+00,2026-06-08 16:02:26.0802+00,2026-06-08 16:02:26.185234+00,0.105034,12.970761,
a214271f-751e-4df2-bade-66b0cb667c2e,numbered,94358,completed,sold,1,2026-06-08 16:02:13.231302+00,2026-06-08 16:02:26.153782+00,2026-06-08 16:02:26.258674+00,0.104892,13.027372,
7d43d5e4-dc4a-46c9-a0cf-0cca774f28dd,numbered,9091,completed,sold,1,2026-06-08 16:02:13.248593+00,2026-06-08 16:02:26.208928+00,2026-06-08 16:02:26.314158+00,0.105230,13.065565,
c1eab513-5996-48fe-8013-4a973108ce8a,numbered,78095,completed,sold,1,2026-06-08 16:02:13.264693+00,2026-06-08 16:02:26.280879+00,2026-06-08 16:02:26.385712+00,0.104833,13.121019,
e958e900-29bd-4eea-b9ce-8e98f0037bd2,numbered,13902,completed,sold,1,2026-06-08 16:02:13.281457+00,2026-06-08 16:02:26.336774+00,2026-06-08 16:02:26.441671+00,0.104897,13.160214,
e1858000-173a-4f40-8d5f-ad724b3d4cf0,numbered,83029,completed,sold,1,2026-06-08 16:02:13.298216+00,2026-06-08 16:02:26.407267+00,2026-06-08 16:02:26.511901+00,0.104634,13.213685,
c343c805-cd53-4219-b246-64c507afc173,numbered,85548,completed,sold,1,2026-06-08 16:02:13.314797+00,2026-06-08 16:02:26.464241+00,2026-06-08 16:02:26.569376+00,0.105135,13.254579,
7a23314f-6144-404d-aa81-cfe981f9e9b3,numbered,21433,completed,sold,1,2026-06-08 16:02:13.331358+00,2026-06-08 16:02:26.532806+00,2026-06-08 16:02:26.637675+00,0.104869,13.306317,
663761aa-dc30-4a9e-b205-498ab2832e63,numbered,78009,completed,sold,1,2026-06-08 16:02:13.348131+00,2026-06-08 16:02:26.594354+00,2026-06-08 16:02:26.699496+00,0.105142,13.351365,
1093ed28-4397-41bf-bdf5-56e0394c2631,numbered,68025,completed,sold,1,2026-06-08 16:02:13.364866+00,2026-06-08 16:02:26.658985+00,2026-06-08 16:02:26.763845+00,0.104860,13.398979,
1f9f9f70-7049-41cf-8fea-a46c778602a6,numbered,5034,completed,sold,1,2026-06-08 16:02:13.381456+00,2026-06-08 16:02:26.722358+00,2026-06-08 16:02:26.827233+00,0.104875,13.445777,
5085a89d-d5ab-428a-91c5-9d883cb89d2d,numbered,81182,completed,sold,1,2026-06-08 16:02:13.398122+00,2026-06-08 16:02:26.785792+00,2026-06-08 16:02:26.890983+00,0.105191,13.492861,
95652fb0-61bc-45ca-8b08-122f4b1ea444,numbered,82034,completed,sold,1,2026-06-08 16:02:13.414719+00,2026-06-08 16:02:26.849626+00,2026-06-08 16:02:26.954589+00,0.104963,13.539870,
8046cfed-6dfb-4f99-9047-ffcc574a605f,numbered,81503,completed,sold,1,2026-06-08 16:02:13.431265+00,2026-06-08 16:02:26.91318+00,2026-06-08 16:02:27.018074+00,0.104894,13.586809,
7e11adab-475f-4c0a-8227-e4001fc79db8,numbered,28043,completed,sold,1,2026-06-08 16:02:13.447875+00,2026-06-08 16:02:26.976959+00,2026-06-08 16:02:27.082034+00,0.105075,13.634159,
9ecdc3aa-0ee6-4623-add5-c201e4017311,numbered,95016,completed,sold,1,2026-06-08 16:02:13.464769+00,2026-06-08 16:02:27.03965+00,2026-06-08 16:02:27.144335+00,0.104685,13.679566,
913f1b0e-173a-4b18-a46f-8cd4aeed4c22,numbered,6685,completed,sold,1,2026-06-08 16:02:13.481179+00,2026-06-08 16:02:27.106023+00,2026-06-08 16:02:27.211139+00,0.105116,13.729960,
4ced8cc5-b890-486b-9c14-248ff637f9fd,numbered,3797,completed,sold,1,2026-06-08 16:02:13.497713+00,2026-06-08 16:02:27.166003+00,2026-06-08 16:02:27.271263+00,0.105260,13.773550,
8cb61182-c80b-427a-b88a-3e5500b65bd2,numbered,72186,completed,sold,1,2026-06-08 16:02:13.514541+00,2026-06-08 16:02:27.232856+00,2026-06-08 16:02:27.337681+00,0.104825,13.823140,
a48d540b-0f5a-43ee-bfd8-d82481bad3f3,numbered,50826,completed,sold,1,2026-06-08 16:02:13.531232+00,2026-06-08 16:02:27.29282+00,2026-06-08 16:02:27.398167+00,0.105347,13.866935,
64d7e179-c566-4361-97fe-fbc4ce72c045,numbered,35313,completed,sold,1,2026-06-08 16:02:13.548021+00,2026-06-08 16:02:27.36063+00,2026-06-08 16:02:27.46557+00,0.104940,13.917549,
cabf56cc-fa9e-4b63-959f-238476ddc8f1,numbered,46463,completed,sold,1,2026-06-08 16:02:13.564845+00,2026-06-08 16:02:27.419446+00,2026-06-08 16:02:27.524075+00,0.104629,13.959230,
8c5e4e94-0e94-479a-8545-64d250e1dd15,numbered,69809,completed,sold,1,2026-06-08 16:02:13.581626+00,2026-06-08 16:02:27.488529+00,2026-06-08 16:02:27.593784+00,0.105255,14.012158,
fbee0830-fe2d-40b8-ad55-7bbe98764ac0,numbered,89060,completed,sold,1,2026-06-08 16:02:13.597782+00,2026-06-08 16:02:27.54523+00,2026-06-08 16:02:27.650045+00,0.104815,14.052263,
46611aca-703b-4c55-8dda-27e415daacab,numbered,15538,completed,sold,1,2026-06-08 16:02:13.615022+00,2026-06-08 16:02:27.617186+00,2026-06-08 16:02:27.721959+00,0.104773,14.106937,
51ad7e86-23de-4985-b284-be66a8d50dfc,numbered,69090,completed,sold,1,2026-06-08 16:02:13.631133+00,2026-06-08 16:02:27.671622+00,2026-06-08 16:02:27.776057+00,0.104435,14.144924,
f5f5385f-d941-4d9b-acd3-9867cfe5fff8,numbered,69439,completed,sold,1,2026-06-08 16:02:13.647856+00,2026-06-08 16:02:27.743632+00,2026-06-08 16:02:27.84879+00,0.105158,14.200934,
003e474d-2bde-46ad-90ac-6ba4c9772bc2,numbered,77192,completed,sold,1,2026-06-08 16:02:13.664725+00,2026-06-08 16:02:27.796794+00,2026-06-08 16:02:27.901526+00,0.104732,14.236801,
24146f97-2de3-4164-a780-72ceeeda4178,numbered,2929,completed,sold,1,2026-06-08 16:02:13.681376+00,2026-06-08 16:02:27.872647+00,2026-06-08 16:02:27.978158+00,0.105511,14.296782,
d16ef300-eaed-473c-9539-7caa3b29defc,numbered,95214,completed,sold,1,2026-06-08 16:02:13.698039+00,2026-06-08 16:02:27.923488+00,2026-06-08 16:02:28.028642+00,0.105154,14.330603,
7474f1ed-7da0-4ae9-a346-af787ecf5b02,numbered,9466,completed,sold,1,2026-06-08 16:02:13.714573+00,2026-06-08 16:02:28.000518+00,2026-06-08 16:02:28.105501+00,0.104983,14.390928,
96e384aa-b321-49d6-aaa7-1d4dcff9a2d4,numbered,44140,completed,sold,1,2026-06-08 16:02:13.731219+00,2026-06-08 16:02:28.051079+00,2026-06-08 16:02:28.155991+00,0.104912,14.424772,
0acbfb0b-9de0-4007-abca-f896b31fa878,numbered,63554,completed,sold,1,2026-06-08 16:02:13.747811+00,2026-06-08 16:02:28.12891+00,2026-06-08 16:02:28.233583+00,0.104673,14.485772,
59a1429a-b5ac-4628-ae7b-e13ddf99b1c6,numbered,6054,completed,sold,1,2026-06-08 16:02:13.764528+00,2026-06-08 16:02:28.177592+00,2026-06-08 16:02:28.282242+00,0.104650,14.517714,
d8b7a3d7-f478-45dc-b82e-10df20c3d5a1,numbered,9055,completed,sold,1,2026-06-08 16:02:13.781403+00,2026-06-08 16:02:28.256254+00,2026-06-08 16:02:28.361317+00,0.105063,14.579914,
7edf9666-e941-4bb5-9c63-a21cf9c3bf2a,numbered,94187,completed,sold,1,2026-06-08 16:02:13.798092+00,2026-06-08 16:02:28.304732+00,2026-06-08 16:02:28.409804+00,0.105072,14.611712,
0f84a8dd-edb0-48ef-b2e8-c275b21b0134,numbered,92075,completed,sold,1,2026-06-08 16:02:13.814806+00,2026-06-08 16:02:28.383793+00,2026-06-08 16:02:28.488713+00,0.104920,14.673907,
62099489-01d9-4016-b133-deb826edb58b,numbered,10878,completed,sold,1,2026-06-08 16:02:13.831083+00,2026-06-08 16:02:28.431583+00,2026-06-08 16:02:28.536408+00,0.104825,14.705325,
f6cedd2d-7f18-4fef-8428-77b5f4300461,numbered,65444,completed,sold,1,2026-06-08 16:02:13.847819+00,2026-06-08 16:02:28.511178+00,2026-06-08 16:02:28.619915+00,0.108737,14.772096,
e7fd9a7c-6091-4a51-ad1b-4ecc94ee5d26,numbered,96816,completed,sold,1,2026-06-08 16:02:13.864614+00,2026-06-08 16:02:28.558072+00,2026-06-08 16:02:28.663419+00,0.105347,14.798805,
bf60000d-4b8d-4dab-8ccd-0ca5b7a0eb11,numbered,83781,completed,sold,1,2026-06-08 16:02:13.881135+00,2026-06-08 16:02:28.643495+00,2026-06-08 16:02:28.748385+00,0.104890,14.867250,
8927bf72-cff3-492c-b224-cb8101ce8faa,numbered,5448,completed,sold,1,2026-06-08 16:02:13.897715+00,2026-06-08 16:02:28.684885+00,2026-06-08 16:02:28.789954+00,0.105069,14.892239,
da397b03-5789-4b64-9bf3-ac0e7a09382d,numbered,94418,completed,sold,1,2026-06-08 16:02:13.914665+00,2026-06-08 16:02:28.771838+00,2026-06-08 16:02:28.876793+00,0.104955,14.962128,
8311ad73-f437-40e7-87b9-462759349767,numbered,77098,completed,sold,1,2026-06-08 16:02:13.931352+00,2026-06-08 16:02:28.811075+00,2026-06-08 16:02:28.915747+00,0.104672,14.984395,
f2fd6372-99b6-4a45-8ea1-afcacce63571,numbered,64735,completed,sold,1,2026-06-08 16:02:13.948028+00,2026-06-08 16:02:28.899958+00,2026-06-08 16:02:29.005061+00,0.105103,15.057033,
63f01825-c0b8-443e-862f-845aa25e85e2,numbered,42485,completed,sold,1,2026-06-08 16:02:13.964761+00,2026-06-08 16:02:28.938243+00,2026-06-08 16:02:29.042914+00,0.104671,15.078153,
8ea78323-2edb-46ab-8022-3adcbda03f67,numbered,71594,completed,sold,1,2026-06-08 16:02:13.981113+00,2026-06-08 16:02:29.029781+00,2026-06-08 16:02:29.134893+00,0.105112,15.153780,
43abd553-3662-4db3-8a13-94d1709365fb,numbered,80335,completed,sold,1,2026-06-08 16:02:13.998007+00,2026-06-08 16:02:29.064559+00,2026-06-08 16:02:29.169289+00,0.104730,15.171282,
cc2c9122-19ad-456e-a493-27d2264f5f16,numbered,28649,completed,sold,1,2026-06-08 16:02:14.014739+00,2026-06-08 16:02:29.158522+00,2026-06-08 16:02:29.263505+00,0.104983,15.248766,
42779cb3-7b23-49c5-a4a0-1112e655b40a,numbered,298,completed,sold,1,2026-06-08 16:02:14.031302+00,2026-06-08 16:02:29.190981+00,2026-06-08 16:02:29.296071+00,0.105090,15.264769,
0931d453-bb69-4c23-906c-d9726c1dee76,numbered,66619,completed,sold,1,2026-06-08 16:02:14.047991+00,2026-06-08 16:02:29.286234+00,2026-06-08 16:02:29.391029+00,0.104795,15.343038,
1490c969-e371-4ea4-9aa9-f3d0032d1a67,numbered,74880,completed,sold,1,2026-06-08 16:02:14.064726+00,2026-06-08 16:02:29.317628+00,2026-06-08 16:02:29.422153+00,0.104525,15.357427,
696ee958-07f0-46d0-9cb9-f91736108c96,numbered,23920,completed,sold,1,2026-06-08 16:02:14.081271+00,2026-06-08 16:02:29.413068+00,2026-06-08 16:02:29.517966+00,0.104898,15.436695,
b2e8c34d-313d-44aa-ad3f-14f54c3ce307,numbered,53249,completed,sold,1,2026-06-08 16:02:14.097919+00,2026-06-08 16:02:29.445271+00,2026-06-08 16:02:29.550132+00,0.104861,15.452213,
3f4d4aef-1a97-4895-b731-85bcd76170dc,numbered,65177,completed,sold,1,2026-06-08 16:02:14.114588+00,2026-06-08 16:02:29.540705+00,2026-06-08 16:02:29.645739+00,0.105034,15.531151,
8542e563-0854-4930-8f48-48f9998ba7aa,numbered,37497,completed,sold,1,2026-06-08 16:02:14.131869+00,2026-06-08 16:02:29.572363+00,2026-06-08 16:02:29.677017+00,0.104654,15.545148,
92b1a4f8-dacf-4e91-b856-83cd70074719,numbered,15471,completed,sold,1,2026-06-08 16:02:14.14787+00,2026-06-08 16:02:29.668477+00,2026-06-08 16:02:29.77335+00,0.104873,15.625480,
afe42b15-72a1-4b7a-8f96-52d111f928be,numbered,59601,completed,sold,1,2026-06-08 16:02:14.164807+00,2026-06-08 16:02:29.699097+00,2026-06-08 16:02:29.80378+00,0.104683,15.638973,
d9c5ea0b-3073-4658-b62d-03ade2221de7,numbered,95531,completed,sold,1,2026-06-08 16:02:14.181394+00,2026-06-08 16:02:29.795617+00,2026-06-08 16:02:29.900346+00,0.104729,15.718952,
e34e6c10-ae6a-46f2-a2ca-c713e4c0d9d1,numbered,44351,completed,sold,1,2026-06-08 16:02:14.19811+00,2026-06-08 16:02:29.825197+00,2026-06-08 16:02:29.929674+00,0.104477,15.731564,
690a513e-54df-41b6-bd3f-e283f6f81748,numbered,65312,completed,sold,1,2026-06-08 16:02:14.214509+00,2026-06-08 16:02:29.922893+00,2026-06-08 16:02:30.032726+00,0.109833,15.818217,
265b23dd-e80e-4d98-a07f-2d4a5ac9951d,numbered,83728,completed,sold,1,2026-06-08 16:02:14.231077+00,2026-06-08 16:02:29.951642+00,2026-06-08 16:02:30.057336+00,0.105694,15.826259,
926ca0ab-87e6-43c7-8eeb-51fd00eb9a75,numbered,24144,completed,sold,1,2026-06-08 16:02:14.247949+00,2026-06-08 16:02:30.059334+00,2026-06-08 16:02:30.164693+00,0.105359,15.916744,
58dd5cc0-5446-49c1-b1d1-dd6abca6ec9f,numbered,56269,completed,sold,1,2026-06-08 16:02:14.264606+00,2026-06-08 16:02:30.079729+00,2026-06-08 16:02:30.184957+00,0.105228,15.920351,
ea933a6e-bbf2-4c68-ab63-96709f3dfc7a,numbered,73582,completed,sold,1,2026-06-08 16:02:14.281384+00,2026-06-08 16:02:30.188297+00,2026-06-08 16:02:30.29321+00,0.104913,16.011826,
9060dbd8-6aef-472f-9be0-1bf6ae70c7bc,numbered,65273,completed,sold,1,2026-06-08 16:02:14.297962+00,2026-06-08 16:02:30.206605+00,2026-06-08 16:02:30.311648+00,0.105043,16.013686,
e326a4da-7e48-4ff8-91bb-23a1a3312549,numbered,89693,completed,sold,1,2026-06-08 16:02:14.31483+00,2026-06-08 16:02:30.317905+00,2026-06-08 16:02:30.422813+00,0.104908,16.107983,
af298995-16ab-4304-8f87-3e4c0c31502c,numbered,66196,completed,sold,1,2026-06-08 16:02:14.331355+00,2026-06-08 16:02:30.335202+00,2026-06-08 16:02:30.44027+00,0.105068,16.108915,
f5cb7095-1fef-491f-a546-a2167fdb4a9c,numbered,70689,completed,sold,1,2026-06-08 16:02:14.347903+00,2026-06-08 16:02:30.446817+00,2026-06-08 16:02:30.552534+00,0.105717,16.204631,
365c1a02-8677-4a72-9203-039171f16053,numbered,29437,completed,sold,1,2026-06-08 16:02:14.364765+00,2026-06-08 16:02:30.462582+00,2026-06-08 16:02:30.567009+00,0.104427,16.202244,
bf959b19-9f12-40ce-aef5-dc935d231f4b,numbered,13716,completed,sold,1,2026-06-08 16:02:14.381333+00,2026-06-08 16:02:30.576541+00,2026-06-08 16:02:30.681639+00,0.105098,16.300306,
70a76cf5-289e-4384-bb8d-4cede8e126c3,numbered,14661,completed,sold,1,2026-06-08 16:02:14.39798+00,2026-06-08 16:02:30.58955+00,2026-06-08 16:02:30.693958+00,0.104408,16.295978,
3016a7d2-1cbc-41ad-94bf-35cd41b9a607,numbered,96072,completed,sold,1,2026-06-08 16:02:14.414911+00,2026-06-08 16:02:30.705507+00,2026-06-08 16:02:30.810304+00,0.104797,16.395393,
25aa85b1-6cc4-4c2b-8846-d51a5b60c43e,numbered,47253,completed,sold,1,2026-06-08 16:02:14.431383+00,2026-06-08 16:02:30.714544+00,2026-06-08 16:02:30.819414+00,0.104870,16.388031,
fe5fe709-4926-46de-bedf-141b32f92f18,numbered,16172,completed,sold,1,2026-06-08 16:02:14.448101+00,2026-06-08 16:02:30.832611+00,2026-06-08 16:02:30.937447+00,0.104836,16.489346,
61ccb427-d6fd-40b8-a0ac-4ca6c94ce8dc,numbered,16452,completed,sold,1,2026-06-08 16:02:14.464756+00,2026-06-08 16:02:30.84213+00,2026-06-08 16:02:30.947202+00,0.105072,16.482446,
903a9cb3-4357-4d0e-a314-7288a5cc00fb,numbered,15555,completed,sold,1,2026-06-08 16:02:14.481245+00,2026-06-08 16:02:30.961177+00,2026-06-08 16:02:31.06637+00,0.105193,16.585125,
bb6f1702-5277-46a1-a1dc-b52dc910a92d,numbered,47997,completed,sold,1,2026-06-08 16:02:14.498035+00,2026-06-08 16:02:30.969204+00,2026-06-08 16:02:31.075166+00,0.105962,16.577131,
9dedb701-7183-4543-b453-6c3c3e0901cf,numbered,32595,completed,sold,1,2026-06-08 16:02:14.514636+00,2026-06-08 16:02:31.089967+00,2026-06-08 16:02:31.195132+00,0.105165,16.680496,
0d2ee3c9-3109-4c22-9755-f5641f5b8b00,numbered,54796,completed,sold,1,2026-06-08 16:02:14.531392+00,2026-06-08 16:02:31.096796+00,2026-06-08 16:02:31.202598+00,0.105802,16.671206,
a7b46758-d64f-439b-86b7-7a0aae90d563,numbered,8060,completed,sold,1,2026-06-08 16:02:14.5482+00,2026-06-08 16:02:31.220431+00,2026-06-08 16:02:31.325722+00,0.105291,16.777522,
2d758043-8a37-48ca-9355-a3e472902d31,numbered,40793,completed,sold,1,2026-06-08 16:02:14.564692+00,2026-06-08 16:02:31.224444+00,2026-06-08 16:02:31.329103+00,0.104659,16.764411,
6099d284-8010-46e5-9aee-9b952ac6651b,numbered,24953,completed,sold,1,2026-06-08 16:02:14.581476+00,2026-06-08 16:02:31.350859+00,2026-06-08 16:02:31.456076+00,0.105217,16.874600,
f5fc836d-457f-4ec0-9d29-85b05326df07,numbered,44778,completed,sold,1,2026-06-08 16:02:14.598101+00,2026-06-08 16:02:31.352241+00,2026-06-08 16:02:31.45703+00,0.104789,16.858929,
14b55eee-e00c-4482-aa57-cb98c3407871,numbered,70391,completed,sold,1,2026-06-08 16:02:14.614806+00,2026-06-08 16:02:31.482323+00,2026-06-08 16:02:31.588072+00,0.105749,16.973266,
b9793ef7-4267-4e01-a857-1bc761369f95,numbered,3311,completed,sold,1,2026-06-08 16:02:14.631251+00,2026-06-08 16:02:31.482326+00,2026-06-08 16:02:31.588072+00,0.105746,16.956821,
20b8946a-51cc-47e9-9587-a42dc230fb2f,numbered,6105,completed,sold,1,2026-06-08 16:02:14.647952+00,2026-06-08 16:02:31.614585+00,2026-06-08 16:02:31.720252+00,0.105667,17.072300,
ab4b25e1-1061-49f6-a9df-dac9e4cf33fa,numbered,77499,completed,sold,1,2026-06-08 16:02:14.664759+00,2026-06-08 16:02:31.614585+00,2026-06-08 16:02:31.720254+00,0.105669,17.055495,
b6e979f8-5997-4bfd-a2b9-09029d521ce5,numbered,84041,completed,sold,1,2026-06-08 16:02:14.681195+00,2026-06-08 16:02:31.743025+00,2026-06-08 16:02:31.847959+00,0.104934,17.166764,
aee24544-0fe5-4314-8ef3-24fe8db847c5,numbered,15189,completed,sold,1,2026-06-08 16:02:14.697999+00,2026-06-08 16:02:31.744583+00,2026-06-08 16:02:31.849584+00,0.105001,17.151585,
6cc8ef46-f159-43fa-bcd3-64490152519d,numbered,72905,completed,sold,1,2026-06-08 16:02:14.714767+00,2026-06-08 16:02:31.871597+00,2026-06-08 16:02:31.976447+00,0.104850,17.261680,
9ab7ee2b-2dd2-424a-afa1-eee292de5504,numbered,85294,completed,sold,1,2026-06-08 16:02:14.731138+00,2026-06-08 16:02:31.87231+00,2026-06-08 16:02:31.977091+00,0.104781,17.245953,
53db944b-a646-4dbc-8541-78ce5d46e87a,numbered,95033,completed,sold,1,2026-06-08 16:02:14.747898+00,2026-06-08 16:02:31.999788+00,2026-06-08 16:02:32.105106+00,0.105318,17.357208,
d3b6a1a8-4157-4fc0-af48-7ffa35169469,numbered,3852,completed,sold,1,2026-06-08 16:02:14.764589+00,2026-06-08 16:02:32.000764+00,2026-06-08 16:02:32.106132+00,0.105368,17.341543,
b3c296bc-c80b-4324-9024-0b2b240da06f,numbered,16687,completed,sold,1,2026-06-08 16:02:14.781155+00,2026-06-08 16:02:32.129539+00,2026-06-08 16:02:32.235227+00,0.105688,17.454072,
636b7875-fbc1-4bb2-ba7c-14a40bcafd09,numbered,69238,completed,sold,1,2026-06-08 16:02:14.798304+00,2026-06-08 16:02:32.129806+00,2026-06-08 16:02:32.235383+00,0.105577,17.437079,
07ae5503-b664-4eb4-a0e9-57a5d7477d2f,numbered,89471,completed,sold,1,2026-06-08 16:02:14.814882+00,2026-06-08 16:02:32.258449+00,2026-06-08 16:02:32.364155+00,0.105706,17.549273,
126e6124-3cdd-4b24-852e-2b00f6525a12,numbered,67824,completed,sold,1,2026-06-08 16:02:14.831318+00,2026-06-08 16:02:32.25989+00,2026-06-08 16:02:32.365247+00,0.105357,17.533929,
745c0929-b70e-4f34-9cc6-641796413a4e,numbered,21319,completed,sold,1,2026-06-08 16:02:14.848026+00,2026-06-08 16:02:32.388592+00,2026-06-08 16:02:32.493752+00,0.105160,17.645726,
c16b7f34-0740-47cf-813c-78f7e0fc24ec,numbered,5321,completed,sold,1,2026-06-08 16:02:14.864972+00,2026-06-08 16:02:32.38939+00,2026-06-08 16:02:32.494527+00,0.105137,17.629555,
6ea2218d-b2cb-4a2e-be95-4e44d2c03719,numbered,66371,completed,sold,1,2026-06-08 16:02:14.881258+00,2026-06-08 16:02:32.517181+00,2026-06-08 16:02:32.622248+00,0.105067,17.740990,
1a5590f1-32d9-4d94-9806-e955c0c0dbb0,numbered,7952,completed,sold,1,2026-06-08 16:02:14.897963+00,2026-06-08 16:02:32.518857+00,2026-06-08 16:02:32.623976+00,0.105119,17.726013,
46cf6de9-2632-4622-9493-6971859da486,numbered,86534,completed,sold,1,2026-06-08 16:02:14.914685+00,2026-06-08 16:02:32.648078+00,2026-06-08 16:02:32.754184+00,0.106106,17.839499,
beb3dd64-f7ef-429f-a199-734e111082e8,numbered,85285,completed,sold,1,2026-06-08 16:02:14.931467+00,2026-06-08 16:02:32.648078+00,2026-06-08 16:02:32.754184+00,0.106106,17.822717,
6ddd72ae-563d-4a01-8c3c-e7b5735bda04,numbered,9257,completed,sold,1,2026-06-08 16:02:14.948332+00,2026-06-08 16:02:32.781151+00,2026-06-08 16:02:32.887055+00,0.105904,17.938723,
dae52c77-9508-4e2a-93e7-b4b2a8d89eb1,numbered,66383,completed,sold,1,2026-06-08 16:02:14.964669+00,2026-06-08 16:02:32.781144+00,2026-06-08 16:02:32.887055+00,0.105911,17.922386,
3b2aff5f-7ce0-4bf3-b8d4-c2fa9fd8ef42,numbered,88493,completed,sold,1,2026-06-08 16:02:14.981231+00,2026-06-08 16:02:32.912897+00,2026-06-08 16:02:33.01894+00,0.106043,18.037709,
5b450287-180d-4cc1-8abc-51acbc64ad11,numbered,54744,completed,sold,1,2026-06-08 16:02:14.998044+00,2026-06-08 16:02:32.912897+00,2026-06-08 16:02:33.019002+00,0.106105,18.020958,
27b7fdd1-1892-4d50-9833-51f4381c63b8,numbered,75006,completed,sold,1,2026-06-08 16:02:15.032424+00,2026-06-08 16:02:33.045041+00,2026-06-08 16:02:33.152613+00,0.107572,18.120189,
68f17b42-961e-49a3-933b-13f69d3dee14,numbered,14132,completed,sold,1,2026-06-08 16:02:15.015092+00,2026-06-08 16:02:33.045041+00,2026-06-08 16:02:33.152613+00,0.107572,18.137521,
70f3bae3-9f1c-4d9d-a24b-b1ac9a1515e6,numbered,8369,completed,sold,1,2026-06-08 16:02:15.04829+00,2026-06-08 16:02:33.180677+00,2026-06-08 16:02:33.286662+00,0.105985,18.238372,
c231a5ab-d7e4-419a-b2e2-acf1584a7a86,numbered,79084,completed,sold,1,2026-06-08 16:02:15.065063+00,2026-06-08 16:02:33.180677+00,2026-06-08 16:02:33.286748+00,0.106071,18.221685,
530329db-ddfd-4a7d-ab61-2d64449088fc,numbered,30991,completed,sold,1,2026-06-08 16:02:15.098328+00,2026-06-08 16:02:33.312422+00,2026-06-08 16:02:33.418158+00,0.105736,18.319830,
895cc372-882b-439e-9c90-5b959a697793,numbered,71347,completed,sold,1,2026-06-08 16:02:15.081356+00,2026-06-08 16:02:33.312898+00,2026-06-08 16:02:33.418158+00,0.105260,18.336802,
fd311db1-e4c9-4399-9164-b719ee7506f1,numbered,23115,completed,sold,1,2026-06-08 16:02:15.131398+00,2026-06-08 16:02:33.444043+00,2026-06-08 16:02:33.550102+00,0.106059,18.418704,
54b3b6d7-0adb-408d-b20b-8319c214f5b3,numbered,62541,completed,sold,1,2026-06-08 16:02:15.114681+00,2026-06-08 16:02:33.444042+00,2026-06-08 16:02:33.550204+00,0.106162,18.435523,
2c7ee105-6842-4e89-b47d-96a7c7d96d48,numbered,3607,completed,sold,1,2026-06-08 16:02:15.164822+00,2026-06-08 16:02:33.575731+00,2026-06-08 16:02:33.682119+00,0.106388,18.517297,
4a14bb0b-beaf-4e55-8f9f-1b9285566cf3,numbered,46200,completed,sold,1,2026-06-08 16:02:15.147878+00,2026-06-08 16:02:33.575731+00,2026-06-08 16:02:33.682119+00,0.106388,18.534241,
3b71aef6-0954-47b2-be31-1104539f929d,numbered,26054,completed,sold,1,2026-06-08 16:02:15.181476+00,2026-06-08 16:02:33.706928+00,2026-06-08 16:02:33.811964+00,0.105036,18.630488,
39b71745-03fb-4797-b9d1-919d574ee415,numbered,82444,completed,sold,1,2026-06-08 16:02:15.198349+00,2026-06-08 16:02:33.708605+00,2026-06-08 16:02:33.813815+00,0.105210,18.615466,
2d785d7c-2c16-456d-902f-06fe76f04462,numbered,36480,completed,sold,1,2026-06-08 16:02:15.214844+00,2026-06-08 16:02:33.836109+00,2026-06-08 16:02:33.941068+00,0.104959,18.726224,
000a1bee-c32e-4940-a545-2f339c9870ce,numbered,68691,completed,sold,1,2026-06-08 16:02:15.231416+00,2026-06-08 16:02:33.837524+00,2026-06-08 16:02:33.942609+00,0.105085,18.711193,
a7bc4f30-30f0-4bd5-8525-16d0c5bfb62a,numbered,71890,completed,sold,1,2026-06-08 16:02:15.247902+00,2026-06-08 16:02:33.965229+00,2026-06-08 16:02:34.070079+00,0.104850,18.822177,
7d646eb5-c37c-46ca-b6f1-40f1cffd8ee2,numbered,17615,completed,sold,1,2026-06-08 16:02:15.264759+00,2026-06-08 16:02:33.966395+00,2026-06-08 16:02:34.071428+00,0.105033,18.806669,
0d30b72b-0ee7-487a-a45d-3ade2df32ad0,numbered,66425,completed,sold,1,2026-06-08 16:02:15.281332+00,2026-06-08 16:02:34.094535+00,2026-06-08 16:02:34.199699+00,0.105164,18.918367,
6844a327-c4c2-4c11-bb55-d776edce6f85,numbered,23123,completed,sold,1,2026-06-08 16:02:15.298024+00,2026-06-08 16:02:34.095389+00,2026-06-08 16:02:34.200271+00,0.104882,18.902247,
63335309-ce44-44f3-b475-a3fe3396fdc3,numbered,10626,completed,sold,1,2026-06-08 16:02:15.315017+00,2026-06-08 16:02:34.22382+00,2026-06-08 16:02:34.329004+00,0.105184,19.013987,
b4b46a5a-64db-4c28-ab06-e9cf6b00fa64,numbered,54538,completed,sold,1,2026-06-08 16:02:15.331497+00,2026-06-08 16:02:34.224675+00,2026-06-08 16:02:34.329548+00,0.104873,18.998051,
6c73fadf-927e-4a48-9afb-0205bbbdc319,numbered,23401,completed,sold,1,2026-06-08 16:02:15.348271+00,2026-06-08 16:02:34.354934+00,2026-06-08 16:02:34.460561+00,0.105627,19.112290,
2037f820-114d-4b30-ab82-a6783a255a22,numbered,21699,completed,sold,1,2026-06-08 16:02:15.36483+00,2026-06-08 16:02:34.354934+00,2026-06-08 16:02:34.46063+00,0.105696,19.095800,
bebcc429-4d70-466b-ac1f-3ee5e1cefb39,numbered,72278,completed,sold,1,2026-06-08 16:02:15.381357+00,2026-06-08 16:02:34.485371+00,2026-06-08 16:02:34.590288+00,0.104917,19.208931,
6f95251a-7d5d-4a6f-8cc7-9634167b4d70,numbered,6581,completed,sold,1,2026-06-08 16:02:15.398052+00,2026-06-08 16:02:34.485999+00,2026-06-08 16:02:34.591067+00,0.105068,19.193015,
2287ebe8-1248-4a11-ab56-d49ea0d93166,numbered,49674,completed,sold,1,2026-06-08 16:02:15.41449+00,2026-06-08 16:02:34.614936+00,2026-06-08 16:02:34.720472+00,0.105536,19.305982,
8e02eb95-5b6b-42a6-acd4-127825101b96,numbered,72189,completed,sold,1,2026-06-08 16:02:15.43137+00,2026-06-08 16:02:34.615225+00,2026-06-08 16:02:34.720748+00,0.105523,19.289378,
725f192e-5a02-4351-8479-87711d76d029,numbered,59824,completed,sold,1,2026-06-08 16:02:15.464756+00,2026-06-08 16:02:34.745439+00,2026-06-08 16:02:34.851417+00,0.105978,19.386661,
73e79d7e-cb04-4204-8114-ff2fa832941e,numbered,53925,completed,sold,1,2026-06-08 16:02:15.447956+00,2026-06-08 16:02:34.746022+00,2026-06-08 16:02:34.851748+00,0.105726,19.403792,
8223970f-7940-41d9-880c-c9658180804c,numbered,28867,completed,sold,1,2026-06-08 16:02:15.481363+00,2026-06-08 16:02:34.876744+00,2026-06-08 16:02:34.982013+00,0.105269,19.500650,
e696c185-dd60-477b-980e-af6912d28cb7,numbered,9387,completed,sold,1,2026-06-08 16:02:15.498004+00,2026-06-08 16:02:34.876753+00,2026-06-08 16:02:34.983094+00,0.106341,19.485090,
23506749-69af-43d8-ba85-aa2873396e1a,numbered,87283,completed,sold,1,2026-06-08 16:02:15.531335+00,2026-06-08 16:02:35.007425+00,2026-06-08 16:02:35.112515+00,0.105090,19.581180,
4f89c683-e324-4858-9d37-6a139ade9e07,numbered,90109,completed,sold,1,2026-06-08 16:02:15.514641+00,2026-06-08 16:02:35.007819+00,2026-06-08 16:02:35.113346+00,0.105527,19.598705,
ef704706-3a62-45f8-81d2-3be5d298d856,numbered,12609,completed,sold,1,2026-06-08 16:02:15.548263+00,2026-06-08 16:02:35.137355+00,2026-06-08 16:02:35.242802+00,0.105447,19.694539,
bdcee3aa-38d4-4844-b53e-4b222d48cf49,numbered,46932,completed,sold,1,2026-06-08 16:02:15.566514+00,2026-06-08 16:02:35.138719+00,2026-06-08 16:02:35.244046+00,0.105327,19.677532,
a0b7b329-a633-48bf-86b6-04426995ad6c,numbered,19033,completed,sold,1,2026-06-08 16:02:15.581393+00,2026-06-08 16:02:35.268449+00,2026-06-08 16:02:35.374368+00,0.105919,19.792975,
90068ff7-4f8f-4b95-9169-a9bee5747d3e,numbered,68553,completed,sold,1,2026-06-08 16:02:15.598257+00,2026-06-08 16:02:35.268569+00,2026-06-08 16:02:35.374535+00,0.105966,19.776278,
e8d54870-5cd8-4948-b0b9-daf030b3836b,numbered,29959,completed,sold,1,2026-06-08 16:02:15.615025+00,2026-06-08 16:02:35.398126+00,2026-06-08 16:02:35.502708+00,0.104582,19.887683,
cb5d29e8-fb61-44a8-8ac0-bf52c7bbfa41,numbered,90053,completed,sold,1,2026-06-08 16:02:15.631449+00,2026-06-08 16:02:35.403209+00,2026-06-08 16:02:35.508755+00,0.105546,19.877306,
0010d5a1-5fc8-4613-b631-37b9fa1e94c5,numbered,4239,completed,sold,1,2026-06-08 16:02:15.64794+00,2026-06-08 16:02:35.524779+00,2026-06-08 16:02:35.629539+00,0.104760,19.981599,
1979646f-0c10-4abd-adfd-49d51f3154aa,numbered,37073,completed,sold,1,2026-06-08 16:02:15.664874+00,2026-06-08 16:02:35.530936+00,2026-06-08 16:02:35.636326+00,0.105390,19.971452,
479e164b-b47c-492f-b2b9-d6024d972d46,numbered,26130,completed,sold,1,2026-06-08 16:02:15.681411+00,2026-06-08 16:02:35.652145+00,2026-06-08 16:02:35.756931+00,0.104786,20.075520,
2b69d033-2398-4467-adee-6123a3fa2e8a,numbered,67746,completed,sold,1,2026-06-08 16:02:15.698381+00,2026-06-08 16:02:35.658106+00,2026-06-08 16:02:35.763615+00,0.105509,20.065234,
72165418-8de3-4740-bc93-b1c665dab5f7,numbered,57382,completed,sold,1,2026-06-08 16:02:15.714942+00,2026-06-08 16:02:35.779842+00,2026-06-08 16:02:35.884537+00,0.104695,20.169595,
d578c987-2dc5-46ba-acc1-a6330733a7c2,numbered,74874,completed,sold,1,2026-06-08 16:02:15.73142+00,2026-06-08 16:02:35.786789+00,2026-06-08 16:02:35.893189+00,0.106400,20.161769,
9f5fde47-f6f5-4ddb-a5a5-b79e7d32d8bf,numbered,26186,completed,sold,1,2026-06-08 16:02:15.747962+00,2026-06-08 16:02:35.907804+00,2026-06-08 16:02:36.012797+00,0.104993,20.264835,
c7003f05-73f8-41f8-90c1-8852d03f7f97,numbered,29631,completed,sold,1,2026-06-08 16:02:15.764727+00,2026-06-08 16:02:35.918979+00,2026-06-08 16:02:36.023827+00,0.104848,20.259100,
2c417ebf-274d-4b69-b7fb-d0aac24eddfa,numbered,17160,completed,sold,1,2026-06-08 16:02:15.781247+00,2026-06-08 16:02:36.035728+00,2026-06-08 16:02:36.140568+00,0.104840,20.359321,
ab6df66b-f06c-4a27-839d-91570a45977f,numbered,96847,completed,sold,1,2026-06-08 16:02:15.797935+00,2026-06-08 16:02:36.047145+00,2026-06-08 16:02:36.152509+00,0.105364,20.354574,
2f5064bb-af02-4c58-9461-bc44cedffd69,numbered,36406,completed,sold,1,2026-06-08 16:02:15.814939+00,2026-06-08 16:02:36.164238+00,2026-06-08 16:02:36.269034+00,0.104796,20.454095,
82065f25-20a0-4d86-8e67-2c7a46b8083d,numbered,47501,completed,sold,1,2026-06-08 16:02:15.831369+00,2026-06-08 16:02:36.176646+00,2026-06-08 16:02:36.2813+00,0.104654,20.449931,
91859816-e341-4e01-aca1-c633efe6fc5a,numbered,23039,completed,sold,1,2026-06-08 16:02:15.848097+00,2026-06-08 16:02:36.291901+00,2026-06-08 16:02:36.396497+00,0.104596,20.548400,
21d475e6-a8ee-49fd-90c6-efcfbfaf1f04,numbered,72950,completed,sold,1,2026-06-08 16:02:15.864812+00,2026-06-08 16:02:36.304818+00,2026-06-08 16:02:36.409793+00,0.104975,20.544981,
d2917ead-c93c-42a0-be0b-3e40f9d07456,numbered,53576,completed,sold,1,2026-06-08 16:02:15.881443+00,2026-06-08 16:02:36.419487+00,2026-06-08 16:02:36.524145+00,0.104658,20.642702,
024df725-381f-41d3-bcc4-95914ce7b16a,numbered,56377,completed,sold,1,2026-06-08 16:02:15.898013+00,2026-06-08 16:02:36.434286+00,2026-06-08 16:02:36.539124+00,0.104838,20.641111,
37f96c14-b818-42f9-9f92-8b63892958b6,numbered,83840,completed,sold,1,2026-06-08 16:02:15.915087+00,2026-06-08 16:02:36.547092+00,2026-06-08 16:02:36.651686+00,0.104594,20.736599,
8611b2f5-451e-44be-9c0c-3db56a8723de,numbered,23326,completed,sold,1,2026-06-08 16:02:15.931263+00,2026-06-08 16:02:36.561257+00,2026-06-08 16:02:36.665876+00,0.104619,20.734613,
f3e7c9c6-9dc5-4ae9-bbe9-baabdbf30aa1,numbered,10060,completed,sold,1,2026-06-08 16:02:15.947986+00,2026-06-08 16:02:36.674441+00,2026-06-08 16:02:36.779495+00,0.105054,20.831509,
a4c8e435-19bb-451a-99e1-a8c24d51a150,numbered,49556,completed,sold,1,2026-06-08 16:02:15.964904+00,2026-06-08 16:02:36.689395+00,2026-06-08 16:02:36.794674+00,0.105279,20.829770,
ea341dac-3464-48cd-9ffc-553118d4f8ec,numbered,19896,completed,sold,1,2026-06-08 16:02:15.981254+00,2026-06-08 16:02:36.803291+00,2026-06-08 16:02:36.90816+00,0.104869,20.926906,
807692b5-5730-4e1d-9f11-9dc0bafbcecb,numbered,80346,completed,sold,1,2026-06-08 16:02:15.998103+00,2026-06-08 16:02:36.817561+00,2026-06-08 16:02:36.922109+00,0.104548,20.924006,
75d77dee-a628-4fd2-981f-7c39b495122a,numbered,44488,completed,sold,1,2026-06-08 16:02:16.015124+00,2026-06-08 16:02:36.931232+00,2026-06-08 16:02:37.036869+00,0.105637,21.021745,
3de516a2-071f-4aa1-8037-f203acc40284,numbered,64455,completed,sold,1,2026-06-08 16:02:16.031218+00,2026-06-08 16:02:36.944991+00,2026-06-08 16:02:37.049926+00,0.104935,21.018708,
797c5f22-6178-4d14-a7cf-3e9c6871413d,numbered,59287,completed,sold,1,2026-06-08 16:02:16.047906+00,2026-06-08 16:02:37.060648+00,2026-06-08 16:02:37.165411+00,0.104763,21.117505,
ad7b39fa-c1e1-4415-a136-badc07eb32dc,numbered,50935,completed,sold,1,2026-06-08 16:02:16.064784+00,2026-06-08 16:02:37.073331+00,2026-06-08 16:02:37.178085+00,0.104754,21.113301,
61542499-390c-42eb-ae60-bf4e874e075c,numbered,45371,completed,sold,1,2026-06-08 16:02:16.081328+00,2026-06-08 16:02:37.188192+00,2026-06-08 16:02:37.293165+00,0.104973,21.211837,
dda08e5a-ae58-4dfb-abb9-0e70aeb8c699,numbered,67035,completed,sold,1,2026-06-08 16:02:16.098156+00,2026-06-08 16:02:37.201969+00,2026-06-08 16:02:37.306927+00,0.104958,21.208771,
74cd4a8d-f027-49b3-bd92-057bda5475eb,numbered,81854,completed,sold,1,2026-06-08 16:02:16.114698+00,2026-06-08 16:02:37.316554+00,2026-06-08 16:02:37.421498+00,0.104944,21.306800,
e392f3d2-f145-491f-8e97-439e44e3d12b,numbered,78658,completed,sold,1,2026-06-08 16:02:16.131412+00,2026-06-08 16:02:37.329511+00,2026-06-08 16:02:37.434295+00,0.104784,21.302883,
29e782fc-11a2-4303-b856-0488c43f3579,numbered,84196,completed,sold,1,2026-06-08 16:02:16.147985+00,2026-06-08 16:02:37.444888+00,2026-06-08 16:02:37.54978+00,0.104892,21.401795,
59fe5edd-8286-4f6f-baad-9d7c19f00bdd,numbered,67757,completed,sold,1,2026-06-08 16:02:16.164691+00,2026-06-08 16:02:37.458443+00,2026-06-08 16:02:37.563367+00,0.104924,21.398676,
fbc9d28a-b95c-46bf-b0d0-646a492218a1,numbered,26243,completed,sold,1,2026-06-08 16:02:16.181202+00,2026-06-08 16:02:37.572721+00,2026-06-08 16:02:37.677475+00,0.104754,21.496273,
b2a3e214-a00b-48d5-9ceb-7427e098072d,numbered,42208,completed,sold,1,2026-06-08 16:02:16.198482+00,2026-06-08 16:02:37.58557+00,2026-06-08 16:02:37.690694+00,0.105124,21.492212,
8484348c-ca73-49ef-9d30-4636e5a1fea6,numbered,26348,completed,sold,1,2026-06-08 16:02:16.214851+00,2026-06-08 16:02:37.700471+00,2026-06-08 16:02:37.805535+00,0.105064,21.590684,
554350c1-fc61-47f0-abfd-f4e7ed4e9b72,numbered,26730,completed,sold,1,2026-06-08 16:02:16.231421+00,2026-06-08 16:02:37.71412+00,2026-06-08 16:02:37.818938+00,0.104818,21.587517,
7e67736e-b833-4cb2-8fb7-9406f036a058,numbered,3708,completed,sold,1,2026-06-08 16:02:16.248255+00,2026-06-08 16:02:37.827893+00,2026-06-08 16:02:37.932647+00,0.104754,21.684392,
074c64d0-a426-4dbb-bb46-328ca9fa615d,numbered,1164,completed,sold,1,2026-06-08 16:02:16.264831+00,2026-06-08 16:02:37.842795+00,2026-06-08 16:02:37.947738+00,0.104943,21.682907,
89fb7ee3-cd9f-4590-8fe6-7e9f5f78b1e8,numbered,69325,completed,sold,1,2026-06-08 16:02:16.281174+00,2026-06-08 16:02:37.955921+00,2026-06-08 16:02:38.060801+00,0.104880,21.779627,
974a8413-be3e-446c-8b1a-4e650d058dd9,numbered,32069,completed,sold,1,2026-06-08 16:02:16.297788+00,2026-06-08 16:02:37.971855+00,2026-06-08 16:02:38.077459+00,0.105604,21.779671,
3c6a6d57-3d24-4fdf-a195-60ebf8f4f946,numbered,59479,completed,sold,1,2026-06-08 16:02:16.314833+00,2026-06-08 16:02:38.084482+00,2026-06-08 16:02:38.190158+00,0.105676,21.875325,
b8b4d9fa-b6a6-429e-a9bb-866680996e54,numbered,45689,completed,sold,1,2026-06-08 16:02:16.331396+00,2026-06-08 16:02:38.106393+00,2026-06-08 16:02:38.211739+00,0.105346,21.880343,
8aa41647-2332-4f12-a4d6-56c9f49fb4c2,numbered,83221,completed,sold,1,2026-06-08 16:02:16.348091+00,2026-06-08 16:02:38.212437+00,2026-06-08 16:02:38.317402+00,0.104965,21.969311,
8fd85562-7cf6-4ab9-a5e7-706407a1e69d,numbered,43976,completed,sold,1,2026-06-08 16:02:16.364936+00,2026-06-08 16:02:38.23497+00,2026-06-08 16:02:38.340297+00,0.105327,21.975361,
e4b4341d-2e6f-4b78-94f9-66dbd8026568,numbered,86112,completed,sold,1,2026-06-08 16:02:16.381303+00,2026-06-08 16:02:38.340249+00,2026-06-08 16:02:38.444976+00,0.104727,22.063673,
42b91983-8a36-4eb7-a37d-e0c2e7f83d85,numbered,44269,completed,sold,1,2026-06-08 16:02:16.398017+00,2026-06-08 16:02:38.362755+00,2026-06-08 16:02:38.468269+00,0.105514,22.070252,
fce55cb3-1ba9-4e14-bc98-e3472b86a12a,numbered,49726,completed,sold,1,2026-06-08 16:02:16.414673+00,2026-06-08 16:02:38.467967+00,2026-06-08 16:02:38.572964+00,0.104997,22.158291,
51050223-795b-4651-a29b-5ba908ac1e4f,numbered,34959,completed,sold,1,2026-06-08 16:02:16.431225+00,2026-06-08 16:02:38.490321+00,2026-06-08 16:02:38.595472+00,0.105151,22.164247,
04253ccd-9c76-420a-b80c-220ac0d9e68c,numbered,77783,completed,sold,1,2026-06-08 16:02:16.447954+00,2026-06-08 16:02:38.595831+00,2026-06-08 16:02:38.700356+00,0.104525,22.252402,
8341ae62-a12e-4283-9422-2d76fe9e56f5,numbered,88457,completed,sold,1,2026-06-08 16:02:16.465023+00,2026-06-08 16:02:38.618445+00,2026-06-08 16:02:38.723599+00,0.105154,22.258576,
a07ebb3f-110a-4a62-a684-42a2c2775880,numbered,79281,completed,sold,1,2026-06-08 16:02:16.481601+00,2026-06-08 16:02:38.722193+00,2026-06-08 16:02:38.827095+00,0.104902,22.345494,
f57f8054-fa58-42f4-96cf-17eecfff027f,numbered,32337,completed,sold,1,2026-06-08 16:02:16.498113+00,2026-06-08 16:02:38.746005+00,2026-06-08 16:02:38.851322+00,0.105317,22.353209,
03519a41-2190-484a-b4f2-2ef65a5ab5af,numbered,6836,completed,sold,1,2026-06-08 16:02:16.514646+00,2026-06-08 16:02:38.849538+00,2026-06-08 16:02:38.954134+00,0.104596,22.439488,
b24a15ed-88cc-4d24-8131-1b63e8144125,numbered,59184,completed,sold,1,2026-06-08 16:02:16.531402+00,2026-06-08 16:02:38.874129+00,2026-06-08 16:02:38.979102+00,0.104973,22.447700,
42bb7a91-d559-470e-8f8c-ca5cb91a2218,numbered,60054,completed,sold,1,2026-06-08 16:02:16.548338+00,2026-06-08 16:02:38.975522+00,2026-06-08 16:02:39.080179+00,0.104657,22.531841,
f7205fac-b16d-4d8a-a89a-4c5cd4671eb2,numbered,1138,completed,sold,1,2026-06-08 16:02:16.564635+00,2026-06-08 16:02:39.002536+00,2026-06-08 16:02:39.107334+00,0.104798,22.542699,
b2208bd3-0507-4318-be86-559d3e890fe0,numbered,57564,completed,sold,1,2026-06-08 16:02:16.581265+00,2026-06-08 16:02:39.102254+00,2026-06-08 16:02:39.206978+00,0.104724,22.625713,
7dbf5a03-f646-4217-a156-43a6f77ad8d9,numbered,36902,completed,sold,1,2026-06-08 16:02:16.598054+00,2026-06-08 16:02:39.130325+00,2026-06-08 16:02:39.235357+00,0.105032,22.637303,
76b25389-2b58-4b93-b5d1-234fc6f32ece,numbered,18527,completed,sold,1,2026-06-08 16:02:16.614922+00,2026-06-08 16:02:39.228259+00,2026-06-08 16:02:39.332952+00,0.104693,22.718030,
55ee7558-a7eb-4dea-a3ef-7b1b6594a410,numbered,44629,completed,sold,1,2026-06-08 16:02:16.631313+00,2026-06-08 16:02:39.262499+00,2026-06-08 16:02:39.367657+00,0.105158,22.736344,
66a73637-3874-4ee0-a623-f6b5a6fa9715,numbered,24610,completed,sold,1,2026-06-08 16:02:16.648025+00,2026-06-08 16:02:39.354833+00,2026-06-08 16:02:39.460034+00,0.105201,22.812009,
a3019500-6032-4d63-852c-5abce71dd5bb,numbered,71533,completed,sold,1,2026-06-08 16:02:16.664927+00,2026-06-08 16:02:39.396437+00,2026-06-08 16:02:39.501576+00,0.105139,22.836649,
50753043-e0ef-4a99-9ca5-9fe8bf6e3a22,numbered,44172,completed,sold,1,2026-06-08 16:02:16.681609+00,2026-06-08 16:02:39.482196+00,2026-06-08 16:02:39.587186+00,0.104990,22.905577,
8092adbe-7821-4f21-976b-40db31d90d24,numbered,48558,completed,sold,1,2026-06-08 16:02:16.699274+00,2026-06-08 16:02:39.52373+00,2026-06-08 16:02:39.628805+00,0.105075,22.929531,
f3e19787-40fb-4bb6-9050-2e2cfcd333cc,numbered,24117,completed,sold,1,2026-06-08 16:02:16.714871+00,2026-06-08 16:02:39.608703+00,2026-06-08 16:02:39.713287+00,0.104584,22.998416,
c94d4ce7-2378-459f-9a81-5d1134119fbc,numbered,83823,completed,sold,1,2026-06-08 16:02:16.731836+00,2026-06-08 16:02:39.65502+00,2026-06-08 16:02:39.760076+00,0.105056,23.028240,
4c2ba5ae-af23-4877-96a8-3198f345b35f,numbered,49922,completed,sold,1,2026-06-08 16:02:16.748141+00,2026-06-08 16:02:39.734603+00,2026-06-08 16:02:39.839478+00,0.104875,23.091337,
3e9e28f9-2fab-4b4b-bf39-d497621feff1,numbered,86073,completed,sold,1,2026-06-08 16:02:16.764691+00,2026-06-08 16:02:39.783898+00,2026-06-08 16:02:39.88872+00,0.104822,23.124029,
43353fb6-4bb5-454b-892a-adbbb5bc6493,numbered,54363,completed,sold,1,2026-06-08 16:02:16.781321+00,2026-06-08 16:02:39.861084+00,2026-06-08 16:02:39.965511+00,0.104427,23.184190,
1ba76411-e03f-4e26-9946-b1352e3f11b6,numbered,41602,completed,sold,1,2026-06-08 16:02:16.798024+00,2026-06-08 16:02:39.910329+00,2026-06-08 16:02:40.015692+00,0.105363,23.217668,
b4758c1c-8251-4911-b394-825890f90c54,numbered,93913,completed,sold,1,2026-06-08 16:02:16.814469+00,2026-06-08 16:02:39.986615+00,2026-06-08 16:02:40.091435+00,0.104820,23.276966,
339cde35-10a5-4fce-b194-e99b4eaa17e0,numbered,6207,completed,sold,1,2026-06-08 16:02:16.831302+00,2026-06-08 16:02:40.043247+00,2026-06-08 16:02:40.148428+00,0.105181,23.317126,
354566a6-a459-4251-aaa0-3638954974e2,numbered,19988,completed,sold,1,2026-06-08 16:02:16.84805+00,2026-06-08 16:02:40.113021+00,2026-06-08 16:02:40.217915+00,0.104894,23.369865,
07072a04-fb63-460e-b9fc-d002ed5c6c15,numbered,73697,completed,sold,1,2026-06-08 16:02:16.864742+00,2026-06-08 16:02:40.171571+00,2026-06-08 16:02:40.277016+00,0.105445,23.412274,
25077b48-94e3-4870-9440-7eb21e69a9f0,numbered,96642,completed,sold,1,2026-06-08 16:02:16.881379+00,2026-06-08 16:02:40.239552+00,2026-06-08 16:02:40.344658+00,0.105106,23.463279,
7a43cf86-3f1b-4942-b1be-8146f0ad7316,numbered,89051,completed,sold,1,2026-06-08 16:02:16.898088+00,2026-06-08 16:02:40.300541+00,2026-06-08 16:02:40.405555+00,0.105014,23.507467,
6eb0e22c-4c93-4f7e-806f-f3e3769fc78a,numbered,80971,completed,sold,1,2026-06-08 16:02:16.914814+00,2026-06-08 16:02:40.366838+00,2026-06-08 16:02:40.471991+00,0.105153,23.557177,
4b1a8749-d4db-4d2d-9214-5d20298f29ae,numbered,96829,completed,sold,1,2026-06-08 16:02:16.931224+00,2026-06-08 16:02:40.430878+00,2026-06-08 16:02:40.53594+00,0.105062,23.604716,
86f1c8fe-2f9f-4eec-a418-f6626733ff1b,numbered,73549,completed,sold,1,2026-06-08 16:02:16.947915+00,2026-06-08 16:02:40.494186+00,2026-06-08 16:02:40.599023+00,0.104837,23.651108,
e185ed88-b92d-430e-9d4a-176efe894b8c,numbered,54562,completed,sold,1,2026-06-08 16:02:16.964824+00,2026-06-08 16:02:40.559735+00,2026-06-08 16:02:40.664938+00,0.105203,23.700114,
d347f3bc-59e2-4cde-865c-84a0ebcfeee6,numbered,90288,completed,sold,1,2026-06-08 16:02:16.981389+00,2026-06-08 16:02:40.61948+00,2026-06-08 16:02:40.723846+00,0.104366,23.742457,
9929c38d-26f1-41b1-bb54-9f2455fd9ecb,numbered,76157,completed,sold,1,2026-06-08 16:02:16.998123+00,2026-06-08 16:02:40.687566+00,2026-06-08 16:02:40.792807+00,0.105241,23.794684,
469fe557-931e-4bc4-ac2e-905991bc850c,numbered,73343,completed,sold,1,2026-06-08 16:02:17.014873+00,2026-06-08 16:02:40.745585+00,2026-06-08 16:02:40.851003+00,0.105418,23.836130,
37505c26-2e8a-49ef-8d5a-0700921276dc,numbered,41410,completed,sold,1,2026-06-08 16:02:17.031444+00,2026-06-08 16:02:40.815437+00,2026-06-08 16:02:40.920076+00,0.104639,23.888632,
e94bd267-19ba-43ea-8e23-3ff67da67aa5,numbered,73204,completed,sold,1,2026-06-08 16:02:17.048317+00,2026-06-08 16:02:40.873605+00,2026-06-08 16:02:40.978444+00,0.104839,23.930127,
542c84d0-7395-48f8-aa76-c184ba4119fb,numbered,75229,completed,sold,1,2026-06-08 16:02:17.064977+00,2026-06-08 16:02:40.943154+00,2026-06-08 16:02:41.04798+00,0.104826,23.983003,
de92ff3d-67d3-4a47-919d-5aef05f8d574,numbered,70035,completed,sold,1,2026-06-08 16:02:17.081574+00,2026-06-08 16:02:41.000039+00,2026-06-08 16:02:41.104763+00,0.104724,24.023189,
e1206b5b-fbb3-46f6-b48f-ac56bfad0eba,numbered,3130,completed,sold,1,2026-06-08 16:02:17.098057+00,2026-06-08 16:02:41.071055+00,2026-06-08 16:02:41.175887+00,0.104832,24.077830,
5bd63f77-4e10-4708-acd5-1bfa823a400b,numbered,60424,completed,sold,1,2026-06-08 16:02:17.114727+00,2026-06-08 16:02:41.126078+00,2026-06-08 16:02:41.23099+00,0.104912,24.116263,
a677d1bf-936d-4e98-9900-bb177910e5e3,numbered,71401,completed,sold,1,2026-06-08 16:02:17.131263+00,2026-06-08 16:02:41.198345+00,2026-06-08 16:02:41.303261+00,0.104916,24.171998,
330762d7-c462-4363-9991-10a9399dc814,numbered,53358,completed,sold,1,2026-06-08 16:02:17.147911+00,2026-06-08 16:02:41.252411+00,2026-06-08 16:02:41.357311+00,0.104900,24.209400,
510336c4-2ac2-4f82-ad68-f49c4d1c5a05,numbered,57435,completed,sold,1,2026-06-08 16:02:17.164724+00,2026-06-08 16:02:41.326122+00,2026-06-08 16:02:41.431495+00,0.105373,24.266771,
5728831f-db3c-4b91-9e09-97b43a9290f2,numbered,60567,completed,sold,1,2026-06-08 16:02:17.181368+00,2026-06-08 16:02:41.37916+00,2026-06-08 16:02:41.484186+00,0.105026,24.302818,
7f7518d4-99cc-4af7-ae00-126c3832f42e,numbered,97476,completed,sold,1,2026-06-08 16:02:17.19821+00,2026-06-08 16:02:41.468579+00,2026-06-08 16:02:41.57439+00,0.105811,24.376180,
aa73d9cb-3b32-4b3b-bdbf-a782571d9cc6,numbered,16995,completed,sold,1,2026-06-08 16:02:17.214886+00,2026-06-08 16:02:41.508309+00,2026-06-08 16:02:41.613367+00,0.105058,24.398481,
cc60076a-26aa-4a79-a89c-946267c48d78,numbered,43461,completed,sold,1,2026-06-08 16:02:17.231137+00,2026-06-08 16:02:41.599401+00,2026-06-08 16:02:41.704427+00,0.105026,24.473290,
88c705b0-6b1f-48ba-914f-2638e4a432d2,numbered,84619,completed,sold,1,2026-06-08 16:02:17.248014+00,2026-06-08 16:02:41.636003+00,2026-06-08 16:02:41.740866+00,0.104863,24.492852,
9c52371b-3158-4126-ad8a-7bc2ff61c3a7,numbered,25078,completed,sold,1,2026-06-08 16:02:17.264725+00,2026-06-08 16:02:41.727004+00,2026-06-08 16:02:41.832081+00,0.105077,24.567356,
bbb4b5ef-6c5d-4684-95a1-f323f96d6e87,numbered,22092,completed,sold,1,2026-06-08 16:02:17.281264+00,2026-06-08 16:02:41.762279+00,2026-06-08 16:02:41.867036+00,0.104757,24.585772,
b5cb2082-4526-4a54-bc73-bf4ed4f723d6,numbered,86420,completed,sold,1,2026-06-08 16:02:17.297921+00,2026-06-08 16:02:41.855926+00,2026-06-08 16:02:41.96107+00,0.105144,24.663149,
cf809665-818d-4e4a-aa4a-bbf2b977d412,numbered,58870,completed,sold,1,2026-06-08 16:02:17.314777+00,2026-06-08 16:02:41.888231+00,2026-06-08 16:02:41.992601+00,0.104370,24.677824,
cfc2f976-ba51-40ea-9269-00f38e05e2cc,numbered,98618,completed,sold,1,2026-06-08 16:02:17.331266+00,2026-06-08 16:02:41.983415+00,2026-06-08 16:02:42.089365+00,0.105950,24.758099,
9dbffd69-e308-420b-ac32-7e29a2d6b752,numbered,20095,completed,sold,1,2026-06-08 16:02:17.348075+00,2026-06-08 16:02:42.014972+00,2026-06-08 16:02:42.119761+00,0.104789,24.771686,
9505b036-b023-45b0-af1b-80e9c876770c,numbered,5944,completed,sold,1,2026-06-08 16:02:17.364703+00,2026-06-08 16:02:42.1148+00,2026-06-08 16:02:42.219975+00,0.105175,24.855272,
f2b8bbfe-2cca-4c50-8d2c-ad54a6158961,numbered,63095,completed,sold,1,2026-06-08 16:02:17.381439+00,2026-06-08 16:02:42.142394+00,2026-06-08 16:02:42.247349+00,0.104955,24.865910,
30baef29-5fd3-416e-9349-28f38329090d,numbered,71350,completed,sold,1,2026-06-08 16:02:17.398034+00,2026-06-08 16:02:42.243926+00,2026-06-08 16:02:42.349218+00,0.105292,24.951184,
4a57c588-a363-4423-9b15-9eb5548b0ba5,numbered,25343,completed,sold,1,2026-06-08 16:02:17.414789+00,2026-06-08 16:02:42.270622+00,2026-06-08 16:02:42.37654+00,0.105918,24.961751,
f15d07ad-449a-4ed6-a15b-9f6f221f154e,numbered,21419,completed,sold,1,2026-06-08 16:02:17.431492+00,2026-06-08 16:02:42.37413+00,2026-06-08 16:02:42.479493+00,0.105363,25.048001,
a47fb54b-5225-4ff1-851c-c2f6f7ea2d16,numbered,38096,completed,sold,1,2026-06-08 16:02:17.448273+00,2026-06-08 16:02:42.40008+00,2026-06-08 16:02:42.506025+00,0.105945,25.057752,
807fd9b6-1393-4c6b-80cd-e5a9fc31736c,numbered,765,completed,sold,1,2026-06-08 16:02:17.464643+00,2026-06-08 16:02:42.50426+00,2026-06-08 16:02:42.609469+00,0.105209,25.144826,
411ad84b-3cb2-4762-bd0c-82bd45441d5e,numbered,35701,completed,sold,1,2026-06-08 16:02:17.481224+00,2026-06-08 16:02:42.533212+00,2026-06-08 16:02:42.638005+00,0.104793,25.156781,
7fc6b5fe-1d79-4af3-8b12-46a4b049e25a,numbered,64380,completed,sold,1,2026-06-08 16:02:17.498074+00,2026-06-08 16:02:42.632597+00,2026-06-08 16:02:42.737577+00,0.104980,25.239503,
eb7c52b3-d6a6-4545-8b04-b4f1ff5661de,numbered,78425,completed,sold,1,2026-06-08 16:02:17.514732+00,2026-06-08 16:02:42.659546+00,2026-06-08 16:02:42.764065+00,0.104519,25.249333,
080a24e8-2c64-4b3f-b9d9-dcfd52c305f1,numbered,28286,completed,sold,1,2026-06-08 16:02:17.531389+00,2026-06-08 16:02:42.76075+00,2026-06-08 16:02:42.866355+00,0.105605,25.334966,
dc0f3d47-7f9c-4cdd-8c2b-f949e044df1b,numbered,33740,completed,sold,1,2026-06-08 16:02:17.547974+00,2026-06-08 16:02:42.786164+00,2026-06-08 16:02:42.89099+00,0.104826,25.343016,
f723e06f-2693-4341-965a-7d32f0b42e9b,numbered,96806,completed,sold,1,2026-06-08 16:02:17.5647+00,2026-06-08 16:02:42.888932+00,2026-06-08 16:02:42.993679+00,0.104747,25.428979,
9dd72583-dd4c-4968-a91e-aedd7eb37694,numbered,52181,completed,sold,1,2026-06-08 16:02:17.581361+00,2026-06-08 16:02:42.912449+00,2026-06-08 16:02:43.017272+00,0.104823,25.435911,
07d7ec32-7f73-4b0b-8203-486e6442c7ca,numbered,68330,completed,sold,1,2026-06-08 16:02:17.598045+00,2026-06-08 16:02:43.015931+00,2026-06-08 16:02:43.120909+00,0.104978,25.522864,
985092f0-8eca-473f-b0c4-871ba89af74e,numbered,36502,completed,sold,1,2026-06-08 16:02:17.614411+00,2026-06-08 16:02:43.039143+00,2026-06-08 16:02:43.144179+00,0.105036,25.529768,
04238bd2-c69f-4e79-89ad-3d6f7173e013,numbered,30266,completed,sold,1,2026-06-08 16:02:17.631319+00,2026-06-08 16:02:43.14394+00,2026-06-08 16:02:43.24892+00,0.104980,25.617601,
012d55ff-501d-459c-9233-0c209af4cfb2,numbered,17194,completed,sold,1,2026-06-08 16:02:17.648148+00,2026-06-08 16:02:43.16734+00,2026-06-08 16:02:43.272483+00,0.105143,25.624335,
45f87913-54af-4031-8d28-4bbb8309bc25,numbered,37330,completed,sold,1,2026-06-08 16:02:17.66466+00,2026-06-08 16:02:43.272172+00,2026-06-08 16:02:43.377263+00,0.105091,25.712603,
17224a11-5858-4d58-86bd-d9301e98fc77,numbered,3758,completed,sold,1,2026-06-08 16:02:17.681262+00,2026-06-08 16:02:43.294774+00,2026-06-08 16:02:43.399754+00,0.104980,25.718492,
dff8dd0f-8769-4bf4-bf5b-7d0298d44520,numbered,66260,completed,sold,1,2026-06-08 16:02:17.698005+00,2026-06-08 16:02:43.400168+00,2026-06-08 16:02:43.505013+00,0.104845,25.807008,
cb0ce066-b724-458e-9356-7d4843472dc0,numbered,22568,completed,sold,1,2026-06-08 16:02:17.71451+00,2026-06-08 16:02:43.421249+00,2026-06-08 16:02:43.526756+00,0.105507,25.812246,
d66396eb-05a9-44d9-9552-dcb52f6392bd,numbered,18889,completed,sold,1,2026-06-08 16:02:17.731173+00,2026-06-08 16:02:43.528586+00,2026-06-08 16:02:43.633946+00,0.105360,25.902773,
c6c729e7-1110-4195-84bf-dc90f4e72d2d,numbered,3983,completed,sold,1,2026-06-08 16:02:17.747729+00,2026-06-08 16:02:43.5494+00,2026-06-08 16:02:43.654828+00,0.105428,25.907099,
db2647de-4fb9-454e-9c18-2719306791a0,numbered,20174,completed,sold,1,2026-06-08 16:02:17.764532+00,2026-06-08 16:02:43.65847+00,2026-06-08 16:02:43.764075+00,0.105605,25.999543,
734d3af8-9184-4d9b-ad8d-6b72ebcc14ce,numbered,61062,completed,sold,1,2026-06-08 16:02:17.781236+00,2026-06-08 16:02:43.676768+00,2026-06-08 16:02:43.782292+00,0.105524,26.001056,
75efb017-e7b9-4a0b-a218-fdc37033cf90,numbered,949,completed,sold,1,2026-06-08 16:02:17.79804+00,2026-06-08 16:02:43.788319+00,2026-06-08 16:02:43.893634+00,0.105315,26.095594,
9f787c42-194d-40da-9f27-1f20cb950e8b,numbered,48059,completed,sold,1,2026-06-08 16:02:17.814678+00,2026-06-08 16:02:43.805559+00,2026-06-08 16:02:43.910833+00,0.105274,26.096155,
5a3da54f-3c88-4e75-91f4-12f531667957,numbered,60428,completed,sold,1,2026-06-08 16:02:17.831203+00,2026-06-08 16:02:43.918055+00,2026-06-08 16:02:44.023016+00,0.104961,26.191813,
bc27c556-1e1d-4107-87d4-0fca3ef6a1af,numbered,39660,completed,sold,1,2026-06-08 16:02:17.847857+00,2026-06-08 16:02:43.933565+00,2026-06-08 16:02:44.038272+00,0.104707,26.190415,
9e4c7de7-dfa0-48fb-9134-f8c984b522eb,numbered,20867,completed,sold,1,2026-06-08 16:02:17.864525+00,2026-06-08 16:02:44.047674+00,2026-06-08 16:02:44.152551+00,0.104877,26.288026,
0a9e01f9-fecc-4c56-a80b-f6263cb7e719,numbered,46672,completed,sold,1,2026-06-08 16:02:17.88124+00,2026-06-08 16:02:44.061518+00,2026-06-08 16:02:44.165907+00,0.104389,26.284667,
61b03f9e-65ce-4133-ace7-98b6b961950d,numbered,45884,completed,sold,1,2026-06-08 16:02:17.898103+00,2026-06-08 16:02:44.176601+00,2026-06-08 16:02:44.281283+00,0.104682,26.383180,
854d280c-f7c1-4fc3-9d4b-be6ff178cc1c,numbered,37310,completed,sold,1,2026-06-08 16:02:17.914927+00,2026-06-08 16:02:44.18785+00,2026-06-08 16:02:44.292119+00,0.104269,26.377192,
70365044-29ad-466c-9e68-976b5184effd,numbered,62523,completed,sold,1,2026-06-08 16:02:17.93138+00,2026-06-08 16:02:44.304888+00,2026-06-08 16:02:44.409702+00,0.104814,26.478322,
5604f852-312b-4799-a243-cf3dd49db797,numbered,38455,completed,sold,1,2026-06-08 16:02:17.9481+00,2026-06-08 16:02:44.314007+00,2026-06-08 16:02:44.418732+00,0.104725,26.470632,
e360365f-fa28-4052-82d0-74b2a4f7d71d,numbered,33737,completed,sold,1,2026-06-08 16:02:17.964756+00,2026-06-08 16:02:44.432101+00,2026-06-08 16:02:44.536926+00,0.104825,26.572170,
965bbb33-3647-4639-b2b6-d307addca42d,numbered,16526,completed,sold,1,2026-06-08 16:02:17.982534+00,2026-06-08 16:02:44.440721+00,2026-06-08 16:02:44.546345+00,0.105624,26.563811,
48391f03-eb08-492e-a6cf-c77b0e47cb27,numbered,11857,completed,sold,1,2026-06-08 16:02:17.997794+00,2026-06-08 16:02:44.559814+00,2026-06-08 16:02:44.66443+00,0.104616,26.666636,
17ff4f02-9fda-45a5-817c-6931c38158bf,numbered,28097,completed,sold,1,2026-06-08 16:02:18.014705+00,2026-06-08 16:02:44.568234+00,2026-06-08 16:02:44.673464+00,0.105230,26.658759,
3d41500e-7a90-4d17-83af-963e44797e57,numbered,56623,completed,sold,1,2026-06-08 16:02:18.031331+00,2026-06-08 16:02:44.687017+00,2026-06-08 16:02:44.791929+00,0.104912,26.760598,
b3443f1e-d1ca-48da-b15a-d1070777fbc2,numbered,64150,completed,seat_unavailable,1,2026-06-08 16:02:18.047998+00,2026-06-08 16:02:44.695109+00,2026-06-08 16:02:44.798294+00,0.103185,26.750296,
e3360efe-fde2-4499-b9d6-edb99fe58394,numbered,8798,completed,sold,1,2026-06-08 16:02:18.064782+00,2026-06-08 16:02:44.815309+00,2026-06-08 16:02:44.919992+00,0.104683,26.855210,
5c3eefb6-3bff-4ff0-9d00-6fbee9e1f2b5,numbered,82031,completed,sold,1,2026-06-08 16:02:18.081384+00,2026-06-08 16:02:44.81982+00,2026-06-08 16:02:44.925728+00,0.105908,26.844344,
b1fe7c7a-3774-4a87-835d-f4c85e6d9561,numbered,54292,completed,sold,1,2026-06-08 16:02:18.097809+00,2026-06-08 16:02:44.942591+00,2026-06-08 16:02:45.048379+00,0.105788,26.950570,
5701467b-4b42-41d3-b4ec-90b7f40dcf38,numbered,42964,completed,sold,1,2026-06-08 16:02:18.114496+00,2026-06-08 16:02:44.947625+00,2026-06-08 16:02:45.053354+00,0.105729,26.938858,
03790ffd-d1e8-4de1-89f8-f216a95cbb61,numbered,97082,completed,sold,1,2026-06-08 16:02:18.148259+00,2026-06-08 16:02:45.078412+00,2026-06-08 16:02:45.183418+00,0.105006,27.035159,
09f3828a-c4b4-46c7-a76b-7a9d20c4f77d,numbered,41953,completed,sold,1,2026-06-08 16:02:18.131149+00,2026-06-08 16:02:45.079153+00,2026-06-08 16:02:45.184575+00,0.105422,27.053426,
51560df3-5eef-4f3c-9885-a9894141fcb3,numbered,10757,completed,sold,1,2026-06-08 16:02:18.164717+00,2026-06-08 16:02:45.209265+00,2026-06-08 16:02:45.314271+00,0.105006,27.149554,
1907c1e7-6499-4a7c-a4d9-2217a40cee8c,numbered,69621,completed,sold,1,2026-06-08 16:02:18.181381+00,2026-06-08 16:02:45.210081+00,2026-06-08 16:02:45.315216+00,0.105135,27.133835,
8760031f-08a1-4109-aa54-3eb3085baca3,numbered,81143,completed,sold,1,2026-06-08 16:02:18.198164+00,2026-06-08 16:02:45.338216+00,2026-06-08 16:02:45.44384+00,0.105624,27.245676,
be4b9d36-1b89-48fa-81e3-25a44919680f,numbered,47463,completed,sold,1,2026-06-08 16:02:18.21482+00,2026-06-08 16:02:45.338899+00,2026-06-08 16:02:45.444106+00,0.105207,27.229286,
a4229436-58db-46a0-85d6-bedea9b857e0,numbered,74022,completed,sold,1,2026-06-08 16:02:18.247991+00,2026-06-08 16:02:45.469927+00,2026-06-08 16:02:45.575572+00,0.105645,27.327581,
3c9e9aab-4317-4bb8-b607-4cb273d3482b,numbered,34128,completed,sold,1,2026-06-08 16:02:18.231172+00,2026-06-08 16:02:45.469947+00,2026-06-08 16:02:45.57568+00,0.105733,27.344508,
54b1f6f4-3ae3-4c9f-a4a3-54efbba23511,numbered,45642,completed,sold,1,2026-06-08 16:02:18.281313+00,2026-06-08 16:02:45.601106+00,2026-06-08 16:02:45.706645+00,0.105539,27.425332,
f7aebd58-7ecf-4eff-86b5-7e9ca08c6e12,numbered,5613,completed,sold,1,2026-06-08 16:02:18.264777+00,2026-06-08 16:02:45.601106+00,2026-06-08 16:02:45.706734+00,0.105628,27.441957,
64e3316b-98e8-404c-b082-74980a733f61,numbered,68876,completed,sold,1,2026-06-08 16:02:18.298014+00,2026-06-08 16:02:45.72981+00,2026-06-08 16:02:45.834728+00,0.104918,27.536714,
17714a21-fb25-441f-9d70-a2ec0531b962,numbered,65394,completed,sold,1,2026-06-08 16:02:18.314824+00,2026-06-08 16:02:45.731047+00,2026-06-08 16:02:45.835989+00,0.104942,27.521165,
f2cfeee5-5099-4f63-b961-da896de4a050,numbered,30298,completed,sold,1,2026-06-08 16:02:18.3314+00,2026-06-08 16:02:45.858347+00,2026-06-08 16:02:45.963197+00,0.104850,27.631797,
3ee114de-c898-4794-bbcc-6112aee6b54b,numbered,86337,completed,sold,1,2026-06-08 16:02:18.34795+00,2026-06-08 16:02:45.859206+00,2026-06-08 16:02:45.964118+00,0.104912,27.616168,
4940c43b-a31e-4354-9438-e3cb2a1b56ab,numbered,30755,completed,sold,1,2026-06-08 16:02:18.364525+00,2026-06-08 16:02:45.986743+00,2026-06-08 16:02:46.091939+00,0.105196,27.727414,
6d5d97a2-aef3-4d3c-a196-0cd53fc7c2e0,numbered,30107,completed,sold,1,2026-06-08 16:02:18.381124+00,2026-06-08 16:02:45.988391+00,2026-06-08 16:02:46.094141+00,0.105750,27.713017,
61a25f4f-9556-433e-b78e-ac1213b5369c,numbered,92203,completed,sold,1,2026-06-08 16:02:18.397993+00,2026-06-08 16:02:46.115664+00,2026-06-08 16:02:46.220676+00,0.105012,27.822683,
9d9a8189-d61f-4c2f-b429-b6c29ad3d9db,numbered,80544,completed,sold,1,2026-06-08 16:02:18.414686+00,2026-06-08 16:02:46.118233+00,2026-06-08 16:02:46.222995+00,0.104762,27.808309,
e52f570c-6953-4f7b-bfe7-69b873b4d9ed,numbered,24644,completed,sold,1,2026-06-08 16:02:18.431366+00,2026-06-08 16:02:46.243722+00,2026-06-08 16:02:46.348855+00,0.105133,27.917489,
160ee995-672b-4460-9b05-18a370fc17b2,numbered,74397,completed,sold,1,2026-06-08 16:02:18.44806+00,2026-06-08 16:02:46.245685+00,2026-06-08 16:02:46.350815+00,0.105130,27.902755,
f7abfe41-a57f-4c41-b9ca-d826951fc250,numbered,21413,completed,sold,1,2026-06-08 16:02:18.464759+00,2026-06-08 16:02:46.372657+00,2026-06-08 16:02:46.477941+00,0.105284,28.013182,
c90ee82f-1b42-4c30-aaa2-36f1a2e6b88e,numbered,48243,completed,sold,1,2026-06-08 16:02:18.481162+00,2026-06-08 16:02:46.374279+00,2026-06-08 16:02:46.479406+00,0.105127,27.998244,
0b70f81a-5e3a-4bf1-acf7-c99ca84cc1cf,numbered,53499,completed,sold,1,2026-06-08 16:02:18.51446+00,2026-06-08 16:02:46.503035+00,2026-06-08 16:02:46.609008+00,0.105973,28.094548,
6de114ba-1f12-4ad4-a9d1-b1a3841f5f9d,numbered,37316,completed,sold,1,2026-06-08 16:02:18.497912+00,2026-06-08 16:02:46.503035+00,2026-06-08 16:02:46.609008+00,0.105973,28.111096,
28377ec1-a77f-48f9-b762-745fadf582d5,numbered,86544,completed,sold,1,2026-06-08 16:02:18.531247+00,2026-06-08 16:02:46.634774+00,2026-06-08 16:02:46.740445+00,0.105671,28.209198,
678f58ae-3bdd-4376-80bd-c834846fed8f,numbered,13080,completed,sold,1,2026-06-08 16:02:18.548053+00,2026-06-08 16:02:46.63461+00,2026-06-08 16:02:46.740445+00,0.105835,28.192392,
012c51b3-7081-4abf-8fce-3ae0b62083e4,numbered,90622,completed,sold,1,2026-06-08 16:02:18.564745+00,2026-06-08 16:02:46.765418+00,2026-06-08 16:02:46.871192+00,0.105774,28.306447,
62532b53-d1ab-44b0-a385-60ae2b876e5b,numbered,43096,completed,sold,1,2026-06-08 16:02:18.581365+00,2026-06-08 16:02:46.765546+00,2026-06-08 16:02:46.871262+00,0.105716,28.289897,
4c5547b2-76f8-4260-a65a-34ddda47dc6b,numbered,22630,completed,sold,1,2026-06-08 16:02:18.59806+00,2026-06-08 16:02:46.895731+00,2026-06-08 16:02:47.00159+00,0.105859,28.403530,
fb36609e-41bc-4f45-9e4a-ec25737df652,numbered,44985,completed,sold,1,2026-06-08 16:02:18.614553+00,2026-06-08 16:02:46.89597+00,2026-06-08 16:02:47.00159+00,0.105620,28.387037,
7ef91b1b-aa49-4d49-969a-58e82fb83850,numbered,56336,completed,sold,1,2026-06-08 16:02:18.647977+00,2026-06-08 16:02:47.028126+00,2026-06-08 16:02:47.134039+00,0.105913,28.486062,
6dd77f6f-2da2-4af2-995a-43e1d252f943,numbered,57319,completed,sold,1,2026-06-08 16:02:18.631202+00,2026-06-08 16:02:47.028126+00,2026-06-08 16:02:47.134422+00,0.106296,28.503220,
609cf64c-1680-4c11-8b48-e698534d33e7,numbered,85134,completed,sold,1,2026-06-08 16:02:18.664788+00,2026-06-08 16:02:47.158964+00,2026-06-08 16:02:47.263856+00,0.104892,28.599068,
