request_id,mode,seat_id,status,result,attempts,enqueued_at,worker_started_at,completed_at,processing_seconds,end_to_end_seconds,error
f123fb77-bd87-4c4e-bfc7-1dd450719ae2,numbered,14344,completed,sold,1,2026-06-09 18:22:55.670289+00,2026-06-09 18:22:55.698284+00,2026-06-09 18:22:55.804651+00,0.106367,0.134362,
0301426f-091b-431b-a2e3-5b437984595e,numbered,7703,completed,sold,1,2026-06-09 18:22:55.868644+00,2026-06-09 18:22:55.890968+00,2026-06-09 18:22:55.995955+00,0.104987,0.127311,
e3447db9-0765-4291-8577-45a7341ba598,numbered,91471,completed,sold,1,2026-06-09 18:22:56.068497+00,2026-06-09 18:22:56.095316+00,2026-06-09 18:22:56.200477+00,0.105161,0.131980,
87e6362e-6046-41aa-b58d-9b162b823a8c,numbered,75227,completed,sold,1,2026-06-09 18:22:56.268511+00,2026-06-09 18:22:56.290014+00,2026-06-09 18:22:56.395153+00,0.105139,0.126642,
e91058c3-8139-49d8-b076-7a25e6504c58,numbered,26227,completed,sold,1,2026-06-09 18:22:56.46852+00,2026-06-09 18:22:56.490316+00,2026-06-09 18:22:56.595064+00,0.104748,0.126544,
c9f2b817-4fd5-4615-8829-2ba74202ac7f,numbered,3625,completed,sold,1,2026-06-09 18:22:56.668951+00,2026-06-09 18:22:56.692714+00,2026-06-09 18:22:56.797637+00,0.104923,0.128686,
f4bee8f1-e403-40bc-aa96-17873d372785,numbered,42546,completed,sold,1,2026-06-09 18:22:56.868421+00,2026-06-09 18:22:56.889169+00,2026-06-09 18:22:56.993808+00,0.104639,0.125387,
c34d1b9f-f19b-4029-b35c-19490e00185c,numbered,97987,completed,sold,1,2026-06-09 18:22:57.068386+00,2026-06-09 18:22:57.090263+00,2026-06-09 18:22:57.195172+00,0.104909,0.126786,
94138937-812b-4b8d-b9de-35c495963800,numbered,82364,completed,sold,1,2026-06-09 18:22:57.268454+00,2026-06-09 18:22:57.288916+00,2026-06-09 18:22:57.393617+00,0.104701,0.125163,
169da0a8-c718-490b-9c83-ec3474cafc1f,numbered,32972,completed,sold,1,2026-06-09 18:22:57.46879+00,2026-06-09 18:22:57.490306+00,2026-06-09 18:22:57.5952+00,0.104894,0.126410,
2ca79ab0-01a0-4fb1-90fe-c6ec16168232,numbered,82780,completed,sold,1,2026-06-09 18:22:57.668421+00,2026-06-09 18:22:57.690024+00,2026-06-09 18:22:57.794528+00,0.104504,0.126107,
59537d2a-37ef-4829-b689-633a099ea08f,numbered,19914,completed,sold,1,2026-06-09 18:22:57.86843+00,2026-06-09 18:22:57.889792+00,2026-06-09 18:22:57.994898+00,0.105106,0.126468,
d18ddafb-a4a1-482d-bbda-9c7ea5e9cef0,numbered,61701,completed,sold,1,2026-06-09 18:22:58.068296+00,2026-06-09 18:22:58.094337+00,2026-06-09 18:22:58.199864+00,0.105527,0.131568,
c094c828-5d31-42d2-8ef9-420bbeee959e,numbered,20289,completed,sold,1,2026-06-09 18:22:58.268954+00,2026-06-09 18:22:58.290484+00,2026-06-09 18:22:58.395278+00,0.104794,0.126324,
cc206080-7088-4330-a81f-5c2c6caf788b,numbered,95184,completed,sold,1,2026-06-09 18:22:58.468355+00,2026-06-09 18:22:58.489299+00,2026-06-09 18:22:58.593821+00,0.104522,0.125466,
10dc1762-9a5b-45c7-9bbd-8ad6d6278d76,numbered,67943,completed,sold,1,2026-06-09 18:22:58.668326+00,2026-06-09 18:22:58.690321+00,2026-06-09 18:22:58.795326+00,0.105005,0.127000,
657edf78-2ff1-4b6f-831f-d261e1109c01,numbered,58493,completed,sold,1,2026-06-09 18:22:58.868354+00,2026-06-09 18:22:58.89008+00,2026-06-09 18:22:58.994498+00,0.104418,0.126144,
efb7392b-1161-4525-9d62-62a0c7ccf39c,numbered,61917,completed,sold,1,2026-06-09 18:22:59.068351+00,2026-06-09 18:22:59.090249+00,2026-06-09 18:22:59.195182+00,0.104933,0.126831,
39627ce6-4ee8-4de1-be75-610aff0cd397,numbered,50229,completed,sold,1,2026-06-09 18:22:59.268328+00,2026-06-09 18:22:59.289894+00,2026-06-09 18:22:59.397491+00,0.107597,0.129163,
41cd0fac-defb-4f49-b6df-2b65e22fb509,numbered,18936,completed,sold,1,2026-06-09 18:22:59.468535+00,2026-06-09 18:22:59.490704+00,2026-06-09 18:22:59.595918+00,0.105214,0.127383,
25b3612e-d4bc-4508-8c05-fc21ad76d88b,numbered,26203,completed,sold,1,2026-06-09 18:22:59.668523+00,2026-06-09 18:22:59.692513+00,2026-06-09 18:22:59.797688+00,0.105175,0.129165,
a984a984-d759-48bf-8f77-1a0e37159a36,numbered,58586,completed,sold,1,2026-06-09 18:22:59.868335+00,2026-06-09 18:22:59.890727+00,2026-06-09 18:22:59.995759+00,0.105032,0.127424,
04b16169-1e00-418f-916a-61d98dd8b3f8,numbered,22975,completed,sold,1,2026-06-09 18:23:00.068652+00,2026-06-09 18:23:00.110142+00,2026-06-09 18:23:00.223435+00,0.113293,0.154783,
4d3c7ee0-29b9-4934-8bb2-2461db0818bb,numbered,29805,completed,sold,1,2026-06-09 18:23:00.270093+00,2026-06-09 18:23:00.299031+00,2026-06-09 18:23:00.404396+00,0.105365,0.134303,
30252352-6742-455a-bfef-7c39b5c512ad,numbered,22711,completed,sold,1,2026-06-09 18:23:00.468559+00,2026-06-09 18:23:00.490852+00,2026-06-09 18:23:00.596569+00,0.105717,0.128010,
9e3bdca4-ef6b-48f3-9fac-5c29aa55c7cb,numbered,33334,completed,sold,1,2026-06-09 18:23:00.668361+00,2026-06-09 18:23:00.690684+00,2026-06-09 18:23:00.79601+00,0.105326,0.127649,
20603669-bd6d-4681-b8ea-ea61253c114b,numbered,91561,completed,sold,1,2026-06-09 18:23:00.680959+00,2026-06-09 18:23:00.817967+00,2026-06-09 18:23:00.922813+00,0.104846,0.241854,
2e9a7714-b0e4-4831-83b2-083cff8c25b6,numbered,99664,completed,sold,1,2026-06-09 18:23:00.693225+00,2026-06-09 18:23:00.944737+00,2026-06-09 18:23:01.049441+00,0.104704,0.356216,
e3ee7e2f-8e87-4e32-a40d-f3c1dc2e39a1,numbered,59907,completed,sold,1,2026-06-09 18:23:00.705971+00,2026-06-09 18:23:01.093748+00,2026-06-09 18:23:01.223441+00,0.129693,0.517470,
4b784de0-a801-46bf-9271-2077e1a6592f,numbered,86241,completed,sold,1,2026-06-09 18:23:00.718387+00,2026-06-09 18:23:01.257755+00,2026-06-09 18:23:01.366896+00,0.109141,0.648509,
182fdecd-752d-4b4c-b679-5edb874730b5,numbered,22874,completed,sold,1,2026-06-09 18:23:00.730939+00,2026-06-09 18:23:01.458149+00,2026-06-09 18:23:01.569274+00,0.111125,0.838335,
8a0d2197-81c9-4887-905e-f23432afd8e5,numbered,22503,completed,sold,1,2026-06-09 18:23:00.743443+00,2026-06-09 18:23:01.687884+00,2026-06-09 18:23:01.796954+00,0.109070,1.053511,
22100e5a-fdbe-4c73-8be6-f2cbceb4b425,numbered,64073,completed,sold,1,2026-06-09 18:23:00.75633+00,2026-06-09 18:23:01.890088+00,2026-06-09 18:23:02.013245+00,0.123157,1.256915,
23d9af0b-e0f8-43f3-85bc-84c0b7213da6,numbered,30833,completed,sold,1,2026-06-09 18:23:00.768444+00,2026-06-09 18:23:02.077497+00,2026-06-09 18:23:02.189328+00,0.111831,1.420884,
ca572ab1-3651-4306-a84a-e1cf489cb16d,numbered,24251,completed,sold,1,2026-06-09 18:23:00.780897+00,2026-06-09 18:23:02.268007+00,2026-06-09 18:23:02.377374+00,0.109367,1.596477,
9192a355-3252-48ca-8076-6fe2180cbb77,numbered,6697,completed,sold,1,2026-06-09 18:23:00.793284+00,2026-06-09 18:23:02.431403+00,2026-06-09 18:23:02.56585+00,0.134447,1.772566,
4f0a8322-9d9d-46ba-9189-ba08b2ae6e7c,numbered,80812,completed,sold,1,2026-06-09 18:23:00.805791+00,2026-06-09 18:23:02.603261+00,2026-06-09 18:23:02.718271+00,0.115010,1.912480,
cd36cf91-984e-4ade-8944-ab4596b0282b,numbered,45779,completed,sold,1,2026-06-09 18:23:00.81813+00,2026-06-09 18:23:02.763217+00,2026-06-09 18:23:02.872864+00,0.109647,2.054734,
845c5404-4aa8-430a-b5c1-b7b4de0c33ea,numbered,62613,completed,sold,1,2026-06-09 18:23:00.830969+00,2026-06-09 18:23:02.910158+00,2026-06-09 18:23:03.021664+00,0.111506,2.190695,
e589f2ab-968a-4856-806c-09059ada4583,numbered,127,completed,sold,1,2026-06-09 18:23:00.843445+00,2026-06-09 18:23:03.057246+00,2026-06-09 18:23:03.163084+00,0.105838,2.319639,
09e4027e-067a-4db7-8871-1a75cb70ef16,numbered,6212,completed,sold,1,2026-06-09 18:23:00.855938+00,2026-06-09 18:23:03.19205+00,2026-06-09 18:23:03.303164+00,0.111114,2.447226,
477f6ba4-bcf9-47f7-80ea-53aedd2cbc6c,numbered,55177,completed,sold,1,2026-06-09 18:23:00.869466+00,2026-06-09 18:23:03.325663+00,2026-06-09 18:23:03.430511+00,0.104848,2.561045,
79525620-8f81-4170-bb6e-b67586fdd64e,numbered,73085,completed,sold,1,2026-06-09 18:23:00.880852+00,2026-06-09 18:23:03.453786+00,2026-06-09 18:23:03.561013+00,0.107227,2.680161,
1df5e055-2380-4610-af4b-ff3047b46ccb,numbered,52803,completed,sold,1,2026-06-09 18:23:00.893474+00,2026-06-09 18:23:03.586291+00,2026-06-09 18:23:03.69122+00,0.104929,2.797746,
57a12144-ceba-42a2-889b-1db7f7cb1502,numbered,23591,completed,sold,1,2026-06-09 18:23:00.905825+00,2026-06-09 18:23:03.717343+00,2026-06-09 18:23:03.823661+00,0.106318,2.917836,
4f668f92-33e3-48c5-9669-cde71fe52e70,numbered,15276,completed,sold,1,2026-06-09 18:23:00.918423+00,2026-06-09 18:23:03.853378+00,2026-06-09 18:23:03.959107+00,0.105729,3.040684,
cecd89a4-ad8a-45d7-bfa9-4ea6070ad11a,numbered,41249,completed,sold,1,2026-06-09 18:23:00.930769+00,2026-06-09 18:23:03.986168+00,2026-06-09 18:23:04.090722+00,0.104554,3.159953,
c270e653-e716-4dee-9f45-13f5a85dc37c,numbered,91802,completed,sold,1,2026-06-09 18:23:00.943253+00,2026-06-09 18:23:04.113034+00,2026-06-09 18:23:04.217878+00,0.104844,3.274625,
981e0979-9766-4496-8205-1fd054ec28be,numbered,14242,completed,sold,1,2026-06-09 18:23:00.955911+00,2026-06-09 18:23:04.243063+00,2026-06-09 18:23:04.347991+00,0.104928,3.392080,
18edebe7-93d5-4fd1-9e37-65f17f0b17f1,numbered,50705,completed,sold,1,2026-06-09 18:23:00.968293+00,2026-06-09 18:23:04.371892+00,2026-06-09 18:23:04.476885+00,0.104993,3.508592,
e4aff93a-278a-4bb8-bbf0-ef5526b6af87,numbered,83602,completed,sold,1,2026-06-09 18:23:00.980778+00,2026-06-09 18:23:04.499704+00,2026-06-09 18:23:04.604676+00,0.104972,3.623898,
b5a8049c-0984-476d-b229-f05018c277c2,numbered,82631,completed,sold,1,2026-06-09 18:23:00.993379+00,2026-06-09 18:23:04.627598+00,2026-06-09 18:23:04.732477+00,0.104879,3.739098,
e77b33ca-677a-46e0-9306-5fa4d2b03695,numbered,57926,completed,sold,1,2026-06-09 18:23:01.006036+00,2026-06-09 18:23:04.755178+00,2026-06-09 18:23:04.860677+00,0.105499,3.854641,
da871ff8-3843-414c-be65-238bdf64307e,numbered,49317,completed,sold,1,2026-06-09 18:23:01.018518+00,2026-06-09 18:23:04.883125+00,2026-06-09 18:23:04.987752+00,0.104627,3.969234,
3e940f9e-1ddb-4a99-abc7-6916cb28f3d3,numbered,6824,completed,sold,1,2026-06-09 18:23:01.031377+00,2026-06-09 18:23:05.012988+00,2026-06-09 18:23:05.118167+00,0.105179,4.086790,
c40bc6c8-b800-45d5-9b91-5d873446865f,numbered,26646,completed,sold,1,2026-06-09 18:23:01.043681+00,2026-06-09 18:23:05.142311+00,2026-06-09 18:23:05.247172+00,0.104861,4.203491,
1d4e45a9-42b7-43e7-a2cc-f29fb982ad4b,numbered,66383,completed,sold,1,2026-06-09 18:23:01.056333+00,2026-06-09 18:23:05.269736+00,2026-06-09 18:23:05.374292+00,0.104556,4.317959,
f0a475a7-be4e-4043-8594-b5a94f2d6a2c,numbered,97845,completed,sold,1,2026-06-09 18:23:01.068584+00,2026-06-09 18:23:05.398955+00,2026-06-09 18:23:05.503918+00,0.104963,4.435334,
be284aa1-a9f4-434c-82e9-52828b727223,numbered,86570,completed,sold,1,2026-06-09 18:23:01.082153+00,2026-06-09 18:23:05.525851+00,2026-06-09 18:23:05.630503+00,0.104652,4.548350,
92604ed5-ae98-4130-8de0-5c591413cd0a,numbered,93871,completed,sold,1,2026-06-09 18:23:01.093534+00,2026-06-09 18:23:05.652808+00,2026-06-09 18:23:05.759053+00,0.106245,4.665519,
7eaf5fb7-170c-4ff2-9335-8fefe2424252,numbered,93033,completed,sold,1,2026-06-09 18:23:01.10592+00,2026-06-09 18:23:05.78194+00,2026-06-09 18:23:05.886837+00,0.104897,4.780917,
0a25b002-b632-42a4-866a-09057124c642,numbered,88304,completed,sold,1,2026-06-09 18:23:01.118841+00,2026-06-09 18:23:05.912836+00,2026-06-09 18:23:06.023279+00,0.110443,4.904438,
60285489-8649-4e82-8c39-e60f818547b3,numbered,80218,completed,sold,1,2026-06-09 18:23:01.131604+00,2026-06-09 18:23:06.047123+00,2026-06-09 18:23:06.152125+00,0.105002,5.020521,
36df552d-afab-4446-b37f-3a50e7f59473,numbered,39838,completed,sold,1,2026-06-09 18:23:01.143566+00,2026-06-09 18:23:06.182512+00,2026-06-09 18:23:06.287565+00,0.105053,5.143999,
dd153b35-1782-4ac2-ace2-6ed651b3076f,numbered,84462,completed,sold,1,2026-06-09 18:23:01.156174+00,2026-06-09 18:23:06.318361+00,2026-06-09 18:23:06.423487+00,0.105126,5.267313,
ce0ab881-e412-41f5-a499-9745c06b4c28,numbered,92061,completed,sold,1,2026-06-09 18:23:01.169328+00,2026-06-09 18:23:06.449368+00,2026-06-09 18:23:06.55405+00,0.104682,5.384722,
e25ad0fc-eae2-42d6-9e94-66f601dad66b,numbered,82356,completed,sold,1,2026-06-09 18:23:01.18168+00,2026-06-09 18:23:06.577539+00,2026-06-09 18:23:06.682949+00,0.105410,5.501269,
01891629-2731-4127-ac88-607a1b4736d4,numbered,77340,completed,sold,1,2026-06-09 18:23:01.193715+00,2026-06-09 18:23:06.705271+00,2026-06-09 18:23:06.809727+00,0.104456,5.616012,
f32b6de2-8dfe-45e3-900a-bcd373380006,numbered,45770,completed,sold,1,2026-06-09 18:23:01.206464+00,2026-06-09 18:23:06.833767+00,2026-06-09 18:23:06.938398+00,0.104631,5.731934,
fd4e08b1-0bf9-4341-b934-7a83c7315370,numbered,13059,completed,sold,1,2026-06-09 18:23:01.218838+00,2026-06-09 18:23:06.961523+00,2026-06-09 18:23:07.066289+00,0.104766,5.847451,
858e6e89-e478-4b49-a835-1a60084ad5e6,numbered,112,completed,sold,1,2026-06-09 18:23:01.231568+00,2026-06-09 18:23:07.090051+00,2026-06-09 18:23:07.19481+00,0.104759,5.963242,
c36f50f2-147c-47ac-a501-e8d0a83af56b,numbered,41268,completed,sold,1,2026-06-09 18:23:01.243512+00,2026-06-09 18:23:07.217816+00,2026-06-09 18:23:07.322857+00,0.105041,6.079345,
f50062ca-a7ba-4bbf-9097-cfc0ec69715b,numbered,78574,completed,sold,1,2026-06-09 18:23:01.255956+00,2026-06-09 18:23:07.346011+00,2026-06-09 18:23:07.450908+00,0.104897,6.194952,
16959e0b-f190-45c5-885f-53407dba50c3,numbered,55392,completed,sold,1,2026-06-09 18:23:01.268515+00,2026-06-09 18:23:07.473923+00,2026-06-09 18:23:07.578644+00,0.104721,6.310129,
32d0eaff-1415-4890-833d-5901b4574dbe,numbered,32882,completed,sold,1,2026-06-09 18:23:01.28107+00,2026-06-09 18:23:07.602049+00,2026-06-09 18:23:07.706838+00,0.104789,6.425768,
93cda4df-c6d2-40d4-88e2-5f12ec961b64,numbered,41981,completed,sold,1,2026-06-09 18:23:01.293482+00,2026-06-09 18:23:07.729622+00,2026-06-09 18:23:07.834683+00,0.105061,6.541201,
ad41aa86-c7aa-4abf-bfe1-bfe594579471,numbered,27359,completed,sold,1,2026-06-09 18:23:01.306076+00,2026-06-09 18:23:07.857391+00,2026-06-09 18:23:07.962251+00,0.104860,6.656175,
a227c88e-117e-4b4c-a78b-6850eaa0dd51,numbered,23979,completed,sold,1,2026-06-09 18:23:01.318786+00,2026-06-09 18:23:07.985764+00,2026-06-09 18:23:08.090956+00,0.105192,6.772170,
1932a12d-2a18-4f64-9db0-1c5c78d9b63e,numbered,39682,completed,sold,1,2026-06-09 18:23:01.33173+00,2026-06-09 18:23:08.114632+00,2026-06-09 18:23:08.220618+00,0.105986,6.888888,
9c5b3e42-38d2-4eed-89fc-19870c68b691,numbered,18560,completed,sold,1,2026-06-09 18:23:01.348107+00,2026-06-09 18:23:08.246852+00,2026-06-09 18:23:08.352079+00,0.105227,7.003972,
d0e8cc33-6f1b-47df-bf57-d842bc0a7d2b,numbered,21805,completed,sold,1,2026-06-09 18:23:01.355935+00,2026-06-09 18:23:08.382289+00,2026-06-09 18:23:08.487008+00,0.104719,7.131073,
8673d49d-963d-4cc1-8ee2-20310a61750d,numbered,87885,completed,sold,1,2026-06-09 18:23:01.368368+00,2026-06-09 18:23:08.512827+00,2026-06-09 18:23:08.61752+00,0.104693,7.249152,
7b77698c-9f62-4e8c-88c2-7855b352d907,numbered,94812,completed,sold,1,2026-06-09 18:23:01.381291+00,2026-06-09 18:23:08.641408+00,2026-06-09 18:23:08.746121+00,0.104713,7.364830,
3b9fe8d1-2fb2-42da-bec2-603a92ca91c9,numbered,21883,completed,sold,1,2026-06-09 18:23:01.393642+00,2026-06-09 18:23:08.787542+00,2026-06-09 18:23:08.893013+00,0.105471,7.499371,
f5f17cc1-7a38-45f0-9159-971fd334abf9,numbered,61900,completed,sold,1,2026-06-09 18:23:01.406895+00,2026-06-09 18:23:08.928318+00,2026-06-09 18:23:09.033634+00,0.105316,7.626739,
729460de-e100-4abe-af1b-98cb85606edc,numbered,97952,completed,sold,1,2026-06-09 18:23:01.422006+00,2026-06-09 18:23:09.075531+00,2026-06-09 18:23:09.182239+00,0.106708,7.760233,
cc657789-eff6-4131-b944-d491339341e2,numbered,7800,completed,sold,1,2026-06-09 18:23:01.44481+00,2026-06-09 18:23:09.207232+00,2026-06-09 18:23:09.31288+00,0.105648,7.868070,
b8c9a50b-b976-4614-b706-629d28579c46,numbered,55695,completed,sold,1,2026-06-09 18:23:01.450995+00,2026-06-09 18:23:09.339065+00,2026-06-09 18:23:09.443723+00,0.104658,7.992728,
99a359d8-d7ec-4518-9f19-6c5aa3323363,numbered,70825,completed,sold,1,2026-06-09 18:23:01.456265+00,2026-06-09 18:23:09.46965+00,2026-06-09 18:23:09.574458+00,0.104808,8.118193,
54a710b3-6c6a-421a-bfd2-dc7b26b0c01f,numbered,7330,completed,sold,1,2026-06-09 18:23:01.471749+00,2026-06-09 18:23:09.597904+00,2026-06-09 18:23:09.702526+00,0.104622,8.230777,
685d215f-ec5b-4639-a6b4-ad600ace10d5,numbered,39505,completed,sold,1,2026-06-09 18:23:01.482752+00,2026-06-09 18:23:09.72564+00,2026-06-09 18:23:09.830403+00,0.104763,8.347651,
f3fbb0f4-b208-434b-9bd6-a726fc0f1982,numbered,39389,completed,sold,1,2026-06-09 18:23:01.49576+00,2026-06-09 18:23:09.853766+00,2026-06-09 18:23:09.958519+00,0.104753,8.462759,
81ea53b0-677f-4116-9a5d-52f13f216e13,numbered,17790,completed,sold,1,2026-06-09 18:23:01.507053+00,2026-06-09 18:23:09.984724+00,2026-06-09 18:23:10.089637+00,0.104913,8.582584,
93237f3b-b021-4463-bd32-4ffead303a6d,numbered,16191,completed,sold,1,2026-06-09 18:23:01.522996+00,2026-06-09 18:23:10.11681+00,2026-06-09 18:23:10.221717+00,0.104907,8.698721,
91003e06-1a30-40e5-a54f-e171dfa5f402,numbered,46825,completed,sold,1,2026-06-09 18:23:01.5322+00,2026-06-09 18:23:10.2454+00,2026-06-09 18:23:10.350369+00,0.104969,8.818169,
5ccbe0bb-7257-4118-b43b-962052f9ab19,numbered,40930,completed,sold,1,2026-06-09 18:23:01.546198+00,2026-06-09 18:23:10.373511+00,2026-06-09 18:23:10.478828+00,0.105317,8.932630,
f19d7481-b1fe-444b-abd3-601c7e8c4535,numbered,98810,completed,sold,1,2026-06-09 18:23:01.556787+00,2026-06-09 18:23:10.502968+00,2026-06-09 18:23:10.607349+00,0.104381,9.050562,
707fe763-c8a0-4e52-a9c7-fa601a1767b1,numbered,71634,completed,sold,1,2026-06-09 18:23:01.568473+00,2026-06-09 18:23:10.630898+00,2026-06-09 18:23:10.736038+00,0.105140,9.167565,
7e2283a5-37d6-4a0d-a698-9f20d40a8e53,numbered,14068,completed,sold,1,2026-06-09 18:23:01.581491+00,2026-06-09 18:23:10.760691+00,2026-06-09 18:23:10.865419+00,0.104728,9.283928,
c6fa3929-05a4-4a4c-9c76-6a6ef79697d1,numbered,3116,completed,sold,1,2026-06-09 18:23:01.600324+00,2026-06-09 18:23:10.888228+00,2026-06-09 18:23:10.992931+00,0.104703,9.392607,
0ce0b715-a5a5-4862-9d29-cbb1ee419d8d,numbered,12272,completed,sold,1,2026-06-09 18:23:01.61475+00,2026-06-09 18:23:11.015898+00,2026-06-09 18:23:11.12074+00,0.104842,9.505990,
0792ae94-71e1-4233-8c8d-e0a652ec9434,numbered,25960,completed,sold,1,2026-06-09 18:23:01.618783+00,2026-06-09 18:23:11.145059+00,2026-06-09 18:23:11.250083+00,0.105024,9.631300,
06b5fe77-d2ac-440c-ad34-f81b8f14a9a6,numbered,9419,completed,sold,1,2026-06-09 18:23:01.631747+00,2026-06-09 18:23:11.273785+00,2026-06-09 18:23:11.378844+00,0.105059,9.747097,
a652c2de-16f2-40f5-9f09-533ce081cdde,numbered,63547,completed,sold,1,2026-06-09 18:23:01.644536+00,2026-06-09 18:23:11.402462+00,2026-06-09 18:23:11.507494+00,0.105032,9.862958,
831a2539-4506-44e8-96cb-9287a006f2e9,numbered,85063,completed,sold,1,2026-06-09 18:23:01.661762+00,2026-06-09 18:23:11.530361+00,2026-06-09 18:23:11.634991+00,0.104630,9.973229,
46e579c7-3619-412a-9740-4a022b0da7e8,numbered,65518,completed,sold,1,2026-06-09 18:23:01.673444+00,2026-06-09 18:23:11.656885+00,2026-06-09 18:23:11.761891+00,0.105006,10.088447,
5640fa01-a06d-4b10-81d1-72f3cc9d4019,numbered,13864,completed,sold,1,2026-06-09 18:23:01.692116+00,2026-06-09 18:23:11.784304+00,2026-06-09 18:23:11.888784+00,0.104480,10.196668,
0322bc25-b61b-4784-8c38-7275f870b389,numbered,14211,completed,sold,1,2026-06-09 18:23:01.69742+00,2026-06-09 18:23:11.911803+00,2026-06-09 18:23:12.017505+00,0.105702,10.320085,
f3fd78a1-2bfb-48d8-9a58-29b1ceb1384b,numbered,54391,completed,sold,1,2026-06-09 18:23:01.709454+00,2026-06-09 18:23:12.04238+00,2026-06-09 18:23:12.147011+00,0.104631,10.437557,
7abc43d4-7fec-4c38-88a4-bc3d349ba7ec,numbered,66494,completed,sold,1,2026-06-09 18:23:01.720062+00,2026-06-09 18:23:12.16944+00,2026-06-09 18:23:12.274076+00,0.104636,10.554014,
d6eeeb30-71a4-4c8b-b0a0-5dd684f31c15,numbered,64955,completed,sold,1,2026-06-09 18:23:01.736835+00,2026-06-09 18:23:12.295929+00,2026-06-09 18:23:12.400702+00,0.104773,10.663867,
841fc942-7e76-4616-b000-9e6367574f4f,numbered,75072,completed,sold,1,2026-06-09 18:23:01.75102+00,2026-06-09 18:23:12.424065+00,2026-06-09 18:23:12.528662+00,0.104597,10.777642,
2af86805-1431-4d29-8f7f-469ced4bd65e,numbered,89145,completed,sold,1,2026-06-09 18:23:01.757895+00,2026-06-09 18:23:12.553078+00,2026-06-09 18:23:12.657636+00,0.104558,10.899741,
af5c7de9-c37e-4dc1-9e13-a7c1f542be25,numbered,23048,completed,sold,1,2026-06-09 18:23:01.768929+00,2026-06-09 18:23:12.681232+00,2026-06-09 18:23:12.786089+00,0.104857,11.017160,
fe345ea3-1158-4881-9c30-607b34835c2f,numbered,50017,completed,sold,1,2026-06-09 18:23:01.782016+00,2026-06-09 18:23:12.809525+00,2026-06-09 18:23:12.914341+00,0.104816,11.132325,
124d3995-0295-4968-b5c4-c0edb4bf4562,numbered,48454,completed,sold,1,2026-06-09 18:23:01.794852+00,2026-06-09 18:23:12.937999+00,2026-06-09 18:23:13.042763+00,0.104764,11.247911,
c6ab90a5-16b9-40be-a943-9cdd8962bd57,numbered,93958,completed,sold,1,2026-06-09 18:23:01.806649+00,2026-06-09 18:23:13.066249+00,2026-06-09 18:23:13.171644+00,0.105395,11.364995,
1d647f0b-238d-4fa9-bd99-e1ac856bd298,numbered,23227,completed,sold,1,2026-06-09 18:23:01.81874+00,2026-06-09 18:23:13.195083+00,2026-06-09 18:23:13.30037+00,0.105287,11.481630,
d42c8882-2271-4481-8886-a9a0d1f4673f,numbered,40770,completed,sold,1,2026-06-09 18:23:01.833063+00,2026-06-09 18:23:13.323368+00,2026-06-09 18:23:13.428402+00,0.105034,11.595339,
870f50c1-44f4-473c-a77e-6e4e30630e38,numbered,38843,completed,sold,1,2026-06-09 18:23:01.84666+00,2026-06-09 18:23:13.452698+00,2026-06-09 18:23:13.557342+00,0.104644,11.710682,
65170bfe-f1de-4d6d-9383-a216ac41f93f,numbered,90392,completed,sold,1,2026-06-09 18:23:01.856348+00,2026-06-09 18:23:13.580905+00,2026-06-09 18:23:13.686444+00,0.105539,11.830096,
bd3ae424-62ed-489e-aee6-583c0c0fa403,numbered,76851,completed,sold,1,2026-06-09 18:23:01.871636+00,2026-06-09 18:23:13.709295+00,2026-06-09 18:23:13.815007+00,0.105712,11.943371,
91fae98a-01ef-43be-b5bc-96c14ef27b40,numbered,53357,completed,sold,1,2026-06-09 18:23:01.880908+00,2026-06-09 18:23:13.838095+00,2026-06-09 18:23:13.94299+00,0.104895,12.062082,
1aef0dd8-edb8-4b52-a89a-bc810b766ed7,numbered,86808,completed,sold,1,2026-06-09 18:23:01.893551+00,2026-06-09 18:23:13.966856+00,2026-06-09 18:23:14.072071+00,0.105215,12.178520,
1177646b-06f9-4dd6-98a8-8302638653c1,numbered,50211,completed,sold,1,2026-06-09 18:23:01.911055+00,2026-06-09 18:23:14.105972+00,2026-06-09 18:23:14.210719+00,0.104747,12.299664,
499a6dd1-7d5a-44c9-b050-8c83aeff35b7,numbered,57199,completed,sold,1,2026-06-09 18:23:01.918588+00,2026-06-09 18:23:14.232363+00,2026-06-09 18:23:14.337029+00,0.104666,12.418441,
d44a96a2-2df8-406f-99a9-1f046a5dd6eb,numbered,6694,completed,sold,1,2026-06-09 18:23:01.93198+00,2026-06-09 18:23:14.359447+00,2026-06-09 18:23:14.464531+00,0.105084,12.532551,
6f3f05ac-81dd-4b3b-9eb5-7a7d8ce71861,numbered,55862,completed,sold,1,2026-06-09 18:23:01.94411+00,2026-06-09 18:23:14.488218+00,2026-06-09 18:23:14.59296+00,0.104742,12.648850,
f3d9af63-c101-40e8-adff-053d77580c58,numbered,74211,completed,sold,1,2026-06-09 18:23:01.957349+00,2026-06-09 18:23:14.616541+00,2026-06-09 18:23:14.721351+00,0.104810,12.764002,
61cb1889-8427-4ef5-8319-f752b56bb5e7,numbered,18152,completed,sold,1,2026-06-09 18:23:01.973892+00,2026-06-09 18:23:14.744833+00,2026-06-09 18:23:14.850008+00,0.105175,12.876116,
7c93f430-cda4-4c9f-95ee-10d6a296fdf2,numbered,32715,completed,sold,1,2026-06-09 18:23:01.982991+00,2026-06-09 18:23:14.875164+00,2026-06-09 18:23:14.980815+00,0.105651,12.997824,
3b672695-1314-4c7d-ba2c-7a697fe60a88,numbered,29694,completed,sold,1,2026-06-09 18:23:01.993741+00,2026-06-09 18:23:15.009487+00,2026-06-09 18:23:15.115307+00,0.105820,13.121566,
11b838f4-52e8-4e78-adca-7ef9fee4d604,numbered,13128,completed,sold,1,2026-06-09 18:23:02.017465+00,2026-06-09 18:23:15.139966+00,2026-06-09 18:23:15.244797+00,0.104831,13.227332,
45209a62-dc37-44ab-a477-8e5d1ddff7a0,numbered,29585,completed,sold,1,2026-06-09 18:23:02.024207+00,2026-06-09 18:23:15.268729+00,2026-06-09 18:23:15.373812+00,0.105083,13.349605,
d6bc15aa-bcb3-4142-aaa4-1824f00e73c0,numbered,73173,completed,sold,1,2026-06-09 18:23:02.030814+00,2026-06-09 18:23:15.397292+00,2026-06-09 18:23:15.502373+00,0.105081,13.471559,
916f6822-7c60-46f3-b8bc-bbafd20b8e93,numbered,93061,completed,sold,1,2026-06-09 18:23:02.047983+00,2026-06-09 18:23:15.525821+00,2026-06-09 18:23:15.630687+00,0.104866,13.582704,
3645541e-ce4e-4ff5-b9ca-bbe3f3f5ac0d,numbered,6548,completed,sold,1,2026-06-09 18:23:02.056074+00,2026-06-09 18:23:15.653209+00,2026-06-09 18:23:15.762258+00,0.109049,13.706184,
9eb54361-abec-46c3-aded-7940a691108c,numbered,69492,completed,sold,1,2026-06-09 18:23:02.068609+00,2026-06-09 18:23:15.788696+00,2026-06-09 18:23:15.893988+00,0.105292,13.825379,
dedce428-7ed0-41e8-a344-eea2f03b0369,numbered,43475,completed,sold,1,2026-06-09 18:23:02.083954+00,2026-06-09 18:23:15.916035+00,2026-06-09 18:23:16.02083+00,0.104795,13.936876,
47957373-cf1d-4d7f-9bed-4c428ca9f201,numbered,92635,completed,sold,1,2026-06-09 18:23:02.099786+00,2026-06-09 18:23:16.045757+00,2026-06-09 18:23:16.151803+00,0.106046,14.052017,
6c7bfa97-808f-4c15-ac03-d800398f3119,numbered,16327,completed,sold,1,2026-06-09 18:23:02.10649+00,2026-06-09 18:23:16.181177+00,2026-06-09 18:23:16.285988+00,0.104811,14.179498,
9a1b59da-aea5-47d7-ab23-b75bd356ff3f,numbered,58695,completed,sold,1,2026-06-09 18:23:02.123346+00,2026-06-09 18:23:16.314661+00,2026-06-09 18:23:16.419743+00,0.105082,14.296397,
5311b437-b02e-4ea2-ba83-ac00b47361d6,numbered,59480,completed,sold,1,2026-06-09 18:23:02.131814+00,2026-06-09 18:23:16.441746+00,2026-06-09 18:23:16.546668+00,0.104922,14.414854,
59bfd5ed-fc37-4c49-9f01-66d27ccad5a9,numbered,48397,completed,sold,1,2026-06-09 18:23:02.143908+00,2026-06-09 18:23:16.573671+00,2026-06-09 18:23:16.678795+00,0.105124,14.534887,
c2992007-6499-4bd5-a072-661ae4536c4d,numbered,12454,completed,sold,1,2026-06-09 18:23:02.156488+00,2026-06-09 18:23:16.702363+00,2026-06-09 18:23:16.806942+00,0.104579,14.650454,
9011261d-1b3a-4aed-bd4e-e1f19819fc40,numbered,65753,completed,sold,1,2026-06-09 18:23:02.168977+00,2026-06-09 18:23:16.83102+00,2026-06-09 18:23:16.935922+00,0.104902,14.766945,
f6a88ed7-2999-4cbf-8998-6a1dd4ea3e85,numbered,23512,completed,sold,1,2026-06-09 18:23:02.18168+00,2026-06-09 18:23:16.959406+00,2026-06-09 18:23:17.064675+00,0.105269,14.882995,
ab9ecf3b-e64b-492f-b7e6-8676048363a3,numbered,92830,completed,sold,1,2026-06-09 18:23:02.19357+00,2026-06-09 18:23:17.088707+00,2026-06-09 18:23:17.193783+00,0.105076,15.000213,
e218c325-1bf9-4a61-b982-d323c26b92e0,numbered,35027,completed,sold,1,2026-06-09 18:23:02.206009+00,2026-06-09 18:23:17.216501+00,2026-06-09 18:23:17.321233+00,0.104732,15.115224,
c9ae607e-6e60-4c4f-9589-7e6868af966b,numbered,80662,completed,sold,1,2026-06-09 18:23:02.218722+00,2026-06-09 18:23:17.345118+00,2026-06-09 18:23:17.452894+00,0.107776,15.234172,
1a4bdef7-21d3-4793-b815-2e54d9ea14e9,numbered,77618,completed,sold,1,2026-06-09 18:23:02.231695+00,2026-06-09 18:23:17.477837+00,2026-06-09 18:23:17.582881+00,0.105044,15.351186,
84779d68-b4d5-487b-a140-60c18f686b46,numbered,51203,completed,sold,1,2026-06-09 18:23:02.244801+00,2026-06-09 18:23:17.606262+00,2026-06-09 18:23:17.711037+00,0.104775,15.466236,
a304a423-9798-40a0-bfab-4f980174b3a8,numbered,20702,completed,sold,1,2026-06-09 18:23:02.256189+00,2026-06-09 18:23:17.735891+00,2026-06-09 18:23:17.840934+00,0.105043,15.584745,
39e9aecb-be83-458c-b052-dac20709a2ec,numbered,2048,completed,sold,1,2026-06-09 18:23:02.268309+00,2026-06-09 18:23:17.863981+00,2026-06-09 18:23:17.968971+00,0.104990,15.700662,
c8646192-63a8-4b4c-94f4-748dda61026e,numbered,35987,completed,sold,1,2026-06-09 18:23:02.28098+00,2026-06-09 18:23:17.991098+00,2026-06-09 18:23:18.09598+00,0.104882,15.815000,
55eb2da8-d3af-4bba-a9c6-dd00a3d3255c,numbered,55883,completed,sold,1,2026-06-09 18:23:02.293813+00,2026-06-09 18:23:18.121711+00,2026-06-09 18:23:18.22701+00,0.105299,15.933197,
9943fb79-1861-4a05-8568-038e02fb0a26,numbered,96966,completed,sold,1,2026-06-09 18:23:02.306784+00,2026-06-09 18:23:18.254991+00,2026-06-09 18:23:18.359699+00,0.104708,16.052915,
a0e1fb28-de7c-403f-9373-0d890a5aec9b,numbered,76330,completed,sold,1,2026-06-09 18:23:02.318676+00,2026-06-09 18:23:18.381429+00,2026-06-09 18:23:18.485995+00,0.104566,16.167319,
7880a219-c667-475e-8f98-7a795f1602a9,numbered,74660,completed,sold,1,2026-06-09 18:23:02.331567+00,2026-06-09 18:23:18.508429+00,2026-06-09 18:23:18.613433+00,0.105004,16.281866,
908c7146-4afe-4094-b7ce-d275789b9d52,numbered,61904,completed,sold,1,2026-06-09 18:23:02.343589+00,2026-06-09 18:23:18.635745+00,2026-06-09 18:23:18.740541+00,0.104796,16.396952,
31d33db5-70ee-47fe-b419-2347f63c75f1,numbered,49775,completed,sold,1,2026-06-09 18:23:02.35623+00,2026-06-09 18:23:18.767134+00,2026-06-09 18:23:18.87185+00,0.104716,16.515620,
3e3105b8-1566-44e9-84c0-93f4272b5ee2,numbered,23365,completed,sold,1,2026-06-09 18:23:02.368443+00,2026-06-09 18:23:18.893829+00,2026-06-09 18:23:18.998443+00,0.104614,16.630000,
4567b324-3199-45d7-b27a-976c8ffbd381,numbered,76680,completed,sold,1,2026-06-09 18:23:02.381842+00,2026-06-09 18:23:19.026089+00,2026-06-09 18:23:19.130858+00,0.104769,16.749016,
5c26311c-dcfc-415d-8321-cd47542919b4,numbered,38031,completed,sold,1,2026-06-09 18:23:02.393373+00,2026-06-09 18:23:19.153362+00,2026-06-09 18:23:19.258495+00,0.105133,16.865122,
3337d549-1066-471a-acf4-8b1bb5995438,numbered,5700,completed,sold,1,2026-06-09 18:23:02.405793+00,2026-06-09 18:23:19.280081+00,2026-06-09 18:23:19.384817+00,0.104736,16.979024,
4f55b970-4b6e-41c9-853c-05387796cf52,numbered,81879,completed,sold,1,2026-06-09 18:23:02.418339+00,2026-06-09 18:23:19.406416+00,2026-06-09 18:23:19.511477+00,0.105061,17.093138,
2c004d23-ff29-4365-bda1-683666eddfa2,numbered,17397,completed,sold,1,2026-06-09 18:23:02.430923+00,2026-06-09 18:23:19.534154+00,2026-06-09 18:23:19.638869+00,0.104715,17.207946,
2d7fa503-939c-454f-bb55-863e2626beca,numbered,64155,completed,sold,1,2026-06-09 18:23:02.443516+00,2026-06-09 18:23:19.66056+00,2026-06-09 18:23:19.765272+00,0.104712,17.321756,
b816f8db-888b-4fe1-a3a2-6aca9bce16b7,numbered,25147,completed,sold,1,2026-06-09 18:23:02.456293+00,2026-06-09 18:23:19.788112+00,2026-06-09 18:23:19.893004+00,0.104892,17.436711,
33c63ce2-7c6f-4f7e-a312-291bd41d2b20,numbered,28064,completed,sold,1,2026-06-09 18:23:02.468453+00,2026-06-09 18:23:19.915999+00,2026-06-09 18:23:20.022194+00,0.106195,17.553741,
1d5c75e7-c0fc-4c37-9e00-67fc2eaeb829,numbered,45020,completed,sold,1,2026-06-09 18:23:02.480977+00,2026-06-09 18:23:20.048406+00,2026-06-09 18:23:20.153053+00,0.104647,17.672076,
34d63474-02c5-4b2d-baa2-fe8f9516c140,numbered,39894,completed,sold,1,2026-06-09 18:23:02.493346+00,2026-06-09 18:23:20.174747+00,2026-06-09 18:23:20.279463+00,0.104716,17.786117,
e9f119d9-386d-41c0-864d-91d43c47b142,numbered,89279,completed,sold,1,2026-06-09 18:23:02.505897+00,2026-06-09 18:23:20.302185+00,2026-06-09 18:23:20.406921+00,0.104736,17.901024,
04960082-f64d-4fc2-a6ce-f4fd32a8b2be,numbered,89242,completed,sold,1,2026-06-09 18:23:02.518335+00,2026-06-09 18:23:20.429737+00,2026-06-09 18:23:20.534688+00,0.104951,18.016353,
e628ad4a-a99a-4188-87f9-73c1371bbd31,numbered,97670,completed,sold,1,2026-06-09 18:23:02.530873+00,2026-06-09 18:23:20.56001+00,2026-06-09 18:23:20.665171+00,0.105161,18.134298,
44acedd8-5dd2-4b7b-8a8e-8f369002aa3c,numbered,63414,completed,sold,1,2026-06-09 18:23:02.543316+00,2026-06-09 18:23:20.688756+00,2026-06-09 18:23:20.794225+00,0.105469,18.250909,
bdfd37de-cbd2-4fb0-8b6e-8a3f6c1c525a,numbered,26403,completed,sold,1,2026-06-09 18:23:02.555926+00,2026-06-09 18:23:20.820297+00,2026-06-09 18:23:20.925075+00,0.104778,18.369149,
5d41e57b-c747-4d81-8e5f-b4f0d878acc8,numbered,52500,completed,sold,1,2026-06-09 18:23:02.56816+00,2026-06-09 18:23:20.9472+00,2026-06-09 18:23:21.052537+00,0.105337,18.484377,
4ef9b0ba-233f-472a-a7be-c39716b9a7a9,numbered,88442,completed,sold,1,2026-06-09 18:23:02.58137+00,2026-06-09 18:23:21.075703+00,2026-06-09 18:23:21.180686+00,0.104983,18.599316,
c8d673b6-7fcf-4450-a03b-720cbd49a4ef,numbered,32219,completed,sold,1,2026-06-09 18:23:02.593272+00,2026-06-09 18:23:21.20288+00,2026-06-09 18:23:21.30814+00,0.105260,18.714868,
5ff7c5dd-238b-4de1-bd6e-cec68692865f,numbered,433,completed,sold,1,2026-06-09 18:23:02.605808+00,2026-06-09 18:23:21.330766+00,2026-06-09 18:23:21.435756+00,0.104990,18.829948,
e8fbbfe5-d25d-4140-9d4c-35f21918c5f2,numbered,68549,completed,sold,1,2026-06-09 18:23:02.618431+00,2026-06-09 18:23:21.457505+00,2026-06-09 18:23:21.562336+00,0.104831,18.943905,
f0385342-d878-4021-bc96-41aaf9bf4806,numbered,3373,completed,sold,1,2026-06-09 18:23:02.631329+00,2026-06-09 18:23:21.584993+00,2026-06-09 18:23:21.689865+00,0.104872,19.058536,
b2ff1554-5cf4-46dc-bb7e-aed6ed883003,numbered,23221,completed,sold,1,2026-06-09 18:23:02.64341+00,2026-06-09 18:23:21.711669+00,2026-06-09 18:23:21.816687+00,0.105018,19.173277,
2bf77f1a-f036-4348-9641-20b28f9c4ddc,numbered,46718,completed,sold,1,2026-06-09 18:23:02.656062+00,2026-06-09 18:23:21.839076+00,2026-06-09 18:23:21.944109+00,0.105033,19.288047,
9e496bf6-7c62-4e29-9574-3c6be0a95574,numbered,83593,completed,sold,1,2026-06-09 18:23:02.668348+00,2026-06-09 18:23:21.96585+00,2026-06-09 18:23:22.074241+00,0.108391,19.405893,
8f889b40-ef48-460f-8455-0e0f4a123e54,numbered,97386,completed,sold,1,2026-06-09 18:23:02.68104+00,2026-06-09 18:23:22.097682+00,2026-06-09 18:23:22.202471+00,0.104789,19.521431,
963e4f8d-0092-4c36-a6e7-2fe833d89f67,numbered,22875,completed,sold,1,2026-06-09 18:23:02.693517+00,2026-06-09 18:23:22.224688+00,2026-06-09 18:23:22.329685+00,0.104997,19.636168,
a0bb6afb-1055-41f7-a189-c67e8bcb5336,numbered,48653,completed,sold,1,2026-06-09 18:23:02.70588+00,2026-06-09 18:23:22.351363+00,2026-06-09 18:23:22.45601+00,0.104647,19.750130,
23ec931e-3afa-4957-bb66-066539d8ad4a,numbered,25758,completed,sold,1,2026-06-09 18:23:02.718115+00,2026-06-09 18:23:22.478177+00,2026-06-09 18:23:22.582851+00,0.104674,19.864736,
114401fe-6a6d-4217-9b43-dd81453433cb,numbered,11139,completed,sold,1,2026-06-09 18:23:02.730803+00,2026-06-09 18:23:22.60576+00,2026-06-09 18:23:22.711255+00,0.105495,19.980452,
d9092166-c043-4793-a31c-ed9ac082e936,numbered,48449,completed,sold,1,2026-06-09 18:23:02.743457+00,2026-06-09 18:23:22.733276+00,2026-06-09 18:23:22.837885+00,0.104609,20.094428,
571b7635-d826-4466-bf74-6a17b9679a97,numbered,53214,completed,sold,1,2026-06-09 18:23:02.755786+00,2026-06-09 18:23:22.860334+00,2026-06-09 18:23:22.96496+00,0.104626,20.209174,
b5630314-2078-41a1-a9f8-cc2384e59a73,numbered,67493,completed,sold,1,2026-06-09 18:23:02.768204+00,2026-06-09 18:23:22.987126+00,2026-06-09 18:23:23.091931+00,0.104805,20.323727,
b3fae580-793f-402f-a6c5-e42180f4f8b0,numbered,6849,completed,sold,1,2026-06-09 18:23:02.780887+00,2026-06-09 18:23:23.114492+00,2026-06-09 18:23:23.219532+00,0.105040,20.438645,
ca462d0d-be8a-42c7-a7e8-fe22faf70378,numbered,22682,completed,sold,1,2026-06-09 18:23:02.79335+00,2026-06-09 18:23:23.241439+00,2026-06-09 18:23:23.346251+00,0.104812,20.552901,
3ae874fd-8cda-40be-8a70-aa7255086b27,numbered,13536,completed,sold,1,2026-06-09 18:23:02.805707+00,2026-06-09 18:23:23.369238+00,2026-06-09 18:23:23.473918+00,0.104680,20.668211,
2ea52775-c4ab-4b3c-aa95-7e46c8591135,numbered,12332,completed,sold,1,2026-06-09 18:23:02.818269+00,2026-06-09 18:23:23.496859+00,2026-06-09 18:23:23.602239+00,0.105380,20.783970,
05c8a538-196f-4ddd-9d58-ea185763491a,numbered,45282,completed,sold,1,2026-06-09 18:23:02.830919+00,2026-06-09 18:23:23.624862+00,2026-06-09 18:23:23.7294+00,0.104538,20.898481,
f10851c9-748d-431e-b247-f2a403c81fd7,numbered,69611,completed,sold,1,2026-06-09 18:23:02.843325+00,2026-06-09 18:23:23.751617+00,2026-06-09 18:23:23.856559+00,0.104942,21.013234,
73193a85-c02c-4e3c-9ea4-27aebcef72ff,numbered,24383,completed,sold,1,2026-06-09 18:23:02.855867+00,2026-06-09 18:23:23.878312+00,2026-06-09 18:23:23.982938+00,0.104626,21.127071,
d2e90643-15d3-41c6-b760-fe6f85e7008e,numbered,19497,completed,sold,1,2026-06-09 18:23:02.868159+00,2026-06-09 18:23:24.006335+00,2026-06-09 18:23:24.110961+00,0.104626,21.242802,
902e5a01-75fe-45a0-b6e9-9245f4a32b45,numbered,18673,completed,sold,1,2026-06-09 18:23:02.881068+00,2026-06-09 18:23:24.133189+00,2026-06-09 18:23:24.237828+00,0.104639,21.356760,
dbf43f9c-7b2b-4131-ae98-a869fc9b1adf,numbered,3804,completed,sold,1,2026-06-09 18:23:02.893311+00,2026-06-09 18:23:24.259374+00,2026-06-09 18:23:24.3644+00,0.105026,21.471089,
32fadaee-da28-4aea-afa0-f94d3e3164c9,numbered,19311,completed,sold,1,2026-06-09 18:23:02.905856+00,2026-06-09 18:23:24.387103+00,2026-06-09 18:23:24.491835+00,0.104732,21.585979,
579d3043-c027-4a02-8d91-0933874427dd,numbered,87703,completed,sold,1,2026-06-09 18:23:02.918455+00,2026-06-09 18:23:24.514181+00,2026-06-09 18:23:24.618938+00,0.104757,21.700483,
3089d513-fcb6-410e-a5b0-606734a162dc,numbered,69441,completed,sold,1,2026-06-09 18:23:02.93124+00,2026-06-09 18:23:24.640672+00,2026-06-09 18:23:24.745599+00,0.104927,21.814359,
02ab7da9-0c4c-404f-9183-b56becf16935,numbered,36969,completed,sold,1,2026-06-09 18:23:02.943518+00,2026-06-09 18:23:24.769769+00,2026-06-09 18:23:24.874847+00,0.105078,21.931329,
a56bf2a6-f87b-4582-b583-31870400926a,numbered,31496,completed,sold,1,2026-06-09 18:23:02.95583+00,2026-06-09 18:23:24.896284+00,2026-06-09 18:23:25.000734+00,0.104450,22.044904,
3431a748-049d-4847-98db-0d18d1a7ee3c,numbered,99265,completed,sold,1,2026-06-09 18:23:02.968319+00,2026-06-09 18:23:25.023837+00,2026-06-09 18:23:25.12891+00,0.105073,22.160591,
878977ee-fee7-4338-96c2-5269dfe55e7e,numbered,65048,completed,sold,1,2026-06-09 18:23:02.980798+00,2026-06-09 18:23:25.151595+00,2026-06-09 18:23:25.256479+00,0.104884,22.275681,
1dc326ed-00a1-46d4-a563-2c653b4e4b3b,numbered,2423,completed,sold,1,2026-06-09 18:23:02.993437+00,2026-06-09 18:23:25.278818+00,2026-06-09 18:23:25.383776+00,0.104958,22.390339,
ea3b4456-fc3c-40cb-a07b-0adc6d3ce240,numbered,22142,completed,sold,1,2026-06-09 18:23:03.006098+00,2026-06-09 18:23:25.405864+00,2026-06-09 18:23:25.510415+00,0.104551,22.504317,
50d27a90-6ac3-4144-811b-3face4e03548,numbered,89015,completed,sold,1,2026-06-09 18:23:03.018447+00,2026-06-09 18:23:25.531877+00,2026-06-09 18:23:25.636521+00,0.104644,22.618074,
9018342d-629b-48cc-915a-a636a01ad5dc,numbered,54714,completed,sold,1,2026-06-09 18:23:03.03095+00,2026-06-09 18:23:25.657894+00,2026-06-09 18:23:25.762515+00,0.104621,22.731565,
9114c255-1869-4fe0-b025-0c931634721a,numbered,30577,completed,sold,1,2026-06-09 18:23:03.043534+00,2026-06-09 18:23:25.784541+00,2026-06-09 18:23:25.889153+00,0.104612,22.845619,
ed0afaf0-b846-40bd-909c-48ccca02bd81,numbered,55544,completed,sold,1,2026-06-09 18:23:03.055731+00,2026-06-09 18:23:25.911108+00,2026-06-09 18:23:26.015921+00,0.104813,22.960190,
59d5ba0f-3cfd-4313-b118-d23e6bb10a9e,numbered,20021,completed,sold,1,2026-06-09 18:23:03.06854+00,2026-06-09 18:23:26.040213+00,2026-06-09 18:23:26.145187+00,0.104974,23.076647,
50b5bf0d-97ab-4ade-830b-75baa9efd50d,numbered,16821,completed,sold,1,2026-06-09 18:23:03.080897+00,2026-06-09 18:23:26.169046+00,2026-06-09 18:23:26.273732+00,0.104686,23.192835,
73f9fde9-1150-465a-b346-e91ae84815ee,numbered,52863,completed,sold,1,2026-06-09 18:23:03.093487+00,2026-06-09 18:23:26.295309+00,2026-06-09 18:23:26.400664+00,0.105355,23.307177,
6a0b8e1d-7d7d-4033-a0d4-45bad627ac04,numbered,11996,completed,sold,1,2026-06-09 18:23:03.105961+00,2026-06-09 18:23:26.423082+00,2026-06-09 18:23:26.527899+00,0.104817,23.421938,
bf46f80c-125b-49af-88f3-cdc633801861,numbered,34446,completed,sold,1,2026-06-09 18:23:03.118506+00,2026-06-09 18:23:26.55052+00,2026-06-09 18:23:26.655655+00,0.105135,23.537149,
ff4acdc9-c839-412f-8229-0d4c232b6af3,numbered,5650,completed,sold,1,2026-06-09 18:23:03.130967+00,2026-06-09 18:23:26.677474+00,2026-06-09 18:23:26.782357+00,0.104883,23.651390,
afec8495-8ef1-45d1-b4c0-24ce3b3acd19,numbered,21645,completed,sold,1,2026-06-09 18:23:03.143728+00,2026-06-09 18:23:26.804361+00,2026-06-09 18:23:26.90906+00,0.104699,23.765332,
2e4651e1-fc83-4feb-87ea-82d8d68df7ee,numbered,27891,completed,sold,1,2026-06-09 18:23:03.156221+00,2026-06-09 18:23:26.931073+00,2026-06-09 18:23:27.03588+00,0.104807,23.879659,
5e963362-af9e-42b6-8dd4-5341e9aba850,numbered,15973,completed,sold,1,2026-06-09 18:23:03.169957+00,2026-06-09 18:23:27.058212+00,2026-06-09 18:23:27.162803+00,0.104591,23.992846,
bdadcd2a-afe7-45e5-af96-69bf8ca2c5a6,numbered,60519,completed,sold,1,2026-06-09 18:23:03.18096+00,2026-06-09 18:23:27.18458+00,2026-06-09 18:23:27.289386+00,0.104806,24.108426,
ec16e393-9a6d-4587-ba51-6c8daed6b8b9,numbered,84573,completed,sold,1,2026-06-09 18:23:03.193425+00,2026-06-09 18:23:27.311748+00,2026-06-09 18:23:27.416538+00,0.104790,24.223113,
de01a238-1b0e-4a80-a754-d60d3e4d8f45,numbered,240,completed,sold,1,2026-06-09 18:23:03.205842+00,2026-06-09 18:23:27.438173+00,2026-06-09 18:23:27.54275+00,0.104577,24.336908,
edb27edd-ec28-4742-976a-86cde4992f17,numbered,59423,completed,sold,1,2026-06-09 18:23:03.218489+00,2026-06-09 18:23:27.565615+00,2026-06-09 18:23:27.670514+00,0.104899,24.452025,
474823b4-ce7b-4f2e-a821-bd668c45c483,numbered,4525,completed,sold,1,2026-06-09 18:23:03.230888+00,2026-06-09 18:23:27.693195+00,2026-06-09 18:23:27.797765+00,0.104570,24.566877,
7e6fdf13-0c95-47b7-b9e4-cfde298e1fa7,numbered,67109,completed,sold,1,2026-06-09 18:23:03.243489+00,2026-06-09 18:23:27.82034+00,2026-06-09 18:23:27.924938+00,0.104598,24.681449,
f4a73a89-64c1-477d-87b0-fe3f45bca485,numbered,41845,completed,sold,1,2026-06-09 18:23:03.256033+00,2026-06-09 18:23:27.947649+00,2026-06-09 18:23:28.052569+00,0.104920,24.796536,
1a3101c1-fc26-4262-a806-a0d7a9cf5f71,numbered,16493,completed,sold,1,2026-06-09 18:23:03.268228+00,2026-06-09 18:23:28.083744+00,2026-06-09 18:23:28.189104+00,0.105360,24.920876,
696f40e8-3d18-44f7-8a4c-20ae9fe347ab,numbered,61668,completed,sold,1,2026-06-09 18:23:03.280834+00,2026-06-09 18:23:28.211684+00,2026-06-09 18:23:28.316692+00,0.105008,25.035858,
b458ddb9-737d-4310-8dd9-90e283ad3609,numbered,99209,completed,sold,1,2026-06-09 18:23:03.293413+00,2026-06-09 18:23:28.3417+00,2026-06-09 18:23:28.446879+00,0.105179,25.153466,
d728847c-e2a3-409f-a3b1-d7a7cc2e838a,numbered,13574,completed,sold,1,2026-06-09 18:23:03.3056+00,2026-06-09 18:23:28.470672+00,2026-06-09 18:23:28.57624+00,0.105568,25.270640,
23fd1da7-bdc7-4fad-8095-703c0d3ad461,numbered,36890,completed,sold,1,2026-06-09 18:23:03.318497+00,2026-06-09 18:23:28.603269+00,2026-06-09 18:23:28.708153+00,0.104884,25.389656,
6db559cd-615f-4fc1-a51c-27b3498e747c,numbered,58613,completed,sold,1,2026-06-09 18:23:03.33097+00,2026-06-09 18:23:28.731035+00,2026-06-09 18:23:28.836032+00,0.104997,25.505062,
cb230395-05fe-47d1-bb2a-6fbc1ba413c6,numbered,65364,completed,sold,1,2026-06-09 18:23:03.343567+00,2026-06-09 18:23:28.860416+00,2026-06-09 18:23:28.965389+00,0.104973,25.621822,
9503dbb1-1951-47a6-be49-ca35d1ef61e5,numbered,92553,completed,sold,1,2026-06-09 18:23:03.356138+00,2026-06-09 18:23:28.989063+00,2026-06-09 18:23:29.093921+00,0.104858,25.737783,
2972757b-bde5-48dc-80e8-a0ed59e4add9,numbered,37323,completed,sold,1,2026-06-09 18:23:03.368418+00,2026-06-09 18:23:29.116634+00,2026-06-09 18:23:29.221459+00,0.104825,25.853041,
3ed0ae36-8546-42b7-8bdf-3b77c96210f5,numbered,2369,completed,sold,1,2026-06-09 18:23:03.38114+00,2026-06-09 18:23:29.243757+00,2026-06-09 18:23:29.348856+00,0.105099,25.967716,
ed4d1aaf-9ba7-4e15-994a-ccd66c831010,numbered,67824,completed,sold,1,2026-06-09 18:23:03.393491+00,2026-06-09 18:23:29.371+00,2026-06-09 18:23:29.47596+00,0.104960,26.082469,
240741e1-1581-46e3-880d-9ae6bbea4ec8,numbered,50728,completed,sold,1,2026-06-09 18:23:03.405907+00,2026-06-09 18:23:29.498085+00,2026-06-09 18:23:29.602854+00,0.104769,26.196947,
03124b1b-da01-4342-916e-9411b3d21d53,numbered,70663,completed,sold,1,2026-06-09 18:23:03.418414+00,2026-06-09 18:23:29.624983+00,2026-06-09 18:23:29.729897+00,0.104914,26.311483,
c09183bb-9298-411d-984a-32940d5a36e7,numbered,2135,completed,sold,1,2026-06-09 18:23:03.430964+00,2026-06-09 18:23:29.752389+00,2026-06-09 18:23:29.857915+00,0.105526,26.426951,
7f0eafcf-8159-460c-8eb6-18d96b471375,numbered,13749,completed,sold,1,2026-06-09 18:23:03.443611+00,2026-06-09 18:23:29.882423+00,2026-06-09 18:23:29.98755+00,0.105127,26.543939,
7468817c-17d3-45a3-ad2b-d7aef7e14acb,numbered,37023,completed,sold,1,2026-06-09 18:23:03.455964+00,2026-06-09 18:23:30.021326+00,2026-06-09 18:23:30.126805+00,0.105479,26.670841,
75809559-01b5-4df3-bb49-0c110d82ba7f,numbered,37682,completed,sold,1,2026-06-09 18:23:03.468392+00,2026-06-09 18:23:30.156953+00,2026-06-09 18:23:30.261797+00,0.104844,26.793405,
737bb01a-481e-4a53-8112-8a12599a96ff,numbered,73597,completed,sold,1,2026-06-09 18:23:03.480961+00,2026-06-09 18:23:30.283387+00,2026-06-09 18:23:30.388221+00,0.104834,26.907260,
c4e5a993-de57-4aab-8371-a6eeca26bd38,numbered,68399,completed,sold,1,2026-06-09 18:23:03.493366+00,2026-06-09 18:23:30.410109+00,2026-06-09 18:23:30.514851+00,0.104742,27.021485,
21a5a507-00c9-4e8b-afe0-914707050b87,numbered,3778,completed,sold,1,2026-06-09 18:23:03.505987+00,2026-06-09 18:23:30.537019+00,2026-06-09 18:23:30.641913+00,0.104894,27.135926,
dc3637c4-902a-4591-a141-a3053c643b4f,numbered,57606,completed,sold,1,2026-06-09 18:23:03.518496+00,2026-06-09 18:23:30.663757+00,2026-06-09 18:23:30.76875+00,0.104993,27.250254,
e21ad227-4182-4117-a944-a9ccee9da0c2,numbered,98737,completed,sold,1,2026-06-09 18:23:03.531028+00,2026-06-09 18:23:30.791594+00,2026-06-09 18:23:30.896687+00,0.105093,27.365659,
98aae29e-06f6-4abd-a058-d13de6e31c35,numbered,42217,completed,sold,1,2026-06-09 18:23:03.543387+00,2026-06-09 18:23:30.919544+00,2026-06-09 18:23:31.024642+00,0.105098,27.481255,
31779337-3c7e-44fc-8f48-44b840399f91,numbered,61718,completed,sold,1,2026-06-09 18:23:03.556098+00,2026-06-09 18:23:31.050036+00,2026-06-09 18:23:31.154723+00,0.104687,27.598625,
6d8f4adf-e344-4585-a30f-a6c7246bfe5d,numbered,29204,completed,sold,1,2026-06-09 18:23:03.568398+00,2026-06-09 18:23:31.18625+00,2026-06-09 18:23:31.291071+00,0.104821,27.722673,
d6940e1d-15e9-4bc2-90b2-006079de9d48,numbered,96093,completed,sold,1,2026-06-09 18:23:03.580726+00,2026-06-09 18:23:31.314091+00,2026-06-09 18:23:31.418881+00,0.104790,27.838155,
f56f8b26-7f9f-4f4c-b99e-5f58304886c2,numbered,24688,completed,sold,1,2026-06-09 18:23:03.593288+00,2026-06-09 18:23:31.441261+00,2026-06-09 18:23:31.546186+00,0.104925,27.952898,
52102beb-fb0e-40a8-8dd6-c7bf20c10d84,numbered,87447,completed,sold,1,2026-06-09 18:23:03.605774+00,2026-06-09 18:23:31.568628+00,2026-06-09 18:23:31.673653+00,0.105025,28.067879,
3a3d15b1-d52a-48bc-bbc6-e918c9283a51,numbered,61221,completed,sold,1,2026-06-09 18:23:03.618486+00,2026-06-09 18:23:31.696282+00,2026-06-09 18:23:31.801267+00,0.104985,28.182781,
9dabce13-37ac-4213-b6b6-db0f7c6a891f,numbered,52233,completed,sold,1,2026-06-09 18:23:03.631136+00,2026-06-09 18:23:31.82291+00,2026-06-09 18:23:31.927574+00,0.104664,28.296438,
8ae46230-1d3d-463d-bbe3-f9992ccc9700,numbered,26414,completed,sold,1,2026-06-09 18:23:03.643438+00,2026-06-09 18:23:31.949122+00,2026-06-09 18:23:32.053925+00,0.104803,28.410487,
de71035b-19a3-480c-a2d8-6047c2d19f2c,numbered,84497,completed,sold,1,2026-06-09 18:23:03.655957+00,2026-06-09 18:23:32.076672+00,2026-06-09 18:23:32.181575+00,0.104903,28.525618,
75d07dce-df8f-4013-9438-a90f94544177,numbered,18316,completed,sold,1,2026-06-09 18:23:03.66828+00,2026-06-09 18:23:32.203576+00,2026-06-09 18:23:32.308612+00,0.105036,28.640332,
14044e8c-6f4b-4cc2-9b8d-07558ab76602,numbered,98786,completed,sold,1,2026-06-09 18:23:03.680902+00,2026-06-09 18:23:32.33051+00,2026-06-09 18:23:32.435326+00,0.104816,28.754424,
74a09a0c-94ea-4af4-a2b6-0c7f06d1b4b3,numbered,49604,completed,sold,1,2026-06-09 18:23:03.693157+00,2026-06-09 18:23:32.45728+00,2026-06-09 18:23:32.562369+00,0.105089,28.869212,
7e45e94f-f818-4419-903f-269599ce0988,numbered,45054,completed,sold,1,2026-06-09 18:23:03.705886+00,2026-06-09 18:23:32.584711+00,2026-06-09 18:23:32.68955+00,0.104839,28.983664,
142110da-2314-4adb-ad4b-8be79607d30b,numbered,39037,completed,sold,1,2026-06-09 18:23:03.718402+00,2026-06-09 18:23:32.712176+00,2026-06-09 18:23:32.81686+00,0.104684,29.098458,
29cde170-d1ba-4694-a131-56a5a01a7103,numbered,15993,completed,sold,1,2026-06-09 18:23:03.730977+00,2026-06-09 18:23:32.839121+00,2026-06-09 18:23:32.944156+00,0.105035,29.213179,
42911eab-013e-40d9-a6eb-984c0c44f22d,numbered,66892,completed,sold,1,2026-06-09 18:23:03.743504+00,2026-06-09 18:23:32.96598+00,2026-06-09 18:23:33.070744+00,0.104764,29.327240,
434a562f-2a36-4263-904b-ccdfe5a2814f,numbered,5324,completed,sold,1,2026-06-09 18:23:03.755966+00,2026-06-09 18:23:33.093984+00,2026-06-09 18:23:33.198836+00,0.104852,29.442870,
6900bbc3-37a1-40bf-960e-204974a9429f,numbered,62089,completed,sold,1,2026-06-09 18:23:03.768201+00,2026-06-09 18:23:33.221148+00,2026-06-09 18:23:33.326093+00,0.104945,29.557892,
6eac73f2-723b-4e8b-85b5-841d1af8a0c1,numbered,61750,completed,sold,1,2026-06-09 18:23:03.780828+00,2026-06-09 18:23:33.348494+00,2026-06-09 18:23:33.453361+00,0.104867,29.672533,
64fcbbfb-65b8-448d-af60-25d3a7bce15c,numbered,67147,completed,sold,1,2026-06-09 18:23:03.793363+00,2026-06-09 18:23:33.475455+00,2026-06-09 18:23:33.580542+00,0.105087,29.787179,
d1ac12c9-54b6-43aa-82c5-16149c1e6fc5,numbered,18303,completed,sold,1,2026-06-09 18:23:03.80588+00,2026-06-09 18:23:33.603758+00,2026-06-09 18:23:33.709459+00,0.105701,29.903579,
86edf9e8-c2bb-4a78-a4e3-13ddddb3f3d4,numbered,180,completed,sold,1,2026-06-09 18:23:03.818493+00,2026-06-09 18:23:33.731697+00,2026-06-09 18:23:33.836685+00,0.104988,30.018192,
222b99f7-7b63-4f4c-8472-0662ab1eae23,numbered,758,completed,sold,1,2026-06-09 18:23:03.830768+00,2026-06-09 18:23:33.859298+00,2026-06-09 18:23:33.964503+00,0.105205,30.133735,
af465cb1-ef63-4760-99df-1738d8cb2018,numbered,24134,completed,sold,1,2026-06-09 18:23:03.843348+00,2026-06-09 18:23:33.98714+00,2026-06-09 18:23:34.092114+00,0.104974,30.248766,
a154ae5e-4e0d-4b04-9a92-172445bc21ec,numbered,83171,completed,sold,1,2026-06-09 18:23:03.855846+00,2026-06-09 18:23:34.113995+00,2026-06-09 18:23:34.21863+00,0.104635,30.362784,
315252e4-ceec-4b1a-91d0-b7ec1146dd0a,numbered,2272,completed,sold,1,2026-06-09 18:23:03.868396+00,2026-06-09 18:23:34.240212+00,2026-06-09 18:23:34.344979+00,0.104767,30.476583,
17842d7e-07ef-43e3-8a25-f0cf30a52f12,numbered,67138,completed,sold,1,2026-06-09 18:23:03.8808+00,2026-06-09 18:23:34.367251+00,2026-06-09 18:23:34.472295+00,0.105044,30.591495,
d773cd57-e583-4a2c-a6d0-a9f6c61bfb38,numbered,13068,completed,sold,1,2026-06-09 18:23:03.893318+00,2026-06-09 18:23:34.494503+00,2026-06-09 18:23:34.60038+00,0.105877,30.707062,
b236d858-e315-4c48-81b6-3be434775f39,numbered,87521,completed,sold,1,2026-06-09 18:23:03.905703+00,2026-06-09 18:23:34.622799+00,2026-06-09 18:23:34.727768+00,0.104969,30.822065,
75eb94d6-a5cd-4e35-973e-0b44f3c8d1fe,numbered,15271,completed,sold,1,2026-06-09 18:23:03.918474+00,2026-06-09 18:23:34.753158+00,2026-06-09 18:23:34.859732+00,0.106574,30.941258,
6f0e9456-e0f8-4cfa-bbc8-8ebdf1682f53,numbered,93305,completed,sold,1,2026-06-09 18:23:03.931221+00,2026-06-09 18:23:34.881979+00,2026-06-09 18:23:34.986689+00,0.104710,31.055468,
81411a7f-bc99-4a34-af52-ec4a7b7ea68b,numbered,12045,completed,sold,1,2026-06-09 18:23:03.943378+00,2026-06-09 18:23:35.008803+00,2026-06-09 18:23:35.113722+00,0.104919,31.170344,
2f343206-bfea-434d-8c9e-bc3cfdd931da,numbered,52328,completed,sold,1,2026-06-09 18:23:03.955955+00,2026-06-09 18:23:35.135786+00,2026-06-09 18:23:35.240544+00,0.104758,31.284589,
3ac953d1-0c84-4b3a-b17c-673c520ce9f5,numbered,37574,completed,sold,1,2026-06-09 18:23:03.968321+00,2026-06-09 18:23:35.261798+00,2026-06-09 18:23:35.366385+00,0.104587,31.398064,
6f172644-ca6b-4236-b6ae-40630913475f,numbered,42823,completed,sold,1,2026-06-09 18:23:03.980729+00,2026-06-09 18:23:35.388803+00,2026-06-09 18:23:35.493667+00,0.104864,31.512938,
06102e38-233e-4ca0-8502-6bd33f05ee1c,numbered,18244,completed,sold,1,2026-06-09 18:23:03.993449+00,2026-06-09 18:23:35.515533+00,2026-06-09 18:23:35.620686+00,0.105153,31.627237,
69a56304-7d85-4f3f-ac14-157adb6754d4,numbered,75761,completed,sold,1,2026-06-09 18:23:04.008249+00,2026-06-09 18:23:35.642875+00,2026-06-09 18:23:35.747475+00,0.104600,31.739226,
8a71aff4-cff6-4bf7-9f66-ac36aea21f70,numbered,6720,completed,sold,1,2026-06-09 18:23:04.031034+00,2026-06-09 18:23:35.771749+00,2026-06-09 18:23:35.876938+00,0.105189,31.845904,
4be4d9c1-f82d-44db-8698-5f198458f059,numbered,87091,completed,sold,1,2026-06-09 18:23:04.018439+00,2026-06-09 18:23:35.811106+00,2026-06-09 18:23:35.91693+00,0.105824,31.898491,
8a906926-a265-4d43-a61a-43ea5274cfd9,numbered,7045,completed,sold,1,2026-06-09 18:23:04.043549+00,2026-06-09 18:23:35.852692+00,2026-06-09 18:23:35.957647+00,0.104955,31.914098,
ba012899-a868-4cb4-b02b-2312c6d94b57,numbered,84864,completed,sold,1,2026-06-09 18:23:04.056071+00,2026-06-09 18:23:35.884673+00,2026-06-09 18:23:35.989655+00,0.104982,31.933584,
1835a9bb-8bcf-437e-b425-d8783d13c9cf,numbered,80295,completed,sold,1,2026-06-09 18:23:04.068393+00,2026-06-09 18:23:35.900615+00,2026-06-09 18:23:36.008797+00,0.108182,31.940404,
bde55e59-98fa-473d-b392-d355bdd49c56,numbered,99784,completed,sold,1,2026-06-09 18:23:04.081003+00,2026-06-09 18:23:35.942798+00,2026-06-09 18:23:36.049219+00,0.106421,31.968216,
294467f3-ff2c-49ae-8434-81cd936bc6e7,numbered,19658,completed,sold,1,2026-06-09 18:23:04.105921+00,2026-06-09 18:23:35.979995+00,2026-06-09 18:23:36.085023+00,0.105028,31.979102,
6d0f7eb4-f7d2-4077-b45e-e4f3d53110e7,numbered,14587,completed,sold,1,2026-06-09 18:23:04.118335+00,2026-06-09 18:23:36.012836+00,2026-06-09 18:23:36.117835+00,0.104999,31.999500,
067156a7-8e14-44b8-90b0-10fcd904944d,numbered,66988,completed,sold,1,2026-06-09 18:23:04.093346+00,2026-06-09 18:23:36.025379+00,2026-06-09 18:23:36.12962+00,0.104241,32.036274,
faf6e585-f5b1-4416-9a6b-e34895dafd04,numbered,94724,completed,sold,1,2026-06-09 18:23:04.130957+00,2026-06-09 18:23:36.034436+00,2026-06-09 18:23:36.139943+00,0.105507,32.008986,
e5a37494-e8c6-4eb6-9a22-b13e6e07bf8c,numbered,31457,completed,sold,1,2026-06-09 18:23:04.143417+00,2026-06-09 18:23:36.077223+00,2026-06-09 18:23:36.182894+00,0.105671,32.039477,
61fbde77-551b-475b-af9d-e26c42fb442e,numbered,60200,completed,sold,1,2026-06-09 18:23:04.1559+00,2026-06-09 18:23:36.107799+00,2026-06-09 18:23:36.212435+00,0.104636,32.056535,
8c30cc22-f055-435d-b78d-05b005524d76,numbered,19638,completed,sold,1,2026-06-09 18:23:04.168303+00,2026-06-09 18:23:36.142501+00,2026-06-09 18:23:36.247483+00,0.104982,32.079180,
6b53d30a-51c9-4772-9489-3dab9dcbcb79,numbered,27169,completed,sold,1,2026-06-09 18:23:04.181034+00,2026-06-09 18:23:36.15169+00,2026-06-09 18:23:36.256979+00,0.105289,32.075945,
40a8f19e-e442-4d04-92bb-da04adc1e0bf,numbered,11755,completed,sold,1,2026-06-09 18:23:04.193374+00,2026-06-09 18:23:36.165563+00,2026-06-09 18:23:36.27206+00,0.106497,32.078686,
d16c295b-5d47-4203-8944-a0aa3c7dc24e,numbered,20355,completed,sold,1,2026-06-09 18:23:04.205963+00,2026-06-09 18:23:36.20891+00,2026-06-09 18:23:36.314834+00,0.105924,32.108871,
7af3aaa4-9cd3-46e0-a756-afe6055becdb,numbered,31291,completed,sold,1,2026-06-09 18:23:04.218251+00,2026-06-09 18:23:36.234787+00,2026-06-09 18:23:36.34004+00,0.105253,32.121789,
9d943fc1-a999-4672-b0be-54efe0d47ca6,numbered,30936,completed,sold,1,2026-06-09 18:23:04.230977+00,2026-06-09 18:23:36.271632+00,2026-06-09 18:23:36.376453+00,0.104821,32.145476,
1dfc3696-2c2e-4bcc-8db2-2fe0f2608adf,numbered,2537,completed,sold,1,2026-06-09 18:23:04.243413+00,2026-06-09 18:23:36.280806+00,2026-06-09 18:23:36.385698+00,0.104892,32.142285,
a64f4443-356f-4ede-a64b-f06a7e39e3b5,numbered,80205,completed,sold,1,2026-06-09 18:23:04.255884+00,2026-06-09 18:23:36.288589+00,2026-06-09 18:23:36.394335+00,0.105746,32.138451,
030d6bf4-2f0c-417e-b183-14ba8bbbd4e4,numbered,85140,completed,sold,1,2026-06-09 18:23:04.268249+00,2026-06-09 18:23:36.296689+00,2026-06-09 18:23:36.401909+00,0.105220,32.133660,
eb715461-39fd-4bd3-9478-c83dd43496f3,numbered,61773,completed,sold,1,2026-06-09 18:23:04.280871+00,2026-06-09 18:23:36.345674+00,2026-06-09 18:23:36.451424+00,0.105750,32.170553,
1faed718-ab83-4c0d-8280-6dcd88d02a5f,numbered,2010,completed,sold,1,2026-06-09 18:23:04.293397+00,2026-06-09 18:23:36.363398+00,2026-06-09 18:23:36.46804+00,0.104642,32.174643,
bb55fb26-3b41-4d5d-92a5-b4acbb54ebed,numbered,26408,completed,sold,1,2026-06-09 18:23:04.305874+00,2026-06-09 18:23:36.404872+00,2026-06-09 18:23:36.50999+00,0.105118,32.204116,
bcb300a8-1814-47ab-8ef4-3d8182348663,numbered,71145,completed,sold,1,2026-06-09 18:23:04.318707+00,2026-06-09 18:23:36.410822+00,2026-06-09 18:23:36.515783+00,0.104961,32.197076,
a6959b5d-eb78-4210-a52c-a509c35125c0,numbered,18761,completed,sold,1,2026-06-09 18:23:04.331231+00,2026-06-09 18:23:36.421097+00,2026-06-09 18:23:36.526186+00,0.105089,32.194955,
052d2349-9b61-4a61-83ba-c6025c49e621,numbered,81508,completed,sold,1,2026-06-09 18:23:04.344284+00,2026-06-09 18:23:36.42592+00,2026-06-09 18:23:36.532775+00,0.106855,32.188491,
947bdf4e-b617-49e4-867d-a63d9133ef8c,numbered,88797,completed,sold,1,2026-06-09 18:23:04.355715+00,2026-06-09 18:23:36.478357+00,2026-06-09 18:23:36.584115+00,0.105758,32.228400,
ec0b9d9a-3e35-450e-b888-17be5d5d2d4c,numbered,72628,completed,sold,1,2026-06-09 18:23:04.368228+00,2026-06-09 18:23:36.49045+00,2026-06-09 18:23:36.595617+00,0.105167,32.227389,
d83f67d8-19b8-4924-a916-d25856a90dd7,numbered,86833,completed,sold,1,2026-06-09 18:23:04.380871+00,2026-06-09 18:23:36.536665+00,2026-06-09 18:23:36.641616+00,0.104951,32.260745,
7ed0a340-dd9b-4c16-be1f-872b33ff411f,numbered,37434,completed,sold,1,2026-06-09 18:23:04.393445+00,2026-06-09 18:23:36.542195+00,2026-06-09 18:23:36.646942+00,0.104747,32.253497,
4a3bafe3-abb1-4685-9c7e-3cd128205cd0,numbered,15745,completed,sold,1,2026-06-09 18:23:04.406114+00,2026-06-09 18:23:36.552069+00,2026-06-09 18:23:36.656946+00,0.104877,32.250832,
2cfbe84e-6e19-4683-b219-28ddc02e8285,numbered,82166,completed,sold,1,2026-06-09 18:23:04.418813+00,2026-06-09 18:23:36.557355+00,2026-06-09 18:23:36.662905+00,0.105550,32.244092,
534473bb-ec4f-4c21-8bc9-ed2a566850ff,numbered,82763,completed,sold,1,2026-06-09 18:23:04.431442+00,2026-06-09 18:23:36.611143+00,2026-06-09 18:23:36.716832+00,0.105689,32.285390,
30ff3bd9-82ca-473e-a6ae-0d7e9e355c48,numbered,62420,completed,sold,1,2026-06-09 18:23:04.443575+00,2026-06-09 18:23:36.619458+00,2026-06-09 18:23:36.725031+00,0.105573,32.281456,
d8550ba1-b4f4-4e76-b102-05dc96eb9876,numbered,13153,completed,sold,1,2026-06-09 18:23:04.456121+00,2026-06-09 18:23:36.666681+00,2026-06-09 18:23:36.77158+00,0.104899,32.315459,
0fd1b825-851a-432f-971b-6f11ccacbae9,numbered,61798,completed,sold,1,2026-06-09 18:23:04.468256+00,2026-06-09 18:23:36.673685+00,2026-06-09 18:23:36.779384+00,0.105699,32.311128,
c34831a3-c2c3-4675-b7dc-efa5e66db230,numbered,83772,completed,sold,1,2026-06-09 18:23:04.480786+00,2026-06-09 18:23:36.688626+00,2026-06-09 18:23:36.794281+00,0.105655,32.313495,
840fe3df-bffc-447a-bfa7-ed7ccecc8618,numbered,67302,completed,sold,1,2026-06-09 18:23:04.493308+00,2026-06-09 18:23:36.691718+00,2026-06-09 18:23:36.79701+00,0.105292,32.303702,
60852c4a-76a5-4512-a332-9fda98d63bc5,numbered,49834,completed,sold,1,2026-06-09 18:23:04.518391+00,2026-06-09 18:23:36.744152+00,2026-06-09 18:23:36.850263+00,0.106111,32.331872,
a17c2875-2547-4420-99b8-081aff0cbad2,numbered,25259,completed,sold,1,2026-06-09 18:23:04.530876+00,2026-06-09 18:23:36.747744+00,2026-06-09 18:23:36.852738+00,0.104994,32.321862,
2c4f267f-12eb-4aa3-8307-0e0e6107495f,numbered,2431,completed,sold,1,2026-06-09 18:23:04.505829+00,2026-06-09 18:23:36.755461+00,2026-06-09 18:23:36.861989+00,0.106528,32.356160,
3310efa6-9d32-42ea-b18a-59c43df4e9ec,numbered,23749,completed,sold,1,2026-06-09 18:23:04.543305+00,2026-06-09 18:23:36.798188+00,2026-06-09 18:23:36.903089+00,0.104901,32.359784,
7c8cc74c-038b-4cdd-b63a-20b15cde6a6b,numbered,30947,completed,sold,1,2026-06-09 18:23:04.555814+00,2026-06-09 18:23:36.808318+00,2026-06-09 18:23:36.91766+00,0.109342,32.361846,
8c5b6125-17cc-4398-8d9a-17c73933c7ee,numbered,87544,completed,sold,1,2026-06-09 18:23:04.580881+00,2026-06-09 18:23:36.823935+00,2026-06-09 18:23:36.929728+00,0.105793,32.348847,
12e68d17-cb1f-406b-85ff-408d63fd95b7,numbered,65646,completed,sold,1,2026-06-09 18:23:04.568218+00,2026-06-09 18:23:36.824273+00,2026-06-09 18:23:36.930247+00,0.105974,32.362029,
06e95b24-c6ed-4dc8-9fb2-92fcd6fe7027,numbered,35296,completed,sold,1,2026-06-09 18:23:04.605695+00,2026-06-09 18:23:36.880466+00,2026-06-09 18:23:36.985563+00,0.105097,32.379868,
48254d24-2e21-475f-ac12-2bcdbfd94e0e,numbered,89464,completed,sold,1,2026-06-09 18:23:04.593389+00,2026-06-09 18:23:36.881503+00,2026-06-09 18:23:36.98754+00,0.106037,32.394151,
3e2d31a6-b833-4957-b9a1-b637ee57bf52,numbered,48037,completed,sold,1,2026-06-09 18:23:04.618296+00,2026-06-09 18:23:36.890243+00,2026-06-09 18:23:36.996451+00,0.106208,32.378155,
7b9bd864-f84d-47d5-8abf-511d47178095,numbered,11381,completed,sold,1,2026-06-09 18:23:04.630726+00,2026-06-09 18:23:36.929486+00,2026-06-09 18:23:37.034818+00,0.105332,32.404092,
56b1a840-8563-4d3f-9f7d-c26bb0f222e4,numbered,6306,completed,sold,1,2026-06-09 18:23:04.643482+00,2026-06-09 18:23:36.944754+00,2026-06-09 18:23:37.049221+00,0.104467,32.405739,
75d08fb5-d195-42dc-a456-4e3f7616a069,numbered,76614,completed,sold,1,2026-06-09 18:23:04.6559+00,2026-06-09 18:23:36.956895+00,2026-06-09 18:23:37.062246+00,0.105351,32.406346,
a15e79e0-b3f1-4b4b-b2da-98630e88beff,numbered,25844,completed,sold,1,2026-06-09 18:23:04.668198+00,2026-06-09 18:23:36.957063+00,2026-06-09 18:23:37.063605+00,0.106542,32.395407,
f9e6f449-923e-4d73-8304-e3d0b825c646,numbered,35827,completed,sold,1,2026-06-09 18:23:04.680686+00,2026-06-09 18:23:37.019012+00,2026-06-09 18:23:37.124532+00,0.105520,32.443846,
00eb2454-bd59-4488-a01e-ff5403bfc823,numbered,46415,completed,sold,1,2026-06-09 18:23:04.693344+00,2026-06-09 18:23:37.018158+00,2026-06-09 18:23:37.124764+00,0.106606,32.431420,
6449e17b-c86a-4dea-b083-b73150f4a8cc,numbered,54078,completed,sold,1,2026-06-09 18:23:04.705808+00,2026-06-09 18:23:37.024456+00,2026-06-09 18:23:37.12997+00,0.105514,32.424162,
3ae16a28-ff23-488f-8fcc-e3f640c36308,numbered,63261,completed,sold,1,2026-06-09 18:23:04.73079+00,2026-06-09 18:23:37.060718+00,2026-06-09 18:23:37.166013+00,0.105295,32.435223,
461a96b9-19b9-494f-9643-e33fae328e4f,numbered,79893,completed,sold,1,2026-06-09 18:23:04.743301+00,2026-06-09 18:23:37.075692+00,2026-06-09 18:23:37.179608+00,0.103916,32.436307,
c4c0c30d-cd97-4c71-9a4f-ecc7c2d75fee,numbered,30696,completed,sold,1,2026-06-09 18:23:04.768158+00,2026-06-09 18:23:37.091215+00,2026-06-09 18:23:37.197743+00,0.106528,32.429585,
d73fdfa8-50e9-4ed1-b6a0-374dddfd990e,numbered,65455,completed,sold,1,2026-06-09 18:23:04.718387+00,2026-06-09 18:23:37.091229+00,2026-06-09 18:23:37.198198+00,0.106969,32.479811,
311cfe30-9a24-4ad4-8ed1-95076eef4c93,numbered,86741,completed,sold,1,2026-06-09 18:23:04.755573+00,2026-06-09 18:23:37.093179+00,2026-06-09 18:23:37.199007+00,0.105828,32.443434,
32bb0a79-7c61-4e73-bd66-1a5b757b73d4,numbered,98757,completed,sold,1,2026-06-09 18:23:04.793496+00,2026-06-09 18:23:37.154532+00,2026-06-09 18:23:37.259893+00,0.105361,32.466397,
c5517dcd-3895-45b6-a6d1-1d20378284bf,numbered,51175,completed,sold,1,2026-06-09 18:23:04.805593+00,2026-06-09 18:23:37.155426+00,2026-06-09 18:23:37.260995+00,0.105569,32.455402,
47ccd794-3f7c-43ea-a0e5-5d01bdaec230,numbered,26188,completed,sold,1,2026-06-09 18:23:04.818434+00,2026-06-09 18:23:37.16028+00,2026-06-09 18:23:37.265835+00,0.105555,32.447401,
9e24738e-e338-41c1-9879-9ecf069af645,numbered,96486,completed,sold,1,2026-06-09 18:23:04.780825+00,2026-06-09 18:23:37.162033+00,2026-06-09 18:23:37.270347+00,0.108314,32.489522,
79171b28-c6d2-44f9-bba6-9b90c02bbc29,numbered,46916,completed,sold,1,2026-06-09 18:23:04.830955+00,2026-06-09 18:23:37.17198+00,2026-06-09 18:23:37.279042+00,0.107062,32.448087,
3eb9182c-be0b-4d3c-8588-6bda6aa615cd,numbered,5968,completed,sold,1,2026-06-09 18:23:04.843534+00,2026-06-09 18:23:37.192249+00,2026-06-09 18:23:37.299205+00,0.106956,32.455671,
863c12e8-b559-4cbe-83c1-586051fbd88f,numbered,13208,completed,sold,1,2026-06-09 18:23:04.855984+00,2026-06-09 18:23:37.205116+00,2026-06-09 18:23:37.314957+00,0.109841,32.458973,
71a32fcb-9a55-44aa-91a0-80e8c41181cf,numbered,11636,completed,sold,1,2026-06-09 18:23:04.868195+00,2026-06-09 18:23:37.224643+00,2026-06-09 18:23:37.330878+00,0.106235,32.462683,
f0a40ef9-df84-4f44-b71e-c2599fb36fb1,numbered,28830,completed,sold,1,2026-06-09 18:23:04.880791+00,2026-06-09 18:23:37.230817+00,2026-06-09 18:23:37.33764+00,0.106823,32.456849,
ceaf7a4f-013d-4c8c-ac4b-252be4f901bd,numbered,46464,completed,sold,1,2026-06-09 18:23:04.893198+00,2026-06-09 18:23:37.234286+00,2026-06-09 18:23:37.341129+00,0.106843,32.447931,
8d675df2-0180-47da-ad1f-81bbab204785,numbered,15374,completed,sold,1,2026-06-09 18:23:04.918345+00,2026-06-09 18:23:37.307391+00,2026-06-09 18:23:37.413978+00,0.106587,32.495633,
72750aeb-8528-43c7-98a4-5ff8418b6fb5,numbered,31990,completed,sold,1,2026-06-09 18:23:04.931114+00,2026-06-09 18:23:37.30953+00,2026-06-09 18:23:37.416609+00,0.107079,32.485495,
4a984e6c-f64e-489c-8544-e69baa771ebe,numbered,41725,completed,sold,1,2026-06-09 18:23:04.90582+00,2026-06-09 18:23:37.311501+00,2026-06-09 18:23:37.418143+00,0.106642,32.512323,
aba21aa0-7c6e-436d-a18e-ac15bc84b91c,numbered,11763,completed,sold,1,2026-06-09 18:23:04.943777+00,2026-06-09 18:23:37.313399+00,2026-06-09 18:23:37.420426+00,0.107027,32.476649,
fdf01106-8484-43b4-9e98-a83aeb95d84f,numbered,49454,completed,sold,1,2026-06-09 18:23:04.956131+00,2026-06-09 18:23:37.314054+00,2026-06-09 18:23:37.42113+00,0.107076,32.464999,
f3c629d0-3696-4581-b5ec-ccdfc6b3b276,numbered,24952,completed,sold,1,2026-06-09 18:23:04.968379+00,2026-06-09 18:23:37.326652+00,2026-06-09 18:23:37.432346+00,0.105694,32.463967,
4e3c8b2f-6c9e-4277-ab0a-bf55783883f3,numbered,60023,completed,sold,1,2026-06-09 18:23:04.9808+00,2026-06-09 18:23:37.343432+00,2026-06-09 18:23:37.447817+00,0.104385,32.467017,
fbea2040-afc6-4e1c-99a1-4cdbbb6ea0bf,numbered,47570,completed,sold,1,2026-06-09 18:23:04.9935+00,2026-06-09 18:23:37.355932+00,2026-06-09 18:23:37.462673+00,0.106741,32.469173,
787af2e4-8ae6-4b71-abdc-0f967e475981,numbered,27785,completed,sold,1,2026-06-09 18:23:05.005829+00,2026-06-09 18:23:37.364341+00,2026-06-09 18:23:37.47278+00,0.108439,32.466951,
2cec39cb-279d-49e9-9da4-7107d0215026,numbered,47761,completed,sold,1,2026-06-09 18:23:05.01832+00,2026-06-09 18:23:37.372497+00,2026-06-09 18:23:37.479318+00,0.106821,32.460998,
8d07eb71-d9d9-4654-88be-6af6897d4534,numbered,78140,completed,sold,1,2026-06-09 18:23:05.043547+00,2026-06-09 18:23:37.471021+00,2026-06-09 18:23:37.576813+00,0.105792,32.533266,
17515c76-defa-4fa7-b2bd-02488c0d9f05,numbered,73977,completed,sold,1,2026-06-09 18:23:05.068372+00,2026-06-09 18:23:37.48049+00,2026-06-09 18:23:37.586905+00,0.106415,32.518533,
121fc498-d057-497c-93d6-646899e19983,numbered,43196,completed,sold,1,2026-06-09 18:23:05.055851+00,2026-06-09 18:23:37.48348+00,2026-06-09 18:23:37.58906+00,0.105580,32.533209,
55fc43aa-d0bd-4af6-81fb-615d62e0cca0,numbered,45967,completed,sold,1,2026-06-09 18:23:05.093337+00,2026-06-09 18:23:37.487557+00,2026-06-09 18:23:37.593512+00,0.105955,32.500175,
79c64617-8166-4e51-b6bf-d8794b91b863,numbered,91656,completed,sold,1,2026-06-09 18:23:05.031125+00,2026-06-09 18:23:37.488699+00,2026-06-09 18:23:37.597477+00,0.108778,32.566352,
349d6bcf-59a0-469a-9786-470fe60355a1,numbered,39170,completed,sold,1,2026-06-09 18:23:05.105873+00,2026-06-09 18:23:37.490949+00,2026-06-09 18:23:37.599209+00,0.108260,32.493336,
0baea770-6855-4926-89cb-f3dacd23070f,numbered,77636,completed,sold,1,2026-06-09 18:23:05.080937+00,2026-06-09 18:23:37.486044+00,2026-06-09 18:23:37.599981+00,0.113937,32.519044,
27e1aaac-fd0a-4872-8319-d6bf8bd0b4fa,numbered,67149,completed,sold,1,2026-06-09 18:23:05.131335+00,2026-06-09 18:23:37.50616+00,2026-06-09 18:23:37.612776+00,0.106616,32.481441,
83be6f53-7f6e-4623-9916-ac9fa2857a39,numbered,10504,completed,sold,1,2026-06-09 18:23:05.118406+00,2026-06-09 18:23:37.505403+00,2026-06-09 18:23:37.616955+00,0.111552,32.498549,
b06ba267-d639-47e9-8a00-7da4922dab59,numbered,17130,completed,sold,1,2026-06-09 18:23:05.143601+00,2026-06-09 18:23:37.509558+00,2026-06-09 18:23:37.61827+00,0.108712,32.474669,
f649bc0e-637f-4807-adb5-8caea6de130d,numbered,91748,completed,sold,1,2026-06-09 18:23:05.168303+00,2026-06-09 18:23:37.63064+00,2026-06-09 18:23:37.736743+00,0.106103,32.568440,
b37e06d4-22c2-4a77-a76e-816d66407c78,numbered,63968,completed,sold,1,2026-06-09 18:23:05.155954+00,2026-06-09 18:23:37.637196+00,2026-06-09 18:23:37.742318+00,0.105122,32.586364,
ff860630-7758-4484-8fdc-023e06f108a9,numbered,84918,completed,sold,1,2026-06-09 18:23:05.193361+00,2026-06-09 18:23:37.643167+00,2026-06-09 18:23:37.748975+00,0.105808,32.555614,
8a7c68fe-3b0a-455f-86a0-1cdce9348108,numbered,21785,completed,sold,1,2026-06-09 18:23:05.280807+00,2026-06-09 18:23:37.664413+00,2026-06-09 18:23:37.77392+00,0.109507,32.493113,
91c5e560-a0c4-4df5-a0be-8604921e6a8a,numbered,79943,completed,sold,1,2026-06-09 18:23:05.255786+00,2026-06-09 18:23:37.660071+00,2026-06-09 18:23:37.774678+00,0.114607,32.518892,
87be1846-8af8-4136-841b-8ba561b0900e,numbered,35223,completed,sold,1,2026-06-09 18:23:05.205752+00,2026-06-09 18:23:37.666714+00,2026-06-09 18:23:37.777376+00,0.110662,32.571624,
fdbdc4fc-3ae4-41d8-9288-89fb0af4721b,numbered,95907,completed,sold,1,2026-06-09 18:23:05.180844+00,2026-06-09 18:23:37.660745+00,2026-06-09 18:23:37.779828+00,0.119083,32.598984,
9a2a91e5-aaa6-42ce-ad18-bae4378799f3,numbered,12585,completed,sold,1,2026-06-09 18:23:05.243686+00,2026-06-09 18:23:37.661203+00,2026-06-09 18:23:37.780617+00,0.119414,32.536931,
2c9384fe-44a7-4950-b505-fb4456c6d791,numbered,76340,completed,sold,1,2026-06-09 18:23:05.231067+00,2026-06-09 18:23:37.663179+00,2026-06-09 18:23:37.781621+00,0.118442,32.550554,
8701ed8c-f97f-4200-9fa2-609f0bcf2a90,numbered,58622,completed,sold,1,2026-06-09 18:23:05.218394+00,2026-06-09 18:23:37.666075+00,2026-06-09 18:23:37.78932+00,0.123245,32.570926,
75fff231-670a-481c-91b9-2248787f162f,numbered,28938,completed,sold,1,2026-06-09 18:23:05.268085+00,2026-06-09 18:23:37.667258+00,2026-06-09 18:23:37.793193+00,0.125935,32.525108,
5116f300-65a1-49dc-aca8-9a924f0221fa,numbered,36080,completed,sold,1,2026-06-09 18:23:05.293276+00,2026-06-09 18:23:37.75561+00,2026-06-09 18:23:37.860987+00,0.105377,32.567711,
a3e4d041-5d7e-4f50-bf07-6d66d92e9bca,numbered,43240,completed,sold,1,2026-06-09 18:23:05.305763+00,2026-06-09 18:23:37.787484+00,2026-06-09 18:23:37.893174+00,0.105690,32.587411,
e619eec6-0f92-4e19-97c6-ac96c3a822b0,numbered,4097,completed,sold,1,2026-06-09 18:23:05.330648+00,2026-06-09 18:23:37.798871+00,2026-06-09 18:23:37.903975+00,0.105104,32.573327,
574fdcbe-0ec2-4531-98c4-092ed58c71c7,numbered,20714,completed,sold,1,2026-06-09 18:23:05.318271+00,2026-06-09 18:23:37.804381+00,2026-06-09 18:23:37.90937+00,0.104989,32.591099,
168e5fd5-dfbf-4be7-a9e2-6c47d038b443,numbered,75635,completed,sold,1,2026-06-09 18:23:05.35595+00,2026-06-09 18:23:37.82121+00,2026-06-09 18:23:37.928575+00,0.107365,32.572625,
24179e40-b5d3-4d4d-b6e1-005eac3a9295,numbered,46852,completed,sold,1,2026-06-09 18:23:05.36824+00,2026-06-09 18:23:37.823866+00,2026-06-09 18:23:37.931349+00,0.107483,32.563109,
c0836de8-6f63-4f72-8d90-91b22642cdfe,numbered,60418,completed,sold,1,2026-06-09 18:23:05.343443+00,2026-06-09 18:23:37.824815+00,2026-06-09 18:23:37.932307+00,0.107492,32.588864,
5df78c20-9c73-4bee-aa44-53bf3f518598,numbered,73521,completed,sold,1,2026-06-09 18:23:05.393305+00,2026-06-09 18:23:37.825091+00,2026-06-09 18:23:37.93304+00,0.107949,32.539735,
a010142d-d7fe-4e4a-aa7d-d48a6c877b48,numbered,75646,completed,sold,1,2026-06-09 18:23:05.40581+00,2026-06-09 18:23:37.843334+00,2026-06-09 18:23:37.952309+00,0.108975,32.546499,
cdf9d11b-05ad-4601-b956-3ac1d3a33ffc,numbered,55008,completed,sold,1,2026-06-09 18:23:05.418309+00,2026-06-09 18:23:37.845301+00,2026-06-09 18:23:37.953036+00,0.107735,32.534727,
4620277d-f466-4716-9184-b90aa5001e4f,numbered,88309,completed,sold,1,2026-06-09 18:23:05.380668+00,2026-06-09 18:23:37.842093+00,2026-06-09 18:23:37.95378+00,0.111687,32.573112,
af1d6a45-6581-48cc-bffc-7bc36c285d02,numbered,23155,completed,sold,1,2026-06-09 18:23:05.430834+00,2026-06-09 18:23:37.846289+00,2026-06-09 18:23:37.958309+00,0.112020,32.527475,
2232c0bd-a324-407a-92a9-449435a73933,numbered,34388,completed,sold,1,2026-06-09 18:23:05.443397+00,2026-06-09 18:23:37.884605+00,2026-06-09 18:23:37.990669+00,0.106064,32.547272,
e06ec9ed-f0ae-4d4f-ba32-dfb42b04fdcc,numbered,82122,completed,sold,1,2026-06-09 18:23:05.455847+00,2026-06-09 18:23:37.921081+00,2026-06-09 18:23:38.031841+00,0.110760,32.575994,
19f2b419-35a1-487a-9a37-684f8033e6c8,numbered,22380,completed,sold,1,2026-06-09 18:23:05.46825+00,2026-06-09 18:23:37.938207+00,2026-06-09 18:23:38.045442+00,0.107235,32.577192,
d4de1b03-bf8c-4ac1-836e-a0b61b12e591,numbered,35812,completed,sold,1,2026-06-09 18:23:05.49322+00,2026-06-09 18:23:37.9688+00,2026-06-09 18:23:38.074023+00,0.105223,32.580803,
6ec8beff-dd05-4fe2-818f-967c2baaad68,numbered,34599,completed,sold,1,2026-06-09 18:23:05.480833+00,2026-06-09 18:23:37.970493+00,2026-06-09 18:23:38.07496+00,0.104467,32.594127,
9d7bde66-a4c4-4b7e-9122-3722e468e0f0,numbered,19224,completed,sold,1,2026-06-09 18:23:05.518406+00,2026-06-09 18:23:37.995983+00,2026-06-09 18:23:38.103264+00,0.107281,32.584858,
5c575db2-af95-4751-950d-417d0a6c50bf,numbered,93212,completed,sold,1,2026-06-09 18:23:05.530684+00,2026-06-09 18:23:37.998051+00,2026-06-09 18:23:38.104023+00,0.105972,32.573339,
adc049da-6548-4e5b-ad33-91dbf5af4200,numbered,18334,completed,sold,1,2026-06-09 18:23:05.543311+00,2026-06-09 18:23:38.000922+00,2026-06-09 18:23:38.106967+00,0.106045,32.563656,
66df9c75-347d-4d46-a474-27a087a6cc18,numbered,69647,completed,sold,1,2026-06-09 18:23:05.505654+00,2026-06-09 18:23:38.003203+00,2026-06-09 18:23:38.114399+00,0.111196,32.608745,
93033d0b-0c2e-4a1e-89e2-7194dbf618ce,numbered,49595,completed,sold,1,2026-06-09 18:23:05.580681+00,2026-06-09 18:23:38.007944+00,2026-06-09 18:23:38.116509+00,0.108565,32.535828,
09e0e8ef-aa44-4d5c-a86d-2767eb8b855b,numbered,13535,completed,sold,1,2026-06-09 18:23:05.555786+00,2026-06-09 18:23:38.007389+00,2026-06-09 18:23:38.117334+00,0.109945,32.561548,
1190b8b7-f0b7-4425-976a-7fcc67b7230a,numbered,95310,completed,sold,1,2026-06-09 18:23:05.568506+00,2026-06-09 18:23:38.009503+00,2026-06-09 18:23:38.118129+00,0.108626,32.549623,
35748077-61ee-401a-9fff-6d5463a3d64a,numbered,77933,completed,sold,1,2026-06-09 18:23:05.593244+00,2026-06-09 18:23:38.020776+00,2026-06-09 18:23:38.13602+00,0.115244,32.542776,
97d6bd66-06ce-43a9-b9f8-fdf8be580a2c,numbered,41292,completed,sold,1,2026-06-09 18:23:05.605811+00,2026-06-09 18:23:38.063364+00,2026-06-09 18:23:38.168798+00,0.105434,32.562987,
0e5dc76e-857a-4933-ae89-b15f47171530,numbered,92895,completed,sold,1,2026-06-09 18:23:05.618413+00,2026-06-09 18:23:38.070654+00,2026-06-09 18:23:38.176487+00,0.105833,32.558074,
c5fbcc5f-a4f3-49bc-8b2b-f945a7b2aa36,numbered,6260,completed,sold,1,2026-06-09 18:23:05.64349+00,2026-06-09 18:23:38.101034+00,2026-06-09 18:23:38.206722+00,0.105688,32.563232,
4641c14d-82db-46b6-a55c-b3680fee168f,numbered,72222,completed,sold,1,2026-06-09 18:23:05.630755+00,2026-06-09 18:23:38.104104+00,2026-06-09 18:23:38.211262+00,0.107158,32.580507,
0b532167-d429-434e-8f85-fc3ee55c6120,numbered,60778,completed,sold,1,2026-06-09 18:23:05.680006+00,2026-06-09 18:23:38.155457+00,2026-06-09 18:23:38.261335+00,0.105878,32.581329,
d54ccdce-3ed3-4e30-a659-b8947951c729,numbered,244,completed,sold,1,2026-06-09 18:23:05.68403+00,2026-06-09 18:23:38.157822+00,2026-06-09 18:23:38.264045+00,0.106223,32.580015,
ae3f3db8-c794-452d-b98f-e2c6c4bfe187,numbered,30574,completed,sold,1,2026-06-09 18:23:05.668258+00,2026-06-09 18:23:38.159197+00,2026-06-09 18:23:38.264895+00,0.105698,32.596637,
8588adbd-2df9-488b-925f-944f6da89b0c,numbered,86466,completed,sold,1,2026-06-09 18:23:05.655754+00,2026-06-09 18:23:38.163528+00,2026-06-09 18:23:38.271075+00,0.107547,32.615321,
cc784da4-a9d9-4bfa-a7ec-c478964ff37e,numbered,22998,completed,sold,1,2026-06-09 18:23:05.676008+00,2026-06-09 18:23:38.164171+00,2026-06-09 18:23:38.271374+00,0.107203,32.595366,
95d7730b-cb96-4c72-aaa5-35f38655d3cd,numbered,98794,completed,sold,1,2026-06-09 18:23:05.672057+00,2026-06-09 18:23:38.164535+00,2026-06-09 18:23:38.271801+00,0.107266,32.599744,
79392f5b-3509-47ca-a504-10336ea2f9de,numbered,52736,completed,sold,1,2026-06-09 18:23:05.692071+00,2026-06-09 18:23:38.186881+00,2026-06-09 18:23:38.293121+00,0.106240,32.601050,
14f3d761-c601-45a4-8201-bfd6a2d21144,numbered,88512,completed,sold,1,2026-06-09 18:23:05.688034+00,2026-06-09 18:23:38.188855+00,2026-06-09 18:23:38.295256+00,0.106401,32.607222,
df9bf081-e411-4545-8a67-421706e5c6cf,numbered,10353,completed,sold,1,2026-06-09 18:23:05.695982+00,2026-06-09 18:23:38.202412+00,2026-06-09 18:23:38.308906+00,0.106494,32.612924,
323a2453-5083-4d26-be85-d368e7a591cb,numbered,61434,completed,sold,1,2026-06-09 18:23:05.703929+00,2026-06-09 18:23:38.207392+00,2026-06-09 18:23:38.313583+00,0.106191,32.609654,
97d70144-347e-47fd-859b-325267e3b8c3,numbered,41287,completed,sold,1,2026-06-09 18:23:05.708071+00,2026-06-09 18:23:38.227621+00,2026-06-09 18:23:38.332267+00,0.104646,32.624196,
f45bac03-e8d8-48b5-a778-552b2f0feebd,numbered,61887,completed,sold,1,2026-06-09 18:23:05.71195+00,2026-06-09 18:23:38.247585+00,2026-06-09 18:23:38.354129+00,0.106544,32.642179,
8caf90f3-b5be-427b-88b0-2fa082129443,numbered,61165,completed,sold,1,2026-06-09 18:23:05.699911+00,2026-06-09 18:23:38.260663+00,2026-06-09 18:23:38.367006+00,0.106343,32.667095,
26248775-a54a-4871-8ca5-31b54f36343f,numbered,24617,completed,sold,1,2026-06-09 18:23:05.716108+00,2026-06-09 18:23:38.313754+00,2026-06-09 18:23:38.418295+00,0.104541,32.702187,
dd1cc6d8-36e0-42f1-b771-97004e02f607,numbered,82961,completed,sold,1,2026-06-09 18:23:05.731983+00,2026-06-09 18:23:38.32528+00,2026-06-09 18:23:38.430044+00,0.104764,32.698061,
19626bc6-379a-4d9a-8fb2-acddd3e6e42c,numbered,34316,completed,sold,1,2026-06-09 18:23:05.736061+00,2026-06-09 18:23:38.330804+00,2026-06-09 18:23:38.437123+00,0.106319,32.701062,
f6fa4693-e5e1-4008-865d-ed35e4fb9110,numbered,94866,completed,sold,1,2026-06-09 18:23:05.723984+00,2026-06-09 18:23:38.329915+00,2026-06-09 18:23:38.438157+00,0.108242,32.714173,
af86cdac-dbc9-4286-8445-557ed1865dd4,numbered,94746,completed,sold,1,2026-06-09 18:23:05.719976+00,2026-06-09 18:23:38.329271+00,2026-06-09 18:23:38.438877+00,0.109606,32.718901,
5af80b94-ce67-4b26-85de-05eb579d51dd,numbered,95897,completed,sold,1,2026-06-09 18:23:05.727956+00,2026-06-09 18:23:38.32861+00,2026-06-09 18:23:38.438931+00,0.110321,32.710975,
e97962e5-bac6-4d7c-ae3a-fd7f494a9b94,numbered,84038,completed,sold,1,2026-06-09 18:23:05.74401+00,2026-06-09 18:23:38.355066+00,2026-06-09 18:23:38.46357+00,0.108504,32.719560,
20663e52-5534-4a2b-8ff3-2486d73c86dc,numbered,40257,completed,sold,1,2026-06-09 18:23:05.748031+00,2026-06-09 18:23:38.351536+00,2026-06-09 18:23:38.464182+00,0.112646,32.716151,
c61dbc5e-c749-41be-9992-3d67c1b3a67d,numbered,62710,completed,sold,1,2026-06-09 18:23:05.739927+00,2026-06-09 18:23:38.352204+00,2026-06-09 18:23:38.46426+00,0.112056,32.724333,
69a2b8ef-34b7-4f46-a220-227c1f50ea19,numbered,84056,completed,sold,1,2026-06-09 18:23:05.751949+00,2026-06-09 18:23:38.357497+00,2026-06-09 18:23:38.465999+00,0.108502,32.714050,
91078846-9199-442b-ad00-2da5f186bf2d,numbered,75698,completed,sold,1,2026-06-09 18:23:05.755938+00,2026-06-09 18:23:38.361707+00,2026-06-09 18:23:38.466683+00,0.104976,32.710745,
da3e7c7d-e21d-45ef-8c12-c82aca669872,numbered,87817,completed,sold,1,2026-06-09 18:23:05.759849+00,2026-06-09 18:23:38.379027+00,2026-06-09 18:23:38.484429+00,0.105402,32.724580,
9b40fb0a-9677-4c73-be02-5ec1707ad2bb,numbered,73908,completed,sold,1,2026-06-09 18:23:05.764307+00,2026-06-09 18:23:38.394032+00,2026-06-09 18:23:38.500422+00,0.106390,32.736115,
07c5bce9-f437-4edc-8091-21b301afeffb,numbered,42335,completed,sold,1,2026-06-09 18:23:05.767982+00,2026-06-09 18:23:38.465516+00,2026-06-09 18:23:38.570305+00,0.104789,32.802323,
2e7e0dac-5ba5-4ee2-8554-4d550696d3f6,numbered,39394,completed,sold,1,2026-06-09 18:23:05.775941+00,2026-06-09 18:23:38.505258+00,2026-06-09 18:23:38.610089+00,0.104831,32.834148,
44dfde13-45e8-408a-aaff-7c5cd3866734,numbered,26840,completed,sold,1,2026-06-09 18:23:05.78409+00,2026-06-09 18:23:38.513318+00,2026-06-09 18:23:38.619089+00,0.105771,32.834999,
0949687b-e7e1-47f6-92e2-add4302f7c11,numbered,10651,completed,sold,1,2026-06-09 18:23:05.779864+00,2026-06-09 18:23:38.513077+00,2026-06-09 18:23:38.621612+00,0.108535,32.841748,
bda0f09d-2ed8-4fc3-8068-357da287f5b5,numbered,34344,completed,sold,1,2026-06-09 18:23:05.771957+00,2026-06-09 18:23:38.513822+00,2026-06-09 18:23:38.62286+00,0.109038,32.850903,
2a0e51b4-40e7-477e-bfb8-10ecf233a387,numbered,23662,completed,sold,1,2026-06-09 18:23:05.787976+00,2026-06-09 18:23:38.51227+00,2026-06-09 18:23:38.624632+00,0.112362,32.836656,
333467fb-af91-490c-800b-99c58b9ad863,numbered,14196,completed,sold,1,2026-06-09 18:23:05.80409+00,2026-06-09 18:23:38.5302+00,2026-06-09 18:23:38.63589+00,0.105690,32.831800,
eedee431-01c7-4cf3-b05a-7f06ed560293,numbered,89252,completed,sold,1,2026-06-09 18:23:05.795918+00,2026-06-09 18:23:38.523655+00,2026-06-09 18:23:38.642957+00,0.119302,32.847039,
a7ae50f3-b3ad-45dc-a0bc-be87d8b2ced1,numbered,75937,completed,sold,1,2026-06-09 18:23:05.808039+00,2026-06-09 18:23:38.526475+00,2026-06-09 18:23:38.6459+00,0.119425,32.837861,
5c982ae9-cec2-43b3-87f0-dc87fe3afb3e,numbered,31206,completed,sold,1,2026-06-09 18:23:05.799987+00,2026-06-09 18:23:38.521716+00,2026-06-09 18:23:38.646738+00,0.125022,32.846751,
f6284332-785f-4271-a12a-c7cd90aebcb2,numbered,85659,completed,sold,1,2026-06-09 18:23:05.792054+00,2026-06-09 18:23:38.532337+00,2026-06-09 18:23:38.647652+00,0.115315,32.855598,
05142d4e-bf90-4fb3-81da-0a91b0746347,numbered,91997,completed,sold,1,2026-06-09 18:23:05.816041+00,2026-06-09 18:23:38.54179+00,2026-06-09 18:23:38.64902+00,0.107230,32.832979,
57b25f47-9a79-487a-8180-bb5b68258d31,numbered,16977,completed,sold,1,2026-06-09 18:23:05.811983+00,2026-06-09 18:23:38.533396+00,2026-06-09 18:23:38.649761+00,0.116365,32.837778,
9b21fecd-1d64-45c7-b205-649ce5e43bb3,numbered,18364,completed,sold,1,2026-06-09 18:23:05.819941+00,2026-06-09 18:23:38.591271+00,2026-06-09 18:23:38.696892+00,0.105621,32.876951,
39cb225a-ba09-4744-9244-47d6cfb4438c,numbered,25727,completed,sold,1,2026-06-09 18:23:05.82793+00,2026-06-09 18:23:38.689329+00,2026-06-09 18:23:38.794742+00,0.105413,32.966812,
5581ce1e-ef9b-419a-8e08-f7e6ac74521f,numbered,26564,completed,sold,1,2026-06-09 18:23:05.839988+00,2026-06-09 18:23:38.706292+00,2026-06-09 18:23:38.811927+00,0.105635,32.971939,
4fb2a09c-d805-4a05-80a2-79d5c9f0890a,numbered,28377,completed,sold,1,2026-06-09 18:23:05.835918+00,2026-06-09 18:23:38.705489+00,2026-06-09 18:23:38.812669+00,0.107180,32.976751,
bfa30ba9-5999-4964-ba2c-aa79ba52cb88,numbered,469,completed,sold,1,2026-06-09 18:23:05.832049+00,2026-06-09 18:23:38.708439+00,2026-06-09 18:23:38.81868+00,0.110241,32.986631,
1d03de29-fed9-416f-8592-d07270c9f32d,numbered,47320,completed,sold,1,2026-06-09 18:23:05.852091+00,2026-06-09 18:23:38.717614+00,2026-06-09 18:23:38.825541+00,0.107927,32.973450,
583c0867-af57-4087-8baf-6cad70e25a1a,numbered,48386,completed,sold,1,2026-06-09 18:23:05.84389+00,2026-06-09 18:23:38.707735+00,2026-06-09 18:23:38.827714+00,0.119979,32.983824,
effe1c42-d0cf-4336-bf24-dbbbaddcd943,numbered,84603,completed,sold,1,2026-06-09 18:23:05.871871+00,2026-06-09 18:23:38.728226+00,2026-06-09 18:23:38.834389+00,0.106163,32.962518,
d7919ff9-5555-4c56-8377-fd2a27ed5499,numbered,65867,completed,sold,1,2026-06-09 18:23:05.867931+00,2026-06-09 18:23:38.710822+00,2026-06-09 18:23:38.841743+00,0.130921,32.973812,
bc3db422-8395-4bf2-923b-48523d4573fa,numbered,94113,completed,sold,1,2026-06-09 18:23:05.847901+00,2026-06-09 18:23:38.713669+00,2026-06-09 18:23:38.842467+00,0.128798,32.994566,
a33b8dbc-6bf1-4e9c-805d-22f31b71181d,numbered,37949,completed,sold,1,2026-06-09 18:23:05.859948+00,2026-06-09 18:23:38.715545+00,2026-06-09 18:23:38.846096+00,0.130551,32.986148,
27cbf027-394d-416b-9714-0ad3784997ed,numbered,73662,completed,sold,1,2026-06-09 18:23:05.863861+00,2026-06-09 18:23:38.714857+00,2026-06-09 18:23:38.847199+00,0.132342,32.983338,
5a1a3748-fd58-404e-8b3f-3162b843a2c4,numbered,82430,completed,sold,1,2026-06-09 18:23:05.823885+00,2026-06-09 18:23:38.716792+00,2026-06-09 18:23:38.85002+00,0.133228,33.026135,
d45fee20-b5b7-4e4e-8f47-1d3c7c375a39,numbered,14000,completed,sold,1,2026-06-09 18:23:05.855945+00,2026-06-09 18:23:38.716175+00,2026-06-09 18:23:38.855677+00,0.139502,32.999732,
04575f50-06be-4a11-adc4-588079adbdcb,numbered,91945,completed,sold,1,2026-06-09 18:23:05.876001+00,2026-06-09 18:23:38.848882+00,2026-06-09 18:23:38.954224+00,0.105342,33.078223,
8a5c1f34-8295-4401-b07d-79013d1d5975,numbered,28182,completed,sold,1,2026-06-09 18:23:05.883958+00,2026-06-09 18:23:38.884543+00,2026-06-09 18:23:38.990033+00,0.105490,33.106075,
11d7d5c1-7fb2-47fc-9f1a-2c2e658739d0,numbered,22271,completed,sold,1,2026-06-09 18:23:05.887961+00,2026-06-09 18:23:38.883878+00,2026-06-09 18:23:38.990392+00,0.106514,33.102431,
31a669f3-cac4-4c1f-be64-af515dd54a89,numbered,11822,completed,sold,1,2026-06-09 18:23:05.896824+00,2026-06-09 18:23:38.89303+00,2026-06-09 18:23:39.005775+00,0.112745,33.108951,
ac753df2-f4c9-45ee-99e5-99a4ff2394f4,numbered,41842,completed,sold,1,2026-06-09 18:23:05.892541+00,2026-06-09 18:23:38.899517+00,2026-06-09 18:23:39.006534+00,0.107017,33.113993,
35a139c5-6b42-4154-8c88-04555b00c2ad,numbered,40976,completed,sold,1,2026-06-09 18:23:05.908031+00,2026-06-09 18:23:38.893772+00,2026-06-09 18:23:39.007689+00,0.113917,33.099658,
97fd14e6-796b-406e-8fbc-f972b9e224a5,numbered,3760,completed,sold,1,2026-06-09 18:23:05.904066+00,2026-06-09 18:23:38.898877+00,2026-06-09 18:23:39.008369+00,0.109492,33.104303,
c993d91a-5f8b-4299-a83f-9760916e9f4f,numbered,72982,completed,sold,1,2026-06-09 18:23:05.900087+00,2026-06-09 18:23:38.89588+00,2026-06-09 18:23:39.00928+00,0.113400,33.109193,
3aede1bd-ba4a-4ea3-bb73-6d59266c1f6f,numbered,60729,completed,sold,1,2026-06-09 18:23:05.879917+00,2026-06-09 18:23:38.908207+00,2026-06-09 18:23:39.012986+00,0.104779,33.133069,
0449ff1b-3c23-4ad0-9a45-80778a81c4bd,numbered,52381,completed,sold,1,2026-06-09 18:23:05.920263+00,2026-06-09 18:23:38.913943+00,2026-06-09 18:23:39.021546+00,0.107603,33.101283,
9ba15e11-79d8-4a29-ac61-b0cd11f54cb7,numbered,5772,completed,sold,1,2026-06-09 18:23:05.924214+00,2026-06-09 18:23:38.914884+00,2026-06-09 18:23:39.022433+00,0.107549,33.098219,
73813061-ed40-4b9a-b747-a7597513d7d3,numbered,22031,completed,sold,1,2026-06-09 18:23:05.912021+00,2026-06-09 18:23:38.914753+00,2026-06-09 18:23:39.034015+00,0.119262,33.121994,
b823f409-b27f-4a9d-831c-9a35625e2210,numbered,28330,completed,sold,1,2026-06-09 18:23:05.915947+00,2026-06-09 18:23:38.915343+00,2026-06-09 18:23:39.049865+00,0.134522,33.133918,
03f1b6d1-5bf7-457f-a4b1-227cb0ad153a,numbered,77875,completed,sold,1,2026-06-09 18:23:05.927974+00,2026-06-09 18:23:38.978146+00,2026-06-09 18:23:39.083478+00,0.105332,33.155504,
941d30a2-1b97-48b0-b9ae-4840ac857370,numbered,21702,completed,sold,1,2026-06-09 18:23:05.936062+00,2026-06-09 18:23:39.05649+00,2026-06-09 18:23:39.162144+00,0.105654,33.226082,
459b3273-c926-4085-b096-8b3188a94779,numbered,83838,completed,sold,1,2026-06-09 18:23:05.932011+00,2026-06-09 18:23:39.064891+00,2026-06-09 18:23:39.170251+00,0.105360,33.238240,
e461d12e-3166-40ab-9bf8-683ef6749022,numbered,74661,completed,sold,1,2026-06-09 18:23:05.940057+00,2026-06-09 18:23:39.076387+00,2026-06-09 18:23:39.181941+00,0.105554,33.241884,
80aed43d-870e-46c5-89f7-45db096756a2,numbered,13215,completed,sold,1,2026-06-09 18:23:05.960008+00,2026-06-09 18:23:39.08507+00,2026-06-09 18:23:39.190032+00,0.104962,33.230024,
c712c0c7-3f8a-4109-826f-0c8ae32e75e1,numbered,35657,completed,sold,1,2026-06-09 18:23:05.963998+00,2026-06-09 18:23:39.084484+00,2026-06-09 18:23:39.197832+00,0.113348,33.233834,
724af8da-21c0-4970-9867-afea0f4185c8,numbered,76912,completed,sold,1,2026-06-09 18:23:05.971924+00,2026-06-09 18:23:39.092183+00,2026-06-09 18:23:39.198541+00,0.106358,33.226617,
162e1b6e-f92d-4014-a3a1-d5433e2c230d,numbered,40785,completed,sold,1,2026-06-09 18:23:05.944061+00,2026-06-09 18:23:39.091838+00,2026-06-09 18:23:39.203783+00,0.111945,33.259722,
d996fdc5-ca58-4b3a-8379-f5e2e10b7461,numbered,91220,completed,sold,1,2026-06-09 18:23:05.968+00,2026-06-09 18:23:39.093009+00,2026-06-09 18:23:39.204563+00,0.111554,33.236563,
226497f7-3682-45f5-a0ab-acedd5df5bcd,numbered,71365,completed,sold,1,2026-06-09 18:23:05.955911+00,2026-06-09 18:23:39.092391+00,2026-06-09 18:23:39.205366+00,0.112975,33.249455,
a24843c6-653c-43f8-8086-4c671d0b594b,numbered,7514,completed,sold,1,2026-06-09 18:23:05.947995+00,2026-06-09 18:23:39.089973+00,2026-06-09 18:23:39.206088+00,0.116115,33.258093,
47c1b1b3-0239-4ee6-a1ff-f5fce5c88e7d,numbered,84579,completed,sold,1,2026-06-09 18:23:05.95199+00,2026-06-09 18:23:39.086149+00,2026-06-09 18:23:39.206908+00,0.120759,33.254918,
4c5db3a3-c60d-4028-ac03-abd1982664fa,numbered,36986,completed,sold,1,2026-06-09 18:23:05.975997+00,2026-06-09 18:23:39.107249+00,2026-06-09 18:23:39.21346+00,0.106211,33.237463,
6173ec56-3278-4e77-a3f9-e7bbf26fd11c,numbered,26246,completed,sold,1,2026-06-09 18:23:05.980008+00,2026-06-09 18:23:39.110069+00,2026-06-09 18:23:39.215378+00,0.105309,33.235370,
e7d3cb74-73e0-46bb-82ab-9bde8107722a,numbered,10899,completed,sold,1,2026-06-09 18:23:05.983933+00,2026-06-09 18:23:39.14866+00,2026-06-09 18:23:39.255684+00,0.107024,33.271751,
abd453a2-5444-41f3-9813-e61604029ceb,numbered,69751,completed,sold,1,2026-06-09 18:23:05.987987+00,2026-06-09 18:23:39.223284+00,2026-06-09 18:23:39.328663+00,0.105379,33.340676,
5c73cece-916c-447f-9f7b-4b6f656d6bd5,numbered,71655,completed,sold,1,2026-06-09 18:23:05.991956+00,2026-06-09 18:23:39.231408+00,2026-06-09 18:23:39.336254+00,0.104846,33.344298,
b2c6bd33-7d8e-42f8-bee6-8c223bb244d0,numbered,56554,completed,sold,1,2026-06-09 18:23:06.004909+00,2026-06-09 18:23:39.258617+00,2026-06-09 18:23:39.364657+00,0.106040,33.359748,
bd1b95a5-f27b-4ca5-9786-6d88faf2dfea,numbered,52931,completed,sold,1,2026-06-09 18:23:06.00832+00,2026-06-09 18:23:39.259328+00,2026-06-09 18:23:39.365396+00,0.106068,33.357076,
703c7519-97c8-4785-957b-9a9e267a982c,numbered,10622,completed,sold,1,2026-06-09 18:23:06.012404+00,2026-06-09 18:23:39.259996+00,2026-06-09 18:23:39.365976+00,0.105980,33.353572,
8ea3d0a6-eee1-45ff-bfc1-7c247d1c8673,numbered,34744,completed,sold,1,2026-06-09 18:23:05.995936+00,2026-06-09 18:23:39.274748+00,2026-06-09 18:23:39.380292+00,0.105544,33.384356,
b151c767-c787-4c5f-a326-b05d6eed9502,numbered,80981,completed,sold,1,2026-06-09 18:23:06.000001+00,2026-06-09 18:23:39.277615+00,2026-06-09 18:23:39.385522+00,0.107907,33.385521,
80b2cc68-4d36-4a02-af16-f66e24d18d1b,numbered,46910,completed,sold,1,2026-06-09 18:23:06.035976+00,2026-06-09 18:23:39.271273+00,2026-06-09 18:23:39.386243+00,0.114970,33.350267,
421a0e6e-7ea3-462d-97aa-1ef084fff517,numbered,3903,completed,sold,1,2026-06-09 18:23:06.019943+00,2026-06-09 18:23:39.276854+00,2026-06-09 18:23:39.386563+00,0.109709,33.366620,
af207e35-90ab-47ae-9150-f9bf76d8f278,numbered,94050,completed,sold,1,2026-06-09 18:23:06.031956+00,2026-06-09 18:23:39.270515+00,2026-06-09 18:23:39.387019+00,0.116504,33.355063,
bcae8d82-198e-479b-a822-3ce1112c481e,numbered,62488,completed,sold,1,2026-06-09 18:23:06.027962+00,2026-06-09 18:23:39.27+00,2026-06-09 18:23:39.387773+00,0.117773,33.359811,
091e3c0d-a27f-4b8e-a6a9-3382db6a991f,numbered,20125,completed,sold,1,2026-06-09 18:23:06.015954+00,2026-06-09 18:23:39.288028+00,2026-06-09 18:23:39.400166+00,0.112138,33.384212,
a2783a55-5a5d-4e49-80ac-bfa2a0913038,numbered,28179,completed,sold,1,2026-06-09 18:23:06.024093+00,2026-06-09 18:23:39.285585+00,2026-06-09 18:23:39.400885+00,0.115300,33.376792,
1a7a5326-77fc-4633-b767-f6feb90b808a,numbered,2778,completed,sold,1,2026-06-09 18:23:06.039946+00,2026-06-09 18:23:39.294247+00,2026-06-09 18:23:39.401646+00,0.107399,33.361700,
0d449438-ba1b-43fd-b74e-bdf8e7b05086,numbered,58301,completed,sold,1,2026-06-09 18:23:06.043921+00,2026-06-09 18:23:39.354246+00,2026-06-09 18:23:39.461245+00,0.106999,33.417324,
2dac4188-f4fb-478b-9b2a-d18e4bf21449,numbered,4604,completed,sold,1,2026-06-09 18:23:06.047874+00,2026-06-09 18:23:39.357002+00,2026-06-09 18:23:39.462004+00,0.105002,33.414130,
69c7fdf1-a0bb-4ec6-a8a2-2727c795c748,numbered,16882,completed,sold,1,2026-06-09 18:23:06.063864+00,2026-06-09 18:23:39.429809+00,2026-06-09 18:23:39.534682+00,0.104873,33.470818,
28e12c36-0147-413e-ac8f-6c7a66d52627,numbered,14638,completed,sold,1,2026-06-09 18:23:06.056029+00,2026-06-09 18:23:39.438841+00,2026-06-09 18:23:39.544423+00,0.105582,33.488394,
d060056a-4341-4cc0-858b-1df8d59b0fb4,numbered,98140,completed,sold,1,2026-06-09 18:23:06.060049+00,2026-06-09 18:23:39.441404+00,2026-06-09 18:23:39.546955+00,0.105551,33.486906,
cd72e0ed-f512-43cd-b45f-884529e7bc7a,numbered,83673,completed,sold,1,2026-06-09 18:23:06.068045+00,2026-06-09 18:23:39.445687+00,2026-06-09 18:23:39.553596+00,0.107909,33.485551,
402f0ba0-a860-4c1d-b6f0-933e62af6d98,numbered,65747,completed,sold,1,2026-06-09 18:23:06.084089+00,2026-06-09 18:23:39.446028+00,2026-06-09 18:23:39.554002+00,0.107974,33.469913,
c5a63b8b-bada-420f-99db-14f4c4f18e15,numbered,42991,completed,sold,1,2026-06-09 18:23:06.051861+00,2026-06-09 18:23:39.446727+00,2026-06-09 18:23:39.554768+00,0.108041,33.502907,
1c2a665a-aa81-4758-b401-32678dca7c23,numbered,18280,completed,sold,1,2026-06-09 18:23:06.075923+00,2026-06-09 18:23:39.454596+00,2026-06-09 18:23:39.569542+00,0.114946,33.493619,
0d46e6a8-bde1-40c5-ab80-910ac6aa493e,numbered,68762,completed,sold,1,2026-06-09 18:23:06.087933+00,2026-06-09 18:23:39.466199+00,2026-06-09 18:23:39.573313+00,0.107114,33.485380,
b923abf9-765f-4186-8fe7-011e6203d6f9,numbered,32688,completed,sold,1,2026-06-09 18:23:06.071977+00,2026-06-09 18:23:39.466838+00,2026-06-09 18:23:39.574033+00,0.107195,33.502056,
a3ec6eca-3419-4dce-b773-5ff502570c40,numbered,44848,completed,sold,1,2026-06-09 18:23:06.079998+00,2026-06-09 18:23:39.467508+00,2026-06-09 18:23:39.584337+00,0.116829,33.504339,
0958a237-a90a-4881-8f06-35cf4b30d3ad,numbered,77385,completed,sold,1,2026-06-09 18:23:06.095906+00,2026-06-09 18:23:39.475395+00,2026-06-09 18:23:39.585057+00,0.109662,33.489151,
65611f09-d56f-4121-bf3d-41b8207ffb8e,numbered,37570,completed,sold,1,2026-06-09 18:23:06.09196+00,2026-06-09 18:23:39.474877+00,2026-06-09 18:23:39.585891+00,0.111014,33.493931,
ef1a0870-24bb-4f01-bde2-d79af7f1d355,numbered,23773,completed,sold,1,2026-06-09 18:23:06.099949+00,2026-06-09 18:23:39.488566+00,2026-06-09 18:23:39.59728+00,0.108714,33.497331,
c782a94e-a379-4c9c-9ace-17e76cba0693,numbered,45804,completed,sold,1,2026-06-09 18:23:06.103926+00,2026-06-09 18:23:39.491979+00,2026-06-09 18:23:39.598339+00,0.106360,33.494413,
d8d27279-6d2f-4baf-ae94-c87ae75932f9,numbered,53036,completed,sold,1,2026-06-09 18:23:06.108073+00,2026-06-09 18:23:39.61054+00,2026-06-09 18:23:39.715636+00,0.105096,33.607563,
3e0c8a0b-9553-462c-a749-2a0e8610dc23,numbered,73325,completed,sold,1,2026-06-09 18:23:06.127922+00,2026-06-09 18:23:39.622257+00,2026-06-09 18:23:39.727101+00,0.104844,33.599179,
b89a74a1-b1c7-4435-8648-9805f954db2a,numbered,42812,completed,sold,1,2026-06-09 18:23:06.115959+00,2026-06-09 18:23:39.624836+00,2026-06-09 18:23:39.729164+00,0.104328,33.613205,
f3203db6-05e8-43cd-b1a7-70563586da71,numbered,97103,completed,sold,1,2026-06-09 18:23:06.136071+00,2026-06-09 18:23:39.640386+00,2026-06-09 18:23:39.751026+00,0.110640,33.614955,
93309551-e0dc-4929-a889-2346e357afc5,numbered,16639,completed,sold,1,2026-06-09 18:23:06.11996+00,2026-06-09 18:23:39.641967+00,2026-06-09 18:23:39.751698+00,0.109731,33.631738,
78bf2efb-a902-4e93-9255-3775b2e1d142,numbered,48820,completed,sold,1,2026-06-09 18:23:06.140063+00,2026-06-09 18:23:39.641861+00,2026-06-09 18:23:39.752403+00,0.110542,33.612340,
f5677ed0-2204-4112-948c-561ec0ec6b35,numbered,98765,completed,sold,1,2026-06-09 18:23:06.151879+00,2026-06-09 18:23:39.653184+00,2026-06-09 18:23:39.764201+00,0.111017,33.612322,
cb3703a6-d749-44d8-bebf-a581ecfcd954,numbered,52098,completed,sold,1,2026-06-09 18:23:06.155938+00,2026-06-09 18:23:39.648921+00,2026-06-09 18:23:39.764928+00,0.116007,33.608990,
a5770ae8-0f52-4450-b723-ba3c43cdfa63,numbered,58041,completed,sold,1,2026-06-09 18:23:06.147947+00,2026-06-09 18:23:39.654959+00,2026-06-09 18:23:39.765002+00,0.110043,33.617055,
abcaae1e-05ab-4c14-b9c8-673a3d1f3972,numbered,40027,completed,sold,1,2026-06-09 18:23:06.160034+00,2026-06-09 18:23:39.65911+00,2026-06-09 18:23:39.76558+00,0.106470,33.605546,
83556f70-4528-4ca7-826e-e0c6d508e7e8,numbered,64075,completed,sold,1,2026-06-09 18:23:06.143909+00,2026-06-09 18:23:39.642724+00,2026-06-09 18:23:39.765724+00,0.123000,33.621815,
c2198fc0-b700-4e35-a953-e11fde2ca49d,numbered,62556,completed,sold,1,2026-06-09 18:23:06.131977+00,2026-06-09 18:23:39.659631+00,2026-06-09 18:23:39.766315+00,0.106684,33.634338,
c3eae95f-4fe5-4a76-9fef-edc499fc95f5,numbered,93960,completed,sold,1,2026-06-09 18:23:06.111965+00,2026-06-09 18:23:39.64553+00,2026-06-09 18:23:39.766471+00,0.120941,33.654506,
c7255c5e-94cd-415e-8e4a-7619d1f3e558,numbered,38723,completed,sold,1,2026-06-09 18:23:06.123926+00,2026-06-09 18:23:39.643004+00,2026-06-09 18:23:39.767228+00,0.124224,33.643302,
656a3816-2d16-407b-bcca-8f19af1169eb,numbered,30814,completed,sold,1,2026-06-09 18:23:06.163926+00,2026-06-09 18:23:39.740858+00,2026-06-09 18:23:39.846118+00,0.105260,33.682192,
1a4180e1-62fd-4d3c-ba07-f0bbe505afcd,numbered,40900,completed,sold,1,2026-06-09 18:23:06.16788+00,2026-06-09 18:23:39.80141+00,2026-06-09 18:23:39.906543+00,0.105133,33.738663,
b7ae7a97-e2cd-43dd-bb30-78c71ad3fc36,numbered,70885,completed,sold,1,2026-06-09 18:23:06.207913+00,2026-06-09 18:23:39.844493+00,2026-06-09 18:23:39.950528+00,0.106035,33.742615,
e87938b2-bf9a-42d9-9b90-4fd7bb5b4a95,numbered,95321,completed,sold,1,2026-06-09 18:23:06.171946+00,2026-06-09 18:23:39.836119+00,2026-06-09 18:23:39.954049+00,0.117930,33.782103,
ba3e5755-709d-44f2-8cfc-ae13142c824c,numbered,18825,completed,sold,1,2026-06-09 18:23:06.17992+00,2026-06-09 18:23:39.838624+00,2026-06-09 18:23:39.957421+00,0.118797,33.777501,
3efdc491-5ecd-457e-9800-d9b54f8ea5e1,numbered,52962,completed,sold,1,2026-06-09 18:23:06.175943+00,2026-06-09 18:23:39.839309+00,2026-06-09 18:23:39.958204+00,0.118895,33.782261,
7885756e-63d6-4e7c-b383-4dffaef22c1b,numbered,29437,completed,sold,1,2026-06-09 18:23:06.199915+00,2026-06-09 18:23:39.839162+00,2026-06-09 18:23:39.95883+00,0.119668,33.758915,
3b36e88b-8fbe-45ea-8f8d-7fee5bca8153,numbered,26469,completed,sold,1,2026-06-09 18:23:06.191986+00,2026-06-09 18:23:39.839968+00,2026-06-09 18:23:39.959097+00,0.119129,33.767111,
5b949ef2-4e68-4f93-b275-e01fc4494771,numbered,74375,completed,sold,1,2026-06-09 18:23:06.203922+00,2026-06-09 18:23:39.842298+00,2026-06-09 18:23:39.959594+00,0.117296,33.755672,
5b23ee76-be28-4b60-b015-00ca78b545be,numbered,55826,completed,sold,1,2026-06-09 18:23:06.215999+00,2026-06-09 18:23:39.841145+00,2026-06-09 18:23:39.960483+00,0.119338,33.744484,
4e92b5c5-a9a3-4068-b16c-5aa2432fc6e5,numbered,64160,completed,sold,1,2026-06-09 18:23:06.195941+00,2026-06-09 18:23:39.837819+00,2026-06-09 18:23:39.96118+00,0.123361,33.765239,
8057e2e3-065e-4620-a4f4-81ba47c0ba5c,numbered,11282,completed,sold,1,2026-06-09 18:23:06.187957+00,2026-06-09 18:23:39.841861+00,2026-06-09 18:23:39.96196+00,0.120099,33.774003,
ced6a365-7b0e-44ff-bf7d-26e4488e4149,numbered,84247,completed,sold,1,2026-06-09 18:23:06.183849+00,2026-06-09 18:23:39.838615+00,2026-06-09 18:23:39.963079+00,0.124464,33.779230,
fc19ad8f-10a2-41a2-9f8f-9ea84af66a59,numbered,12927,completed,sold,1,2026-06-09 18:23:06.211885+00,2026-06-09 18:23:39.837935+00,2026-06-09 18:23:39.96595+00,0.128015,33.754065,
8640a57e-b350-4b27-8b72-7c960bcce982,numbered,22496,completed,sold,1,2026-06-09 18:23:06.219888+00,2026-06-09 18:23:39.869748+00,2026-06-09 18:23:39.980167+00,0.110419,33.760279,
28d2d5c5-1ef8-472b-9b3d-ff822ac43afe,numbered,58127,completed,sold,1,2026-06-09 18:23:06.223993+00,2026-06-09 18:23:39.929337+00,2026-06-09 18:23:40.034722+00,0.105385,33.810729,
a81d62e6-f7b9-417d-a9f1-a38f1f02bbf9,numbered,87051,completed,sold,1,2026-06-09 18:23:06.248077+00,2026-06-09 18:23:40.029364+00,2026-06-09 18:23:40.13505+00,0.105686,33.886973,
9d8e562d-8c1b-401b-bdbf-eb730a66515d,numbered,3950,completed,sold,1,2026-06-09 18:23:06.228102+00,2026-06-09 18:23:40.035053+00,2026-06-09 18:23:40.140211+00,0.105158,33.912109,
cf4d181b-cb15-4e82-bee5-9358a73e4de2,numbered,71998,completed,sold,1,2026-06-09 18:23:06.255985+00,2026-06-09 18:23:40.034333+00,2026-06-09 18:23:40.141067+00,0.106734,33.885082,
18f7e5a0-301d-4c84-84ae-a38e4e31edf6,numbered,56162,completed,sold,1,2026-06-09 18:23:06.260088+00,2026-06-09 18:23:40.042387+00,2026-06-09 18:23:40.152694+00,0.110307,33.892606,
6b5800a9-5b1d-4894-9129-d6bc3772911c,numbered,15950,completed,sold,1,2026-06-09 18:23:06.251915+00,2026-06-09 18:23:40.032107+00,2026-06-09 18:23:40.15448+00,0.122373,33.902565,
6a490210-1d29-458e-b004-cec561d2dac7,numbered,95155,completed,sold,1,2026-06-09 18:23:06.271984+00,2026-06-09 18:23:40.049469+00,2026-06-09 18:23:40.159367+00,0.109898,33.887383,
45703aef-36c9-46d9-b5f2-06f9e1403a85,numbered,58035,completed,sold,1,2026-06-09 18:23:06.240007+00,2026-06-09 18:23:40.052005+00,2026-06-09 18:23:40.159565+00,0.107560,33.919558,
82fba65a-b607-4d8f-966a-361ca90fa2fb,numbered,71807,completed,sold,1,2026-06-09 18:23:06.23592+00,2026-06-09 18:23:40.046331+00,2026-06-09 18:23:40.160052+00,0.113721,33.924132,
825a80f2-4fe7-44fd-897e-aa3ff20203c0,numbered,67486,completed,sold,1,2026-06-09 18:23:06.276086+00,2026-06-09 18:23:40.054534+00,2026-06-09 18:23:40.160267+00,0.105733,33.884181,
2bf517ea-af2e-482f-a6d2-6b833c202d87,numbered,66694,completed,sold,1,2026-06-09 18:23:06.232043+00,2026-06-09 18:23:40.044391+00,2026-06-09 18:23:40.16097+00,0.116579,33.928927,
48ac1486-6b25-4159-ba8f-085ff8dbadc3,numbered,73479,completed,sold,1,2026-06-09 18:23:06.243895+00,2026-06-09 18:23:40.042385+00,2026-06-09 18:23:40.161723+00,0.119338,33.917828,
037e0111-81d5-490a-a112-f1ceadbe3ad1,numbered,22731,completed,sold,1,2026-06-09 18:23:06.264853+00,2026-06-09 18:23:40.037618+00,2026-06-09 18:23:40.162494+00,0.124876,33.897641,
797975d6-e459-40c3-84b5-14128136fd9e,numbered,1290,completed,sold,1,2026-06-09 18:23:06.268278+00,2026-06-09 18:23:40.055077+00,2026-06-09 18:23:40.165861+00,0.110784,33.897583,
bd3a1adc-e83b-4c19-b988-c23cfd12d066,numbered,31421,completed,sold,1,2026-06-09 18:23:06.280066+00,2026-06-09 18:23:40.06749+00,2026-06-09 18:23:40.195516+00,0.128026,33.915450,
0d1e83f2-69b6-4c71-8214-22962e058782,numbered,19475,completed,sold,1,2026-06-09 18:23:06.283951+00,2026-06-09 18:23:40.225794+00,2026-06-09 18:23:40.332211+00,0.106417,34.048260,
b6df3947-0252-4b5f-b009-907db38a6e9a,numbered,68108,completed,sold,1,2026-06-09 18:23:06.327968+00,2026-06-09 18:23:40.226763+00,2026-06-09 18:23:40.332927+00,0.106164,34.004959,
455eede7-b3bc-42d1-be17-80fac9e95ee3,numbered,28994,completed,sold,1,2026-06-09 18:23:06.28804+00,2026-06-09 18:23:40.230421+00,2026-06-09 18:23:40.335091+00,0.104670,34.047051,
29189e67-3c76-4068-a5ec-0551953bfaf2,numbered,56108,completed,sold,1,2026-06-09 18:23:06.315951+00,2026-06-09 18:23:40.236994+00,2026-06-09 18:23:40.350627+00,0.113633,34.034676,
824ddcf5-3690-47d4-82e4-00daec797a36,numbered,39980,completed,sold,1,2026-06-09 18:23:06.323815+00,2026-06-09 18:23:40.239359+00,2026-06-09 18:23:40.35304+00,0.113681,34.029225,
b34f096f-9933-4edf-a5b0-32c36bfcbb89,numbered,49385,completed,sold,1,2026-06-09 18:23:06.331929+00,2026-06-09 18:23:40.252322+00,2026-06-09 18:23:40.365105+00,0.112783,34.033176,
0f8065a1-c80d-4d32-b591-04a61f6394dc,numbered,96204,completed,sold,1,2026-06-09 18:23:06.335943+00,2026-06-09 18:23:40.25575+00,2026-06-09 18:23:40.365794+00,0.110044,34.029851,
f19f9fc8-e6f5-4519-8a5d-bdf7ec30eafa,numbered,27802,completed,sold,1,2026-06-09 18:23:06.307928+00,2026-06-09 18:23:40.249565+00,2026-06-09 18:23:40.365844+00,0.116279,34.057916,
4a59a8ba-8ec0-415c-9614-3298161f54de,numbered,27763,completed,sold,1,2026-06-09 18:23:06.311824+00,2026-06-09 18:23:40.245155+00,2026-06-09 18:23:40.366496+00,0.121341,34.054672,
c25c8ebc-57c7-43c7-baf1-090980fd4add,numbered,92713,completed,sold,1,2026-06-09 18:23:06.296007+00,2026-06-09 18:23:40.244646+00,2026-06-09 18:23:40.366842+00,0.122196,34.070835,
cc1537ba-26dd-4e9a-8803-a972a6172b77,numbered,44679,completed,sold,1,2026-06-09 18:23:06.319938+00,2026-06-09 18:23:40.243174+00,2026-06-09 18:23:40.367875+00,0.124701,34.047937,
bdd4d27f-73db-41ee-8596-9424fa4cac56,numbered,3589,completed,sold,1,2026-06-09 18:23:06.299923+00,2026-06-09 18:23:40.243926+00,2026-06-09 18:23:40.368593+00,0.124667,34.068670,
e32be85b-95ea-4fb8-ad5c-b03b0c8826de,numbered,28993,completed,sold,1,2026-06-09 18:23:06.292029+00,2026-06-09 18:23:40.251492+00,2026-06-09 18:23:40.369398+00,0.117906,34.077369,
522baecf-418f-4c58-86ab-8d52f84c7b47,numbered,43898,completed,sold,1,2026-06-09 18:23:06.30391+00,2026-06-09 18:23:40.241811+00,2026-06-09 18:23:40.372781+00,0.130970,34.068871,
b672f211-9173-4176-8ee1-46b53a1a78ff,numbered,84085,completed,sold,1,2026-06-09 18:23:06.339957+00,2026-06-09 18:23:40.383152+00,2026-06-09 18:23:40.488211+00,0.105059,34.148254,
58574862-7f4c-4de0-ac21-9ea42b220e30,numbered,15462,completed,sold,1,2026-06-09 18:23:06.347966+00,2026-06-09 18:23:40.402187+00,2026-06-09 18:23:40.508376+00,0.106189,34.160410,
16b32bd8-126d-416b-b7ca-f9a9e5c83297,numbered,63970,completed,sold,1,2026-06-09 18:23:06.355975+00,2026-06-09 18:23:40.421996+00,2026-06-09 18:23:40.528856+00,0.106860,34.172881,
fda171cf-073f-40e5-9406-0728bad3f5d4,numbered,85108,completed,sold,1,2026-06-09 18:23:06.368884+00,2026-06-09 18:23:40.434615+00,2026-06-09 18:23:40.546817+00,0.112202,34.177933,
a2910e8c-4a54-42f7-8311-1c4a0490bf3b,numbered,31181,completed,sold,1,2026-06-09 18:23:06.380273+00,2026-06-09 18:23:40.433942+00,2026-06-09 18:23:40.54762+00,0.113678,34.167347,
f5b1570e-a242-4b3d-b271-cd154d24648b,numbered,39225,completed,sold,1,2026-06-09 18:23:06.343988+00,2026-06-09 18:23:40.440902+00,2026-06-09 18:23:40.5496+00,0.108698,34.205612,
d7ae7815-1923-40d1-a3e0-92a83af3e6bf,numbered,51987,completed,sold,1,2026-06-09 18:23:06.395981+00,2026-06-09 18:23:40.443252+00,2026-06-09 18:23:40.550411+00,0.107159,34.154430,
e91b4ba1-605e-4dc4-9f38-174a787a2df0,numbered,14080,completed,sold,1,2026-06-09 18:23:06.35196+00,2026-06-09 18:23:40.44669+00,2026-06-09 18:23:40.556083+00,0.109393,34.204123,
9c0dddcb-7552-4519-84a9-879434f00e0c,numbered,90976,completed,sold,1,2026-06-09 18:23:06.392129+00,2026-06-09 18:23:40.448209+00,2026-06-09 18:23:40.556791+00,0.108582,34.164662,
0af08dba-fddf-49e8-9539-ed2772e07e3a,numbered,35193,completed,sold,1,2026-06-09 18:23:06.38426+00,2026-06-09 18:23:40.438673+00,2026-06-09 18:23:40.557559+00,0.118886,34.173299,
475b96f2-fcee-4c4f-9fe0-437267ddf351,numbered,41560,completed,sold,1,2026-06-09 18:23:06.376602+00,2026-06-09 18:23:40.435348+00,2026-06-09 18:23:40.55951+00,0.124162,34.182908,
46f5eb0e-f125-47ba-8dd9-fa2d42a67c6e,numbered,22058,completed,sold,1,2026-06-09 18:23:06.360172+00,2026-06-09 18:23:40.434503+00,2026-06-09 18:23:40.560394+00,0.125891,34.200222,
5ca590e2-2a28-4632-85fb-783a2a5df8ee,numbered,91031,completed,sold,1,2026-06-09 18:23:06.373018+00,2026-06-09 18:23:40.43378+00,2026-06-09 18:23:40.562569+00,0.128789,34.189551,
f4d3f5ed-18db-4a80-902d-d554c390439a,numbered,91527,completed,sold,1,2026-06-09 18:23:06.388083+00,2026-06-09 18:23:40.459502+00,2026-06-09 18:23:40.56644+00,0.106938,34.178357,
886cb839-4c8a-4585-9163-b8077e50fb35,numbered,78718,completed,sold,1,2026-06-09 18:23:06.364093+00,2026-06-09 18:23:40.457433+00,2026-06-09 18:23:40.572331+00,0.114898,34.208238,
95eec51d-d680-44b3-8c96-aed41694b671,numbered,27002,completed,sold,1,2026-06-09 18:23:06.403964+00,2026-06-09 18:23:40.510739+00,2026-06-09 18:23:40.616723+00,0.105984,34.212759,
7d27715d-2b9c-4e52-820c-19fc0a6faebc,numbered,7090,completed,sold,1,2026-06-09 18:23:06.400079+00,2026-06-09 18:23:40.565937+00,2026-06-09 18:23:40.672038+00,0.106101,34.271959,
a0bb418d-fddb-4d5d-8b7c-8ccffed32154,numbered,80930,completed,sold,1,2026-06-09 18:23:06.408156+00,2026-06-09 18:23:40.586087+00,2026-06-09 18:23:40.692559+00,0.106472,34.284403,
d60be393-ab27-4cfc-8fdf-6778e8900b7b,numbered,39976,completed,sold,1,2026-06-09 18:23:06.411945+00,2026-06-09 18:23:40.638765+00,2026-06-09 18:23:40.744854+00,0.106089,34.332909,
2a75ade4-767c-4c7b-824a-710c6e9cef53,numbered,78019,completed,sold,1,2026-06-09 18:23:06.428017+00,2026-06-09 18:23:40.643183+00,2026-06-09 18:23:40.762404+00,0.119221,34.334387,
efbc9242-541c-48b3-9c79-650034d3a336,numbered,4241,completed,sold,1,2026-06-09 18:23:06.423975+00,2026-06-09 18:23:40.651043+00,2026-06-09 18:23:40.76319+00,0.112147,34.339215,
3689ed62-3a46-4259-a654-1dd1cc7ee986,numbered,55250,completed,sold,1,2026-06-09 18:23:06.449797+00,2026-06-09 18:23:40.648081+00,2026-06-09 18:23:40.763994+00,0.115913,34.314197,
cad3362f-642c-4799-8c89-035b4752da77,numbered,47620,completed,sold,1,2026-06-09 18:23:06.466328+00,2026-06-09 18:23:40.648757+00,2026-06-09 18:23:40.764731+00,0.115974,34.298403,
0470e4d2-34fe-44be-afb8-86b0d32dcf7a,numbered,26689,completed,sold,1,2026-06-09 18:23:06.440065+00,2026-06-09 18:23:40.646129+00,2026-06-09 18:23:40.765486+00,0.119357,34.325421,
c05be038-4bf5-45c0-a9fc-5e37be440f70,numbered,68696,completed,sold,1,2026-06-09 18:23:06.456525+00,2026-06-09 18:23:40.645371+00,2026-06-09 18:23:40.766272+00,0.120901,34.309747,
5cc71990-6c40-4cc7-9b9b-8974d6fc0951,numbered,74667,completed,sold,1,2026-06-09 18:23:06.47309+00,2026-06-09 18:23:40.660628+00,2026-06-09 18:23:40.770495+00,0.109867,34.297405,
4f6d3eff-1a4d-457e-b99c-8c912b265611,numbered,40417,completed,sold,1,2026-06-09 18:23:06.432056+00,2026-06-09 18:23:40.649977+00,2026-06-09 18:23:40.771065+00,0.121088,34.339009,
8d7c5838-7d78-41ed-a6e3-545981d79ac5,numbered,25940,completed,sold,1,2026-06-09 18:23:06.453217+00,2026-06-09 18:23:40.651212+00,2026-06-09 18:23:40.771819+00,0.120607,34.318602,
d7aa801f-17b3-4c89-8207-f7c8581212d9,numbered,29438,completed,sold,1,2026-06-09 18:23:06.444779+00,2026-06-09 18:23:40.650533+00,2026-06-09 18:23:40.771819+00,0.121286,34.327040,
b3c31067-8e26-48c1-8342-377de3e136ff,numbered,81141,completed,sold,1,2026-06-09 18:23:06.416064+00,2026-06-09 18:23:40.643881+00,2026-06-09 18:23:40.772043+00,0.128162,34.355979,
0d92f4a5-7f1c-428f-82cc-94e7709561f9,numbered,81174,completed,sold,1,2026-06-09 18:23:06.419974+00,2026-06-09 18:23:40.647561+00,2026-06-09 18:23:40.772811+00,0.125250,34.352837,
2928fa1f-96ea-4e95-9a51-1d26c5908e23,numbered,9694,completed,sold,1,2026-06-09 18:23:06.435947+00,2026-06-09 18:23:40.648238+00,2026-06-09 18:23:40.772895+00,0.124657,34.336948,
53a4678e-7006-44e2-8039-83369d854036,numbered,83361,completed,sold,1,2026-06-09 18:23:06.477285+00,2026-06-09 18:23:40.69978+00,2026-06-09 18:23:40.80638+00,0.106600,34.329095,
7c63081f-7b7e-4af5-a78d-2a445aff06ef,numbered,19252,completed,sold,1,2026-06-09 18:23:06.480736+00,2026-06-09 18:23:40.718352+00,2026-06-09 18:23:40.833113+00,0.114761,34.352377,
a25814c1-f65e-4a38-be24-bcb0b7512bf9,numbered,62674,completed,sold,1,2026-06-09 18:23:06.484202+00,2026-06-09 18:23:40.855393+00,2026-06-09 18:23:40.961189+00,0.105796,34.476987,
ff672336-12e0-4c19-a1a6-c6baa4d19319,numbered,22567,completed,sold,1,2026-06-09 18:23:06.497982+00,2026-06-09 18:23:40.862266+00,2026-06-09 18:23:40.969799+00,0.107533,34.471817,
4c7dbc54-7c40-4cf2-addd-a547ebc84057,numbered,25915,completed,sold,1,2026-06-09 18:23:06.524405+00,2026-06-09 18:23:40.876085+00,2026-06-09 18:23:40.992284+00,0.116199,34.467879,
a2fa49d9-49b5-4839-aa1f-ca7478c98fb5,numbered,37814,completed,sold,1,2026-06-09 18:23:06.539939+00,2026-06-09 18:23:40.8823+00,2026-06-09 18:23:40.992459+00,0.110159,34.452520,
d06ec1a9-2326-426f-b80b-58979de756c3,numbered,85630,completed,sold,1,2026-06-09 18:23:06.51125+00,2026-06-09 18:23:40.876763+00,2026-06-09 18:23:40.992951+00,0.116188,34.481701,
8654c550-63da-43f7-a098-888f483bf8bb,numbered,40126,completed,sold,1,2026-06-09 18:23:06.50476+00,2026-06-09 18:23:40.874607+00,2026-06-09 18:23:40.993887+00,0.119280,34.489127,
e8f60608-64a3-4f9c-b1c7-cdd2e81e3063,numbered,89172,completed,sold,1,2026-06-09 18:23:06.507793+00,2026-06-09 18:23:40.875421+00,2026-06-09 18:23:40.994611+00,0.119190,34.486818,
5e30e7ae-63d5-46c4-9842-7c9d82e1e52d,numbered,30806,completed,sold,1,2026-06-09 18:23:06.487873+00,2026-06-09 18:23:40.867228+00,2026-06-09 18:23:40.994674+00,0.127446,34.506801,
bf5c4b3b-7ccb-4b18-930a-41039a3fb181,numbered,89635,completed,sold,1,2026-06-09 18:23:06.532147+00,2026-06-09 18:23:40.880857+00,2026-06-09 18:23:40.995433+00,0.114576,34.463286,
71ba2e47-32ad-46b3-ba50-aac1a98a40fd,numbered,29182,completed,sold,1,2026-06-09 18:23:06.517961+00,2026-06-09 18:23:40.878332+00,2026-06-09 18:23:40.996217+00,0.117885,34.478256,
09863a98-5640-4194-9dcc-fc2a4d242b41,numbered,49353,completed,sold,1,2026-06-09 18:23:06.501406+00,2026-06-09 18:23:40.870453+00,2026-06-09 18:23:40.996946+00,0.126493,34.495540,
88b04133-342b-4de2-a5ec-e080aa4b36ef,numbered,95587,completed,sold,1,2026-06-09 18:23:06.491343+00,2026-06-09 18:23:40.873902+00,2026-06-09 18:23:40.997131+00,0.123229,34.505788,
74b7cb7b-8562-41bc-82b8-a8c6c4c83f4d,numbered,68008,completed,sold,1,2026-06-09 18:23:06.494776+00,2026-06-09 18:23:40.862958+00,2026-06-09 18:23:40.997703+00,0.134745,34.502927,
9ebd66f1-b26f-457b-8586-75caf371da91,numbered,76121,completed,sold,1,2026-06-09 18:23:06.535915+00,2026-06-09 18:23:40.891334+00,2026-06-09 18:23:40.997963+00,0.106629,34.462048,
7cb1618a-b1bc-4eda-9b4b-5d310a54baab,numbered,88122,completed,sold,1,2026-06-09 18:23:06.52803+00,2026-06-09 18:23:40.866182+00,2026-06-09 18:23:40.998456+00,0.132274,34.470426,
c245d134-4eae-4e96-9aff-266f7ec9abf2,numbered,61307,completed,sold,1,2026-06-09 18:23:06.521032+00,2026-06-09 18:23:40.865515+00,2026-06-09 18:23:40.999238+00,0.133723,34.478206,
23c7746d-5ea9-4845-a9b8-eb87e36b234f,numbered,76002,completed,sold,1,2026-06-09 18:23:06.5145+00,2026-06-09 18:23:40.864787+00,2026-06-09 18:23:40.999998+00,0.135211,34.485498,
854f4e8c-129b-48ff-92a5-9a41ebcdade6,numbered,99420,completed,sold,1,2026-06-09 18:23:06.544073+00,2026-06-09 18:23:40.930432+00,2026-06-09 18:23:41.037083+00,0.106651,34.493010,
86844de1-e98f-4896-9900-0ccd570a3885,numbered,58891,completed,sold,1,2026-06-09 18:23:06.548054+00,2026-06-09 18:23:41.053802+00,2026-06-09 18:23:41.159864+00,0.106062,34.611810,
663259f0-6fd7-4960-bcfb-84289479a7c9,numbered,86550,completed,sold,1,2026-06-09 18:23:06.551951+00,2026-06-09 18:23:41.064737+00,2026-06-09 18:23:41.170462+00,0.105725,34.618511,
a1c7ecbd-d6cb-47dd-a5e2-a71e394a50f0,numbered,13669,completed,sold,1,2026-06-09 18:23:06.555891+00,2026-06-09 18:23:41.099647+00,2026-06-09 18:23:41.205434+00,0.105787,34.649543,
0118a572-01a9-4f42-8d0e-26d31677e877,numbered,47089,completed,sold,1,2026-06-09 18:23:06.572+00,2026-06-09 18:23:41.103204+00,2026-06-09 18:23:41.22665+00,0.123446,34.654650,
23666321-aeb3-485e-b87c-9f14e3ce4baf,numbered,65120,completed,sold,1,2026-06-09 18:23:06.564046+00,2026-06-09 18:23:41.113872+00,2026-06-09 18:23:41.227523+00,0.113651,34.663477,
1de08770-ab3a-412a-8e96-30ffe10fe85a,numbered,43147,completed,sold,1,2026-06-09 18:23:06.60789+00,2026-06-09 18:23:41.11099+00,2026-06-09 18:23:41.228289+00,0.117299,34.620399,
31b69893-37f7-4f14-91e1-859e74cc162c,numbered,25278,completed,sold,1,2026-06-09 18:23:06.61588+00,2026-06-09 18:23:41.108962+00,2026-06-09 18:23:41.229168+00,0.120206,34.613288,
b1c8d8c0-cd32-4c3e-b583-f70e6ea3b80b,numbered,49081,completed,sold,1,2026-06-09 18:23:06.579979+00,2026-06-09 18:23:41.103959+00,2026-06-09 18:23:41.229897+00,0.125938,34.649918,
5c74ab60-f7a9-4490-9f4a-e23a89e41b0f,numbered,56076,completed,sold,1,2026-06-09 18:23:06.587979+00,2026-06-09 18:23:41.108286+00,2026-06-09 18:23:41.230669+00,0.122383,34.642690,
3c7cc7ea-6750-4fe9-9d06-9f272a29dec9,numbered,80093,completed,sold,1,2026-06-09 18:23:06.575949+00,2026-06-09 18:23:41.106703+00,2026-06-09 18:23:41.231365+00,0.124662,34.655416,
845fadf9-be01-4302-b36f-902ceb9b6c09,numbered,85450,completed,sold,1,2026-06-09 18:23:06.560124+00,2026-06-09 18:23:41.108902+00,2026-06-09 18:23:41.233691+00,0.124789,34.673567,
d5825d44-22fa-4e48-8672-5be3fd1ecf48,numbered,41766,completed,sold,1,2026-06-09 18:23:06.591915+00,2026-06-09 18:23:41.107495+00,2026-06-09 18:23:41.234561+00,0.127066,34.642646,
a4e861d8-76f1-463d-aca4-927443666401,numbered,6301,completed,sold,1,2026-06-09 18:23:06.584017+00,2026-06-09 18:23:41.112798+00,2026-06-09 18:23:41.241341+00,0.128543,34.657324,
a3928ad9-18aa-4dea-926a-4363d80e985e,numbered,55868,completed,sold,1,2026-06-09 18:23:06.600232+00,2026-06-09 18:23:41.115194+00,2026-06-09 18:23:41.242102+00,0.126908,34.641870,
fb78c869-7628-41ec-a854-223641b9d5fe,numbered,56294,completed,sold,1,2026-06-09 18:23:06.595829+00,2026-06-09 18:23:41.111723+00,2026-06-09 18:23:41.242911+00,0.131188,34.647082,
68aa562f-bd22-4483-bb9e-1adf3a3a0524,numbered,53563,completed,sold,1,2026-06-09 18:23:06.603904+00,2026-06-09 18:23:41.112056+00,2026-06-09 18:23:41.255795+00,0.143739,34.651891,
97c91a2d-3913-422b-b497-cd51cedca86b,numbered,15375,completed,sold,1,2026-06-09 18:23:06.611991+00,2026-06-09 18:23:41.114548+00,2026-06-09 18:23:41.256659+00,0.142111,34.644668,
9c719844-8a81-467e-8abc-49aaf3b253bf,numbered,16270,completed,sold,1,2026-06-09 18:23:06.567914+00,2026-06-09 18:23:41.114548+00,2026-06-09 18:23:41.257379+00,0.142831,34.689465,
919d13d2-3c1c-49a3-9c78-833bd566f11e,numbered,19786,completed,sold,1,2026-06-09 18:23:06.619844+00,2026-06-09 18:23:41.186899+00,2026-06-09 18:23:41.294813+00,0.107914,34.674969,
34346093-bd52-4714-8572-c375d98bd6fc,numbered,14620,completed,sold,1,2026-06-09 18:23:06.623946+00,2026-06-09 18:23:41.193823+00,2026-06-09 18:23:41.299613+00,0.105790,34.675667,
b665ff9e-febc-4245-a9e3-bd0ae140d593,numbered,96320,completed,sold,1,2026-06-09 18:23:06.627895+00,2026-06-09 18:23:41.305317+00,2026-06-09 18:23:41.410847+00,0.105530,34.782952,
ed8dc7f3-06af-4b2f-9b4c-413a4e0a9c0b,numbered,34367,completed,sold,1,2026-06-09 18:23:06.631926+00,2026-06-09 18:23:41.314645+00,2026-06-09 18:23:41.421013+00,0.106368,34.789087,
ca280d1c-a8dc-4261-9a11-a38b0361eddf,numbered,67046,completed,sold,1,2026-06-09 18:23:06.647943+00,2026-06-09 18:23:41.315806+00,2026-06-09 18:23:41.421838+00,0.106032,34.773895,
0c806111-b1ea-4bf0-a296-d7c5a1a03f77,numbered,72917,completed,sold,1,2026-06-09 18:23:06.655943+00,2026-06-09 18:23:41.320871+00,2026-06-09 18:23:41.427684+00,0.106813,34.771741,
46930f2e-6031-458b-bdef-eced8d38f2c8,numbered,64654,completed,sold,1,2026-06-09 18:23:06.651841+00,2026-06-09 18:23:41.321646+00,2026-06-09 18:23:41.428416+00,0.106770,34.776575,
742b0d31-d2b0-4332-a81f-79880ae32d1a,numbered,63796,completed,sold,1,2026-06-09 18:23:06.667962+00,2026-06-09 18:23:41.329613+00,2026-06-09 18:23:41.441177+00,0.111564,34.773215,
8809a666-8f79-4ddb-8231-1975038e71c3,numbered,10101,completed,sold,1,2026-06-09 18:23:06.639981+00,2026-06-09 18:23:41.330471+00,2026-06-09 18:23:41.441871+00,0.111400,34.801890,
7fcacb0c-dc78-4019-9e05-8a31f00ef63a,numbered,9614,completed,sold,1,2026-06-09 18:23:06.672036+00,2026-06-09 18:23:41.328906+00,2026-06-09 18:23:41.442791+00,0.113885,34.770755,
d3da4bc8-5a22-4218-9e7e-6eaa3d087584,numbered,74167,completed,sold,1,2026-06-09 18:23:06.683874+00,2026-06-09 18:23:41.348896+00,2026-06-09 18:23:41.4603+00,0.111404,34.776426,
d15fb9c7-0782-4f1b-93b5-4f9a05dce218,numbered,63427,completed,sold,1,2026-06-09 18:23:06.688439+00,2026-06-09 18:23:41.346371+00,2026-06-09 18:23:41.461076+00,0.114705,34.772637,
d5e3db5f-6c04-4e8d-b19a-7e33683b0ce1,numbered,17479,completed,sold,1,2026-06-09 18:23:06.659946+00,2026-06-09 18:23:41.345695+00,2026-06-09 18:23:41.461915+00,0.116220,34.801969,
f7f09c5a-9bc0-4e73-a141-d4cc58898f04,numbered,56510,completed,sold,1,2026-06-09 18:23:06.680018+00,2026-06-09 18:23:41.352891+00,2026-06-09 18:23:41.468841+00,0.115950,34.788823,
1a45e182-ae23-4127-8a44-0e3ebb96d1f8,numbered,65236,completed,sold,1,2026-06-09 18:23:06.675984+00,2026-06-09 18:23:41.353791+00,2026-06-09 18:23:41.469586+00,0.115795,34.793602,
5f759abc-13e6-4945-93a7-e7d45ab51ba0,numbered,40043,completed,sold,1,2026-06-09 18:23:06.636046+00,2026-06-09 18:23:41.347327+00,2026-06-09 18:23:41.470337+00,0.123010,34.834291,
257c959e-b89d-4fdf-ad51-0ed95b42ba8a,numbered,93740,completed,sold,1,2026-06-09 18:23:06.663936+00,2026-06-09 18:23:41.348212+00,2026-06-09 18:23:41.471143+00,0.122931,34.807207,
b166788c-56e2-46ef-b80b-83bc6958589e,numbered,30345,completed,sold,1,2026-06-09 18:23:06.643892+00,2026-06-09 18:23:41.351797+00,2026-06-09 18:23:41.471909+00,0.120112,34.828017,
afe2fb57-45ce-4725-98bb-f7ce2ac88d92,numbered,52908,completed,sold,1,2026-06-09 18:23:06.691909+00,2026-06-09 18:23:41.354141+00,2026-06-09 18:23:41.509129+00,0.154988,34.817220,
eb45a254-1883-4680-8d69-e2771ffa4646,numbered,36586,completed,sold,1,2026-06-09 18:23:06.695974+00,2026-06-09 18:23:41.35746+00,2026-06-09 18:23:41.534505+00,0.177045,34.838531,
9fb871eb-f9a9-4da7-9d4a-fedb6ddc36f2,numbered,25735,completed,sold,1,2026-06-09 18:23:06.707997+00,2026-06-09 18:23:41.506818+00,2026-06-09 18:23:41.612183+00,0.105365,34.904186,
e08b0967-56fb-4648-808f-5517d4b82760,numbered,40341,completed,sold,1,2026-06-09 18:23:06.703974+00,2026-06-09 18:23:41.508716+00,2026-06-09 18:23:41.614535+00,0.105819,34.910561,
51c2e877-2959-4901-8e72-37f4b2955ea6,numbered,19959,completed,sold,1,2026-06-09 18:23:06.711954+00,2026-06-09 18:23:41.510377+00,2026-06-09 18:23:41.625434+00,0.115057,34.913480,
d7f10029-ad77-4c24-9b09-ec2b88586cf9,numbered,48620,completed,sold,1,2026-06-09 18:23:06.731928+00,2026-06-09 18:23:41.530264+00,2026-06-09 18:23:41.636618+00,0.106354,34.904690,
450d3e8c-8209-4da6-be53-805ad15c2f31,numbered,78738,completed,sold,1,2026-06-09 18:23:06.715923+00,2026-06-09 18:23:41.533991+00,2026-06-09 18:23:41.640585+00,0.106594,34.924662,
fb9ad653-2b4a-4a2a-9214-7f495b7a9bc7,numbered,45086,completed,sold,1,2026-06-09 18:23:06.743849+00,2026-06-09 18:23:41.533186+00,2026-06-09 18:23:41.641292+00,0.108106,34.897443,
072f660a-2e49-4077-9234-fa26ad0fff3a,numbered,2513,completed,sold,1,2026-06-09 18:23:06.73993+00,2026-06-09 18:23:41.537602+00,2026-06-09 18:23:41.652053+00,0.114451,34.912123,
a2b6de48-8891-48c9-9ffc-2c866dacc499,numbered,2196,completed,sold,1,2026-06-09 18:23:06.727983+00,2026-06-09 18:23:41.538998+00,2026-06-09 18:23:41.65299+00,0.113992,34.925007,
cfc322a0-1a7c-43bb-9e80-eeb193350f73,numbered,99278,completed,sold,1,2026-06-09 18:23:06.719947+00,2026-06-09 18:23:41.538287+00,2026-06-09 18:23:41.653022+00,0.114735,34.933075,
aa01ba9e-b8d4-49fd-8112-1ec086b5c2c3,numbered,21320,completed,sold,1,2026-06-09 18:23:06.723807+00,2026-06-09 18:23:41.53965+00,2026-06-09 18:23:41.653731+00,0.114081,34.929924,
3c11ebf6-52dc-4de6-9e77-c075ff8d23c6,numbered,7284,completed,sold,1,2026-06-09 18:23:06.735834+00,2026-06-09 18:23:41.552083+00,2026-06-09 18:23:41.657541+00,0.105458,34.921707,
969d9647-299c-471a-a85e-2af376c2e54b,numbered,23149,completed,sold,1,2026-06-09 18:23:06.755861+00,2026-06-09 18:23:41.556002+00,2026-06-09 18:23:41.662042+00,0.106040,34.906181,
7fbc9a3b-eb17-4e2d-910d-2f598a9e73a1,numbered,532,completed,sold,1,2026-06-09 18:23:06.699919+00,2026-06-09 18:23:41.556302+00,2026-06-09 18:23:41.665534+00,0.109232,34.965615,
6f501105-d327-4762-8184-ae899702e67f,numbered,15444,completed,sold,1,2026-06-09 18:23:06.747945+00,2026-06-09 18:23:41.558619+00,2026-06-09 18:23:41.668007+00,0.109388,34.920062,
af09b7dc-9e0f-4a70-875c-4fe7edfed62d,numbered,66155,completed,sold,1,2026-06-09 18:23:06.751961+00,2026-06-09 18:23:41.562974+00,2026-06-09 18:23:41.668774+00,0.105800,34.916813,
31f1b326-d551-48d2-b303-b2b4b50381c8,numbered,96883,completed,sold,1,2026-06-09 18:23:06.759895+00,2026-06-09 18:23:41.565353+00,2026-06-09 18:23:41.673395+00,0.108042,34.913500,
4df6484f-7080-4e22-8d96-f266e14c2db6,numbered,78723,completed,sold,1,2026-06-09 18:23:06.76387+00,2026-06-09 18:23:41.566109+00,2026-06-09 18:23:41.686711+00,0.120602,34.922841,
8e10f61a-be70-40d3-9572-82ae732eb8a9,numbered,75768,completed,sold,1,2026-06-09 18:23:06.768118+00,2026-06-09 18:23:41.568003+00,2026-06-09 18:23:41.687568+00,0.119565,34.919450,
57003f0b-989b-44dd-9eb3-2b21dd868bf9,numbered,54725,completed,sold,1,2026-06-09 18:23:06.771857+00,2026-06-09 18:23:41.647452+00,2026-06-09 18:23:41.752892+00,0.105440,34.981035,
54e0c30e-195f-4c86-88f4-3c9e8e6b043f,numbered,31877,completed,sold,1,2026-06-09 18:23:06.77593+00,2026-06-09 18:23:41.699595+00,2026-06-09 18:23:41.805223+00,0.105628,35.029293,
03c7f310-237a-4872-972d-b8e587f59f6b,numbered,13237,completed,sold,1,2026-06-09 18:23:06.779882+00,2026-06-09 18:23:41.756575+00,2026-06-09 18:23:41.862765+00,0.106190,35.082883,
9e498757-cac8-4b97-b24e-2478c901695e,numbered,42283,completed,sold,1,2026-06-09 18:23:06.832014+00,2026-06-09 18:23:41.763258+00,2026-06-09 18:23:41.872812+00,0.109554,35.040798,
868c2c4b-52b1-4533-9181-8110de93886c,numbered,8168,completed,sold,1,2026-06-09 18:23:06.791855+00,2026-06-09 18:23:41.773774+00,2026-06-09 18:23:41.888523+00,0.114749,35.096668,
811aa5be-6c2a-455b-a6db-f062358f5009,numbered,42368,completed,sold,1,2026-06-09 18:23:06.795853+00,2026-06-09 18:23:41.772393+00,2026-06-09 18:23:41.889312+00,0.116919,35.093459,
24842e43-f4ff-4053-950e-a3705719c954,numbered,78169,completed,sold,1,2026-06-09 18:23:06.80389+00,2026-06-09 18:23:41.773129+00,2026-06-09 18:23:41.890065+00,0.116936,35.086175,
bfb73f49-1398-4649-9fc7-b95ee61ac0f0,numbered,34453,completed,sold,1,2026-06-09 18:23:06.827883+00,2026-06-09 18:23:41.770703+00,2026-06-09 18:23:41.890874+00,0.120171,35.062991,
ea5a3049-296b-4063-8283-29ea38b98ee9,numbered,17960,completed,sold,1,2026-06-09 18:23:06.835949+00,2026-06-09 18:23:41.769997+00,2026-06-09 18:23:41.892106+00,0.122109,35.056157,
29fb5ca8-fdb1-49e3-9283-3f6726099550,numbered,15438,completed,sold,1,2026-06-09 18:23:06.799957+00,2026-06-09 18:23:41.765763+00,2026-06-09 18:23:41.892843+00,0.127080,35.092886,
df232006-e757-4f7a-a66c-d3cd060cdb9d,numbered,38735,completed,sold,1,2026-06-09 18:23:06.783995+00,2026-06-09 18:23:41.763977+00,2026-06-09 18:23:41.893649+00,0.129672,35.109654,
7d4b358e-e746-4783-baa3-681228b0672c,numbered,8066,completed,sold,1,2026-06-09 18:23:06.847924+00,2026-06-09 18:23:41.791182+00,2026-06-09 18:23:41.896338+00,0.105156,35.048414,
9f6676c0-8e0e-4781-a6f5-0c36e0200df7,numbered,24828,completed,sold,1,2026-06-09 18:23:06.84008+00,2026-06-09 18:23:41.769698+00,2026-06-09 18:23:41.909916+00,0.140218,35.069836,
7ee7f93f-dec0-45f2-873a-36ed268ddb3d,numbered,14112,completed,sold,1,2026-06-09 18:23:06.82393+00,2026-06-09 18:23:41.77109+00,2026-06-09 18:23:41.91074+00,0.139650,35.086810,
50f3c860-1aa6-425c-89f0-f75f1761c6de,numbered,44611,completed,sold,1,2026-06-09 18:23:06.788025+00,2026-06-09 18:23:41.770407+00,2026-06-09 18:23:41.911466+00,0.141059,35.123441,
d6b42917-3757-4437-9577-a34f83547c47,numbered,62400,completed,sold,1,2026-06-09 18:23:06.80783+00,2026-06-09 18:23:41.771769+00,2026-06-09 18:23:41.912243+00,0.140474,35.104413,
12faf8da-637b-4d9f-918b-0a9f653be1e9,numbered,78004,completed,sold,1,2026-06-09 18:23:06.81177+00,2026-06-09 18:23:41.774525+00,2026-06-09 18:23:41.912812+00,0.138287,35.101042,
0e80d459-3fe5-4de9-a1ae-7fe5528da82b,numbered,53479,completed,sold,1,2026-06-09 18:23:06.819797+00,2026-06-09 18:23:41.773821+00,2026-06-09 18:23:41.91566+00,0.141839,35.095863,
a607af46-933b-42e9-943a-feff53eef6cd,numbered,96578,completed,sold,1,2026-06-09 18:23:06.815945+00,2026-06-09 18:23:41.775307+00,2026-06-09 18:23:41.919614+00,0.144307,35.103669,
ba57dd41-0671-4a0c-874a-5d04d97eff4a,numbered,5371,completed,sold,1,2026-06-09 18:23:06.843947+00,2026-06-09 18:23:41.776257+00,2026-06-09 18:23:41.921532+00,0.145275,35.077585,
8a4ee3cd-5457-4bc6-946a-1987ef7c8f20,numbered,22536,completed,sold,1,2026-06-09 18:23:06.852026+00,2026-06-09 18:23:41.829155+00,2026-06-09 18:23:41.936022+00,0.106867,35.083996,
18edb69a-4019-4e20-b3fd-debd55a1683e,numbered,90890,completed,sold,1,2026-06-09 18:23:06.856061+00,2026-06-09 18:23:41.965625+00,2026-06-09 18:23:42.071725+00,0.106100,35.215664,
3c88190e-60d1-4e27-9dc3-7d224a48df39,numbered,32185,completed,sold,1,2026-06-09 18:23:06.859929+00,2026-06-09 18:23:41.984091+00,2026-06-09 18:23:42.092026+00,0.107935,35.232097,
4b6798a4-4dcd-4705-8232-542eb8d5748f,numbered,15708,completed,sold,1,2026-06-09 18:23:06.868047+00,2026-06-09 18:23:41.99901+00,2026-06-09 18:23:42.103972+00,0.104962,35.235925,
b6b14c03-f217-47b1-b8dc-528e2b6285e4,numbered,8175,completed,sold,1,2026-06-09 18:23:06.863896+00,2026-06-09 18:23:42.004773+00,2026-06-09 18:23:42.114843+00,0.110070,35.250947,
9bb0d428-529d-4de7-b672-7687ce3d5b1d,numbered,91846,completed,sold,1,2026-06-09 18:23:06.871957+00,2026-06-09 18:23:42.005404+00,2026-06-09 18:23:42.11621+00,0.110806,35.244253,
04f3cecc-74e2-46cd-b4cb-bf429dda844f,numbered,12727,completed,sold,1,2026-06-09 18:23:06.875928+00,2026-06-09 18:23:42.006177+00,2026-06-09 18:23:42.116412+00,0.110235,35.240484,
62aba107-12cf-40ab-9c7a-19c7b757328e,numbered,52467,completed,sold,1,2026-06-09 18:23:06.879926+00,2026-06-09 18:23:42.004587+00,2026-06-09 18:23:42.117279+00,0.112692,35.237353,
ca186372-6c11-42d6-8e98-0427a19e2092,numbered,80628,completed,sold,1,2026-06-09 18:23:06.887897+00,2026-06-09 18:23:42.019377+00,2026-06-09 18:23:42.134828+00,0.115451,35.246931,
92ac7537-0de4-495d-a1d3-7f293bc2334d,numbered,34350,completed,sold,1,2026-06-09 18:23:06.896189+00,2026-06-09 18:23:42.015502+00,2026-06-09 18:23:42.135612+00,0.120110,35.239423,
3afb9994-d91e-4cf3-b8af-7710395ac06b,numbered,96101,completed,sold,1,2026-06-09 18:23:06.891904+00,2026-06-09 18:23:42.017645+00,2026-06-09 18:23:42.136326+00,0.118681,35.244422,
0f107a4a-e71b-4dd2-8560-89092fe5e7c2,numbered,86938,completed,sold,1,2026-06-09 18:23:06.88392+00,2026-06-09 18:23:42.018473+00,2026-06-09 18:23:42.137095+00,0.118622,35.253175,
cc65fb56-d835-4d09-8d8d-05a6bb897832,numbered,39336,completed,sold,1,2026-06-09 18:23:06.923979+00,2026-06-09 18:23:42.023386+00,2026-06-09 18:23:42.140618+00,0.117232,35.216639,
a138fa40-835c-4da6-8d12-d15ba189ea12,numbered,3229,completed,sold,1,2026-06-09 18:23:06.908187+00,2026-06-09 18:23:42.016101+00,2026-06-09 18:23:42.141689+00,0.125588,35.233502,
00a56a35-2fd9-4e2f-b695-70dd736370c5,numbered,79506,completed,sold,1,2026-06-09 18:23:06.91592+00,2026-06-09 18:23:42.023782+00,2026-06-09 18:23:42.142438+00,0.118656,35.226518,
65b294cc-5082-4588-b545-fbfcee2c4ce4,numbered,20605,completed,sold,1,2026-06-09 18:23:06.900034+00,2026-06-09 18:23:42.020145+00,2026-06-09 18:23:42.143039+00,0.122894,35.243005,
09d9145f-21f4-433a-a4ff-dadd9c5c83b4,numbered,756,completed,sold,1,2026-06-09 18:23:06.912064+00,2026-06-09 18:23:42.024111+00,2026-06-09 18:23:42.143799+00,0.119688,35.231735,
60fbd1ee-c11a-412c-8c35-08d711219aa4,numbered,50613,completed,sold,1,2026-06-09 18:23:06.904019+00,2026-06-09 18:23:42.019316+00,2026-06-09 18:23:42.144617+00,0.125301,35.240598,
cb6c4960-17b1-4189-8365-53f44b3a8fe1,numbered,24026,completed,sold,1,2026-06-09 18:23:06.919872+00,2026-06-09 18:23:42.017442+00,2026-06-09 18:23:42.1474+00,0.129958,35.227528,
cf38d5a5-ed38-4e10-b686-6fa48b7fdfd8,numbered,9789,completed,sold,1,2026-06-09 18:23:06.927953+00,2026-06-09 18:23:42.0388+00,2026-06-09 18:23:42.148155+00,0.109355,35.220202,
e5ec6243-06e4-476d-8074-f1e73eb46e3c,numbered,98885,completed,sold,1,2026-06-09 18:23:06.932002+00,2026-06-09 18:23:42.099374+00,2026-06-09 18:23:42.207122+00,0.107748,35.275120,
cc49f0cf-d31a-4d4a-80f3-a100b2576314,numbered,2285,completed,sold,1,2026-06-09 18:23:06.939934+00,2026-06-09 18:23:42.208488+00,2026-06-09 18:23:42.313187+00,0.104699,35.373253,
d8e0ad6c-3f53-4265-b885-57c7528a34d2,numbered,89673,completed,sold,1,2026-06-09 18:23:06.935964+00,2026-06-09 18:23:42.220873+00,2026-06-09 18:23:42.326129+00,0.105256,35.390165,
e4c6146b-33f1-4c2e-894c-930083b7c7d5,numbered,16386,completed,sold,1,2026-06-09 18:23:06.947911+00,2026-06-09 18:23:42.226751+00,2026-06-09 18:23:42.336285+00,0.109534,35.388374,
2e6a9270-e85a-4bd2-b455-65b8ab9893c0,numbered,42964,completed,sold,1,2026-06-09 18:23:06.94428+00,2026-06-09 18:23:42.222546+00,2026-06-09 18:23:42.337283+00,0.114737,35.393003,
4607d82c-cebf-402b-a6aa-6456b8dda126,numbered,58945,completed,sold,1,2026-06-09 18:23:06.968135+00,2026-06-09 18:23:42.248213+00,2026-06-09 18:23:42.360468+00,0.112255,35.392333,
7facf8cf-dfa2-4cd9-90b9-0d5b8ebdfdff,numbered,43087,completed,sold,1,2026-06-09 18:23:06.975995+00,2026-06-09 18:23:42.250079+00,2026-06-09 18:23:42.36124+00,0.111161,35.385245,
552f83f4-70ba-4225-9536-ea2715186aa2,numbered,56340,completed,sold,1,2026-06-09 18:23:06.963912+00,2026-06-09 18:23:42.254859+00,2026-06-09 18:23:42.362+00,0.107141,35.398088,
6a158373-037a-4d21-940c-0a6ace39cfe7,numbered,95726,completed,sold,1,2026-06-09 18:23:06.995971+00,2026-06-09 18:23:42.250815+00,2026-06-09 18:23:42.36294+00,0.112125,35.366969,
7ae81714-f2fd-40b5-9f8d-f8ab8dfd67ff,numbered,68739,completed,sold,1,2026-06-09 18:23:06.951952+00,2026-06-09 18:23:42.26279+00,2026-06-09 18:23:42.376047+00,0.113257,35.424095,
2f0444ee-bb3b-4c25-a6e4-dd7c1cc8c35c,numbered,86288,completed,sold,1,2026-06-09 18:23:07.004081+00,2026-06-09 18:23:42.263492+00,2026-06-09 18:23:42.384436+00,0.120944,35.380355,
bcbf9c93-978c-491d-a237-d36753e41231,numbered,17586,completed,sold,1,2026-06-09 18:23:06.959945+00,2026-06-09 18:23:42.253247+00,2026-06-09 18:23:42.385222+00,0.131975,35.425277,
3ac7d09a-5e57-4eee-8407-a600d9ef4a31,numbered,97125,completed,sold,1,2026-06-09 18:23:06.972103+00,2026-06-09 18:23:42.255558+00,2026-06-09 18:23:42.385988+00,0.130430,35.413885,
a9daae64-f9ce-46d5-9531-47e860ce113d,numbered,34205,completed,sold,1,2026-06-09 18:23:07.008102+00,2026-06-09 18:23:42.263789+00,2026-06-09 18:23:42.386808+00,0.123019,35.378706,
581c2141-daf1-43c0-8881-47e005ae1b25,numbered,63567,completed,sold,1,2026-06-09 18:23:06.95594+00,2026-06-09 18:23:42.258618+00,2026-06-09 18:23:42.387503+00,0.128885,35.431563,
cd58616a-60d5-42ac-a4c8-96ac908aa4e5,numbered,88836,completed,sold,1,2026-06-09 18:23:06.987992+00,2026-06-09 18:23:42.256297+00,2026-06-09 18:23:42.388246+00,0.131949,35.400254,
becaac0d-ca6c-4b8e-98d4-ebc17f496ca6,numbered,42944,completed,sold,1,2026-06-09 18:23:06.991985+00,2026-06-09 18:23:42.256989+00,2026-06-09 18:23:42.389024+00,0.132035,35.397039,
c2c6e933-8eac-4db5-a6f5-73e17ed76301,numbered,7381,completed,sold,1,2026-06-09 18:23:06.979912+00,2026-06-09 18:23:42.257675+00,2026-06-09 18:23:42.389796+00,0.132121,35.409884,
1f9dff72-acb4-4bb6-9819-db3d8527fef4,numbered,21100,completed,sold,1,2026-06-09 18:23:06.983969+00,2026-06-09 18:23:42.258348+00,2026-06-09 18:23:42.390562+00,0.132214,35.406593,
c1ab1d3f-d16e-4866-b175-9ab30690ddfe,numbered,31751,completed,sold,1,2026-06-09 18:23:07.000081+00,2026-06-09 18:23:42.260543+00,2026-06-09 18:23:42.391315+00,0.130772,35.391234,
2e0f2125-f38c-472d-aefd-0d1e0cce89ea,numbered,44788,completed,sold,1,2026-06-09 18:23:07.011964+00,2026-06-09 18:23:42.338078+00,2026-06-09 18:23:42.442832+00,0.104754,35.430868,
e99ede16-48be-4667-abed-f7917503fd57,numbered,45866,completed,sold,1,2026-06-09 18:23:07.016018+00,2026-06-09 18:23:42.36422+00,2026-06-09 18:23:42.497981+00,0.133761,35.481963,
826f69e2-2774-465d-b994-0b50eee986cb,numbered,91384,completed,sold,1,2026-06-09 18:23:07.023904+00,2026-06-09 18:23:42.44138+00,2026-06-09 18:23:42.547074+00,0.105694,35.523170,
70f160bb-fbc7-40de-b067-5335e92c0972,numbered,81441,completed,sold,1,2026-06-09 18:23:07.043909+00,2026-06-09 18:23:42.46326+00,2026-06-09 18:23:42.568518+00,0.105258,35.524609,
6d1b9f65-21e4-43df-966c-1b2b3a2de73c,numbered,60390,completed,sold,1,2026-06-09 18:23:07.036008+00,2026-06-09 18:23:42.463966+00,2026-06-09 18:23:42.568722+00,0.104756,35.532714,
9a98bb3a-ca89-4906-8ba4-51dc63a4ebeb,numbered,79113,completed,sold,1,2026-06-09 18:23:07.051839+00,2026-06-09 18:23:42.477982+00,2026-06-09 18:23:42.587943+00,0.109961,35.536104,
6859614d-b600-4853-8a3a-6b722db85a0e,numbered,33213,completed,sold,1,2026-06-09 18:23:07.020047+00,2026-06-09 18:23:42.474875+00,2026-06-09 18:23:42.588753+00,0.113878,35.568706,
22e1e56b-b10a-4fdd-a8e6-af4f6cd14aa9,numbered,59993,completed,sold,1,2026-06-09 18:23:07.080057+00,2026-06-09 18:23:42.47404+00,2026-06-09 18:23:42.589451+00,0.115411,35.509394,
3922c414-e6b8-4116-a125-dbf4a4bb107f,numbered,67998,completed,sold,1,2026-06-09 18:23:07.059952+00,2026-06-09 18:23:42.477267+00,2026-06-09 18:23:42.590161+00,0.112894,35.530209,
82d13805-59f4-4fe0-9c54-04ef3ae51889,numbered,49864,completed,sold,1,2026-06-09 18:23:07.027925+00,2026-06-09 18:23:42.477671+00,2026-06-09 18:23:42.593166+00,0.115495,35.565241,
b9f2d3d7-08f0-4928-8873-c16456b485d5,numbered,90893,completed,sold,1,2026-06-09 18:23:07.039991+00,2026-06-09 18:23:42.476905+00,2026-06-09 18:23:42.593959+00,0.117054,35.553968,
d21b023c-a7c2-42fa-8be7-17f40280084f,numbered,65475,completed,sold,1,2026-06-09 18:23:07.047901+00,2026-06-09 18:23:42.478458+00,2026-06-09 18:23:42.594716+00,0.116258,35.546815,
7472641d-5799-455f-be45-a33916787a4e,numbered,1549,completed,sold,1,2026-06-09 18:23:07.055984+00,2026-06-09 18:23:42.487565+00,2026-06-09 18:23:42.59542+00,0.107855,35.539436,
5640d1a8-0aa4-4752-b7f9-f9ae230b5194,numbered,80113,completed,sold,1,2026-06-09 18:23:07.087938+00,2026-06-09 18:23:42.494484+00,2026-06-09 18:23:42.600895+00,0.106411,35.512957,
4642cd09-36f7-4881-84a3-ad3836c19fe6,numbered,91432,completed,sold,1,2026-06-09 18:23:07.071999+00,2026-06-09 18:23:42.492324+00,2026-06-09 18:23:42.602174+00,0.109850,35.530175,
3eef204a-5c82-4122-a1f3-ba5c34dd9b9a,numbered,8125,completed,sold,1,2026-06-09 18:23:07.032063+00,2026-06-09 18:23:42.476145+00,2026-06-09 18:23:42.602951+00,0.126806,35.570888,
9b21867f-ccea-4a3f-a7f1-b8f4992ac520,numbered,48116,completed,sold,1,2026-06-09 18:23:07.063953+00,2026-06-09 18:23:42.490651+00,2026-06-09 18:23:42.604783+00,0.114132,35.540830,
f28ca26e-8937-4a5d-a1ee-6932de61859f,numbered,91036,completed,sold,1,2026-06-09 18:23:07.083933+00,2026-06-09 18:23:42.493213+00,2026-06-09 18:23:42.606587+00,0.113374,35.522654,
4310fff5-6d4a-4f7c-806d-e3592b36b86a,numbered,13533,completed,sold,1,2026-06-09 18:23:07.07613+00,2026-06-09 18:23:42.489347+00,2026-06-09 18:23:42.607356+00,0.118009,35.531226,
6791d0f4-3b50-4476-90e9-83bd62a2430f,numbered,70015,completed,sold,1,2026-06-09 18:23:07.067893+00,2026-06-09 18:23:42.49002+00,2026-06-09 18:23:42.608067+00,0.118047,35.540174,
b2a1a9e9-f898-4c9e-9eaf-687efb627e82,numbered,96699,completed,sold,1,2026-06-09 18:23:07.091873+00,2026-06-09 18:23:42.520393+00,2026-06-09 18:23:42.6397+00,0.119307,35.547827,
8dcf0a7c-da09-400f-abf5-6aabdda7c0ac,numbered,21505,completed,sold,1,2026-06-09 18:23:07.095964+00,2026-06-09 18:23:42.605717+00,2026-06-09 18:23:42.712183+00,0.106466,35.616219,
23315765-97e0-4fad-99cd-f12cdebd60c6,numbered,70966,completed,sold,1,2026-06-09 18:23:07.099816+00,2026-06-09 18:23:42.656449+00,2026-06-09 18:23:42.760751+00,0.104302,35.660935,
8cfeff3b-8fa5-4998-addf-cce47e53b97f,numbered,49930,completed,sold,1,2026-06-09 18:23:07.103905+00,2026-06-09 18:23:42.684554+00,2026-06-09 18:23:42.788845+00,0.104291,35.684940,
bd38a12c-5856-4e5a-be4c-b75d3db2b4fe,numbered,89527,completed,sold,1,2026-06-09 18:23:07.107874+00,2026-06-09 18:23:42.690307+00,2026-06-09 18:23:42.796164+00,0.105857,35.688290,
9b880b73-3cc7-4740-ada1-9c531e95e9a7,numbered,84883,completed,sold,1,2026-06-09 18:23:07.124079+00,2026-06-09 18:23:42.697567+00,2026-06-09 18:23:42.805401+00,0.107834,35.681322,
a4c635ee-31c3-4146-8db2-b530da8aea89,numbered,36247,completed,sold,1,2026-06-09 18:23:07.11593+00,2026-06-09 18:23:42.701787+00,2026-06-09 18:23:42.822842+00,0.121055,35.706912,
90541b6c-93f1-464a-9ad0-3d3084b7d5d2,numbered,27455,completed,sold,1,2026-06-09 18:23:07.112136+00,2026-06-09 18:23:42.705813+00,2026-06-09 18:23:42.825718+00,0.119905,35.713582,
fbe0fdab-a154-40b4-9a7b-00a7aa7ac9ff,numbered,92344,completed,sold,1,2026-06-09 18:23:07.14802+00,2026-06-09 18:23:42.719607+00,2026-06-09 18:23:42.826283+00,0.106676,35.678263,
b3943978-457a-4803-827a-7421cef0b7e6,numbered,51995,completed,sold,1,2026-06-09 18:23:07.135994+00,2026-06-09 18:23:42.723003+00,2026-06-09 18:23:42.828699+00,0.105696,35.692705,
929daf58-0fe6-41a0-8112-2c82dc9fc384,numbered,12812,completed,sold,1,2026-06-09 18:23:07.151988+00,2026-06-09 18:23:42.713299+00,2026-06-09 18:23:42.835162+00,0.121863,35.683174,
0198d46b-38a8-4867-b457-a3d8f65cf9eb,numbered,24853,completed,sold,1,2026-06-09 18:23:07.131994+00,2026-06-09 18:23:42.728218+00,2026-06-09 18:23:42.83601+00,0.107792,35.704016,
f2039a6c-3206-4fd1-b34f-5461dda4ac5d,numbered,49490,completed,sold,1,2026-06-09 18:23:07.143874+00,2026-06-09 18:23:42.711709+00,2026-06-09 18:23:42.838023+00,0.126314,35.694149,
2b7f0ee9-9d11-4987-b33a-84cf17027751,numbered,14287,completed,sold,1,2026-06-09 18:23:07.168108+00,2026-06-09 18:23:42.718271+00,2026-06-09 18:23:42.83887+00,0.120599,35.670762,
2dbb2b39-188d-4577-a46e-a5c79a43cbb2,numbered,72593,completed,sold,1,2026-06-09 18:23:07.160071+00,2026-06-09 18:23:42.717607+00,2026-06-09 18:23:42.842886+00,0.125279,35.682815,
07a5170e-750c-463a-9997-e9c70a900e86,numbered,88888,completed,sold,1,2026-06-09 18:23:07.164075+00,2026-06-09 18:23:42.716865+00,2026-06-09 18:23:42.843004+00,0.126139,35.678929,
43651ee1-c10f-4376-bc3b-9a12464017a1,numbered,7870,completed,sold,1,2026-06-09 18:23:07.120027+00,2026-06-09 18:23:42.705115+00,2026-06-09 18:23:42.843712+00,0.138597,35.723685,
1164d20d-145f-4bed-958a-195c8a14605d,numbered,62866,completed,sold,1,2026-06-09 18:23:07.139848+00,2026-06-09 18:23:42.713947+00,2026-06-09 18:23:42.844453+00,0.130506,35.704605,
577f7ac2-18fb-4a73-bc7d-f52e396f2210,numbered,68750,completed,sold,1,2026-06-09 18:23:07.127978+00,2026-06-09 18:23:42.703072+00,2026-06-09 18:23:42.845328+00,0.142256,35.717350,
a4c4f8d2-ac6b-431f-ba83-04df44ec7fd0,numbered,19031,completed,sold,1,2026-06-09 18:23:07.155968+00,2026-06-09 18:23:42.712377+00,2026-06-09 18:23:42.845328+00,0.132951,35.689360,
86e61789-9e20-493e-9028-5ebec0ece7ad,numbered,35772,completed,sold,1,2026-06-09 18:23:07.172009+00,2026-06-09 18:23:42.739204+00,2026-06-09 18:23:42.846177+00,0.106973,35.674168,
ae257963-3f8a-4905-92ac-7c45771d400f,numbered,68148,completed,sold,1,2026-06-09 18:23:07.176007+00,2026-06-09 18:23:42.781437+00,2026-06-09 18:23:42.886795+00,0.105358,35.710788,
f82a8ca4-04cd-4e17-898d-78448eb7f49e,numbered,81357,completed,sold,1,2026-06-09 18:23:07.180072+00,2026-06-09 18:23:42.817921+00,2026-06-09 18:23:42.924521+00,0.106600,35.744449,
9da36a56-7a1d-4084-ab9f-740a42c805bc,numbered,21491,completed,sold,1,2026-06-09 18:23:07.184057+00,2026-06-09 18:23:42.905501+00,2026-06-09 18:23:43.011351+00,0.105850,35.827294,
c76a3c28-cce9-4c8b-bc50-3912754b8d05,numbered,30718,completed,sold,1,2026-06-09 18:23:07.188031+00,2026-06-09 18:23:42.923288+00,2026-06-09 18:23:43.02951+00,0.106222,35.841479,
bc247c48-ce93-481f-84e5-254a3b8cf275,numbered,87806,completed,sold,1,2026-06-09 18:23:07.191962+00,2026-06-09 18:23:42.94137+00,2026-06-09 18:23:43.048653+00,0.107283,35.856691,
8301fcca-7a0d-465b-99d2-465f85abe07b,numbered,7730,completed,sold,1,2026-06-09 18:23:07.223891+00,2026-06-09 18:23:42.950498+00,2026-06-09 18:23:43.055987+00,0.105489,35.832096,
837e7391-807e-4c16-b6ee-1498d9c98709,numbered,70639,completed,sold,1,2026-06-09 18:23:07.236024+00,2026-06-09 18:23:42.946846+00,2026-06-09 18:23:43.074734+00,0.127888,35.838710,
d22be765-7bd1-4779-be95-e345b9412614,numbered,53034,completed,sold,1,2026-06-09 18:23:07.251998+00,2026-06-09 18:23:42.966352+00,2026-06-09 18:23:43.075519+00,0.109167,35.823521,
106820b4-0d00-4ce5-b273-c6d1c90370c4,numbered,42382,completed,sold,1,2026-06-09 18:23:07.212109+00,2026-06-09 18:23:42.944859+00,2026-06-09 18:23:43.075973+00,0.131114,35.863864,
be56a6bf-acd9-4c7f-acab-5829c2a2ac59,numbered,39209,completed,sold,1,2026-06-09 18:23:07.227978+00,2026-06-09 18:23:42.958853+00,2026-06-09 18:23:43.076221+00,0.117368,35.848243,
92d032c9-8a31-4a7c-a8cf-d327babb3861,numbered,54892,completed,sold,1,2026-06-09 18:23:07.255871+00,2026-06-09 18:23:42.965498+00,2026-06-09 18:23:43.07675+00,0.111252,35.820879,
0d613b1c-476b-44ae-9555-23b265f344a1,numbered,94707,completed,sold,1,2026-06-09 18:23:07.215965+00,2026-06-09 18:23:42.959761+00,2026-06-09 18:23:43.076943+00,0.117182,35.860978,
2835f241-3476-47a8-adb4-8a55d1ee6044,numbered,34511,completed,sold,1,2026-06-09 18:23:07.195945+00,2026-06-09 18:23:42.955698+00,2026-06-09 18:23:43.077547+00,0.121849,35.881602,
635d5f8f-d3f3-4f07-989a-1e6fb0ab9d76,numbered,38344,completed,sold,1,2026-06-09 18:23:07.200507+00,2026-06-09 18:23:42.962232+00,2026-06-09 18:23:43.077906+00,0.115674,35.877399,
5068a9fd-2f79-43ab-806e-b4e85ca27b9a,numbered,92558,completed,sold,1,2026-06-09 18:23:07.20388+00,2026-06-09 18:23:42.962209+00,2026-06-09 18:23:43.078346+00,0.116137,35.874466,
da8979e9-e0eb-4b63-9c9c-b499d57d332b,numbered,15802,completed,sold,1,2026-06-09 18:23:07.207906+00,2026-06-09 18:23:42.957591+00,2026-06-09 18:23:43.07871+00,0.121119,35.870804,
601fcdde-7532-45f8-8a78-1d3217ba2fe7,numbered,38790,completed,sold,1,2026-06-09 18:23:07.239944+00,2026-06-09 18:23:42.956419+00,2026-06-09 18:23:43.079155+00,0.122736,35.839211,
35f2e56e-5264-46fe-adff-d3c338a22474,numbered,18276,completed,sold,1,2026-06-09 18:23:07.243948+00,2026-06-09 18:23:42.951482+00,2026-06-09 18:23:43.079964+00,0.128482,35.836016,
4af724cb-bac8-48f2-a6fe-88179ad9e61a,numbered,66031,completed,sold,1,2026-06-09 18:23:07.247964+00,2026-06-09 18:23:42.952446+00,2026-06-09 18:23:43.080761+00,0.128315,35.832797,
de191ed6-ca07-4085-9b43-e0e8c0a9e6d6,numbered,42951,completed,sold,1,2026-06-09 18:23:07.219934+00,2026-06-09 18:23:42.949547+00,2026-06-09 18:23:43.080761+00,0.131214,35.860827,
6209c1bd-0c47-40e3-bbc2-d97f96486b4e,numbered,36459,completed,sold,1,2026-06-09 18:23:07.232151+00,2026-06-09 18:23:42.948736+00,2026-06-09 18:23:43.080977+00,0.132241,35.848826,
57bf479a-51a5-423a-b4ac-8eec3435a9fc,numbered,81788,completed,sold,1,2026-06-09 18:23:07.259971+00,2026-06-09 18:23:43.037859+00,2026-06-09 18:23:43.146598+00,0.108739,35.886627,
f49eaeb0-a8c6-458a-8591-664841238708,numbered,45753,completed,sold,1,2026-06-09 18:23:07.264057+00,2026-06-09 18:23:43.111966+00,2026-06-09 18:23:43.217355+00,0.105389,35.953298,
00677cc2-363a-49ae-b741-65d7d3cee76c,numbered,22976,completed,sold,1,2026-06-09 18:23:07.287994+00,2026-06-09 18:23:43.177699+00,2026-06-09 18:23:43.282918+00,0.105219,35.994924,
43c6c7eb-a1c8-4b75-96ae-f1a7330678fd,numbered,50073,completed,sold,1,2026-06-09 18:23:07.300012+00,2026-06-09 18:23:43.178449+00,2026-06-09 18:23:43.284298+00,0.105849,35.984286,
c13461a5-ed1e-4ddf-89db-0b164f0d4a49,numbered,50485,completed,sold,1,2026-06-09 18:23:07.27988+00,2026-06-09 18:23:43.181725+00,2026-06-09 18:23:43.287995+00,0.106270,36.008115,
67d5f195-048f-40f3-bec0-47afbfb4122b,numbered,36745,completed,sold,1,2026-06-09 18:23:07.331852+00,2026-06-09 18:23:43.188029+00,2026-06-09 18:23:43.297322+00,0.109293,35.965470,
61e29930-52ed-430c-90a9-2777fc4af233,numbered,30350,completed,sold,1,2026-06-09 18:23:07.27198+00,2026-06-09 18:23:43.187258+00,2026-06-09 18:23:43.298114+00,0.110856,36.026134,
91a36f51-e128-41c7-91df-1fc4e2dd54cf,numbered,19994,completed,sold,1,2026-06-09 18:23:07.328268+00,2026-06-09 18:23:43.189959+00,2026-06-09 18:23:43.298877+00,0.108918,35.970609,
e1164efa-35be-4ca3-a6b5-e3e258749bb1,numbered,6212,completed,seat_unavailable,1,2026-06-09 18:23:07.292101+00,2026-06-09 18:23:43.1923+00,2026-06-09 18:23:43.299371+00,0.107071,36.007270,
78cccae5-8fbf-43e9-8dfd-52df9f16ffaa,numbered,21161,completed,sold,1,2026-06-09 18:23:07.315876+00,2026-06-09 18:23:43.198029+00,2026-06-09 18:23:43.30831+00,0.110281,35.992434,
50f1bb53-ad75-402b-af7f-5b5ba6cb4ceb,numbered,53113,completed,sold,1,2026-06-09 18:23:07.308382+00,2026-06-09 18:23:43.19914+00,2026-06-09 18:23:43.309018+00,0.109878,36.000636,
a3edc1a9-148d-4e9d-8fdb-2e263c77c5f3,numbered,69464,completed,sold,1,2026-06-09 18:23:07.336013+00,2026-06-09 18:23:43.202531+00,2026-06-09 18:23:43.309688+00,0.107157,35.973675,
bfc9c198-3d73-44da-8069-a76bb3929c82,numbered,45172,completed,sold,1,2026-06-09 18:23:07.2681+00,2026-06-09 18:23:43.182455+00,2026-06-09 18:23:43.3129+00,0.130445,36.044800,
2d479e53-15ab-40cc-b85a-a4b18a93a3c1,numbered,20721,completed,sold,1,2026-06-09 18:23:07.303879+00,2026-06-09 18:23:43.184393+00,2026-06-09 18:23:43.320306+00,0.135913,36.016427,
c75b881b-837d-4ceb-98be-c6344e27760c,numbered,39523,completed,sold,1,2026-06-09 18:23:07.323903+00,2026-06-09 18:23:43.191548+00,2026-06-09 18:23:43.322412+00,0.130864,35.998509,
96568b15-2b4c-4352-9831-550265704c71,numbered,18769,completed,sold,1,2026-06-09 18:23:07.319988+00,2026-06-09 18:23:43.198667+00,2026-06-09 18:23:43.344801+00,0.146134,36.024813,
0f07796f-2c0a-4b4e-8f3d-e6a3404c0594,numbered,93993,completed,sold,1,2026-06-09 18:23:07.311987+00,2026-06-09 18:23:43.198002+00,2026-06-09 18:23:43.345296+00,0.147294,36.033309,
c6fd6204-155c-4e48-8c8e-3a88ffe611c4,numbered,85364,completed,sold,1,2026-06-09 18:23:07.295894+00,2026-06-09 18:23:43.197513+00,2026-06-09 18:23:43.346852+00,0.149339,36.050958,
b58231fb-d898-4593-b2ce-2379cf4c1a4a,numbered,62887,completed,sold,1,2026-06-09 18:23:07.340153+00,2026-06-09 18:23:43.241881+00,2026-06-09 18:23:43.348379+00,0.106498,36.008226,
6a3fcfb0-668b-4c46-a9bf-25cdff4fada5,numbered,1790,completed,sold,1,2026-06-09 18:23:07.276034+00,2026-06-09 18:23:43.199306+00,2026-06-09 18:23:43.348969+00,0.149663,36.072935,
9843a8a3-730e-4dc8-b87a-7e3219979c53,numbered,27710,completed,sold,1,2026-06-09 18:23:07.283988+00,2026-06-09 18:23:43.198667+00,2026-06-09 18:23:43.360311+00,0.161644,36.076323,
299a65aa-d422-4e74-803c-4104fc75bb66,numbered,21548,completed,sold,1,2026-06-09 18:23:07.347904+00,2026-06-09 18:23:43.393378+00,2026-06-09 18:23:43.499094+00,0.105716,36.151190,
9b493fb7-7bdc-473d-a642-9a61e4fa146f,numbered,35944,completed,sold,1,2026-06-09 18:23:07.384952+00,2026-06-09 18:23:43.396756+00,2026-06-09 18:23:43.513304+00,0.116548,36.128352,
0a0d031a-7130-42b0-a389-23b15403d61d,numbered,73404,completed,sold,1,2026-06-09 18:23:07.36001+00,2026-06-09 18:23:43.401095+00,2026-06-09 18:23:43.514064+00,0.112969,36.154054,
9ca71700-3936-4a55-ace0-ff49c5a86e8c,numbered,99111,completed,sold,1,2026-06-09 18:23:07.381957+00,2026-06-09 18:23:43.401161+00,2026-06-09 18:23:43.514799+00,0.113638,36.132842,
d90b7c17-589e-4417-b7fd-3a46bb8fc1af,numbered,7469,completed,sold,1,2026-06-09 18:23:07.369015+00,2026-06-09 18:23:43.403187+00,2026-06-09 18:23:43.516563+00,0.113376,36.147548,
6fe0d97b-1087-4f90-a059-5420562f78f2,numbered,14318,completed,sold,1,2026-06-09 18:23:07.372543+00,2026-06-09 18:23:43.401812+00,2026-06-09 18:23:43.517578+00,0.115766,36.145035,
572ffc22-c841-45c3-b1ae-db5057b98435,numbered,90748,completed,sold,1,2026-06-09 18:23:07.375786+00,2026-06-09 18:23:43.412314+00,2026-06-09 18:23:43.518254+00,0.105940,36.142468,
16bbb8c3-c409-4d15-81ae-65a4c74a15d2,numbered,75544,completed,sold,1,2026-06-09 18:23:07.343931+00,2026-06-09 18:23:43.4268+00,2026-06-09 18:23:43.53178+00,0.104980,36.187849,
6ff67d6f-1689-4222-82c3-8ef16b6d160e,numbered,97485,completed,sold,1,2026-06-09 18:23:07.378845+00,2026-06-09 18:23:43.418078+00,2026-06-09 18:23:43.543191+00,0.125113,36.164346,
ea6b220a-9641-4389-96b1-3d07f183f110,numbered,4974,completed,sold,1,2026-06-09 18:23:07.415899+00,2026-06-09 18:23:43.436486+00,2026-06-09 18:23:43.549677+00,0.113191,36.133778,
a1fd22c9-fde8-4e51-b265-59ac5899ec51,numbered,80273,completed,sold,1,2026-06-09 18:23:07.395839+00,2026-06-09 18:23:43.435122+00,2026-06-09 18:23:43.550402+00,0.115280,36.154563,
e4a29a04-bc4c-4b72-a6d7-1df2f09e5779,numbered,40289,completed,sold,1,2026-06-09 18:23:07.399942+00,2026-06-09 18:23:43.437201+00,2026-06-09 18:23:43.551201+00,0.114000,36.151259,
28ecee5f-6f5d-4aa8-aa74-35d8e0b05bcc,numbered,5562,completed,sold,1,2026-06-09 18:23:07.412068+00,2026-06-09 18:23:43.435834+00,2026-06-09 18:23:43.551928+00,0.116094,36.139860,
342c0d9d-6c5f-48b0-86d0-8b37d15e5433,numbered,57975,completed,sold,1,2026-06-09 18:23:07.407851+00,2026-06-09 18:23:43.439906+00,2026-06-09 18:23:43.553886+00,0.113980,36.146035,
16da3833-f911-4bd3-b954-a195872508fd,numbered,2730,completed,sold,1,2026-06-09 18:23:07.387921+00,2026-06-09 18:23:43.424819+00,2026-06-09 18:23:43.570865+00,0.146046,36.182944,
cb9ce581-e889-4e11-9982-02e64fdd9e99,numbered,82078,completed,sold,1,2026-06-09 18:23:07.352067+00,2026-06-09 18:23:43.424095+00,2026-06-09 18:23:43.571721+00,0.147626,36.219654,
ee4c32f5-ac2c-4d5a-9586-fd29b1bf79f3,numbered,74625,completed,sold,1,2026-06-09 18:23:07.355981+00,2026-06-09 18:23:43.431806+00,2026-06-09 18:23:43.574584+00,0.142778,36.218603,
1bb312a1-9a6b-4e44-9a3a-5b445309b8e5,numbered,32470,completed,sold,1,2026-06-09 18:23:07.39195+00,2026-06-09 18:23:43.43859+00,2026-06-09 18:23:43.608855+00,0.170265,36.216905,
38a22aa7-dece-4dd0-8493-de7844f68b15,numbered,27854,completed,sold,1,2026-06-09 18:23:07.403853+00,2026-06-09 18:23:43.439278+00,2026-06-09 18:23:43.614086+00,0.174808,36.210233,
f6d8a0c3-9cba-4fbb-b144-e2bb91155418,numbered,99108,completed,sold,1,2026-06-09 18:23:07.419947+00,2026-06-09 18:23:43.613652+00,2026-06-09 18:23:43.719699+00,0.106047,36.299752,
5a756bc1-ef9b-41ca-af37-7a75e2762631,numbered,47890,completed,sold,1,2026-06-09 18:23:07.427874+00,2026-06-09 18:23:43.615252+00,2026-06-09 18:23:43.720258+00,0.105006,36.292384,
207428b8-a6db-4f9f-b99a-55de61502655,numbered,57704,completed,sold,1,2026-06-09 18:23:07.423852+00,2026-06-09 18:23:43.63497+00,2026-06-09 18:23:43.740718+00,0.105748,36.316866,
d996d861-7868-4f5f-b4a6-48b021bdec9e,numbered,76771,completed,sold,1,2026-06-09 18:23:07.432013+00,2026-06-09 18:23:43.636353+00,2026-06-09 18:23:43.746507+00,0.110154,36.314494,
4b1b1424-fb26-420b-a1aa-3c412ceaf9a9,numbered,70075,completed,sold,1,2026-06-09 18:23:07.436037+00,2026-06-09 18:23:43.643384+00,2026-06-09 18:23:43.748028+00,0.104644,36.311991,
e6a96d4b-592f-4bb8-9b62-73ea6f86aed6,numbered,89596,completed,sold,1,2026-06-09 18:23:07.484094+00,2026-06-09 18:23:43.661588+00,2026-06-09 18:23:43.774782+00,0.113194,36.290688,
b7fb9724-4760-4ebb-9482-93d496951ea6,numbered,82994,completed,sold,1,2026-06-09 18:23:07.487986+00,2026-06-09 18:23:43.66831+00,2026-06-09 18:23:43.775548+00,0.107238,36.287562,
5a789600-c72e-47f9-8261-351b18c261e1,numbered,43532,completed,sold,1,2026-06-09 18:23:07.46011+00,2026-06-09 18:23:43.654355+00,2026-06-09 18:23:43.77595+00,0.121595,36.315840,
808a407b-514e-4157-806c-70709e93a4d0,numbered,26756,completed,sold,1,2026-06-09 18:23:07.464272+00,2026-06-09 18:23:43.658611+00,2026-06-09 18:23:43.776273+00,0.117662,36.312001,
6e6fcd18-a767-44bc-baae-7b62028f46b3,numbered,39487,completed,sold,1,2026-06-09 18:23:07.440056+00,2026-06-09 18:23:43.655283+00,2026-06-09 18:23:43.776766+00,0.121483,36.336710,
5f5771b8-25e8-4629-9598-42ffd8196a16,numbered,58614,completed,sold,1,2026-06-09 18:23:07.468115+00,2026-06-09 18:23:43.649951+00,2026-06-09 18:23:43.776977+00,0.127026,36.308862,
b13f67f3-e446-46a6-b67a-eeb5c3e0af16,numbered,24010,completed,sold,1,2026-06-09 18:23:07.443933+00,2026-06-09 18:23:43.657702+00,2026-06-09 18:23:43.777743+00,0.120041,36.333810,
0dce78d6-f514-4e53-a9e6-5e23e2bcda23,numbered,58670,completed,sold,1,2026-06-09 18:23:07.479985+00,2026-06-09 18:23:43.659499+00,2026-06-09 18:23:43.778492+00,0.118993,36.298507,
c0c69188-4c1d-44d5-a528-46ac366358e0,numbered,95602,completed,sold,1,2026-06-09 18:23:07.456544+00,2026-06-09 18:23:43.660296+00,2026-06-09 18:23:43.779211+00,0.118915,36.322667,
522b54bd-2133-4e07-8b95-5f713e1a8fca,numbered,2200,completed,sold,1,2026-06-09 18:23:07.448081+00,2026-06-09 18:23:43.655933+00,2026-06-09 18:23:43.780018+00,0.124085,36.331937,
d2edea7f-04a1-4be6-8ee6-2163b5228da7,numbered,78851,completed,sold,1,2026-06-09 18:23:07.471928+00,2026-06-09 18:23:43.649048+00,2026-06-09 18:23:43.78073+00,0.131682,36.308802,
06b5d182-b2bb-4d19-a986-589c9e62364c,numbered,86435,completed,sold,1,2026-06-09 18:23:07.45191+00,2026-06-09 18:23:43.652056+00,2026-06-09 18:23:43.781443+00,0.129387,36.329533,
ed639269-b79a-4632-8a56-962cc2a329f9,numbered,45400,completed,sold,1,2026-06-09 18:23:07.492053+00,2026-06-09 18:23:43.671756+00,2026-06-09 18:23:43.782375+00,0.110619,36.290322,
2e066d92-85b4-42a0-8799-ea53345ac337,numbered,38422,completed,sold,1,2026-06-09 18:23:07.476059+00,2026-06-09 18:23:43.660988+00,2026-06-09 18:23:43.782821+00,0.121833,36.306762,
03a74de3-301f-41b6-bcd0-dc3fcae19c91,numbered,15033,completed,sold,1,2026-06-09 18:23:07.500001+00,2026-06-09 18:23:43.818879+00,2026-06-09 18:23:43.923541+00,0.104662,36.423540,
4756f772-105f-4417-9960-423994fe8cf7,numbered,42525,completed,sold,1,2026-06-09 18:23:07.496146+00,2026-06-09 18:23:43.825079+00,2026-06-09 18:23:43.931514+00,0.106435,36.435368,
95aee7a7-1927-4a29-864c-9e0fcaab7fe2,numbered,65331,completed,sold,1,2026-06-09 18:23:07.504053+00,2026-06-09 18:23:43.834259+00,2026-06-09 18:23:43.940089+00,0.105830,36.436036,
7b8f37f8-18dd-4111-b6f6-281723e24fd1,numbered,54797,completed,sold,1,2026-06-09 18:23:07.507908+00,2026-06-09 18:23:43.870399+00,2026-06-09 18:23:43.977251+00,0.106852,36.469343,
122ac53e-d403-4863-b656-4b7d6e53eec7,numbered,98387,completed,sold,1,2026-06-09 18:23:07.523986+00,2026-06-09 18:23:43.873065+00,2026-06-09 18:23:43.982084+00,0.109019,36.458098,
40aed43c-8203-448d-b5d1-944ee5ee97f0,numbered,59350,completed,sold,1,2026-06-09 18:23:07.516734+00,2026-06-09 18:23:43.888973+00,2026-06-09 18:23:43.996049+00,0.107076,36.479315,
ee6e65d8-1501-47ca-8f26-b3f846e7ecd4,numbered,75281,completed,sold,1,2026-06-09 18:23:07.539967+00,2026-06-09 18:23:43.883444+00,2026-06-09 18:23:43.996731+00,0.113287,36.456764,
d480da5b-a0c1-46a6-8f29-4ff390fc9623,numbered,67352,completed,sold,1,2026-06-09 18:23:07.544022+00,2026-06-09 18:23:43.883444+00,2026-06-09 18:23:43.997439+00,0.113995,36.453417,
1fe8494a-bcaa-4b3b-b9d0-f6a2dfee5fa6,numbered,10740,completed,sold,1,2026-06-09 18:23:07.559998+00,2026-06-09 18:23:43.887475+00,2026-06-09 18:23:43.998067+00,0.110592,36.438069,
fce5dad4-1ec4-49e2-bf2d-1035cc589d09,numbered,56944,completed,sold,1,2026-06-09 18:23:07.563967+00,2026-06-09 18:23:43.872393+00,2026-06-09 18:23:43.998769+00,0.126376,36.434802,
a24560f9-899b-4f8c-bab8-88141491568b,numbered,58720,completed,sold,1,2026-06-09 18:23:07.520154+00,2026-06-09 18:23:43.873749+00,2026-06-09 18:23:44.000183+00,0.126434,36.480029,
08a55a22-3a61-4944-8b26-c7da901baba9,numbered,48920,completed,sold,1,2026-06-09 18:23:07.547911+00,2026-06-09 18:23:43.888183+00,2026-06-09 18:23:44.001192+00,0.113009,36.453281,
68a53092-604c-4e09-a018-9195775cf615,numbered,47788,completed,sold,1,2026-06-09 18:23:07.511987+00,2026-06-09 18:23:43.878267+00,2026-06-09 18:23:44.001197+00,0.122930,36.489210,
70d8198c-ed32-4137-90b7-2e855de4fc86,numbered,50578,completed,sold,1,2026-06-09 18:23:07.55196+00,2026-06-09 18:23:43.881724+00,2026-06-09 18:23:44.001435+00,0.119711,36.449475,
99e6bee7-86b6-45dd-8db0-ed8e5b07ee04,numbered,5007,completed,sold,1,2026-06-09 18:23:07.568083+00,2026-06-09 18:23:43.888183+00,2026-06-09 18:23:44.001969+00,0.113786,36.433886,
4ca7d8ad-dfeb-47ff-8c06-deb02d6c8890,numbered,85795,completed,sold,1,2026-06-09 18:23:07.532042+00,2026-06-09 18:23:43.879183+00,2026-06-09 18:23:44.002483+00,0.123300,36.470441,
5ff0f48f-c126-4b8e-843c-18faf1b9ac4a,numbered,76148,completed,sold,1,2026-06-09 18:23:07.528011+00,2026-06-09 18:23:43.884078+00,2026-06-09 18:23:44.002823+00,0.118745,36.474812,
13fc3309-cb31-43e3-9719-643ac53add0f,numbered,2304,completed,sold,1,2026-06-09 18:23:07.536003+00,2026-06-09 18:23:43.884994+00,2026-06-09 18:23:44.002992+00,0.117998,36.466989,
7c8ead78-8754-49a9-b961-7a6d512c2b32,numbered,88444,completed,sold,1,2026-06-09 18:23:07.555958+00,2026-06-09 18:23:43.87812+00,2026-06-09 18:23:44.003765+00,0.125645,36.447807,
80072d93-97b9-4185-b62f-2c42999642c0,numbered,15379,completed,sold,1,2026-06-09 18:23:07.571963+00,2026-06-09 18:23:43.948827+00,2026-06-09 18:23:44.068907+00,0.120080,36.496944,
3ddbbfac-3486-4b33-b972-360940852dfe,numbered,37438,completed,sold,1,2026-06-09 18:23:07.576079+00,2026-06-09 18:23:43.959169+00,2026-06-09 18:23:44.071237+00,0.112068,36.495158,
d522c5dd-23a4-45be-87f1-1d6931d4e38f,numbered,33306,completed,sold,1,2026-06-09 18:23:07.57997+00,2026-06-09 18:23:43.961265+00,2026-06-09 18:23:44.081913+00,0.120648,36.501943,
cb000c4b-6cd0-42d2-bfa1-e15ef9152bb3,numbered,47253,completed,sold,1,2026-06-09 18:23:07.592054+00,2026-06-09 18:23:44.100168+00,2026-06-09 18:23:44.205583+00,0.105415,36.613529,
97fdff48-a77c-415b-8414-61a2f82233a4,numbered,29967,completed,sold,1,2026-06-09 18:23:07.611995+00,2026-06-09 18:23:44.101993+00,2026-06-09 18:23:44.206802+00,0.104809,36.594807,
53955e5b-1781-4d35-9419-608e41c616ca,numbered,89820,completed,sold,1,2026-06-09 18:23:07.632081+00,2026-06-09 18:23:44.116794+00,2026-06-09 18:23:44.229537+00,0.112743,36.597456,
a46a7972-9858-4427-86ae-c6528b67cc0a,numbered,742,completed,sold,1,2026-06-09 18:23:07.615973+00,2026-06-09 18:23:44.112632+00,2026-06-09 18:23:44.230584+00,0.117952,36.614611,
77aa69fe-f357-483d-b78a-57540eb972e9,numbered,18108,completed,sold,1,2026-06-09 18:23:07.58427+00,2026-06-09 18:23:44.107718+00,2026-06-09 18:23:44.231335+00,0.123617,36.647065,
1f8dc405-5919-4dee-89f2-cc224357259f,numbered,88100,completed,sold,1,2026-06-09 18:23:07.588002+00,2026-06-09 18:23:44.115365+00,2026-06-09 18:23:44.233587+00,0.118222,36.645585,
ad4ce067-eeeb-43da-90b5-88d7eca02584,numbered,88833,completed,sold,1,2026-06-09 18:23:07.628132+00,2026-06-09 18:23:44.121969+00,2026-06-09 18:23:44.236192+00,0.114223,36.608060,
0b0497b4-0940-44e4-acea-d315a8088777,numbered,17847,completed,sold,1,2026-06-09 18:23:07.647989+00,2026-06-09 18:23:44.124533+00,2026-06-09 18:23:44.236991+00,0.112458,36.589002,
b14b708e-2a25-4ec5-abd5-c8810bf33ae8,numbered,53559,completed,sold,1,2026-06-09 18:23:07.607938+00,2026-06-09 18:23:44.124016+00,2026-06-09 18:23:44.246178+00,0.122162,36.638240,
fc07b140-17f5-46d9-928d-154ac065d25c,numbered,55259,completed,sold,1,2026-06-09 18:23:07.652003+00,2026-06-09 18:23:44.140115+00,2026-06-09 18:23:44.246932+00,0.106817,36.594929,
e818e2db-cc9a-4ec4-bd9f-2ab56988c19a,numbered,31443,completed,sold,1,2026-06-09 18:23:07.639993+00,2026-06-09 18:23:44.123487+00,2026-06-09 18:23:44.247821+00,0.124334,36.607828,
49af3fec-0432-42c7-9f57-26e880785591,numbered,2350,completed,sold,1,2026-06-09 18:23:07.643904+00,2026-06-09 18:23:44.111541+00,2026-06-09 18:23:44.248547+00,0.137006,36.604643,
d4570472-7d99-4c7e-ad8b-796b57910a70,numbered,38316,completed,sold,1,2026-06-09 18:23:07.603872+00,2026-06-09 18:23:44.115708+00,2026-06-09 18:23:44.249389+00,0.133681,36.645517,
a2a2a4e5-d853-444c-aa93-a833a04cf0ae,numbered,56191,completed,sold,1,2026-06-09 18:23:07.624014+00,2026-06-09 18:23:44.121407+00,2026-06-09 18:23:44.250133+00,0.128726,36.626119,
caa23fe3-39a7-43d4-976e-0d0062f57491,numbered,82451,completed,sold,1,2026-06-09 18:23:07.619975+00,2026-06-09 18:23:44.124323+00,2026-06-09 18:23:44.25091+00,0.126587,36.630935,
e7bfa3fd-642a-47b3-89a3-6d3468e7cb00,numbered,48722,completed,sold,1,2026-06-09 18:23:07.599994+00,2026-06-09 18:23:44.118484+00,2026-06-09 18:23:44.251648+00,0.133164,36.651654,
3bc1421b-fdc2-415c-9fd4-9b4fe9df7559,numbered,93381,completed,sold,1,2026-06-09 18:23:07.595956+00,2026-06-09 18:23:44.117754+00,2026-06-09 18:23:44.252385+00,0.134631,36.656429,
83245cfa-c308-4303-b4d9-f8bf5326e0cd,numbered,4039,completed,sold,1,2026-06-09 18:23:07.635985+00,2026-06-09 18:23:44.121407+00,2026-06-09 18:23:44.252959+00,0.131552,36.616974,
612bf866-9ad2-4fb9-a40a-fcb900d80581,numbered,79496,completed,sold,1,2026-06-09 18:23:07.655979+00,2026-06-09 18:23:44.136836+00,2026-06-09 18:23:44.314971+00,0.178135,36.658992,
0d378ddd-feba-43b9-ace0-8c0e1d9552e3,numbered,91452,completed,sold,1,2026-06-09 18:23:07.659952+00,2026-06-09 18:23:44.283929+00,2026-06-09 18:23:44.38885+00,0.104921,36.728898,
a8ad3a7b-ea7d-4e7b-914b-d4ea5b8bc1e9,numbered,9573,completed,sold,1,2026-06-09 18:23:07.695952+00,2026-06-09 18:23:44.310592+00,2026-06-09 18:23:44.415128+00,0.104536,36.719176,
44617106-bb15-4916-8458-e1570908a893,numbered,92713,completed,seat_unavailable,1,2026-06-09 18:23:07.664126+00,2026-06-09 18:23:44.31313+00,2026-06-09 18:23:44.416102+00,0.102972,36.751976,
9adfd183-c380-4f62-8df2-6247140fbc16,numbered,90833,completed,sold,1,2026-06-09 18:23:07.672038+00,2026-06-09 18:23:44.325513+00,2026-06-09 18:23:44.429638+00,0.104125,36.757600,
2c6700f2-6540-4f57-8538-ee4d1de2df71,numbered,20791,completed,sold,1,2026-06-09 18:23:07.675938+00,2026-06-09 18:23:44.329285+00,2026-06-09 18:23:44.435013+00,0.105728,36.759075,
e1bd1f37-d857-4d63-8f5f-26ab8d71b4db,numbered,10673,completed,sold,1,2026-06-09 18:23:07.684016+00,2026-06-09 18:23:44.328267+00,2026-06-09 18:23:44.435799+00,0.107532,36.751783,
425d85d5-1212-4f6f-9836-3176e54742b3,numbered,46667,completed,sold,1,2026-06-09 18:23:07.715894+00,2026-06-09 18:23:44.349358+00,2026-06-09 18:23:44.454918+00,0.105560,36.739024,
cbdabca4-6633-4946-bec2-968b1d03a573,numbered,73193,completed,sold,1,2026-06-09 18:23:07.712161+00,2026-06-09 18:23:44.358397+00,2026-06-09 18:23:44.470929+00,0.112532,36.758768,
20837579-22ea-4e9a-a3da-df0131039794,numbered,93711,completed,sold,1,2026-06-09 18:23:07.668062+00,2026-06-09 18:23:44.354112+00,2026-06-09 18:23:44.473084+00,0.118972,36.805022,
477c6de6-a952-4a99-a656-a0b320571352,numbered,48791,completed,sold,1,2026-06-09 18:23:07.704031+00,2026-06-09 18:23:44.357733+00,2026-06-09 18:23:44.473813+00,0.116080,36.769782,
fa5da50c-a4ad-47ad-83a9-d27f0d776e32,numbered,21454,completed,sold,1,2026-06-09 18:23:07.719844+00,2026-06-09 18:23:44.357017+00,2026-06-09 18:23:44.474779+00,0.117762,36.754935,
b71146c1-a0c6-4ee1-b6ce-e95a40f5a8cf,numbered,97588,completed,sold,1,2026-06-09 18:23:07.723992+00,2026-06-09 18:23:44.351212+00,2026-06-09 18:23:44.475545+00,0.124333,36.751553,
a9914370-7516-48e7-8521-9482df9e483c,numbered,8449,completed,sold,1,2026-06-09 18:23:07.727991+00,2026-06-09 18:23:44.359931+00,2026-06-09 18:23:44.478453+00,0.118522,36.750462,
c5a65fa3-2eb5-4917-861e-59ca623ae8ee,numbered,26322,completed,sold,1,2026-06-09 18:23:07.707893+00,2026-06-09 18:23:44.35549+00,2026-06-09 18:23:44.479255+00,0.123765,36.771362,
f3294167-02ae-41bf-ac08-fdbcb7870e0e,numbered,27326,completed,sold,1,2026-06-09 18:23:07.691908+00,2026-06-09 18:23:44.361723+00,2026-06-09 18:23:44.480041+00,0.118318,36.788133,
05424f03-902c-457a-9a42-477a2e4612bd,numbered,57233,completed,sold,1,2026-06-09 18:23:07.680272+00,2026-06-09 18:23:44.354273+00,2026-06-09 18:23:44.480806+00,0.126533,36.800534,
aaf84ce7-7c10-4dcc-84cb-9ac78a81596f,numbered,19646,completed,sold,1,2026-06-09 18:23:07.731926+00,2026-06-09 18:23:44.370956+00,2026-06-09 18:23:44.481559+00,0.110603,36.749633,
68413b75-fa18-4e8e-a259-7a2e55930a75,numbered,68172,completed,sold,1,2026-06-09 18:23:07.687992+00,2026-06-09 18:23:44.359539+00,2026-06-09 18:23:44.48228+00,0.122741,36.794288,
d498099e-029e-422d-b031-9e861b6c6947,numbered,14739,completed,sold,1,2026-06-09 18:23:07.700016+00,2026-06-09 18:23:44.354938+00,2026-06-09 18:23:44.483065+00,0.128127,36.783049,
49155eda-c9b9-49e6-87e4-f2385572079a,numbered,67238,completed,sold,1,2026-06-09 18:23:07.735999+00,2026-06-09 18:23:44.411896+00,2026-06-09 18:23:44.517772+00,0.105876,36.781773,
0bb130fc-ec81-44c4-8509-fb476f1f6d04,numbered,18562,completed,sold,1,2026-06-09 18:23:07.744028+00,2026-06-09 18:23:44.447055+00,2026-06-09 18:23:44.55217+00,0.105115,36.808142,
1ae86454-fdc4-4abb-a636-24f2c87ccdb0,numbered,4051,completed,sold,1,2026-06-09 18:23:07.739906+00,2026-06-09 18:23:44.450207+00,2026-06-09 18:23:44.556654+00,0.106447,36.816748,
c5828ae2-4daa-4f52-938c-7725467e7763,numbered,95044,completed,sold,1,2026-06-09 18:23:07.751979+00,2026-06-09 18:23:44.509733+00,2026-06-09 18:23:44.614723+00,0.104990,36.862744,
33d9f4db-244e-44fd-953a-0ddb019716d5,numbered,71080,completed,sold,1,2026-06-09 18:23:07.748041+00,2026-06-09 18:23:44.543514+00,2026-06-09 18:23:44.648418+00,0.104904,36.900377,
8d6eeec2-cba2-4529-9543-79095c134836,numbered,11077,completed,sold,1,2026-06-09 18:23:07.771969+00,2026-06-09 18:23:44.544251+00,2026-06-09 18:23:44.651726+00,0.107475,36.879757,
7cc83eca-5e7d-42ee-8a2e-87c43ea80603,numbered,4074,completed,sold,1,2026-06-09 18:23:07.776003+00,2026-06-09 18:23:44.545151+00,2026-06-09 18:23:44.652949+00,0.107798,36.876946,
ca845c1a-0862-4e04-88a5-4b180496ff81,numbered,95910,completed,sold,1,2026-06-09 18:23:07.755831+00,2026-06-09 18:23:44.581945+00,2026-06-09 18:23:44.689829+00,0.107884,36.933998,
a92b6330-0f16-4149-b905-415700498204,numbered,78880,completed,sold,1,2026-06-09 18:23:07.803939+00,2026-06-09 18:23:44.588613+00,2026-06-09 18:23:44.696807+00,0.108194,36.892868,
6fd1a511-2903-4387-b445-b509bc109dfa,numbered,80774,completed,sold,1,2026-06-09 18:23:07.795859+00,2026-06-09 18:23:44.590313+00,2026-06-09 18:23:44.697579+00,0.107266,36.901720,
a2b4fb4f-5fec-4f85-a217-9eaa1ca73e90,numbered,96181,completed,sold,1,2026-06-09 18:23:07.791965+00,2026-06-09 18:23:44.573693+00,2026-06-09 18:23:44.69876+00,0.125067,36.906795,
6514e0a4-8f1d-44a6-a8af-4a3d73a7a85c,numbered,39498,completed,sold,1,2026-06-09 18:23:07.76791+00,2026-06-09 18:23:44.577429+00,2026-06-09 18:23:44.703537+00,0.126108,36.935627,
52848955-c6e3-4cd0-bd89-3ed0f41ddb1e,numbered,77747,completed,sold,1,2026-06-09 18:23:07.80797+00,2026-06-09 18:23:44.589145+00,2026-06-09 18:23:44.705494+00,0.116349,36.897524,
16653c27-fe74-46f1-aecf-d392d767d7bd,numbered,98477,completed,sold,1,2026-06-09 18:23:07.779906+00,2026-06-09 18:23:44.585351+00,2026-06-09 18:23:44.705809+00,0.120458,36.925903,
d0903fd9-ac41-475a-8c02-449f771467e5,numbered,85550,completed,sold,1,2026-06-09 18:23:07.815982+00,2026-06-09 18:23:44.600409+00,2026-06-09 18:23:44.706206+00,0.105797,36.890224,
8626a342-d982-41bd-93d2-f932f84f3a9e,numbered,49412,completed,sold,1,2026-06-09 18:23:07.81992+00,2026-06-09 18:23:44.600088+00,2026-06-09 18:23:44.706459+00,0.106371,36.886539,
466eceb1-de76-4005-8f74-ec4fcaad7f44,numbered,10245,completed,sold,1,2026-06-09 18:23:07.759925+00,2026-06-09 18:23:44.57985+00,2026-06-09 18:23:44.706734+00,0.126884,36.946809,
c1566ff2-d9cf-464b-ab75-2690043ae763,numbered,82624,completed,sold,1,2026-06-09 18:23:07.787975+00,2026-06-09 18:23:44.590922+00,2026-06-09 18:23:44.707152+00,0.116230,36.919177,
4a4da6ab-30a6-4c1f-aec0-a142907548c7,numbered,86775,completed,sold,1,2026-06-09 18:23:07.76387+00,2026-06-09 18:23:44.574455+00,2026-06-09 18:23:44.707433+00,0.132978,36.943563,
02f9bae8-51a7-465e-b8d3-d489a6f7543f,numbered,979,completed,sold,1,2026-06-09 18:23:07.811946+00,2026-06-09 18:23:44.590112+00,2026-06-09 18:23:44.707906+00,0.117794,36.895960,
57d3f1ba-a151-4ab0-81de-912d0d1e1705,numbered,43025,completed,sold,1,2026-06-09 18:23:07.800021+00,2026-06-09 18:23:44.582195+00,2026-06-09 18:23:44.708163+00,0.125968,36.908142,
06eb06e4-a218-412b-90bb-361cc1f2ec4f,numbered,41148,completed,sold,1,2026-06-09 18:23:07.783972+00,2026-06-09 18:23:44.575281+00,2026-06-09 18:23:44.708892+00,0.133611,36.924920,
3aa33058-97e6-4734-add6-d9c45a6cc151,numbered,5189,completed,sold,1,2026-06-09 18:23:07.823922+00,2026-06-09 18:23:44.637069+00,2026-06-09 18:23:44.743156+00,0.106087,36.919234,
8a3d4924-047b-4e82-bce6-8d0bc0d19cb5,numbered,37441,completed,sold,1,2026-06-09 18:23:07.828004+00,2026-06-09 18:23:44.668781+00,2026-06-09 18:23:44.775191+00,0.106410,36.947187,
498109cb-d0bb-46c2-a59a-dafd966aecf9,numbered,67225,completed,sold,1,2026-06-09 18:23:07.835875+00,2026-06-09 18:23:44.682189+00,2026-06-09 18:23:44.7888+00,0.106611,36.952925,
780c2b93-eaa8-4c28-bb9d-124a21a35012,numbered,3795,completed,sold,1,2026-06-09 18:23:07.831976+00,2026-06-09 18:23:44.686016+00,2026-06-09 18:23:44.793883+00,0.107867,36.961907,
61638532-519d-47ef-9168-3b481ca71dad,numbered,84834,completed,sold,1,2026-06-09 18:23:07.847957+00,2026-06-09 18:23:44.808374+00,2026-06-09 18:23:44.912813+00,0.104439,37.064856,
52818069-7277-4571-88da-e3664b5a19db,numbered,41235,completed,sold,1,2026-06-09 18:23:07.840446+00,2026-06-09 18:23:44.815964+00,2026-06-09 18:23:44.921084+00,0.105120,37.080638,
9153931d-850f-493d-898d-2697be97b7f5,numbered,30586,completed,sold,1,2026-06-09 18:23:07.8759+00,2026-06-09 18:23:44.824181+00,2026-06-09 18:23:44.935199+00,0.111018,37.059299,
408aaade-ad93-48d8-84aa-4cf0ccb2f601,numbered,15165,completed,sold,1,2026-06-09 18:23:07.863954+00,2026-06-09 18:23:44.81481+00,2026-06-09 18:23:44.935979+00,0.121169,37.072025,
2a62c8ed-57d7-4b20-a137-78a23108c331,numbered,27799,completed,sold,1,2026-06-09 18:23:07.851981+00,2026-06-09 18:23:44.811639+00,2026-06-09 18:23:44.936695+00,0.125056,37.084714,
43303396-dc2b-44b2-9e0a-fb333410daf9,numbered,30387,completed,sold,1,2026-06-09 18:23:07.887927+00,2026-06-09 18:23:44.820061+00,2026-06-09 18:23:44.938963+00,0.118902,37.051036,
2b853e35-ff4d-43a6-92c1-62661ad29cd1,numbered,46509,completed,sold,1,2026-06-09 18:23:07.871978+00,2026-06-09 18:23:44.818907+00,2026-06-09 18:23:44.939707+00,0.120800,37.067729,
d0da8830-c1be-478f-a1d0-5364e5047e20,numbered,80433,completed,sold,1,2026-06-09 18:23:07.859908+00,2026-06-09 18:23:44.816667+00,2026-06-09 18:23:44.940466+00,0.123799,37.080558,
9a71827e-95a9-4502-a7ba-9e7233e00a16,numbered,53302,completed,sold,1,2026-06-09 18:23:07.855898+00,2026-06-09 18:23:44.815241+00,2026-06-09 18:23:44.941194+00,0.125953,37.085296,
0ac45f0a-6e09-40af-9235-1c04c16b206f,numbered,89984,completed,sold,1,2026-06-09 18:23:07.843762+00,2026-06-09 18:23:44.823212+00,2026-06-09 18:23:44.943104+00,0.119892,37.099342,
1f0aed4e-065d-4bbf-8988-1cf084071d71,numbered,76989,completed,sold,1,2026-06-09 18:23:07.879881+00,2026-06-09 18:23:44.823933+00,2026-06-09 18:23:44.945615+00,0.121682,37.065734,
956d2c63-af38-4c24-ac13-827c0ae89e5a,numbered,50325,completed,sold,1,2026-06-09 18:23:07.900169+00,2026-06-09 18:23:44.825391+00,2026-06-09 18:23:44.947284+00,0.121893,37.047115,
4d114af4-ffc4-4a8b-b43d-3dfaf41b0590,numbered,31172,completed,sold,1,2026-06-09 18:23:07.891999+00,2026-06-09 18:23:44.824776+00,2026-06-09 18:23:44.950348+00,0.125572,37.058349,
75446a88-4810-475e-8a09-b950d3866fcb,numbered,99470,completed,sold,1,2026-06-09 18:23:07.867908+00,2026-06-09 18:23:44.828452+00,2026-06-09 18:23:44.953373+00,0.124921,37.085465,
904da226-842d-46ea-bb92-01329f6422e5,numbered,60395,completed,sold,1,2026-06-09 18:23:07.896677+00,2026-06-09 18:23:44.82948+00,2026-06-09 18:23:44.958018+00,0.128538,37.061341,
4d1328b3-c464-4bd1-b152-d2ccfe5ba518,numbered,63460,completed,sold,1,2026-06-09 18:23:07.883971+00,2026-06-09 18:23:44.830311+00,2026-06-09 18:23:44.963116+00,0.132805,37.079145,
6ccc31b6-123a-4eb6-9e84-deb385403497,numbered,96078,completed,sold,1,2026-06-09 18:23:07.904049+00,2026-06-09 18:23:44.835895+00,2026-06-09 18:23:44.97023+00,0.134335,37.066181,
2b70389f-063d-4aa1-b94a-4289b59bc4f5,numbered,98946,completed,sold,1,2026-06-09 18:23:07.907896+00,2026-06-09 18:23:44.842336+00,2026-06-09 18:23:44.990693+00,0.148357,37.082797,
0e5cfdd1-9f1a-4eb4-9603-ef3616a28792,numbered,61692,completed,sold,1,2026-06-09 18:23:07.911934+00,2026-06-09 18:23:44.843667+00,2026-06-09 18:23:44.996447+00,0.152780,37.084513,
058bb825-a69b-49d8-8d41-9de7a1b3c0cb,numbered,28726,completed,sold,1,2026-06-09 18:23:07.959917+00,2026-06-09 18:23:45.051076+00,2026-06-09 18:23:45.166334+00,0.115258,37.206417,
e4ec6146-b93c-43fc-b40c-62b8469a01b1,numbered,36755,completed,sold,1,2026-06-09 18:23:07.951991+00,2026-06-09 18:23:45.053798+00,2026-06-09 18:23:45.1671+00,0.113302,37.215109,
ed27ea43-f86c-48bb-900a-97567d6ac4ae,numbered,73467,completed,sold,1,2026-06-09 18:23:07.920017+00,2026-06-09 18:23:45.058392+00,2026-06-09 18:23:45.167831+00,0.109439,37.247814,
3b8d630b-de59-470b-b0b3-cb27d3b42905,numbered,29712,completed,sold,1,2026-06-09 18:23:07.95603+00,2026-06-09 18:23:45.055965+00,2026-06-09 18:23:45.168575+00,0.112610,37.212545,
8364ce79-2170-4861-8c8e-fb709eb8dcc0,numbered,13266,completed,sold,1,2026-06-09 18:23:07.968454+00,2026-06-09 18:23:45.053076+00,2026-06-09 18:23:45.170292+00,0.117216,37.201838,
88705cf5-9286-474e-a24e-af932711f61f,numbered,3612,completed,sold,1,2026-06-09 18:23:07.915975+00,2026-06-09 18:23:45.067812+00,2026-06-09 18:23:45.172763+00,0.104951,37.256788,
9b9e2265-8dbd-4444-a9be-4e106a63bead,numbered,86486,completed,sold,1,2026-06-09 18:23:07.963885+00,2026-06-09 18:23:45.053308+00,2026-06-09 18:23:45.17444+00,0.121132,37.210555,
a3387e3e-1a56-4630-990a-358663dae653,numbered,12893,completed,sold,1,2026-06-09 18:23:07.948131+00,2026-06-09 18:23:45.054708+00,2026-06-09 18:23:45.175501+00,0.120793,37.227370,
21165d45-1cff-4599-91ea-e66ac094dbc8,numbered,11839,completed,sold,1,2026-06-09 18:23:07.92797+00,2026-06-09 18:23:45.070028+00,2026-06-09 18:23:45.180161+00,0.110133,37.252191,
9b9d0208-af8b-432c-af55-b6325dbaf6b4,numbered,79420,completed,sold,1,2026-06-09 18:23:07.923936+00,2026-06-09 18:23:45.053983+00,2026-06-09 18:23:45.180916+00,0.126933,37.256980,
f3eab828-6f96-430c-8f75-df19a694c66d,numbered,40301,completed,sold,1,2026-06-09 18:23:07.943927+00,2026-06-09 18:23:45.055404+00,2026-06-09 18:23:45.183462+00,0.128058,37.239535,
9cde8037-7824-4c2a-a0af-4f9914eb39b5,numbered,52843,completed,sold,1,2026-06-09 18:23:07.971997+00,2026-06-09 18:23:45.074844+00,2026-06-09 18:23:45.188975+00,0.114131,37.216978,
daef4278-279a-48f6-96c6-818a8042f620,numbered,60148,completed,sold,1,2026-06-09 18:23:07.976064+00,2026-06-09 18:23:45.07118+00,2026-06-09 18:23:45.189625+00,0.118445,37.213561,
cea3f1e2-f3f2-4721-9ed1-f8591e9d5bbe,numbered,11901,completed,sold,1,2026-06-09 18:23:07.931984+00,2026-06-09 18:23:45.063447+00,2026-06-09 18:23:45.20967+00,0.146223,37.277686,
ff389bf5-d48a-4fba-b1db-8f0e7448fc85,numbered,71627,completed,sold,1,2026-06-09 18:23:07.988022+00,2026-06-09 18:23:45.078878+00,2026-06-09 18:23:45.218092+00,0.139214,37.230070,
bd3e205b-8d31-46bc-95b1-b9af00f660ec,numbered,54291,completed,sold,1,2026-06-09 18:23:07.980071+00,2026-06-09 18:23:45.075525+00,2026-06-09 18:23:45.237599+00,0.162074,37.257528,
4a3e0737-15a9-4ec2-9e00-cd2edebc6fec,numbered,34358,completed,sold,1,2026-06-09 18:23:07.936155+00,2026-06-09 18:23:45.066607+00,2026-06-09 18:23:45.241406+00,0.174799,37.305251,
e81de119-06af-4e29-9d7e-044bc01295a5,numbered,66460,completed,sold,1,2026-06-09 18:23:07.940065+00,2026-06-09 18:23:45.069921+00,2026-06-09 18:23:45.251748+00,0.181827,37.311683,
1054cfce-ad79-4afe-93a8-6ae4e2a1fbe7,numbered,38034,completed,sold,1,2026-06-09 18:23:07.983897+00,2026-06-09 18:23:45.080248+00,2026-06-09 18:23:45.273913+00,0.193665,37.290016,
c4461884-8ad3-47a5-865b-f0b498555cba,numbered,68852,completed,sold,1,2026-06-09 18:23:08.005734+00,2026-06-09 18:23:45.232166+00,2026-06-09 18:23:45.337199+00,0.105033,37.331465,
d54d5b83-e86e-4454-9f3a-44145c0fd375,numbered,73277,completed,sold,1,2026-06-09 18:23:08.013162+00,2026-06-09 18:23:45.274991+00,2026-06-09 18:23:45.38169+00,0.106699,37.368528,
05a38c68-94fb-4d94-befb-f09b4818af5b,numbered,57975,completed,seat_unavailable,1,2026-06-09 18:23:07.999898+00,2026-06-09 18:23:45.279202+00,2026-06-09 18:23:45.382375+00,0.103173,37.382477,
c9c166c2-b56f-4fae-9307-eff7a679b49e,numbered,48335,completed,sold,1,2026-06-09 18:23:07.996091+00,2026-06-09 18:23:45.278252+00,2026-06-09 18:23:45.38315+00,0.104898,37.387059,
c4ebb8f7-06e9-4a64-b671-f2546c42dac3,numbered,64794,completed,sold,1,2026-06-09 18:23:08.009634+00,2026-06-09 18:23:45.285504+00,2026-06-09 18:23:45.398867+00,0.113363,37.389233,
51a32200-9053-4912-b857-ba7038244016,numbered,13089,completed,sold,1,2026-06-09 18:23:08.016376+00,2026-06-09 18:23:45.287074+00,2026-06-09 18:23:45.399601+00,0.112527,37.383225,
2927fc53-b621-45a6-a9ca-ab63528495d4,numbered,12979,completed,sold,1,2026-06-09 18:23:08.024007+00,2026-06-09 18:23:45.283149+00,2026-06-09 18:23:45.400328+00,0.117179,37.376321,
7114a1bd-b0fc-4419-a14a-5caa2d917cc5,numbered,26210,completed,sold,1,2026-06-09 18:23:08.019967+00,2026-06-09 18:23:45.286236+00,2026-06-09 18:23:45.401107+00,0.114871,37.381140,
03b7ce75-3897-41c0-8268-6c66ba60b85b,numbered,86640,completed,sold,1,2026-06-09 18:23:08.043988+00,2026-06-09 18:23:45.294801+00,2026-06-09 18:23:45.402281+00,0.107480,37.358293,
36867918-3c67-47e6-b9c2-c4d3134c19b1,numbered,17857,completed,sold,1,2026-06-09 18:23:08.04799+00,2026-06-09 18:23:45.303247+00,2026-06-09 18:23:45.410656+00,0.107409,37.362666,
c35bd1cf-cc87-4e89-916b-5cd100c6eb5d,numbered,24997,completed,sold,1,2026-06-09 18:23:07.991956+00,2026-06-09 18:23:45.303931+00,2026-06-09 18:23:45.411077+00,0.107146,37.419121,
8594cf02-fcda-4a45-95d9-409063e996a2,numbered,36749,completed,sold,1,2026-06-09 18:23:08.031979+00,2026-06-09 18:23:45.30236+00,2026-06-09 18:23:45.411401+00,0.109041,37.379422,
5b931594-fcc6-4181-8741-0536a368843f,numbered,18507,completed,sold,1,2026-06-09 18:23:08.027915+00,2026-06-09 18:23:45.299462+00,2026-06-09 18:23:45.412347+00,0.112885,37.384432,
93db3ac4-3975-4c0a-ab03-a81cf1a63445,numbered,46289,completed,sold,1,2026-06-09 18:23:08.039983+00,2026-06-09 18:23:45.300208+00,2026-06-09 18:23:45.412974+00,0.112766,37.372991,
ec85909b-25f3-483e-91ae-c09694821b2e,numbered,82265,completed,sold,1,2026-06-09 18:23:08.060049+00,2026-06-09 18:23:45.319605+00,2026-06-09 18:23:45.425687+00,0.106082,37.365638,
733da67a-65cf-4a19-874b-568f5ae24a66,numbered,59830,completed,sold,1,2026-06-09 18:23:08.035947+00,2026-06-09 18:23:45.303247+00,2026-06-09 18:23:45.426722+00,0.123475,37.390775,
321648f7-a518-4e0f-aafe-6c4f28d79b65,numbered,70530,completed,sold,1,2026-06-09 18:23:08.068067+00,2026-06-09 18:23:45.358337+00,2026-06-09 18:23:45.463689+00,0.105352,37.395622,
099939c4-d41a-4bfc-94de-95b0d22f07ca,numbered,47534,completed,sold,1,2026-06-09 18:23:08.052076+00,2026-06-09 18:23:45.31316+00,2026-06-09 18:23:45.464387+00,0.151227,37.412311,
30b95055-b1e3-4153-a6f1-346bbd02a03d,numbered,2283,completed,sold,1,2026-06-09 18:23:08.05597+00,2026-06-09 18:23:45.318005+00,2026-06-09 18:23:45.465187+00,0.147182,37.409217,
9390ca53-52a1-4ca3-9355-41b31b3ca374,numbered,61747,completed,sold,1,2026-06-09 18:23:08.063983+00,2026-06-09 18:23:45.325616+00,2026-06-09 18:23:45.493581+00,0.167965,37.429598,
ee3a0ef5-1e64-4d93-a90e-45c8de879b1d,numbered,72532,completed,sold,1,2026-06-09 18:23:08.079948+00,2026-06-09 18:23:45.454728+00,2026-06-09 18:23:45.559056+00,0.104328,37.479108,
6c7750e0-5313-4bd9-8eee-2c2183573206,numbered,98310,completed,sold,1,2026-06-09 18:23:08.076087+00,2026-06-09 18:23:45.470949+00,2026-06-09 18:23:45.576844+00,0.105895,37.500757,
a2aced5b-0c69-4040-9deb-c5ef30b3dce5,numbered,59728,completed,sold,1,2026-06-09 18:23:08.091976+00,2026-06-09 18:23:45.491481+00,2026-06-09 18:23:45.59842+00,0.106939,37.506444,
7635dcb2-cb2d-4241-816b-baee89c4de2e,numbered,37780,completed,sold,1,2026-06-09 18:23:08.084002+00,2026-06-09 18:23:45.490518+00,2026-06-09 18:23:45.600171+00,0.109653,37.516169,
7a1ee985-7371-4f63-99aa-49e22ff0b2b8,numbered,28691,completed,sold,1,2026-06-09 18:23:08.071945+00,2026-06-09 18:23:45.495324+00,2026-06-09 18:23:45.601784+00,0.106460,37.529839,
acf8cd71-5a22-42b8-9db5-e0015f86c532,numbered,92968,completed,sold,1,2026-06-09 18:23:08.111906+00,2026-06-09 18:23:45.51145+00,2026-06-09 18:23:45.617305+00,0.105855,37.505399,
d047d172-9830-422d-aa9f-6ec448a98ce2,numbered,2617,completed,sold,1,2026-06-09 18:23:08.088044+00,2026-06-09 18:23:45.514722+00,2026-06-09 18:23:45.624623+00,0.109901,37.536579,
3ee33f1e-4c28-4ebb-adfe-b6523078f5b1,numbered,69901,completed,sold,1,2026-06-09 18:23:08.115896+00,2026-06-09 18:23:45.522814+00,2026-06-09 18:23:45.628106+00,0.105292,37.512210,
fd67615c-bfa1-431d-8d94-9084ccaa38c7,numbered,55898,completed,sold,1,2026-06-09 18:23:08.123976+00,2026-06-09 18:23:45.519616+00,2026-06-09 18:23:45.628763+00,0.109147,37.504787,
8840bce9-2193-4227-9aea-2a0bdb5b7a1b,numbered,42748,completed,sold,1,2026-06-09 18:23:08.096034+00,2026-06-09 18:23:45.539485+00,2026-06-09 18:23:45.649296+00,0.109811,37.553262,
7af93416-9c2d-4982-9c41-717d61f48dd2,numbered,30359,completed,sold,1,2026-06-09 18:23:08.144024+00,2026-06-09 18:23:45.540575+00,2026-06-09 18:23:45.650028+00,0.109453,37.506004,
59d25468-7d9f-4d3d-b1ad-8da213e7976c,numbered,76499,completed,sold,1,2026-06-09 18:23:08.120066+00,2026-06-09 18:23:45.538966+00,2026-06-09 18:23:45.650777+00,0.111811,37.530711,
ca8fb05d-7766-47ab-9427-abe35a4435b8,numbered,10798,completed,sold,1,2026-06-09 18:23:08.139921+00,2026-06-09 18:23:45.534129+00,2026-06-09 18:23:45.651516+00,0.117387,37.511595,
7aea355b-070f-4dbf-b4ee-e4e15df8fa8a,numbered,24779,completed,sold,1,2026-06-09 18:23:08.132067+00,2026-06-09 18:23:45.534619+00,2026-06-09 18:23:45.652278+00,0.117659,37.520211,
1c22e660-efff-486a-907a-8fa8583cc2e8,numbered,17281,completed,sold,1,2026-06-09 18:23:08.103963+00,2026-06-09 18:23:45.529436+00,2026-06-09 18:23:45.652847+00,0.123411,37.548884,
b56fb853-2666-4f88-af11-dc8f09280bb6,numbered,74192,completed,sold,1,2026-06-09 18:23:08.135852+00,2026-06-09 18:23:45.543463+00,2026-06-09 18:23:45.653988+00,0.110525,37.518136,
01713d2f-e515-4a85-8ce2-62ed87d1b45e,numbered,18235,completed,sold,1,2026-06-09 18:23:08.127989+00,2026-06-09 18:23:45.539678+00,2026-06-09 18:23:45.654777+00,0.115099,37.526788,
318107e9-49fd-4e52-948e-32b629251f02,numbered,648,completed,sold,1,2026-06-09 18:23:08.099977+00,2026-06-09 18:23:45.533101+00,2026-06-09 18:23:45.655511+00,0.122410,37.555534,
ba0ae96a-0213-4ad2-ac86-6ddb044ec1ad,numbered,18437,completed,sold,1,2026-06-09 18:23:08.10796+00,2026-06-09 18:23:45.535525+00,2026-06-09 18:23:45.656219+00,0.120694,37.548259,
5385c5a4-c46a-460e-8f12-065b5d2650fc,numbered,34849,completed,sold,1,2026-06-09 18:23:08.147941+00,2026-06-09 18:23:45.580388+00,2026-06-09 18:23:45.689616+00,0.109228,37.541675,
c9eac119-f42e-49cd-aa1e-502a28681ffd,numbered,97455,completed,sold,1,2026-06-09 18:23:08.15194+00,2026-06-09 18:23:45.602917+00,2026-06-09 18:23:45.710934+00,0.108017,37.558994,
3d3cb3b3-04f4-48d6-92c0-4418a8f14c45,numbered,72662,completed,sold,1,2026-06-09 18:23:08.160049+00,2026-06-09 18:23:45.684108+00,2026-06-09 18:23:45.789151+00,0.105043,37.629102,
997996eb-f30c-4627-b6d6-1c06b94254fa,numbered,13662,completed,sold,1,2026-06-09 18:23:08.155903+00,2026-06-09 18:23:45.691993+00,2026-06-09 18:23:45.797614+00,0.105621,37.641711,
0ed17f6a-9fad-442f-9132-bbaae1255eac,numbered,74305,completed,sold,1,2026-06-09 18:23:08.172149+00,2026-06-09 18:23:45.730805+00,2026-06-09 18:23:45.835965+00,0.105160,37.663816,
ab35f516-9d47-4c0a-8441-d61237729e7a,numbered,89618,completed,sold,1,2026-06-09 18:23:08.187934+00,2026-06-09 18:23:45.733081+00,2026-06-09 18:23:45.840453+00,0.107372,37.652519,
0c5c1063-b6ad-4bae-9dfd-ec28399c092d,numbered,63104,completed,sold,1,2026-06-09 18:23:08.192002+00,2026-06-09 18:23:45.747433+00,2026-06-09 18:23:45.855735+00,0.108302,37.663733,
38d82204-2072-4a5a-a320-04f1f1b10be4,numbered,39107,completed,sold,1,2026-06-09 18:23:08.176025+00,2026-06-09 18:23:45.742319+00,2026-06-09 18:23:45.856498+00,0.114179,37.680473,
6d192569-c269-411b-857f-9dc2789494ab,numbered,82882,completed,sold,1,2026-06-09 18:23:08.183962+00,2026-06-09 18:23:45.743911+00,2026-06-09 18:23:45.857307+00,0.113396,37.673345,
85879874-9550-4190-bd2f-ad4b52380813,numbered,81452,completed,sold,1,2026-06-09 18:23:08.216005+00,2026-06-09 18:23:45.743193+00,2026-06-09 18:23:45.858056+00,0.114863,37.642051,
cfadf85b-70bc-4810-a505-f7efdd0d2e23,numbered,86063,completed,sold,1,2026-06-09 18:23:08.223948+00,2026-06-09 18:23:45.752983+00,2026-06-09 18:23:45.861125+00,0.108142,37.637177,
f337ff27-db80-480c-b937-475c5b23f224,numbered,59021,completed,sold,1,2026-06-09 18:23:08.203918+00,2026-06-09 18:23:45.744188+00,2026-06-09 18:23:45.861886+00,0.117698,37.657968,
7699f180-92d1-427b-b533-a083362c6cc6,numbered,7193,completed,sold,1,2026-06-09 18:23:08.207928+00,2026-06-09 18:23:45.746485+00,2026-06-09 18:23:45.862693+00,0.116208,37.654765,
26b6157d-61a1-4563-9df7-74a1d15c6fad,numbered,8995,completed,sold,1,2026-06-09 18:23:08.164076+00,2026-06-09 18:23:45.738244+00,2026-06-09 18:23:45.863462+00,0.125218,37.699386,
c4b679e1-cb80-4bf8-aacf-f518abd0828f,numbered,75754,completed,sold,1,2026-06-09 18:23:08.199928+00,2026-06-09 18:23:45.739111+00,2026-06-09 18:23:45.86423+00,0.125119,37.664302,
770c8a80-3503-4c5e-8d01-92bd4badac58,numbered,5621,completed,sold,1,2026-06-09 18:23:08.195952+00,2026-06-09 18:23:45.739786+00,2026-06-09 18:23:45.865015+00,0.125229,37.669063,
3b80cd55-bced-4875-ba96-d48208a21b15,numbered,62396,completed,sold,1,2026-06-09 18:23:08.168007+00,2026-06-09 18:23:45.765844+00,2026-06-09 18:23:45.872815+00,0.106971,37.704808,
9768072a-19a5-46b4-8e82-5a25ae81d4fb,numbered,49618,completed,sold,1,2026-06-09 18:23:08.179982+00,2026-06-09 18:23:45.75003+00,2026-06-09 18:23:45.87717+00,0.127140,37.697188,
3c29e42a-d356-4995-a042-e3d5322b3d93,numbered,61167,completed,sold,1,2026-06-09 18:23:08.211914+00,2026-06-09 18:23:45.765367+00,2026-06-09 18:23:45.904708+00,0.139341,37.692794,
b9049a28-36eb-4ede-a54a-4f53e5099974,numbered,64559,completed,sold,1,2026-06-09 18:23:08.227975+00,2026-06-09 18:23:45.764257+00,2026-06-09 18:23:45.90549+00,0.141233,37.677515,
7cffa67e-7f2d-4826-98f9-04db1b151eb5,numbered,35462,completed,sold,1,2026-06-09 18:23:08.235887+00,2026-06-09 18:23:45.82024+00,2026-06-09 18:23:45.925992+00,0.105752,37.690105,
67b97bba-7f15-473c-a656-c58ff194f174,numbered,71088,completed,sold,1,2026-06-09 18:23:08.23194+00,2026-06-09 18:23:45.81301+00,2026-06-09 18:23:45.941327+00,0.128317,37.709387,
eb535a65-53ca-4722-873c-a8d0a174c439,numbered,58700,completed,sold,1,2026-06-09 18:23:08.219893+00,2026-06-09 18:23:45.764908+00,2026-06-09 18:23:45.961449+00,0.196541,37.741556,
64589847-b5bd-4b4f-be47-b501c88ce232,numbered,89207,completed,sold,1,2026-06-09 18:23:08.280122+00,2026-06-09 18:23:45.943092+00,2026-06-09 18:23:46.049589+00,0.106497,37.769467,
fc9c8d26-fda8-4d00-85e1-7de7e89058c5,numbered,31716,completed,sold,1,2026-06-09 18:23:08.27211+00,2026-06-09 18:23:45.943876+00,2026-06-09 18:23:46.049615+00,0.105739,37.777505,
3e3d6606-cb43-42f8-9cef-b974cabe160f,numbered,16727,completed,sold,1,2026-06-09 18:23:08.247964+00,2026-06-09 18:23:45.957091+00,2026-06-09 18:23:46.063083+00,0.105992,37.815119,
7222b27b-94cf-444b-b750-898994fe4afa,numbered,73097,completed,sold,1,2026-06-09 18:23:08.243911+00,2026-06-09 18:23:45.957349+00,2026-06-09 18:23:46.067141+00,0.109792,37.823230,
96931950-a127-4c64-8458-fd04c37d4759,numbered,76584,completed,sold,1,2026-06-09 18:23:08.240006+00,2026-06-09 18:23:45.961031+00,2026-06-09 18:23:46.070142+00,0.109111,37.830136,
7a9981cb-e218-4d01-988e-cd944b9b5100,numbered,71722,completed,sold,1,2026-06-09 18:23:08.2839+00,2026-06-09 18:23:45.959958+00,2026-06-09 18:23:46.070818+00,0.110860,37.786918,
a8474d08-4606-41fe-963d-69f741b59f64,numbered,18731,completed,sold,1,2026-06-09 18:23:08.276033+00,2026-06-09 18:23:45.960214+00,2026-06-09 18:23:46.071551+00,0.111337,37.795518,
ac6db3e9-af9e-4b43-ae38-c8ba1ed0a1fa,numbered,81419,completed,sold,1,2026-06-09 18:23:08.267913+00,2026-06-09 18:23:45.980201+00,2026-06-09 18:23:46.087148+00,0.106947,37.819235,
a41ba3e5-c894-4bc0-918a-4df8d50c9a3b,numbered,5007,completed,seat_unavailable,1,2026-06-09 18:23:08.259894+00,2026-06-09 18:23:45.983756+00,2026-06-09 18:23:46.090007+00,0.106251,37.830113,
03a8b37e-58b6-470c-b143-6092b2983a5d,numbered,67552,completed,sold,1,2026-06-09 18:23:08.288057+00,2026-06-09 18:23:45.97138+00,2026-06-09 18:23:46.094154+00,0.122774,37.806097,
3c6e2f19-6590-42ba-9823-3bd28198879f,numbered,60374,completed,sold,1,2026-06-09 18:23:08.291934+00,2026-06-09 18:23:45.990265+00,2026-06-09 18:23:46.097375+00,0.107110,37.805441,
4d32193b-c5a7-4c51-b6bf-7e74b3de10f8,numbered,98708,completed,sold,1,2026-06-09 18:23:08.263932+00,2026-06-09 18:23:45.987273+00,2026-06-09 18:23:46.098591+00,0.111318,37.834659,
ef62a9b3-fb6b-4923-a38c-228d10f6ed85,numbered,44711,completed,sold,1,2026-06-09 18:23:08.300006+00,2026-06-09 18:23:45.992719+00,2026-06-09 18:23:46.099403+00,0.106684,37.799397,
8cd38f69-af6a-4679-a4d1-d972caa912ac,numbered,1326,completed,sold,1,2026-06-09 18:23:08.295977+00,2026-06-09 18:23:45.991018+00,2026-06-09 18:23:46.10057+00,0.109552,37.804593,
76a64267-5cd8-4c4b-8c80-30c38ac2aa23,numbered,38183,completed,sold,1,2026-06-09 18:23:08.255984+00,2026-06-09 18:23:45.983049+00,2026-06-09 18:23:46.101822+00,0.118773,37.845838,
c742b6b8-f4bb-44ba-8d9f-72ffe4d07a29,numbered,16898,completed,sold,1,2026-06-09 18:23:08.251876+00,2026-06-09 18:23:45.984481+00,2026-06-09 18:23:46.103129+00,0.118648,37.851253,
f6c60a84-17f5-4461-a8c7-c94ba9f487bc,numbered,86350,completed,sold,1,2026-06-09 18:23:08.303961+00,2026-06-09 18:23:46.001685+00,2026-06-09 18:23:46.109276+00,0.107591,37.805315,
0aa77968-5ca6-4d3e-ae63-29b12011d747,numbered,422,completed,sold,1,2026-06-09 18:23:08.307953+00,2026-06-09 18:23:46.002958+00,2026-06-09 18:23:46.110186+00,0.107228,37.802233,
9c21cefe-3d12-4e18-b212-1298726f5f31,numbered,55907,completed,sold,1,2026-06-09 18:23:08.312048+00,2026-06-09 18:23:46.004487+00,2026-06-09 18:23:46.112831+00,0.108344,37.800783,
7ed0322a-cb3e-409a-841a-44690215d9be,numbered,10152,completed,sold,1,2026-06-09 18:23:08.320057+00,2026-06-09 18:23:46.158185+00,2026-06-09 18:23:46.264079+00,0.105894,37.944022,
19614818-56f7-435d-8d75-2626e8e56fff,numbered,18464,completed,sold,1,2026-06-09 18:23:08.323961+00,2026-06-09 18:23:46.164747+00,2026-06-09 18:23:46.270264+00,0.105517,37.946303,
fdecc3c9-8f3b-4cf1-a1f8-42d15b863726,numbered,8475,completed,sold,1,2026-06-09 18:23:08.315973+00,2026-06-09 18:23:46.18685+00,2026-06-09 18:23:46.293002+00,0.106152,37.977029,
71d85023-da5b-49bc-ad04-44dc51bbb695,numbered,70614,completed,sold,1,2026-06-09 18:23:08.34399+00,2026-06-09 18:23:46.193426+00,2026-06-09 18:23:46.298749+00,0.105323,37.954759,
f65431a2-7289-4e98-b30e-e9c7b1298a1b,numbered,61505,completed,sold,1,2026-06-09 18:23:08.340108+00,2026-06-09 18:23:46.195333+00,2026-06-09 18:23:46.301444+00,0.106111,37.961336,
669250d9-431a-4338-b610-e91773edad25,numbered,38618,completed,sold,1,2026-06-09 18:23:08.359885+00,2026-06-09 18:23:46.200745+00,2026-06-09 18:23:46.306248+00,0.105503,37.946363,
63eee613-2537-4b97-a8bd-4c36da6eef20,numbered,98008,completed,sold,1,2026-06-09 18:23:08.368003+00,2026-06-09 18:23:46.209041+00,2026-06-09 18:23:46.326944+00,0.117903,37.958941,
78ee7b7c-9add-46f6-bf22-c66ffe505bde,numbered,72530,completed,sold,1,2026-06-09 18:23:08.376014+00,2026-06-09 18:23:46.210394+00,2026-06-09 18:23:46.327657+00,0.117263,37.951643,
89d10c04-0eec-46c4-a49c-6a95ee351c9c,numbered,18481,completed,sold,1,2026-06-09 18:23:08.372083+00,2026-06-09 18:23:46.201493+00,2026-06-09 18:23:46.328408+00,0.126915,37.956325,
a7cf8a0c-7866-4839-949d-852170c0d0e2,numbered,63907,completed,sold,1,2026-06-09 18:23:08.383988+00,2026-06-09 18:23:46.208335+00,2026-06-09 18:23:46.329137+00,0.120802,37.945149,
df5c24b0-1c48-443b-aeee-783debdc2ea8,numbered,38229,completed,sold,1,2026-06-09 18:23:08.33602+00,2026-06-09 18:23:46.200022+00,2026-06-09 18:23:46.32988+00,0.129858,37.993860,
c50c1b7f-0dbe-4580-ac86-ef89dcafbdb9,numbered,13325,completed,sold,1,2026-06-09 18:23:08.38789+00,2026-06-09 18:23:46.206962+00,2026-06-09 18:23:46.330617+00,0.123655,37.942727,
4538df64-0bf8-4f9e-bafa-865bae41c917,numbered,4338,completed,sold,1,2026-06-09 18:23:08.379903+00,2026-06-09 18:23:46.209734+00,2026-06-09 18:23:46.331063+00,0.121329,37.951160,
b753f4a3-3807-4fe3-919c-1011969a2fbb,numbered,22435,completed,sold,1,2026-06-09 18:23:08.328085+00,2026-06-09 18:23:46.211013+00,2026-06-09 18:23:46.331823+00,0.120810,38.003738,
f4fd3793-9d9e-4d53-b88b-4020e425c5e2,numbered,99858,completed,sold,1,2026-06-09 18:23:08.331902+00,2026-06-09 18:23:46.209665+00,2026-06-09 18:23:46.332692+00,0.123027,38.000790,
b97dc1fa-29ec-4aac-a34e-03e24a93d53e,numbered,74374,completed,sold,1,2026-06-09 18:23:08.355974+00,2026-06-09 18:23:46.210371+00,2026-06-09 18:23:46.33336+00,0.122989,37.977386,
4a341da8-1a3f-4054-9961-fdafecea7e87,numbered,21144,completed,sold,1,2026-06-09 18:23:08.348041+00,2026-06-09 18:23:46.207678+00,2026-06-09 18:23:46.33416+00,0.126482,37.986119,
56467ba0-95e3-428b-913e-a5ef8eb9b0f5,numbered,10439,completed,sold,1,2026-06-09 18:23:08.351974+00,2026-06-09 18:23:46.205904+00,2026-06-09 18:23:46.334926+00,0.129022,37.982952,
969b5034-817c-4f4f-86c0-fa82d04447a0,numbered,11806,completed,sold,1,2026-06-09 18:23:08.363966+00,2026-06-09 18:23:46.208885+00,2026-06-09 18:23:46.335715+00,0.126830,37.971749,
6d0145f2-357f-4a1b-a06b-18f999a41a33,numbered,31332,completed,sold,1,2026-06-09 18:23:08.391947+00,2026-06-09 18:23:46.291588+00,2026-06-09 18:23:46.400613+00,0.109025,38.008666,
bd2cbb71-02b6-4b2d-9161-11bec027e8d6,numbered,80746,completed,sold,1,2026-06-09 18:23:08.39593+00,2026-06-09 18:23:46.295411+00,2026-06-09 18:23:46.401373+00,0.105962,38.005443,
832e5955-b720-40de-aa82-70bb1009f1a8,numbered,78182,completed,sold,1,2026-06-09 18:23:08.400315+00,2026-06-09 18:23:46.419708+00,2026-06-09 18:23:46.525145+00,0.105437,38.124830,
b92a0b69-1f6e-4266-8e9f-baa1d93685a4,numbered,79936,completed,sold,1,2026-06-09 18:23:08.407896+00,2026-06-09 18:23:46.428548+00,2026-06-09 18:23:46.535109+00,0.106561,38.127213,
e2f1ca03-3c0b-4aeb-b441-c0482f0c37bd,numbered,96382,completed,sold,1,2026-06-09 18:23:08.404466+00,2026-06-09 18:23:46.43197+00,2026-06-09 18:23:46.537269+00,0.105299,38.132803,
c196386b-9979-431c-8fa8-3f15099236c4,numbered,18416,completed,sold,1,2026-06-09 18:23:08.420152+00,2026-06-09 18:23:46.439143+00,2026-06-09 18:23:46.546471+00,0.107328,38.126319,
afa80c64-acba-488b-943f-6cdf7d5f2437,numbered,88244,completed,sold,1,2026-06-09 18:23:08.416084+00,2026-06-09 18:23:46.438573+00,2026-06-09 18:23:46.546966+00,0.108393,38.130882,
ca1882ee-ca99-4c86-ba81-3fb0c62e852f,numbered,56019,completed,sold,1,2026-06-09 18:23:08.4121+00,2026-06-09 18:23:46.440081+00,2026-06-09 18:23:46.550543+00,0.110462,38.138443,
80d3ae58-03ed-42da-8557-613436dc99a4,numbered,17255,completed,sold,1,2026-06-09 18:23:08.428123+00,2026-06-09 18:23:46.439272+00,2026-06-09 18:23:46.552514+00,0.113242,38.124391,
5b3b49b4-632b-4d03-91d6-45167b538093,numbered,33219,completed,sold,1,2026-06-09 18:23:08.424123+00,2026-06-09 18:23:46.447859+00,2026-06-09 18:23:46.553289+00,0.105430,38.129166,
27971eb2-895d-4f91-b15f-bad418a0f831,numbered,50699,completed,sold,1,2026-06-09 18:23:08.452191+00,2026-06-09 18:23:46.452172+00,2026-06-09 18:23:46.566357+00,0.114185,38.114166,
26fd9715-1e11-4a04-be0b-f0c4371a4c9d,numbered,12740,completed,sold,1,2026-06-09 18:23:08.436008+00,2026-06-09 18:23:46.454335+00,2026-06-09 18:23:46.572575+00,0.118240,38.136567,
58bbacb6-9a42-42e9-a0de-9e74e479a029,numbered,83225,completed,sold,1,2026-06-09 18:23:08.4323+00,2026-06-09 18:23:46.459048+00,2026-06-09 18:23:46.573434+00,0.114386,38.141134,
ebb18b64-e63d-4592-a4e5-adf8b56f2a4e,numbered,49483,completed,sold,1,2026-06-09 18:23:08.460085+00,2026-06-09 18:23:46.457825+00,2026-06-09 18:23:46.573633+00,0.115808,38.113548,
67e6e5c5-9371-4920-be37-cbfd277e5f3e,numbered,84549,completed,sold,1,2026-06-09 18:23:08.468115+00,2026-06-09 18:23:46.46319+00,2026-06-09 18:23:46.574154+00,0.110964,38.106039,
634617ea-1a2e-431a-96e5-1c1527458b3a,numbered,17532,completed,sold,1,2026-06-09 18:23:08.447995+00,2026-06-09 18:23:46.452558+00,2026-06-09 18:23:46.574362+00,0.121804,38.126367,
47da6b00-a44c-4281-8bbb-82bf46b18602,numbered,98348,completed,sold,1,2026-06-09 18:23:08.4561+00,2026-06-09 18:23:46.454679+00,2026-06-09 18:23:46.575092+00,0.120413,38.118992,
1be81655-2e78-423a-a37d-29b6415241d6,numbered,25210,completed,sold,1,2026-06-09 18:23:08.444024+00,2026-06-09 18:23:46.451826+00,2026-06-09 18:23:46.575804+00,0.123978,38.131780,
9bbc0acc-d0db-48ef-beb4-70f7e1f7ba0a,numbered,60481,completed,sold,1,2026-06-09 18:23:08.464195+00,2026-06-09 18:23:46.45861+00,2026-06-09 18:23:46.576721+00,0.118111,38.112526,
9d7f537a-51e0-4ae8-9cce-8f537a849f15,numbered,28892,completed,sold,1,2026-06-09 18:23:08.44015+00,2026-06-09 18:23:46.460409+00,2026-06-09 18:23:46.581124+00,0.120715,38.140974,
83f5a70a-d5c0-4dd9-8b12-431a10c4663e,numbered,65300,completed,sold,1,2026-06-09 18:23:08.472018+00,2026-06-09 18:23:46.461137+00,2026-06-09 18:23:46.581861+00,0.120724,38.109843,
02dcbbde-2e33-4ed2-a0bc-51fba20130ec,numbered,96852,completed,sold,1,2026-06-09 18:23:08.476085+00,2026-06-09 18:23:46.608196+00,2026-06-09 18:23:46.714141+00,0.105945,38.238056,
98216ac0-fa36-4c62-b13d-b0b6cb488c9e,numbered,11250,completed,sold,1,2026-06-09 18:23:08.480193+00,2026-06-09 18:23:46.668672+00,2026-06-09 18:23:46.774286+00,0.105614,38.294093,
15482ae0-c4dd-4835-98b2-bd04d86795d9,numbered,77237,completed,sold,1,2026-06-09 18:23:08.483954+00,2026-06-09 18:23:46.673892+00,2026-06-09 18:23:46.779827+00,0.105935,38.295873,
dde47261-4ad6-4454-a9ad-3972a3c8b5bb,numbered,73079,completed,sold,1,2026-06-09 18:23:08.523652+00,2026-06-09 18:23:46.675875+00,2026-06-09 18:23:46.783637+00,0.107762,38.259985,
f0b60523-8d10-44a6-9121-e02ff677c747,numbered,74027,completed,sold,1,2026-06-09 18:23:08.502673+00,2026-06-09 18:23:46.680048+00,2026-06-09 18:23:46.786453+00,0.106405,38.283780,
975a358f-eadc-44b5-8eb1-7d8bdb8df904,numbered,88959,completed,sold,1,2026-06-09 18:23:08.544025+00,2026-06-09 18:23:46.68638+00,2026-06-09 18:23:46.80496+00,0.118580,38.260935,
1a12b9f3-dfa6-44c9-b060-e6861111071d,numbered,40139,completed,sold,1,2026-06-09 18:23:08.493516+00,2026-06-09 18:23:46.691582+00,2026-06-09 18:23:46.805719+00,0.114137,38.312203,
e6561f6f-47b0-465f-a10e-887eec0f23fe,numbered,90506,completed,sold,1,2026-06-09 18:23:08.526926+00,2026-06-09 18:23:46.689534+00,2026-06-09 18:23:46.806476+00,0.116942,38.279550,
926bbd2c-422a-43f6-a942-4a515be479ea,numbered,56514,completed,sold,1,2026-06-09 18:23:08.513379+00,2026-06-09 18:23:46.69023+00,2026-06-09 18:23:46.80727+00,0.117040,38.293891,
09a673c0-d267-47ea-a048-5c67260f841c,numbered,70869,completed,sold,1,2026-06-09 18:23:08.551982+00,2026-06-09 18:23:46.693106+00,2026-06-09 18:23:46.808121+00,0.115015,38.256139,
02f2e5da-3598-4adc-8507-5cc28087c19e,numbered,50979,completed,sold,1,2026-06-09 18:23:08.520373+00,2026-06-09 18:23:46.69023+00,2026-06-09 18:23:46.827344+00,0.137114,38.306971,
98368e52-75fa-4fc3-b438-e64da481240b,numbered,3294,completed,sold,1,2026-06-09 18:23:08.5061+00,2026-06-09 18:23:46.68238+00,2026-06-09 18:23:46.828139+00,0.145759,38.322039,
3238141a-26e7-4185-9611-0616dcf8665c,numbered,52192,completed,sold,1,2026-06-09 18:23:08.488066+00,2026-06-09 18:23:46.688228+00,2026-06-09 18:23:46.828898+00,0.140670,38.340832,
27f3a095-39bb-46a2-ba79-ffbca3b10752,numbered,16790,completed,sold,1,2026-06-09 18:23:08.516816+00,2026-06-09 18:23:46.68958+00,2026-06-09 18:23:46.829596+00,0.140016,38.312780,
479f3e5e-9d57-42bb-9373-208cf541ad63,numbered,10390,completed,sold,1,2026-06-09 18:23:08.540114+00,2026-06-09 18:23:46.688959+00,2026-06-09 18:23:46.830364+00,0.141405,38.290250,
9b8bff19-9ae6-48ec-b229-ff5a85d7967d,numbered,5884,completed,sold,1,2026-06-09 18:23:08.530003+00,2026-06-09 18:23:46.687495+00,2026-06-09 18:23:46.831151+00,0.143656,38.301148,
f59d97b0-cc4c-453c-9d49-ef4e7fa7ac92,numbered,76626,completed,sold,1,2026-06-09 18:23:08.536798+00,2026-06-09 18:23:46.685109+00,2026-06-09 18:23:46.831889+00,0.146780,38.295091,
160c56e7-e4b2-413f-94f8-0bffb08456dc,numbered,20691,completed,sold,1,2026-06-09 18:23:08.533549+00,2026-06-09 18:23:46.684401+00,2026-06-09 18:23:46.832839+00,0.148438,38.299290,
63778980-7efd-4689-931f-ccf2fff47444,numbered,65592,completed,sold,1,2026-06-09 18:23:08.548365+00,2026-06-09 18:23:46.690915+00,2026-06-09 18:23:46.83623+00,0.145315,38.287865,
7809e606-fd35-447b-a988-f4d455ea5dbd,numbered,87242,completed,sold,1,2026-06-09 18:23:08.509903+00,2026-06-09 18:23:46.690767+00,2026-06-09 18:23:46.837021+00,0.146254,38.327118,
9a26f741-f386-409c-aba2-7e780d80637d,numbered,10200,completed,sold,1,2026-06-09 18:23:08.555987+00,2026-06-09 18:23:46.740147+00,2026-06-09 18:23:46.877595+00,0.137448,38.321608,
7709714a-4f0b-4146-be53-0eebcef54194,numbered,51312,completed,sold,1,2026-06-09 18:23:08.559925+00,2026-06-09 18:23:46.859495+00,2026-06-09 18:23:46.964764+00,0.105269,38.404839,
4de12b64-670a-4f5e-91df-cae0cd9cd807,numbered,76680,completed,seat_unavailable,1,2026-06-09 18:23:08.576074+00,2026-06-09 18:23:46.906142+00,2026-06-09 18:23:47.010879+00,0.104737,38.434805,
9754e7ac-8eea-40ed-a109-2f2f54908616,numbered,37134,completed,sold,1,2026-06-09 18:23:08.58797+00,2026-06-09 18:23:46.902338+00,2026-06-09 18:23:47.011679+00,0.109341,38.423709,
7a2f1d33-1810-45d0-afa9-d5c9f1a6b95d,numbered,74956,completed,sold,1,2026-06-09 18:23:08.595913+00,2026-06-09 18:23:46.901609+00,2026-06-09 18:23:47.012094+00,0.110485,38.416181,
54e10b94-0b55-461e-8dd2-5a88a2653ed5,numbered,74048,completed,sold,1,2026-06-09 18:23:08.564148+00,2026-06-09 18:23:46.922384+00,2026-06-09 18:23:47.043475+00,0.121091,38.479327,
a9439c0d-a2a0-4e13-9ce5-d221bc477f2d,numbered,56326,completed,sold,1,2026-06-09 18:23:08.568031+00,2026-06-09 18:23:46.911555+00,2026-06-09 18:23:47.045343+00,0.133788,38.477312,
2b8e344e-90b6-4574-896c-0f4eea54c80d,numbered,5661,completed,sold,1,2026-06-09 18:23:08.61986+00,2026-06-09 18:23:46.940382+00,2026-06-09 18:23:47.049647+00,0.109265,38.429787,
b5eef490-dfc6-4d6c-b1ae-631df1cceaa9,numbered,96626,completed,sold,1,2026-06-09 18:23:08.632063+00,2026-06-09 18:23:46.944114+00,2026-06-09 18:23:47.050431+00,0.106317,38.418368,
7615edec-ed23-45da-b809-4b044156fb2f,numbered,40045,completed,sold,1,2026-06-09 18:23:08.591974+00,2026-06-09 18:23:46.93163+00,2026-06-09 18:23:47.051761+00,0.120131,38.459787,
4baa4cda-40c1-4399-9916-a51c8968a7d1,numbered,90706,completed,sold,1,2026-06-09 18:23:08.60799+00,2026-06-09 18:23:46.946154+00,2026-06-09 18:23:47.059558+00,0.113404,38.451568,
c057d27b-b72e-49ce-b168-b936f3f4b509,numbered,71219,completed,sold,1,2026-06-09 18:23:08.635933+00,2026-06-09 18:23:46.947377+00,2026-06-09 18:23:47.061447+00,0.114070,38.425514,
1369150e-87d6-464f-b153-4a118639f82a,numbered,48826,completed,sold,1,2026-06-09 18:23:08.615962+00,2026-06-09 18:23:46.94484+00,2026-06-09 18:23:47.062261+00,0.117421,38.446299,
99c8e00a-7190-4fe9-aeaa-c3a0c260613d,numbered,41856,completed,sold,1,2026-06-09 18:23:08.599915+00,2026-06-09 18:23:46.945512+00,2026-06-09 18:23:47.062915+00,0.117403,38.463000,
ade56df9-c58a-4ef0-8d4c-3d607b919c88,numbered,25560,completed,sold,1,2026-06-09 18:23:08.627983+00,2026-06-09 18:23:46.925858+00,2026-06-09 18:23:47.063688+00,0.137830,38.435705,
5471bf79-6671-4854-a055-4f2268bbf652,numbered,22383,completed,sold,1,2026-06-09 18:23:08.603917+00,2026-06-09 18:23:46.929316+00,2026-06-09 18:23:47.064418+00,0.135102,38.460501,
90a46e41-603f-4885-8a58-70a7838a87e4,numbered,24916,completed,sold,1,2026-06-09 18:23:08.579947+00,2026-06-09 18:23:46.90468+00,2026-06-09 18:23:47.065163+00,0.160483,38.485216,
5e6ab282-804d-4f32-ad36-bcacc2888783,numbered,68517,completed,sold,1,2026-06-09 18:23:08.583991+00,2026-06-09 18:23:46.905414+00,2026-06-09 18:23:47.066261+00,0.160847,38.482270,
0497b8ef-6f99-469e-b544-fba6d02fde82,numbered,59555,completed,sold,1,2026-06-09 18:23:08.639903+00,2026-06-09 18:23:46.988857+00,2026-06-09 18:23:47.096305+00,0.107448,38.456402,
3a4e5fbd-2a6b-449a-9140-a68563b87fff,numbered,14869,completed,sold,1,2026-06-09 18:23:08.612059+00,2026-06-09 18:23:46.947874+00,2026-06-09 18:23:47.101794+00,0.153920,38.489735,
2ab87b0e-4f43-4068-a08d-111144108b38,numbered,47829,completed,sold,1,2026-06-09 18:23:08.572004+00,2026-06-09 18:23:46.905839+00,2026-06-09 18:23:47.103005+00,0.197166,38.531001,
b1b810dc-ee5f-4338-8c32-3103aaa95c85,numbered,85215,completed,sold,1,2026-06-09 18:23:08.62391+00,2026-06-09 18:23:46.935273+00,2026-06-09 18:23:47.104752+00,0.169479,38.480842,
d14d3ef5-87ee-4f0e-9022-cfa78c495458,numbered,78927,completed,sold,1,2026-06-09 18:23:08.667927+00,2026-06-09 18:23:47.163591+00,2026-06-09 18:23:47.268935+00,0.105344,38.601008,
0aa1d452-0cf2-4cd1-96fa-adf20d1dd846,numbered,98984,completed,sold,1,2026-06-09 18:23:08.659975+00,2026-06-09 18:23:47.16279+00,2026-06-09 18:23:47.275401+00,0.112611,38.615426,
6e01297a-83d7-4202-91fc-4451677c606b,numbered,36394,completed,sold,1,2026-06-09 18:23:08.655917+00,2026-06-09 18:23:47.169084+00,2026-06-09 18:23:47.276345+00,0.107261,38.620428,
37b76659-a4dd-4fcb-9735-0795ab6e3fd3,numbered,22857,completed,sold,1,2026-06-09 18:23:08.652004+00,2026-06-09 18:23:47.168326+00,2026-06-09 18:23:47.277756+00,0.109430,38.625752,
ca347522-e9f6-42bc-bf28-4d5115c7ef93,numbered,64684,completed,sold,1,2026-06-09 18:23:08.683866+00,2026-06-09 18:23:47.178933+00,2026-06-09 18:23:47.299464+00,0.120531,38.615598,
6df2c984-8f4d-4b1b-aa22-69bd0ecdf6dc,numbered,68141,completed,sold,1,2026-06-09 18:23:08.6999+00,2026-06-09 18:23:47.185202+00,2026-06-09 18:23:47.300257+00,0.115055,38.600357,
d5c79893-4135-457c-bade-4860e1206b48,numbered,63653,completed,sold,1,2026-06-09 18:23:08.703994+00,2026-06-09 18:23:47.184403+00,2026-06-09 18:23:47.30101+00,0.116607,38.597016,
a556389f-3bf1-457c-ac3d-109c5c59412c,numbered,675,completed,sold,1,2026-06-09 18:23:08.691902+00,2026-06-09 18:23:47.177647+00,2026-06-09 18:23:47.301745+00,0.124098,38.609843,
34dae374-9f62-418a-b05f-2487b19db98f,numbered,77790,completed,sold,1,2026-06-09 18:23:08.707938+00,2026-06-09 18:23:47.194577+00,2026-06-09 18:23:47.301948+00,0.107371,38.594010,
ac4823ad-5348-460a-a672-fb202bfd67db,numbered,14648,completed,sold,1,2026-06-09 18:23:08.715946+00,2026-06-09 18:23:47.19531+00,2026-06-09 18:23:47.302742+00,0.107432,38.586796,
b6c507cf-1c26-410d-92fb-4bd7f01c8e4b,numbered,67237,completed,sold,1,2026-06-09 18:23:08.675966+00,2026-06-09 18:23:47.176859+00,2026-06-09 18:23:47.302769+00,0.125910,38.626803,
bf6f3c31-61ba-4720-85e0-7ff4204ad121,numbered,75664,completed,sold,1,2026-06-09 18:23:08.671988+00,2026-06-09 18:23:47.176969+00,2026-06-09 18:23:47.302862+00,0.125893,38.630874,
b0f8852a-8d8d-4f03-889c-727ddc94a39d,numbered,91191,completed,sold,1,2026-06-09 18:23:08.647966+00,2026-06-09 18:23:47.17575+00,2026-06-09 18:23:47.302976+00,0.127226,38.655010,
476c58a4-3817-403e-a3bd-6a9d37051af0,numbered,9654,completed,sold,1,2026-06-09 18:23:08.679872+00,2026-06-09 18:23:47.186505+00,2026-06-09 18:23:47.303419+00,0.116914,38.623547,
719c955b-f4de-4809-a190-6a6374c6e6b8,numbered,65889,completed,sold,1,2026-06-09 18:23:08.663894+00,2026-06-09 18:23:47.188073+00,2026-06-09 18:23:47.304015+00,0.115942,38.640121,
ec1a9004-bc35-474c-b365-9b33988100a2,numbered,39485,completed,sold,1,2026-06-09 18:23:08.687967+00,2026-06-09 18:23:47.179094+00,2026-06-09 18:23:47.304293+00,0.125199,38.616326,
e8672ca3-e577-45ab-bdf4-57907bb063cf,numbered,15171,completed,sold,1,2026-06-09 18:23:08.643871+00,2026-06-09 18:23:47.186134+00,2026-06-09 18:23:47.304699+00,0.118565,38.660828,
0f483302-ecc5-4247-92af-bf4fe2cfcd18,numbered,28520,completed,sold,1,2026-06-09 18:23:08.695955+00,2026-06-09 18:23:47.178373+00,2026-06-09 18:23:47.305054+00,0.126681,38.609099,
f3196fb5-a5f4-4afa-b2a1-390d3b3461b2,numbered,63517,completed,sold,1,2026-06-09 18:23:08.719958+00,2026-06-09 18:23:47.194577+00,2026-06-09 18:23:47.344341+00,0.149764,38.624383,
a64281c2-53bc-44ad-9148-ff07ff6e4bd4,numbered,25462,completed,sold,1,2026-06-09 18:23:08.712013+00,2026-06-09 18:23:47.193839+00,2026-06-09 18:23:47.348052+00,0.154213,38.636039,
bfeac65f-756d-4e38-89d7-985ce5e7a751,numbered,87072,completed,sold,1,2026-06-09 18:23:08.723852+00,2026-06-09 18:23:47.339187+00,2026-06-09 18:23:47.444944+00,0.105757,38.721092,
d7c0deab-ab83-4795-a748-9d33e55e3145,numbered,87509,completed,sold,1,2026-06-09 18:23:08.771899+00,2026-06-09 18:23:47.386965+00,2026-06-09 18:23:47.492708+00,0.105743,38.720809,
82fbf0a5-3818-4adf-a204-324f01b56071,numbered,60116,completed,sold,1,2026-06-09 18:23:08.732044+00,2026-06-09 18:23:47.426338+00,2026-06-09 18:23:47.543445+00,0.117107,38.811401,
9fd49998-9a87-4db4-a424-8c0b098d162e,numbered,33714,completed,sold,1,2026-06-09 18:23:08.739973+00,2026-06-09 18:23:47.429618+00,2026-06-09 18:23:47.544178+00,0.114560,38.804205,
a12655f8-0704-40de-b579-ad6642421c4f,numbered,66113,completed,sold,1,2026-06-09 18:23:08.79596+00,2026-06-09 18:23:47.428823+00,2026-06-09 18:23:47.544918+00,0.116095,38.748958,
e0831185-6f1d-4cd3-a7df-fe5a10e77f6e,numbered,45862,completed,sold,1,2026-06-09 18:23:08.763876+00,2026-06-09 18:23:47.425143+00,2026-06-09 18:23:47.545683+00,0.120540,38.781807,
94acb54e-b6fd-4fa0-bec2-920d4bb09f7c,numbered,12841,completed,sold,1,2026-06-09 18:23:08.735989+00,2026-06-09 18:23:47.420794+00,2026-06-09 18:23:47.54649+00,0.125696,38.810501,
bdc3d4c9-9b95-47aa-95dd-c257926e3715,numbered,39549,completed,sold,1,2026-06-09 18:23:08.755894+00,2026-06-09 18:23:47.42502+00,2026-06-09 18:23:47.547324+00,0.122304,38.791430,
dbe8db49-0899-4744-8868-cdb35fc9eefc,numbered,68399,completed,seat_unavailable,1,2026-06-09 18:23:08.752321+00,2026-06-09 18:23:47.423077+00,2026-06-09 18:23:47.548026+00,0.124949,38.795705,
c365491b-9202-4451-801e-0441ebcf594d,numbered,5364,completed,sold,1,2026-06-09 18:23:08.787947+00,2026-06-09 18:23:47.425678+00,2026-06-09 18:23:47.551985+00,0.126307,38.764038,
d293265e-3613-45d4-b237-f955fee7b173,numbered,75713,completed,sold,1,2026-06-09 18:23:08.727918+00,2026-06-09 18:23:47.419747+00,2026-06-09 18:23:47.555714+00,0.135967,38.827796,
0ccd2047-b64c-408f-8ee8-9ab08a18948f,numbered,22086,completed,sold,1,2026-06-09 18:23:08.779984+00,2026-06-09 18:23:47.429901+00,2026-06-09 18:23:47.556588+00,0.126687,38.776604,
10b3fd62-9d4a-49ce-a4b3-97fe80339028,numbered,44264,completed,sold,1,2026-06-09 18:23:08.759968+00,2026-06-09 18:23:47.422802+00,2026-06-09 18:23:47.557647+00,0.134845,38.797679,
6d139c10-7e8b-4a55-8b1c-5af9be758018,numbered,42493,completed,sold,1,2026-06-09 18:23:08.799912+00,2026-06-09 18:23:47.430285+00,2026-06-09 18:23:47.558431+00,0.128146,38.758519,
2280a301-4baf-4b03-9d5f-ec6081803597,numbered,90151,completed,sold,1,2026-06-09 18:23:08.767988+00,2026-06-09 18:23:47.423875+00,2026-06-09 18:23:47.559242+00,0.135367,38.791254,
7d60a297-8768-444e-bb1c-bbb5ed8d0a21,numbered,3571,completed,sold,1,2026-06-09 18:23:08.804+00,2026-06-09 18:23:47.438512+00,2026-06-09 18:23:47.560052+00,0.121540,38.756052,
09eed59e-c982-416c-8ca6-81ff2c03e921,numbered,11922,completed,sold,1,2026-06-09 18:23:08.747849+00,2026-06-09 18:23:47.423643+00,2026-06-09 18:23:47.560799+00,0.137156,38.812950,
5ceffef0-054d-4539-8904-87476771623d,numbered,31465,completed,sold,1,2026-06-09 18:23:08.783982+00,2026-06-09 18:23:47.421687+00,2026-06-09 18:23:47.561541+00,0.139854,38.777559,
d92fa823-d72a-48ea-b8c2-6172f78d66b8,numbered,59090,completed,sold,1,2026-06-09 18:23:08.775944+00,2026-06-09 18:23:47.426971+00,2026-06-09 18:23:47.562296+00,0.135325,38.786352,
ae5a5d9e-4c90-4ce5-bd79-db6db4178dc0,numbered,68649,completed,sold,1,2026-06-09 18:23:08.743952+00,2026-06-09 18:23:47.420087+00,2026-06-09 18:23:47.563163+00,0.143076,38.819211,
41d0a15b-cb6c-4d11-8027-0d10a1215636,numbered,69069,completed,sold,1,2026-06-09 18:23:08.792066+00,2026-06-09 18:23:47.429211+00,2026-06-09 18:23:47.567628+00,0.138417,38.775562,
74298069-e644-469a-9dab-9075cc4a20d7,numbered,43335,completed,sold,1,2026-06-09 18:23:08.807878+00,2026-06-09 18:23:47.47175+00,2026-06-09 18:23:47.612391+00,0.140641,38.804513,
320983f2-fc8d-43d2-8551-2843232497fe,numbered,82213,completed,sold,1,2026-06-09 18:23:08.811862+00,2026-06-09 18:23:47.518188+00,2026-06-09 18:23:47.625433+00,0.107245,38.813571,
da8a7915-0014-42b8-a8db-54e73e9facf9,numbered,25199,completed,sold,1,2026-06-09 18:23:08.82406+00,2026-06-09 18:23:47.640935+00,2026-06-09 18:23:47.745643+00,0.104708,38.921583,
943030c8-57c6-48a4-bd7a-419ba87b422d,numbered,60059,completed,sold,1,2026-06-09 18:23:08.843877+00,2026-06-09 18:23:47.666861+00,2026-06-09 18:23:47.772946+00,0.106085,38.929069,
3739895b-3193-4d34-83f5-299d6abfc84c,numbered,73991,completed,sold,1,2026-06-09 18:23:08.875913+00,2026-06-09 18:23:47.667576+00,2026-06-09 18:23:47.773691+00,0.106115,38.897778,
a7f675bc-df37-46c7-9a62-986b9612c84d,numbered,9629,completed,sold,1,2026-06-09 18:23:08.83588+00,2026-06-09 18:23:47.668349+00,2026-06-09 18:23:47.774214+00,0.105865,38.938334,
ab1e0799-11c4-439e-befc-2fa002343fae,numbered,88634,completed,sold,1,2026-06-09 18:23:08.85196+00,2026-06-09 18:23:47.687635+00,2026-06-09 18:23:47.802849+00,0.115214,38.950889,
e947096e-909c-426d-a066-c4bb725ae850,numbered,4937,completed,sold,1,2026-06-09 18:23:08.86795+00,2026-06-09 18:23:47.688616+00,2026-06-09 18:23:47.803755+00,0.115139,38.935805,
3f8bc42d-8151-4a20-a44a-8051394729f2,numbered,81245,completed,sold,1,2026-06-09 18:23:08.891884+00,2026-06-09 18:23:47.692071+00,2026-06-09 18:23:47.80435+00,0.112279,38.912466,
1b060654-49e9-499f-975d-45dedcfb572a,numbered,71068,completed,sold,1,2026-06-09 18:23:08.859897+00,2026-06-09 18:23:47.685666+00,2026-06-09 18:23:47.805091+00,0.119425,38.945194,
1cfa2b88-7c84-44a5-aead-7d953cc0a644,numbered,404,completed,sold,1,2026-06-09 18:23:08.815999+00,2026-06-09 18:23:47.683919+00,2026-06-09 18:23:47.806052+00,0.122133,38.990053,
1550f242-b93e-4eb7-8cf8-e0c69178aef5,numbered,9096,completed,sold,1,2026-06-09 18:23:08.839916+00,2026-06-09 18:23:47.679168+00,2026-06-09 18:23:47.809936+00,0.130768,38.970020,
cb7342ba-7a7a-4a70-8f54-22ab993b4ced,numbered,35033,completed,sold,1,2026-06-09 18:23:08.883963+00,2026-06-09 18:23:47.703098+00,2026-06-09 18:23:47.814095+00,0.110997,38.930132,
d2f64d25-6800-4deb-9a60-f02b3ae4303d,numbered,39784,completed,sold,1,2026-06-09 18:23:08.879982+00,2026-06-09 18:23:47.685044+00,2026-06-09 18:23:47.815228+00,0.130184,38.935246,
0164a7cf-1c2b-42a8-bc6d-f9b78ef50bb1,numbered,60125,completed,sold,1,2026-06-09 18:23:08.855898+00,2026-06-09 18:23:47.68997+00,2026-06-09 18:23:47.816031+00,0.126061,38.960133,
ded22283-50c3-4587-8b8d-a5eb0b5818bb,numbered,27400,completed,sold,1,2026-06-09 18:23:08.827986+00,2026-06-09 18:23:47.689252+00,2026-06-09 18:23:47.816757+00,0.127505,38.988771,
c8c8fd00-4ceb-44f2-8916-d4f5c6abdee1,numbered,83532,completed,sold,1,2026-06-09 18:23:08.831907+00,2026-06-09 18:23:47.680572+00,2026-06-09 18:23:47.817646+00,0.137074,38.985739,
33125471-34c3-4834-a6de-ec080a6b2e71,numbered,3169,completed,sold,1,2026-06-09 18:23:08.864047+00,2026-06-09 18:23:47.683142+00,2026-06-09 18:23:47.81843+00,0.135288,38.954383,
67ae669e-de23-4f7e-b6ea-0f885d54c651,numbered,95760,completed,sold,1,2026-06-09 18:23:08.819852+00,2026-06-09 18:23:47.688564+00,2026-06-09 18:23:47.819279+00,0.130715,38.999427,
70d4c83d-0976-4af1-a628-68f09d55a92b,numbered,38825,completed,sold,1,2026-06-09 18:23:08.872017+00,2026-06-09 18:23:47.68245+00,2026-06-09 18:23:47.820031+00,0.137581,38.948014,
60b62229-ca0c-4a08-a0d6-8bc2fa6a67b7,numbered,74865,completed,sold,1,2026-06-09 18:23:08.896854+00,2026-06-09 18:23:47.711538+00,2026-06-09 18:23:47.82014+00,0.108602,38.923286,
b6721c33-fffe-45d9-a5e2-8adeaf257ccf,numbered,62562,completed,sold,1,2026-06-09 18:23:08.887889+00,2026-06-09 18:23:47.694705+00,2026-06-09 18:23:47.820769+00,0.126064,38.932880,
875404f4-bfe4-48e4-b86a-f57bc3b34d69,numbered,22250,completed,sold,1,2026-06-09 18:23:08.847895+00,2026-06-09 18:23:47.679874+00,2026-06-09 18:23:47.821514+00,0.141640,38.973619,
0f3a4a8f-229f-432a-952f-c6e04848ef5c,numbered,93027,completed,sold,1,2026-06-09 18:23:08.900121+00,2026-06-09 18:23:47.753651+00,2026-06-09 18:23:47.86178+00,0.108129,38.961659,
140ec67c-ef37-48de-a518-f30028c1843a,numbered,8609,completed,sold,1,2026-06-09 18:23:08.904037+00,2026-06-09 18:23:47.767689+00,2026-06-09 18:23:47.890479+00,0.122790,38.986442,
9981869d-154d-4f60-83dc-3ca327a18e13,numbered,22934,completed,sold,1,2026-06-09 18:23:08.907932+00,2026-06-09 18:23:47.903696+00,2026-06-09 18:23:48.010285+00,0.106589,39.102353,
359d1f9f-b478-43da-bc5e-845414395c3b,numbered,37573,completed,sold,1,2026-06-09 18:23:08.911927+00,2026-06-09 18:23:47.930057+00,2026-06-09 18:23:48.036141+00,0.106084,39.124214,
dfb732ee-3948-4db6-825d-6b87042fdbb6,numbered,76771,completed,seat_unavailable,1,2026-06-09 18:23:08.935948+00,2026-06-09 18:23:47.948767+00,2026-06-09 18:23:48.070544+00,0.121777,39.134596,
01dab8c8-083d-4c3c-9091-381b4d1fb116,numbered,37479,completed,sold,1,2026-06-09 18:23:08.943902+00,2026-06-09 18:23:47.952739+00,2026-06-09 18:23:48.073182+00,0.120443,39.129280,
359f661f-2318-445c-8f8b-dd22a4014941,numbered,75220,completed,sold,1,2026-06-09 18:23:08.988017+00,2026-06-09 18:23:47.962893+00,2026-06-09 18:23:48.074097+00,0.111204,39.086080,
440529d7-a190-4807-9680-8c70cebda6eb,numbered,77787,completed,sold,1,2026-06-09 18:23:08.992074+00,2026-06-09 18:23:47.959011+00,2026-06-09 18:23:48.074826+00,0.115815,39.082752,
167fd875-580c-4d71-b579-4488ee288343,numbered,77404,completed,sold,1,2026-06-09 18:23:08.983993+00,2026-06-09 18:23:47.944371+00,2026-06-09 18:23:48.085128+00,0.140757,39.101135,
771594ff-ae8a-4882-b5bc-f6f44724545e,numbered,19454,completed,sold,1,2026-06-09 18:23:08.972161+00,2026-06-09 18:23:47.962197+00,2026-06-09 18:23:48.088485+00,0.126288,39.116324,
3ce801ab-1b4a-4aa3-856d-7dd6acc6cdcc,numbered,38524,completed,sold,1,2026-06-09 18:23:08.931886+00,2026-06-09 18:23:47.953175+00,2026-06-09 18:23:48.089254+00,0.136079,39.157368,
039fe1d1-8a18-43e4-8db8-64dc7adcdd95,numbered,47991,completed,sold,1,2026-06-09 18:23:08.999978+00,2026-06-09 18:23:47.98016+00,2026-06-09 18:23:48.089973+00,0.109813,39.089995,
9d7b5c46-954b-4447-93e2-c809c6970b26,numbered,69173,completed,sold,1,2026-06-09 18:23:08.960001+00,2026-06-09 18:23:47.958411+00,2026-06-09 18:23:48.093988+00,0.135577,39.133987,
5313c407-cd85-4b2c-9453-48440645f1da,numbered,82064,completed,sold,1,2026-06-09 18:23:08.95609+00,2026-06-09 18:23:47.960911+00,2026-06-09 18:23:48.094322+00,0.133411,39.138232,
ffeb57fc-785a-4970-abd2-48dcfb5cb74f,numbered,70421,completed,sold,1,2026-06-09 18:23:08.939987+00,2026-06-09 18:23:47.952884+00,2026-06-09 18:23:48.094712+00,0.141828,39.154725,
2ca65f7d-e628-46b4-9806-31551182ad69,numbered,3944,completed,sold,1,2026-06-09 18:23:08.919975+00,2026-06-09 18:23:47.960747+00,2026-06-09 18:23:48.094999+00,0.134252,39.175024,
bf28c694-532d-4e36-b29e-d150d1550e5a,numbered,66796,completed,sold,1,2026-06-09 18:23:08.91595+00,2026-06-09 18:23:47.948043+00,2026-06-09 18:23:48.095452+00,0.147409,39.179502,
32378dd9-f4be-4c1c-a57f-0ed588554e77,numbered,39188,completed,sold,1,2026-06-09 18:23:09.0048+00,2026-06-09 18:23:47.985075+00,2026-06-09 18:23:48.096259+00,0.111184,39.091459,
3832c4ca-51c5-4135-a0d3-1a388ab09a44,numbered,32678,completed,sold,1,2026-06-09 18:23:08.927857+00,2026-06-09 18:23:47.949481+00,2026-06-09 18:23:48.097679+00,0.148198,39.169822,
942890d7-cfac-40c5-a836-2c1dfabe0046,numbered,68105,completed,sold,1,2026-06-09 18:23:08.968034+00,2026-06-09 18:23:47.950465+00,2026-06-09 18:23:48.098395+00,0.147930,39.130361,
1e978569-a4d1-4d57-8626-27491e28d38c,numbered,8752,completed,sold,1,2026-06-09 18:23:08.995869+00,2026-06-09 18:23:47.961426+00,2026-06-09 18:23:48.099104+00,0.137678,39.103235,
8f6b9583-9c8b-4f0b-bfbb-0686e26b183c,numbered,71106,completed,sold,1,2026-06-09 18:23:08.98+00,2026-06-09 18:23:47.951682+00,2026-06-09 18:23:48.099797+00,0.148115,39.119797,
4f49356e-f2a4-401e-8e5b-613ad45c36e6,numbered,40879,completed,sold,1,2026-06-09 18:23:08.947878+00,2026-06-09 18:23:47.955028+00,2026-06-09 18:23:48.100551+00,0.145523,39.152673,
d5a5f6ec-1d87-43e1-9367-0bec95001b43,numbered,46281,completed,sold,1,2026-06-09 18:23:08.976067+00,2026-06-09 18:23:47.949481+00,2026-06-09 18:23:48.101493+00,0.152012,39.125426,
ada9e060-0540-47c3-94a9-3bd5d96531cf,numbered,74107,completed,sold,1,2026-06-09 18:23:08.923898+00,2026-06-09 18:23:47.9481+00,2026-06-09 18:23:48.102237+00,0.154137,39.178339,
1b159644-40d1-448b-94a3-d772f482d54e,numbered,81430,completed,sold,1,2026-06-09 18:23:08.963961+00,2026-06-09 18:23:47.947331+00,2026-06-09 18:23:48.102904+00,0.155573,39.138943,
7488433b-7a2e-40a5-a6fb-906307cb306f,numbered,12310,completed,sold,1,2026-06-09 18:23:08.951996+00,2026-06-09 18:23:47.948767+00,2026-06-09 18:23:48.104374+00,0.155607,39.152378,
dd361ee1-13d0-415f-a884-2f897491dcc6,numbered,80503,completed,sold,1,2026-06-09 18:23:09.008512+00,2026-06-09 18:23:48.045002+00,2026-06-09 18:23:48.153035+00,0.108033,39.144523,
d7aa367c-a822-498f-a7f9-b47d86d992a8,numbered,61949,completed,sold,1,2026-06-09 18:23:09.011923+00,2026-06-09 18:23:48.145961+00,2026-06-09 18:23:48.252065+00,0.106104,39.240142,
e8b10bee-fb0f-464e-88e2-3faed7a8ca35,numbered,46789,completed,sold,1,2026-06-09 18:23:09.040045+00,2026-06-09 18:23:48.189391+00,2026-06-09 18:23:48.294042+00,0.104651,39.253997,
3df0f4f7-0556-4e41-8209-1eefa4b63b98,numbered,90283,completed,sold,1,2026-06-09 18:23:09.016096+00,2026-06-09 18:23:48.203474+00,2026-06-09 18:23:48.312264+00,0.108790,39.296168,
454c5cd6-8fbd-452a-b090-dc0396a310e8,numbered,49294,completed,sold,1,2026-06-09 18:23:09.020011+00,2026-06-09 18:23:48.20139+00,2026-06-09 18:23:48.312964+00,0.111574,39.292953,
d622a9a5-f4af-42d2-adb6-4932536335c0,numbered,59921,completed,sold,1,2026-06-09 18:23:09.063934+00,2026-06-09 18:23:48.201139+00,2026-06-09 18:23:48.313708+00,0.112569,39.249774,
d7b7a2af-60d9-4764-83ac-56ae49cff5c3,numbered,49800,completed,sold,1,2026-06-09 18:23:09.028127+00,2026-06-09 18:23:48.201355+00,2026-06-09 18:23:48.316661+00,0.115306,39.288534,
e82b7185-8006-4b03-9bf0-7f385f45cf94,numbered,760,completed,sold,1,2026-06-09 18:23:09.043893+00,2026-06-09 18:23:48.206893+00,2026-06-09 18:23:48.318977+00,0.112084,39.275084,
6a94a7ee-e499-4dca-8bf2-c04db6f83928,numbered,5494,completed,sold,1,2026-06-09 18:23:09.023938+00,2026-06-09 18:23:48.201598+00,2026-06-09 18:23:48.319713+00,0.118115,39.295775,
1190127a-46fd-4809-9627-33a65a6bb04b,numbered,51821,completed,sold,1,2026-06-09 18:23:09.031959+00,2026-06-09 18:23:48.21158+00,2026-06-09 18:23:48.320423+00,0.108843,39.288464,
02ddb2a7-a632-40c2-a58b-735f6dca0706,numbered,5469,completed,sold,1,2026-06-09 18:23:09.055864+00,2026-06-09 18:23:48.201077+00,2026-06-09 18:23:48.321207+00,0.120130,39.265343,
eaa4868f-f7a6-4133-a56d-4008013a0123,numbered,76610,completed,sold,1,2026-06-09 18:23:09.072093+00,2026-06-09 18:23:48.246071+00,2026-06-09 18:23:48.356741+00,0.110670,39.284648,
1b6056fc-bf29-42e4-bb87-0efa0391d4f5,numbered,32259,completed,sold,1,2026-06-09 18:23:09.035843+00,2026-06-09 18:23:48.249443+00,2026-06-09 18:23:48.356963+00,0.107520,39.321120,
8b323f90-eafd-46e7-a6ec-428f7089110f,numbered,57964,completed,sold,1,2026-06-09 18:23:09.080079+00,2026-06-09 18:23:48.246871+00,2026-06-09 18:23:48.357477+00,0.110606,39.277398,
17346b73-2dbf-44f8-9603-052320838fe2,numbered,22054,completed,sold,1,2026-06-09 18:23:09.051953+00,2026-06-09 18:23:48.234379+00,2026-06-09 18:23:48.35995+00,0.125571,39.307997,
8f370b4a-7aa3-49f2-aa26-ea992534d327,numbered,40942,completed,sold,1,2026-06-09 18:23:09.115933+00,2026-06-09 18:23:48.271195+00,2026-06-09 18:23:48.377483+00,0.106288,39.261550,
65f9069b-382a-417b-85cf-a271f965a40a,numbered,63957,completed,sold,1,2026-06-09 18:23:09.04793+00,2026-06-09 18:23:48.267666+00,2026-06-09 18:23:48.378177+00,0.110511,39.330247,
0a6424a0-b5f5-4cb6-b7dd-eecd550a0ef5,numbered,76919,completed,sold,1,2026-06-09 18:23:09.108148+00,2026-06-09 18:23:48.259728+00,2026-06-09 18:23:48.378935+00,0.119207,39.270787,
f33a33d7-6fb7-40cb-b94a-a0ddab467981,numbered,9327,completed,sold,1,2026-06-09 18:23:09.099937+00,2026-06-09 18:23:48.261229+00,2026-06-09 18:23:48.379656+00,0.118427,39.279719,
13dcfbb6-e777-4389-8e43-3128979024f3,numbered,41058,completed,sold,1,2026-06-09 18:23:09.059884+00,2026-06-09 18:23:48.240747+00,2026-06-09 18:23:48.380426+00,0.139679,39.320542,
d9d11055-73ce-4265-a18a-d80a67281424,numbered,19171,completed,sold,1,2026-06-09 18:23:09.112079+00,2026-06-09 18:23:48.260501+00,2026-06-09 18:23:48.380659+00,0.120158,39.268580,
00d7f8b0-84ea-4799-8e1e-6c9068304c08,numbered,72393,completed,sold,1,2026-06-09 18:23:09.084026+00,2026-06-09 18:23:48.257345+00,2026-06-09 18:23:48.381445+00,0.124100,39.297419,
028d1bc1-1fac-44a8-9221-47952b890d7e,numbered,96123,completed,sold,1,2026-06-09 18:23:09.075964+00,2026-06-09 18:23:48.26748+00,2026-06-09 18:23:48.395765+00,0.128285,39.319801,
f012d419-d382-4c5d-8ab2-57e588dabe55,numbered,40954,completed,sold,1,2026-06-09 18:23:09.11993+00,2026-06-09 18:23:48.282783+00,2026-06-09 18:23:48.398164+00,0.115381,39.278234,
19f23185-3687-4b41-b2e1-45d20ab80d81,numbered,58699,completed,sold,1,2026-06-09 18:23:09.103921+00,2026-06-09 18:23:48.268204+00,2026-06-09 18:23:48.398919+00,0.130715,39.294998,
653bb5d5-e4c0-40cd-a786-d8db6ab9cd9d,numbered,31300,completed,sold,1,2026-06-09 18:23:09.088016+00,2026-06-09 18:23:48.264925+00,2026-06-09 18:23:48.401236+00,0.136311,39.313220,
89286dad-8d71-4e8a-a802-e772f3e03e9e,numbered,16967,completed,sold,1,2026-06-09 18:23:09.067998+00,2026-06-09 18:23:48.265447+00,2026-06-09 18:23:48.401959+00,0.136512,39.333961,
bf3d6345-455e-44a6-a4eb-3185cbaf68e0,numbered,30995,completed,sold,1,2026-06-09 18:23:09.096018+00,2026-06-09 18:23:48.265447+00,2026-06-09 18:23:48.402709+00,0.137262,39.306691,
b071591b-a5b7-490b-89f0-db94be26d045,numbered,26190,completed,sold,1,2026-06-09 18:23:09.091935+00,2026-06-09 18:23:48.26618+00,2026-06-09 18:23:48.403439+00,0.137259,39.311504,
2c0539ec-8f4f-4bcc-a530-edb1b24b2377,numbered,26165,completed,sold,1,2026-06-09 18:23:09.123972+00,2026-06-09 18:23:48.333255+00,2026-06-09 18:23:48.438106+00,0.104851,39.314134,
19cef886-d961-4c42-839e-5028196489f5,numbered,46646,completed,sold,1,2026-06-09 18:23:09.127993+00,2026-06-09 18:23:48.350927+00,2026-06-09 18:23:48.457067+00,0.106140,39.329074,
a67523fc-e965-4682-bc61-814f58dd825e,numbered,23141,completed,sold,1,2026-06-09 18:23:09.135913+00,2026-06-09 18:23:48.437321+00,2026-06-09 18:23:48.542518+00,0.105197,39.406605,
d97da988-2b44-4092-b496-69176874f397,numbered,61832,completed,sold,1,2026-06-09 18:23:09.152081+00,2026-06-09 18:23:48.449454+00,2026-06-09 18:23:48.556032+00,0.106578,39.403951,
2f8f808f-450c-4ab8-9634-efd222ea6716,numbered,57250,completed,sold,1,2026-06-09 18:23:09.148029+00,2026-06-09 18:23:48.450811+00,2026-06-09 18:23:48.556634+00,0.105823,39.408605,
683099c1-c9b6-4bbf-a66b-98bacf9895e9,numbered,95472,completed,sold,1,2026-06-09 18:23:09.13187+00,2026-06-09 18:23:48.451421+00,2026-06-09 18:23:48.557018+00,0.105597,39.425148,
f9d37a00-48b8-40fa-b8bc-bd3811c9d764,numbered,10874,completed,sold,1,2026-06-09 18:23:09.139974+00,2026-06-09 18:23:48.474723+00,2026-06-09 18:23:48.581303+00,0.106580,39.441329,
67d23e58-0d58-4973-a871-628ea41a8e0b,numbered,50235,completed,sold,1,2026-06-09 18:23:09.143928+00,2026-06-09 18:23:48.484012+00,2026-06-09 18:23:48.594848+00,0.110836,39.450920,
49f53e13-0c6e-47be-82a1-9b36cb6d50b4,numbered,63236,completed,sold,1,2026-06-09 18:23:09.192014+00,2026-06-09 18:23:48.517607+00,2026-06-09 18:23:48.626897+00,0.109290,39.434883,
960327c5-7b22-4223-b737-4a4ffd493e71,numbered,68786,completed,sold,1,2026-06-09 18:23:09.188182+00,2026-06-09 18:23:48.516907+00,2026-06-09 18:23:48.627586+00,0.110679,39.439404,
1ca9e189-8561-494b-9432-7e30ed900ae5,numbered,51476,completed,sold,1,2026-06-09 18:23:09.196189+00,2026-06-09 18:23:48.517553+00,2026-06-09 18:23:48.635931+00,0.118378,39.439742,
2f9aa386-4464-4763-80a5-ab9d9074ecda,numbered,79143,completed,sold,1,2026-06-09 18:23:09.215978+00,2026-06-09 18:23:48.531078+00,2026-06-09 18:23:48.642655+00,0.111577,39.426677,
01503092-f521-481e-bf19-1866bf9b2148,numbered,94102,completed,sold,1,2026-06-09 18:23:09.223955+00,2026-06-09 18:23:48.537824+00,2026-06-09 18:23:48.643398+00,0.105574,39.419443,
a95a047d-e52e-49a3-a9fd-aa9ddd41b1f8,numbered,60408,completed,sold,1,2026-06-09 18:23:09.219979+00,2026-06-09 18:23:48.524093+00,2026-06-09 18:23:48.644137+00,0.120044,39.424158,
f242dcc0-a244-4aab-bcbc-b20ddd95acd0,numbered,2190,completed,sold,1,2026-06-09 18:23:09.17611+00,2026-06-09 18:23:48.533266+00,2026-06-09 18:23:48.644857+00,0.111591,39.468747,
b679e597-63d2-4555-a3c2-5ed86a93e907,numbered,14881,completed,sold,1,2026-06-09 18:23:09.16418+00,2026-06-09 18:23:48.520353+00,2026-06-09 18:23:48.647031+00,0.126678,39.482851,
8eb303c7-84dd-4cc7-a827-6b7045530489,numbered,69758,completed,sold,1,2026-06-09 18:23:09.18403+00,2026-06-09 18:23:48.541373+00,2026-06-09 18:23:48.652394+00,0.111021,39.468364,
fdd3ffd1-8e0a-4a61-909b-a43717a1974a,numbered,86392,completed,sold,1,2026-06-09 18:23:09.235919+00,2026-06-09 18:23:48.543169+00,2026-06-09 18:23:48.65278+00,0.109611,39.416861,
c4baa578-50d0-467c-818b-bd82c9625aa7,numbered,44841,completed,sold,1,2026-06-09 18:23:09.179976+00,2026-06-09 18:23:48.518298+00,2026-06-09 18:23:48.655161+00,0.136863,39.475185,
ad440e09-6d27-44d3-9293-611ff4cab09b,numbered,34219,completed,sold,1,2026-06-09 18:23:09.208017+00,2026-06-09 18:23:48.549663+00,2026-06-09 18:23:48.655988+00,0.106325,39.447971,
95812ac6-2ad4-41e3-9a54-d753eaa0559e,numbered,6236,completed,sold,1,2026-06-09 18:23:09.155973+00,2026-06-09 18:23:48.518981+00,2026-06-09 18:23:48.656721+00,0.137740,39.500748,
5432360e-3cbf-4fb9-a4c8-1cc3fb2bc025,numbered,16845,completed,sold,1,2026-06-09 18:23:09.20427+00,2026-06-09 18:23:48.519658+00,2026-06-09 18:23:48.658725+00,0.139067,39.454455,
e917cd09-f76c-48da-a26d-bb35c5c17850,numbered,91665,completed,sold,1,2026-06-09 18:23:09.227959+00,2026-06-09 18:23:48.550326+00,2026-06-09 18:23:48.665361+00,0.115035,39.437402,
0ed46697-5396-47b9-a274-8fe9cc17113c,numbered,74951,completed,sold,1,2026-06-09 18:23:09.232107+00,2026-06-09 18:23:48.549654+00,2026-06-09 18:23:48.666636+00,0.116982,39.434529,
9b0d03f0-8877-4847-807f-50e4d463aa32,numbered,40512,completed,sold,1,2026-06-09 18:23:09.200111+00,2026-06-09 18:23:48.545071+00,2026-06-09 18:23:48.667509+00,0.122438,39.467398,
9d66b071-002e-4ad3-b3aa-0b1e796216f7,numbered,7403,completed,sold,1,2026-06-09 18:23:09.21212+00,2026-06-09 18:23:48.542158+00,2026-06-09 18:23:48.668266+00,0.126108,39.456146,
dc47be51-b466-47ea-848e-1b9897d14227,numbered,99884,completed,sold,1,2026-06-09 18:23:09.167888+00,2026-06-09 18:23:48.544506+00,2026-06-09 18:23:48.669031+00,0.124525,39.501143,
4f08641e-fa42-451d-bf86-434806aa4a18,numbered,88572,completed,sold,1,2026-06-09 18:23:09.172051+00,2026-06-09 18:23:48.540687+00,2026-06-09 18:23:48.669802+00,0.129115,39.497751,
a80da780-d08c-424a-a038-25a4617b0fc1,numbered,58772,completed,sold,1,2026-06-09 18:23:09.159927+00,2026-06-09 18:23:48.548995+00,2026-06-09 18:23:48.670571+00,0.121576,39.510644,
64ce96be-0d56-455d-8685-f550ef8efc81,numbered,14986,completed,sold,1,2026-06-09 18:23:09.255914+00,2026-06-09 18:23:48.590179+00,2026-06-09 18:23:48.705715+00,0.115536,39.449801,
83d17900-acdd-4f0f-825a-aefdf0323b72,numbered,12144,completed,sold,1,2026-06-09 18:23:09.251836+00,2026-06-09 18:23:48.587601+00,2026-06-09 18:23:48.706516+00,0.118915,39.454680,
c0ac8a2c-7796-4792-bd12-ed2ca883e740,numbered,69450,completed,sold,1,2026-06-09 18:23:09.240054+00,2026-06-09 18:23:48.599069+00,2026-06-09 18:23:48.711385+00,0.112316,39.471331,
6d9e44f3-d785-41c7-8d50-2393a8571fe4,numbered,36217,completed,sold,1,2026-06-09 18:23:09.247974+00,2026-06-09 18:23:48.597232+00,2026-06-09 18:23:48.712459+00,0.115227,39.464485,
2e7074c0-6d5a-4141-b795-17c7178fa805,numbered,86952,completed,sold,1,2026-06-09 18:23:09.244227+00,2026-06-09 18:23:48.57242+00,2026-06-09 18:23:48.712811+00,0.140391,39.468584,
23f46ecc-9fab-4a5c-86f7-bb24006f238f,numbered,87552,completed,sold,1,2026-06-09 18:23:09.259944+00,2026-06-09 18:23:48.611625+00,2026-06-09 18:23:48.720942+00,0.109317,39.460998,
6a1687b2-08ec-43ab-9c5f-d2e3982beae3,numbered,8335,completed,sold,1,2026-06-09 18:23:09.263956+00,2026-06-09 18:23:48.617374+00,2026-06-09 18:23:48.722411+00,0.105037,39.458455,
532a4646-3ba8-494e-8edc-89d0d68bd621,numbered,12309,completed,sold,1,2026-06-09 18:23:09.268073+00,2026-06-09 18:23:48.79884+00,2026-06-09 18:23:48.904+00,0.105160,39.635927,
9326aeb7-c293-479c-87bd-c482135b3c74,numbered,213,completed,sold,1,2026-06-09 18:23:09.272112+00,2026-06-09 18:23:48.803101+00,2026-06-09 18:23:48.909125+00,0.106024,39.637013,
495c1af1-a3ea-4a4a-b416-c71f04fed3ee,numbered,52711,completed,sold,1,2026-06-09 18:23:09.284016+00,2026-06-09 18:23:48.81683+00,2026-06-09 18:23:48.921724+00,0.104894,39.637708,
1ef85fe9-6f53-4578-ad2e-e14ba3e9da76,numbered,61771,completed,sold,1,2026-06-09 18:23:09.311942+00,2026-06-09 18:23:48.824588+00,2026-06-09 18:23:48.934482+00,0.109894,39.622540,
690fea11-71ec-404f-9726-e4dd143c46fc,numbered,77839,completed,sold,1,2026-06-09 18:23:09.280083+00,2026-06-09 18:23:48.826854+00,2026-06-09 18:23:48.934625+00,0.107771,39.654542,
24ad1f01-b020-4b5d-9692-ce84c8dd24ab,numbered,19700,completed,sold,1,2026-06-09 18:23:09.316192+00,2026-06-09 18:23:48.840543+00,2026-06-09 18:23:48.954741+00,0.114198,39.638549,
220aa133-9e64-45fe-b285-cf6ffdc49762,numbered,92104,completed,sold,1,2026-06-09 18:23:09.3599+00,2026-06-09 18:23:48.850725+00,2026-06-09 18:23:48.966379+00,0.115654,39.606479,
43186de3-e2da-4eaf-ab8c-3458eaaccb93,numbered,16496,completed,sold,1,2026-06-09 18:23:09.376109+00,2026-06-09 18:23:48.854284+00,2026-06-09 18:23:48.967324+00,0.113040,39.591215,
dfa49993-5d36-4bd7-aecf-d7e71fe8b1c3,numbered,50516,completed,sold,1,2026-06-09 18:23:09.372111+00,2026-06-09 18:23:48.853617+00,2026-06-09 18:23:48.968026+00,0.114409,39.595915,
f08515f6-3dd4-44ae-8946-5ac3ed807af1,numbered,65396,completed,sold,1,2026-06-09 18:23:09.339917+00,2026-06-09 18:23:48.835504+00,2026-06-09 18:23:48.968778+00,0.133274,39.628861,
dacbbc68-e236-471b-ba5a-ba193dc714f8,numbered,13792,completed,sold,1,2026-06-09 18:23:09.368021+00,2026-06-09 18:23:48.854702+00,2026-06-09 18:23:48.969487+00,0.114785,39.601466,
89745cdb-9e12-4c18-ad7b-471ddf61baa0,numbered,7025,completed,sold,1,2026-06-09 18:23:09.275949+00,2026-06-09 18:23:48.83384+00,2026-06-09 18:23:48.970223+00,0.136383,39.694274,
60cae21d-1523-4f86-a88d-fc710f0e8751,numbered,17777,completed,sold,1,2026-06-09 18:23:09.347859+00,2026-06-09 18:23:48.839526+00,2026-06-09 18:23:48.970965+00,0.131439,39.623106,
a06df7f0-71e2-4d81-a80a-ada2cfc723ad,numbered,34921,completed,sold,1,2026-06-09 18:23:09.355943+00,2026-06-09 18:23:48.848689+00,2026-06-09 18:23:48.971711+00,0.123022,39.615768,
095ac1a6-caca-4b5c-b19a-3d1365926910,numbered,83541,completed,sold,1,2026-06-09 18:23:09.288017+00,2026-06-09 18:23:48.834644+00,2026-06-09 18:23:48.972468+00,0.137824,39.684451,
c662b1d9-182e-4416-aede-2477e69bf35e,numbered,87208,completed,sold,1,2026-06-09 18:23:09.327985+00,2026-06-09 18:23:48.834644+00,2026-06-09 18:23:48.974234+00,0.139590,39.646249,
5d949dc2-8775-4365-8fa5-cbd8d18f1518,numbered,83470,completed,sold,1,2026-06-09 18:23:09.323833+00,2026-06-09 18:23:48.837677+00,2026-06-09 18:23:48.974669+00,0.136992,39.650836,
50d43e0c-1015-4276-88ed-6f067debc91b,numbered,45923,completed,sold,1,2026-06-09 18:23:09.292002+00,2026-06-09 18:23:48.836163+00,2026-06-09 18:23:48.974948+00,0.138785,39.682946,
a00b7c2d-42ed-4f90-94c6-5c7d5ba965b3,numbered,33055,completed,sold,1,2026-06-09 18:23:09.303921+00,2026-06-09 18:23:48.839176+00,2026-06-09 18:23:48.975718+00,0.136542,39.671797,
f005b705-9d9a-451b-9d07-b43244a89f39,numbered,48331,completed,sold,1,2026-06-09 18:23:09.351923+00,2026-06-09 18:23:48.845975+00,2026-06-09 18:23:48.976479+00,0.130504,39.624556,
19f8d2b6-8d00-4765-92eb-8aa5521a1cd2,numbered,713,completed,sold,1,2026-06-09 18:23:09.36396+00,2026-06-09 18:23:48.852474+00,2026-06-09 18:23:48.97723+00,0.124756,39.613270,
398a5ffb-1f9f-45d5-b6f8-3bd26183048a,numbered,10590,completed,sold,1,2026-06-09 18:23:09.299971+00,2026-06-09 18:23:48.846809+00,2026-06-09 18:23:48.977978+00,0.131169,39.678007,
8678a2ed-2416-4cec-be55-5bd992bc406b,numbered,35137,completed,sold,1,2026-06-09 18:23:09.343829+00,2026-06-09 18:23:48.843054+00,2026-06-09 18:23:48.978769+00,0.135715,39.634940,
4a2b061d-a2a5-4338-b733-96f966ea8fc7,numbered,54134,completed,sold,1,2026-06-09 18:23:09.32018+00,2026-06-09 18:23:48.835426+00,2026-06-09 18:23:48.979485+00,0.144059,39.659305,
79ed5896-086a-480c-8c1f-0aa93c7bef39,numbered,50185,completed,sold,1,2026-06-09 18:23:09.295965+00,2026-06-09 18:23:48.836921+00,2026-06-09 18:23:48.980231+00,0.143310,39.684266,
22481ede-1da9-4f21-8980-1e2df266ac0d,numbered,20951,completed,sold,1,2026-06-09 18:23:09.33187+00,2026-06-09 18:23:48.839889+00,2026-06-09 18:23:48.980956+00,0.141067,39.649086,
012f0949-00c6-4071-bef0-8560a89c4433,numbered,77384,completed,sold,1,2026-06-09 18:23:09.335839+00,2026-06-09 18:23:48.838403+00,2026-06-09 18:23:48.982333+00,0.143930,39.646494,
416752fd-6929-4c8e-8f4c-44ddce279565,numbered,74169,completed,sold,1,2026-06-09 18:23:09.307915+00,2026-06-09 18:23:48.827657+00,2026-06-09 18:23:48.982766+00,0.155109,39.674851,
e98a174c-f8a2-43b6-ad08-35d9def9eef4,numbered,37820,completed,sold,1,2026-06-09 18:23:09.387954+00,2026-06-09 18:23:49.040725+00,2026-06-09 18:23:49.145818+00,0.105093,39.757864,
080eda1c-1606-4756-92b9-38204eb366ee,numbered,74561,completed,sold,1,2026-06-09 18:23:09.379997+00,2026-06-09 18:23:49.047664+00,2026-06-09 18:23:49.155482+00,0.107818,39.775485,
7b3b0463-6c1f-4cfe-8377-4a4ea07f9934,numbered,87215,completed,sold,1,2026-06-09 18:23:09.38401+00,2026-06-09 18:23:49.081976+00,2026-06-09 18:23:49.187774+00,0.105798,39.803764,
94dbfec2-179c-4fb5-b21f-4339c19213c8,numbered,73311,completed,sold,1,2026-06-09 18:23:09.391934+00,2026-06-09 18:23:49.093271+00,2026-06-09 18:23:49.198039+00,0.104768,39.806105,
5526fa82-7063-4692-ab70-8bddc7fde8e1,numbered,95744,completed,sold,1,2026-06-09 18:23:09.415962+00,2026-06-09 18:23:49.101257+00,2026-06-09 18:23:49.215299+00,0.114042,39.799337,
959d448d-a998-4861-a552-88faaffe3640,numbered,35164,completed,sold,1,2026-06-09 18:23:09.439871+00,2026-06-09 18:23:49.103539+00,2026-06-09 18:23:49.216004+00,0.112465,39.776133,
7bf8cb97-e207-446c-927b-4d1ed63fb229,numbered,42624,completed,sold,1,2026-06-09 18:23:09.44795+00,2026-06-09 18:23:49.116311+00,2026-06-09 18:23:49.222284+00,0.105973,39.774334,
12813844-fac6-4e57-b156-d5214ff52e5d,numbered,76932,completed,sold,1,2026-06-09 18:23:09.435936+00,2026-06-09 18:23:49.102035+00,2026-06-09 18:23:49.222826+00,0.120791,39.786890,
22282754-04bd-4929-abee-982fcb7e0186,numbered,65625,completed,sold,1,2026-06-09 18:23:09.411948+00,2026-06-09 18:23:49.104522+00,2026-06-09 18:23:49.222986+00,0.118464,39.811038,
2b6f6172-8f7e-466d-a22e-3f655796b2e1,numbered,37406,completed,sold,1,2026-06-09 18:23:09.431915+00,2026-06-09 18:23:49.107074+00,2026-06-09 18:23:49.22376+00,0.116686,39.791845,
0c85c378-f71e-4486-bcc2-be6af69329dd,numbered,16348,completed,sold,1,2026-06-09 18:23:09.395983+00,2026-06-09 18:23:49.106343+00,2026-06-09 18:23:49.224532+00,0.118189,39.828549,
58ccd289-f129-4a1a-834e-f741e2664951,numbered,29132,completed,sold,1,2026-06-09 18:23:09.463994+00,2026-06-09 18:23:49.13564+00,2026-06-09 18:23:49.244214+00,0.108574,39.780220,
97248b58-60d7-4805-a14e-e34dbed96c30,numbered,32949,completed,sold,1,2026-06-09 18:23:09.475943+00,2026-06-09 18:23:49.139455+00,2026-06-09 18:23:49.251743+00,0.112288,39.775800,
34f75eb5-deef-484d-bc56-29cf24355e32,numbered,36107,completed,sold,1,2026-06-09 18:23:09.455929+00,2026-06-09 18:23:49.124611+00,2026-06-09 18:23:49.25269+00,0.128079,39.796761,
8757891e-49b6-47dd-af5f-aee92dc18c70,numbered,39887,completed,sold,1,2026-06-09 18:23:09.403978+00,2026-06-09 18:23:49.131387+00,2026-06-09 18:23:49.253454+00,0.122067,39.849476,
5e8215b9-0caf-49b0-861f-21b371ba74cc,numbered,53909,completed,sold,1,2026-06-09 18:23:09.399879+00,2026-06-09 18:23:49.133499+00,2026-06-09 18:23:49.254239+00,0.120740,39.854360,
863e8fa8-d5ea-4b6b-a40e-95f202b5bba0,numbered,5041,completed,sold,1,2026-06-09 18:23:09.452076+00,2026-06-09 18:23:49.125351+00,2026-06-09 18:23:49.255032+00,0.129681,39.802956,
a8324ccc-ae88-440d-9083-c6e976947374,numbered,58626,completed,sold,1,2026-06-09 18:23:09.419992+00,2026-06-09 18:23:49.132828+00,2026-06-09 18:23:49.255817+00,0.122989,39.835825,
001bedbe-f6f9-4bf5-84f1-630dccc57099,numbered,8781,completed,sold,1,2026-06-09 18:23:09.471818+00,2026-06-09 18:23:49.14548+00,2026-06-09 18:23:49.257621+00,0.112141,39.785803,
f1f9c534-09e6-4c68-861a-d8ea2def6525,numbered,67182,completed,sold,1,2026-06-09 18:23:09.42389+00,2026-06-09 18:23:49.132098+00,2026-06-09 18:23:49.25805+00,0.125952,39.834160,
f1aff508-d507-498f-aa5e-59237e31dde4,numbered,62634,completed,sold,1,2026-06-09 18:23:09.459921+00,2026-06-09 18:23:49.138652+00,2026-06-09 18:23:49.258507+00,0.119855,39.798586,
53334e6e-8a51-4288-8a8f-7fed3a810690,numbered,77014,completed,sold,1,2026-06-09 18:23:09.443889+00,2026-06-09 18:23:49.126094+00,2026-06-09 18:23:49.260509+00,0.134415,39.816620,
c5e03baa-fdb7-4a99-80b9-a384b66bdc11,numbered,46112,completed,sold,1,2026-06-09 18:23:09.407967+00,2026-06-09 18:23:49.144589+00,2026-06-09 18:23:49.260992+00,0.116403,39.853025,
94b430a1-ea58-466e-8cea-529fa473ff92,numbered,48145,completed,sold,1,2026-06-09 18:23:09.484016+00,2026-06-09 18:23:49.155372+00,2026-06-09 18:23:49.2613+00,0.105928,39.777284,
9d86f740-2ee8-4cfd-8f3e-4f19b8959bb5,numbered,29691,completed,sold,1,2026-06-09 18:23:09.427858+00,2026-06-09 18:23:49.10563+00,2026-06-09 18:23:49.261984+00,0.156354,39.834126,
d071d6e3-951e-4806-bcb4-6a4df7ae1a0e,numbered,58466,completed,sold,1,2026-06-09 18:23:09.479883+00,2026-06-09 18:23:49.146368+00,2026-06-09 18:23:49.263563+00,0.117195,39.783680,
be33eba7-7d16-4d5a-90fa-cf05c3261971,numbered,50033,completed,sold,1,2026-06-09 18:23:09.487927+00,2026-06-09 18:23:49.157826+00,2026-06-09 18:23:49.264362+00,0.106536,39.776435,
80c0d35b-1e25-466f-bc2e-266ba4beba39,numbered,73986,completed,sold,1,2026-06-09 18:23:09.467908+00,2026-06-09 18:23:49.143158+00,2026-06-09 18:23:49.26502+00,0.121862,39.797112,
6852af43-4366-403e-9f74-1f53ec955d1a,numbered,11952,completed,sold,1,2026-06-09 18:23:09.491924+00,2026-06-09 18:23:49.17013+00,2026-06-09 18:23:49.276327+00,0.106197,39.784403,
49ee2bdf-193f-4cc1-91bc-7260210e7b83,numbered,53275,completed,sold,1,2026-06-09 18:23:09.495886+00,2026-06-09 18:23:49.184194+00,2026-06-09 18:23:49.290682+00,0.106488,39.794796,
345ee4e0-cc0a-442e-8300-66888d94c686,numbered,46278,completed,sold,1,2026-06-09 18:23:09.503931+00,2026-06-09 18:23:49.236149+00,2026-06-09 18:23:49.349177+00,0.113028,39.845246,
da215056-9fcf-47e2-9279-669c9b8a4fab,numbered,67958,completed,sold,1,2026-06-09 18:23:09.499808+00,2026-06-09 18:23:49.326657+00,2026-06-09 18:23:49.433036+00,0.106379,39.933228,
f43a832a-0eab-41bb-b44a-2a276fdbc51d,numbered,61216,completed,sold,1,2026-06-09 18:23:09.507847+00,2026-06-09 18:23:49.363897+00,2026-06-09 18:23:49.467901+00,0.104004,39.960054,
41fa4761-17b3-4d11-87b1-6ffc3de0e5cf,numbered,34043,completed,sold,1,2026-06-09 18:23:09.511862+00,2026-06-09 18:23:49.399889+00,2026-06-09 18:23:49.504625+00,0.104736,39.992763,
6a244150-4146-408e-8c12-a27e4bf39460,numbered,38311,completed,sold,1,2026-06-09 18:23:09.555925+00,2026-06-09 18:23:49.405416+00,2026-06-09 18:23:49.511482+00,0.106066,39.955557,
20d6fe05-13ac-403e-a042-9514ad930564,numbered,56707,completed,sold,1,2026-06-09 18:23:09.531948+00,2026-06-09 18:23:49.423781+00,2026-06-09 18:23:49.535061+00,0.111280,40.003113,
c2e7adfb-38a6-46fa-a48b-8c3bfedb6088,numbered,24449,completed,sold,1,2026-06-09 18:23:09.539962+00,2026-06-09 18:23:49.427205+00,2026-06-09 18:23:49.535822+00,0.108617,39.995860,
72e6d6d9-13e2-4c04-bad8-602e2784fe33,numbered,47666,completed,sold,1,2026-06-09 18:23:09.543852+00,2026-06-09 18:23:49.423072+00,2026-06-09 18:23:49.536543+00,0.113471,39.992691,
e800e24b-11c1-4c82-9cd5-86427dde43f4,numbered,4091,completed,sold,1,2026-06-09 18:23:09.559942+00,2026-06-09 18:23:49.41183+00,2026-06-09 18:23:49.537269+00,0.125439,39.977327,
e41859aa-18eb-4534-9611-48f17587ac7c,numbered,2887,completed,sold,1,2026-06-09 18:23:09.551893+00,2026-06-09 18:23:49.417243+00,2026-06-09 18:23:49.538199+00,0.120956,39.986306,
a39fd2d0-eea6-44f6-af32-61e608258be6,numbered,67040,completed,sold,1,2026-06-09 18:23:09.527898+00,2026-06-09 18:23:49.417243+00,2026-06-09 18:23:49.538923+00,0.121680,40.011025,
c6023464-470b-42d1-8d7f-1aceb2ca80cb,numbered,88699,completed,sold,1,2026-06-09 18:23:09.572015+00,2026-06-09 18:23:49.431571+00,2026-06-09 18:23:49.548995+00,0.117424,39.976980,
691d0585-bc72-40e0-a4b1-a93d4482835e,numbered,25797,completed,sold,1,2026-06-09 18:23:09.612013+00,2026-06-09 18:23:49.448763+00,2026-06-09 18:23:49.56111+00,0.112347,39.949097,
356398a3-0232-495c-95c4-5c09babbb764,numbered,13590,completed,sold,1,2026-06-09 18:23:09.59987+00,2026-06-09 18:23:49.435799+00,2026-06-09 18:23:49.56353+00,0.127731,39.963660,
e6d02c3a-c32e-47fb-8bb9-6455471964f9,numbered,99034,completed,sold,1,2026-06-09 18:23:09.523902+00,2026-06-09 18:23:49.418016+00,2026-06-09 18:23:49.564307+00,0.146291,40.040405,
02501281-8245-4a71-9b2c-9c2dfbe54582,numbered,48279,completed,sold,1,2026-06-09 18:23:09.604008+00,2026-06-09 18:23:49.436517+00,2026-06-09 18:23:49.566616+00,0.130099,39.962608,
17e1109c-14f2-4470-9221-69ce2f633da9,numbered,48144,completed,sold,1,2026-06-09 18:23:09.595913+00,2026-06-09 18:23:49.445818+00,2026-06-09 18:23:49.56737+00,0.121552,39.971457,
00022c0e-cf8b-4e99-ba90-d9de42b177ec,numbered,98957,completed,sold,1,2026-06-09 18:23:09.615925+00,2026-06-09 18:23:49.460465+00,2026-06-09 18:23:49.568097+00,0.107632,39.952172,
d216a9d3-f986-4721-ae68-1dfa32e250b4,numbered,28097,completed,sold,1,2026-06-09 18:23:09.535925+00,2026-06-09 18:23:49.419499+00,2026-06-09 18:23:49.568772+00,0.149273,40.032847,
b5f59b8b-2611-4f5c-b416-0b1ffbf1d95e,numbered,53636,completed,sold,1,2026-06-09 18:23:09.567907+00,2026-06-09 18:23:49.430712+00,2026-06-09 18:23:49.569741+00,0.139029,40.001834,
4d6e65b4-2689-4e68-b282-b0e84a74e96f,numbered,34773,completed,sold,1,2026-06-09 18:23:09.607973+00,2026-06-09 18:23:49.439655+00,2026-06-09 18:23:49.570444+00,0.130789,39.962471,
60ac3796-c8e5-4c43-a485-441e932afb3e,numbered,24741,completed,sold,1,2026-06-09 18:23:09.519897+00,2026-06-09 18:23:49.421288+00,2026-06-09 18:23:49.571201+00,0.149913,40.051304,
b099fefb-a33f-448a-960c-36390d53830e,numbered,72998,completed,sold,1,2026-06-09 18:23:09.515881+00,2026-06-09 18:23:49.416715+00,2026-06-09 18:23:49.571965+00,0.155250,40.056084,
2686e74d-2829-40d0-82cb-27e79af7e407,numbered,89244,completed,sold,1,2026-06-09 18:23:09.563848+00,2026-06-09 18:23:49.423198+00,2026-06-09 18:23:49.573181+00,0.149983,40.009333,
065ba673-8cf5-4852-9510-81f9b17e9d6c,numbered,27191,completed,sold,1,2026-06-09 18:23:09.575946+00,2026-06-09 18:23:49.429937+00,2026-06-09 18:23:49.573895+00,0.143958,39.997949,
128c6dbb-0a2b-42fe-a956-419fa312079a,numbered,3492,completed,sold,1,2026-06-09 18:23:09.591877+00,2026-06-09 18:23:49.445617+00,2026-06-09 18:23:49.574758+00,0.129141,39.982881,
50ddfa2b-92ce-4378-bef4-f46805b0eb8f,numbered,24989,completed,sold,1,2026-06-09 18:23:09.583969+00,2026-06-09 18:23:49.444226+00,2026-06-09 18:23:49.576384+00,0.132158,39.992415,
b2d17a81-43fe-461f-ac45-cee9877fb0ca,numbered,4341,completed,sold,1,2026-06-09 18:23:09.547877+00,2026-06-09 18:23:49.418748+00,2026-06-09 18:23:49.577182+00,0.158434,40.029305,
15ae0ed1-95fd-4534-9f15-186d4ce6377b,numbered,93741,completed,sold,1,2026-06-09 18:23:09.580456+00,2026-06-09 18:23:49.444881+00,2026-06-09 18:23:49.577938+00,0.133057,39.997482,
33210c13-91f0-4739-8a22-0beb3e593e22,numbered,17531,completed,sold,1,2026-06-09 18:23:09.587999+00,2026-06-09 18:23:49.441418+00,2026-06-09 18:23:49.578666+00,0.137248,39.990667,
bc3297c7-0188-4df4-bfb3-6d780a2ee153,numbered,86303,completed,sold,1,2026-06-09 18:23:09.619811+00,2026-06-09 18:23:49.487011+00,2026-06-09 18:23:49.638665+00,0.151654,40.018854,
7e72a3c1-a4c8-4bdf-8a17-2e2ef10a5a10,numbered,68109,completed,sold,1,2026-06-09 18:23:09.682432+00,2026-06-09 18:23:49.696554+00,2026-06-09 18:23:49.801094+00,0.104540,40.118662,
2945cac1-6ad7-4b61-925d-98455dbe68b7,numbered,14301,completed,sold,1,2026-06-09 18:23:09.711021+00,2026-06-09 18:23:49.699844+00,2026-06-09 18:23:49.804963+00,0.105119,40.093942,
4cd7638e-9eba-4174-a497-200f3c44c30b,numbered,9862,completed,sold,1,2026-06-09 18:23:09.659937+00,2026-06-09 18:23:49.711899+00,2026-06-09 18:23:49.822702+00,0.110803,40.162765,
5a563e18-9304-43dd-af49-04ffc53277a6,numbered,19186,completed,sold,1,2026-06-09 18:23:09.647932+00,2026-06-09 18:23:49.716981+00,2026-06-09 18:23:49.826208+00,0.109227,40.178276,
9c88a03e-e4c4-464d-bda5-a36005f38ba7,numbered,52408,completed,sold,1,2026-06-09 18:23:09.675301+00,2026-06-09 18:23:49.714124+00,2026-06-09 18:23:49.83061+00,0.116486,40.155309,
105fb521-1dc2-4ff9-bd88-8c9f6705550b,numbered,29999,completed,sold,1,2026-06-09 18:23:09.639847+00,2026-06-09 18:23:49.711131+00,2026-06-09 18:23:49.831375+00,0.120244,40.191528,
c210502a-55f8-4fd2-bfdb-ae9811990473,numbered,18509,completed,sold,1,2026-06-09 18:23:09.696764+00,2026-06-09 18:23:49.71338+00,2026-06-09 18:23:49.832309+00,0.118929,40.135545,
adbd6345-7983-4646-b77d-6bf06a68b1cb,numbered,42585,completed,sold,1,2026-06-09 18:23:09.663995+00,2026-06-09 18:23:49.716103+00,2026-06-09 18:23:49.833098+00,0.116995,40.169103,
87541ecd-4f9d-4507-93ad-856fda6f0b17,numbered,16308,completed,sold,1,2026-06-09 18:23:09.627916+00,2026-06-09 18:23:49.716981+00,2026-06-09 18:23:49.835283+00,0.118302,40.207367,
5af2a0b8-6579-4cb9-a62c-9562426f0301,numbered,40324,completed,sold,1,2026-06-09 18:23:09.668024+00,2026-06-09 18:23:49.712707+00,2026-06-09 18:23:49.837312+00,0.124605,40.169288,
4f2974d2-e5f8-4b16-a04a-54e826bd3fb8,numbered,69037,completed,sold,1,2026-06-09 18:23:09.631925+00,2026-06-09 18:23:49.732339+00,2026-06-09 18:23:49.838285+00,0.105946,40.206360,
42385a71-64c6-4a37-ba39-3c55812eb9c4,numbered,43449,completed,sold,1,2026-06-09 18:23:09.655906+00,2026-06-09 18:23:49.727995+00,2026-06-09 18:23:49.842756+00,0.114761,40.186850,
3d8b6d22-be7e-47ab-b212-85e22eba0267,numbered,31966,completed,sold,1,2026-06-09 18:23:09.623871+00,2026-06-09 18:23:49.726492+00,2026-06-09 18:23:49.843438+00,0.116946,40.219567,
36958e4e-a84f-434b-b5b7-0e47dc354428,numbered,46323,completed,sold,1,2026-06-09 18:23:09.643888+00,2026-06-09 18:23:49.728712+00,2026-06-09 18:23:49.844286+00,0.115574,40.200398,
4ad25c56-ef85-4572-b14b-9a288600b3db,numbered,65356,completed,sold,1,2026-06-09 18:23:09.65185+00,2026-06-09 18:23:49.727281+00,2026-06-09 18:23:49.859508+00,0.132227,40.207658,
4939c234-1ba4-4f6b-83af-dd961c58e5db,numbered,51846,completed,sold,1,2026-06-09 18:23:09.732503+00,2026-06-09 18:23:49.734928+00,2026-06-09 18:23:49.862954+00,0.128026,40.130451,
2d3cfc1b-1e41-4bfe-933a-e9cb4e9711f5,numbered,59090,completed,seat_unavailable,1,2026-06-09 18:23:09.782515+00,2026-06-09 18:23:49.744556+00,2026-06-09 18:23:49.876836+00,0.132280,40.094321,
da94b478-b110-4e3e-8b2d-ad37fb86e455,numbered,16977,completed,seat_unavailable,1,2026-06-09 18:23:09.775361+00,2026-06-09 18:23:49.748954+00,2026-06-09 18:23:49.87793+00,0.128976,40.102569,
004cd3a5-b48d-4e70-b564-86cf9b133176,numbered,91542,completed,sold,1,2026-06-09 18:23:09.789658+00,2026-06-09 18:23:49.751514+00,2026-06-09 18:23:49.884611+00,0.133097,40.094953,
c9754c0a-5a3e-47d4-9766-d8c0552f675c,numbered,12998,completed,sold,1,2026-06-09 18:23:09.746733+00,2026-06-09 18:23:49.746522+00,2026-06-09 18:23:49.885629+00,0.139107,40.138896,
5b97a3d4-9a77-462b-96c0-065902c1156d,numbered,22715,completed,sold,1,2026-06-09 18:23:09.689721+00,2026-06-09 18:23:49.743307+00,2026-06-09 18:23:49.886808+00,0.143501,40.197087,
94bf06e5-cb38-46f3-8147-fd0af3eca7b8,numbered,3236,completed,sold,1,2026-06-09 18:23:09.718316+00,2026-06-09 18:23:49.746522+00,2026-06-09 18:23:49.8914+00,0.144878,40.173084,
914867ed-38e1-4b0e-8e97-56eb9aff7245,numbered,72161,completed,sold,1,2026-06-09 18:23:09.725119+00,2026-06-09 18:23:49.747309+00,2026-06-09 18:23:49.892829+00,0.145520,40.167710,
82048a09-92cd-4479-bee2-0e005b0b2a4b,numbered,70306,completed,sold,1,2026-06-09 18:23:09.753752+00,2026-06-09 18:23:49.750797+00,2026-06-09 18:23:49.896856+00,0.146059,40.143104,
2baf3917-19b8-4806-9030-b10b9c244104,numbered,83931,completed,sold,1,2026-06-09 18:23:09.768066+00,2026-06-09 18:23:49.749535+00,2026-06-09 18:23:49.900701+00,0.151166,40.132635,
5b60d330-911c-45af-ba27-ef14f8afd7c7,numbered,39741,completed,sold,1,2026-06-09 18:23:09.73945+00,2026-06-09 18:23:49.751376+00,2026-06-09 18:23:49.903282+00,0.151906,40.163832,
e0adc16f-dbce-440f-8301-3817e8bee32b,numbered,87642,completed,sold,1,2026-06-09 18:23:09.703892+00,2026-06-09 18:23:49.744731+00,2026-06-09 18:23:49.921562+00,0.176831,40.217670,
1d11b3a5-eeaa-4438-bb8c-dd93ab81c633,numbered,75811,completed,sold,1,2026-06-09 18:23:09.635908+00,2026-06-09 18:23:49.744007+00,2026-06-09 18:23:49.927822+00,0.183815,40.291914,
b5cb13e9-f1fc-4138-9055-40f4f9e67e04,numbered,38692,completed,sold,1,2026-06-09 18:23:09.796626+00,2026-06-09 18:23:49.842104+00,2026-06-09 18:23:49.964868+00,0.122764,40.168242,
4e7e0010-d89b-4503-8d65-fb67c2dbc9c5,numbered,96230,completed,sold,1,2026-06-09 18:23:09.761033+00,2026-06-09 18:23:49.752185+00,2026-06-09 18:23:49.973969+00,0.221784,40.212936,
06f742d8-60b7-4241-ac36-38ba62f4f19f,numbered,849,completed,sold,1,2026-06-09 18:23:09.803971+00,2026-06-09 18:23:49.98358+00,2026-06-09 18:23:50.088736+00,0.105156,40.284765,
730d8e59-12ec-45c8-8d61-a3eaef25b9a1,numbered,8856,completed,sold,1,2026-06-09 18:23:09.846776+00,2026-06-09 18:23:49.993214+00,2026-06-09 18:23:50.101971+00,0.108757,40.255195,
517f4327-eb55-43c0-beb3-015efda1f15b,numbered,70057,completed,sold,1,2026-06-09 18:23:09.868109+00,2026-06-09 18:23:49.994543+00,2026-06-09 18:23:50.102131+00,0.107588,40.234022,
1cbd1ae1-3a61-4a5b-ab7f-c9083e386f26,numbered,44491,completed,sold,1,2026-06-09 18:23:09.818132+00,2026-06-09 18:23:49.993945+00,2026-06-09 18:23:50.102716+00,0.108771,40.284584,
af7cc77b-4fb5-4a51-ae21-c535a853da94,numbered,95565,completed,sold,1,2026-06-09 18:23:09.832234+00,2026-06-09 18:23:49.995242+00,2026-06-09 18:23:50.102734+00,0.107492,40.270500,
804f5100-040f-4320-a32a-e49248355da3,numbered,88265,completed,sold,1,2026-06-09 18:23:09.897614+00,2026-06-09 18:23:50.008384+00,2026-06-09 18:23:50.114139+00,0.105755,40.216525,
538b4b84-cc41-4e50-903d-1f7170d3e040,numbered,89248,completed,sold,1,2026-06-09 18:23:09.91119+00,2026-06-09 18:23:50.02026+00,2026-06-09 18:23:50.127146+00,0.106886,40.215956,
53efb7e1-9905-4cfe-b444-95678ef1cafa,numbered,61721,completed,sold,1,2026-06-09 18:23:09.889699+00,2026-06-09 18:23:50.019431+00,2026-06-09 18:23:50.12787+00,0.108439,40.238171,
63800a29-af18-42c0-9720-b212ef5c7259,numbered,28192,completed,sold,1,2026-06-09 18:23:09.925274+00,2026-06-09 18:23:50.028386+00,2026-06-09 18:23:50.141141+00,0.112755,40.215867,
62753a49-b231-4b0e-b2d2-f1afc8cbd132,numbered,9893,completed,sold,1,2026-06-09 18:23:09.825195+00,2026-06-09 18:23:50.014518+00,2026-06-09 18:23:50.142972+00,0.128454,40.317777,
aad6e6e4-5f3e-4d87-8690-994665403947,numbered,78402,completed,sold,1,2026-06-09 18:23:09.932419+00,2026-06-09 18:23:50.034885+00,2026-06-09 18:23:50.143125+00,0.108240,40.210706,
1c9da6c8-205f-4cb7-934b-c4fc2b765406,numbered,31975,completed,sold,1,2026-06-09 18:23:09.882396+00,2026-06-09 18:23:50.034305+00,2026-06-09 18:23:50.143696+00,0.109391,40.261300,
96d6ec7b-ce2e-4e2b-8992-2b84699a4f93,numbered,31487,completed,sold,1,2026-06-09 18:23:09.811213+00,2026-06-09 18:23:50.016551+00,2026-06-09 18:23:50.143925+00,0.127374,40.332712,
48332700-4d1a-44d8-a584-53149623598c,numbered,68250,completed,sold,1,2026-06-09 18:23:09.918288+00,2026-06-09 18:23:50.027644+00,2026-06-09 18:23:50.144396+00,0.116752,40.226108,
8cd10653-4640-4b4b-98d4-6f12975e8184,numbered,8020,completed,sold,1,2026-06-09 18:23:09.875359+00,2026-06-09 18:23:50.026073+00,2026-06-09 18:23:50.14467+00,0.118597,40.269311,
1f38e6df-7f48-433d-ad3d-347a6d461fd7,numbered,95490,completed,sold,1,2026-06-09 18:23:09.939563+00,2026-06-09 18:23:50.02939+00,2026-06-09 18:23:50.144965+00,0.115575,40.205402,
abdc0f3f-8f51-4034-a33b-d4c4424a445d,numbered,81242,completed,sold,1,2026-06-09 18:23:09.861004+00,2026-06-09 18:23:50.031525+00,2026-06-09 18:23:50.145435+00,0.113910,40.284431,
3ca46ea8-8153-4f71-bd41-d9a4da4d479d,numbered,51543,completed,sold,1,2026-06-09 18:23:09.903847+00,2026-06-09 18:23:50.026893+00,2026-06-09 18:23:50.146224+00,0.119331,40.242377,
682f021d-9ef3-4779-aed0-e90186f2c172,numbered,88370,completed,sold,1,2026-06-09 18:23:09.839476+00,2026-06-09 18:23:50.032274+00,2026-06-09 18:23:50.14704+00,0.114766,40.307564,
defba2b5-0db2-4e1a-826b-2dc653fd72fe,numbered,39278,completed,sold,1,2026-06-09 18:23:09.853803+00,2026-06-09 18:23:50.015278+00,2026-06-09 18:23:50.147799+00,0.132521,40.293996,
676b13ac-08eb-4a8a-9b31-aa37ec9a73c8,numbered,85602,completed,sold,1,2026-06-09 18:23:09.947414+00,2026-06-09 18:23:50.046967+00,2026-06-09 18:23:50.1528+00,0.105833,40.205386,
3912bfce-4945-438b-ac73-aac2b31961ed,numbered,49325,completed,sold,1,2026-06-09 18:23:09.953819+00,2026-06-09 18:23:50.060751+00,2026-06-09 18:23:50.169869+00,0.109118,40.216050,
bcc7006f-2dcf-4d9c-9ed2-c1bece8cca7b,numbered,14572,completed,sold,1,2026-06-09 18:23:09.975298+00,2026-06-09 18:23:50.061623+00,2026-06-09 18:23:50.174769+00,0.113146,40.199471,
29891603-025c-4be1-9cb6-dd7ffe90e4ea,numbered,75108,completed,sold,1,2026-06-09 18:23:09.989633+00,2026-06-09 18:23:50.062046+00,2026-06-09 18:23:50.179369+00,0.117323,40.189736,
6a64341d-a8da-4a2c-99e6-934eae0b5a6f,numbered,66846,completed,sold,1,2026-06-09 18:23:09.960958+00,2026-06-09 18:23:50.061447+00,2026-06-09 18:23:50.180114+00,0.118667,40.219156,
b1c8ce8d-c05a-4b15-8fed-093786cb931a,numbered,69855,completed,sold,1,2026-06-09 18:23:09.968154+00,2026-06-09 18:23:50.060005+00,2026-06-09 18:23:50.180831+00,0.120826,40.212677,
a8fa0b19-48f4-45d0-b349-9f89ba50e4dc,numbered,53507,completed,sold,1,2026-06-09 18:23:09.98248+00,2026-06-09 18:23:50.059666+00,2026-06-09 18:23:50.181573+00,0.121907,40.199093,
a53c112e-b927-4efe-98dd-d52273a10400,numbered,86955,completed,sold,1,2026-06-09 18:23:10.008205+00,2026-06-09 18:23:50.059294+00,2026-06-09 18:23:50.182286+00,0.122992,40.174081,
3e9ea377-c4b7-4fdd-9e30-c4c81099dfe0,numbered,15799,completed,sold,1,2026-06-09 18:23:09.996771+00,2026-06-09 18:23:50.058525+00,2026-06-09 18:23:50.183429+00,0.124904,40.186658,
05e63416-10e3-40ab-92de-932da722329d,numbered,43074,completed,sold,1,2026-06-09 18:23:10.012159+00,2026-06-09 18:23:50.239188+00,2026-06-09 18:23:50.344703+00,0.105515,40.332544,
7b2a1ae0-25e4-4ba7-ad72-7e786c309fcd,numbered,90557,completed,sold,1,2026-06-09 18:23:10.125162+00,2026-06-09 18:23:50.264605+00,2026-06-09 18:23:50.369902+00,0.105297,40.244740,
ac3d42be-8d31-474b-b1aa-e979d839f2b0,numbered,85795,completed,seat_unavailable,1,2026-06-09 18:23:10.01836+00,2026-06-09 18:23:50.274706+00,2026-06-09 18:23:50.378221+00,0.103515,40.359861,
9c9bb599-9780-423d-859a-044cae401a9d,numbered,29983,completed,sold,1,2026-06-09 18:23:10.039658+00,2026-06-09 18:23:50.27334+00,2026-06-09 18:23:50.37994+00,0.106600,40.340282,
99fd9612-961b-49b0-a438-004e2f498a60,numbered,4150,completed,sold,1,2026-06-09 18:23:10.111127+00,2026-06-09 18:23:50.291219+00,2026-06-09 18:23:50.39902+00,0.107801,40.287893,
ba662cf0-7447-4fcc-a615-b09b65706a60,numbered,2469,completed,sold,1,2026-06-09 18:23:10.096579+00,2026-06-09 18:23:50.301802+00,2026-06-09 18:23:50.408028+00,0.106226,40.311449,
e0a612e1-f840-4154-ba2c-84168278061b,numbered,45163,completed,sold,1,2026-06-09 18:23:10.132369+00,2026-06-09 18:23:50.293191+00,2026-06-09 18:23:50.410454+00,0.117263,40.278085,
8072fbde-d312-4635-b5ac-547ce5aa318b,numbered,89989,completed,sold,1,2026-06-09 18:23:10.10394+00,2026-06-09 18:23:50.290857+00,2026-06-09 18:23:50.411233+00,0.120376,40.307293,
1ae971f8-c5a8-448b-a8c5-46e36c00537d,numbered,82542,completed,sold,1,2026-06-09 18:23:10.089509+00,2026-06-09 18:23:50.295431+00,2026-06-09 18:23:50.412003+00,0.116572,40.322494,
1b688c2d-f210-4e88-8e52-84cd4da9cec8,numbered,29180,completed,sold,1,2026-06-09 18:23:10.068149+00,2026-06-09 18:23:50.294998+00,2026-06-09 18:23:50.413102+00,0.118104,40.344953,
1c8607c9-8db4-459b-b7aa-99966d7be590,numbered,22401,completed,sold,1,2026-06-09 18:23:10.082463+00,2026-06-09 18:23:50.291862+00,2026-06-09 18:23:50.413909+00,0.122047,40.331446,
7898cd93-b8cf-4c83-921f-72ba639f481a,numbered,90176,completed,sold,1,2026-06-09 18:23:10.053821+00,2026-06-09 18:23:50.289557+00,2026-06-09 18:23:50.414855+00,0.125298,40.361034,
a7bea918-394d-44eb-b957-de5fdbcafe0c,numbered,95270,completed,sold,1,2026-06-09 18:23:10.118065+00,2026-06-09 18:23:50.320225+00,2026-06-09 18:23:50.430921+00,0.110696,40.312856,
4d1b750c-a9e9-4628-93a4-fca8107a6aa1,numbered,42515,completed,sold,1,2026-06-09 18:23:10.15383+00,2026-06-09 18:23:50.321363+00,2026-06-09 18:23:50.431453+00,0.110090,40.277623,
4599763f-28c0-4fd1-9a9d-a210f6b7cac0,numbered,57126,completed,sold,1,2026-06-09 18:23:10.046978+00,2026-06-09 18:23:50.317945+00,2026-06-09 18:23:50.431644+00,0.113699,40.384666,
afac4c5e-88a7-4713-92af-0c7d886ca64f,numbered,22339,completed,sold,1,2026-06-09 18:23:10.075346+00,2026-06-09 18:23:50.32315+00,2026-06-09 18:23:50.43214+00,0.108990,40.356794,
1a734be4-d21d-4bd3-972b-bd8a79992b89,numbered,16777,completed,sold,1,2026-06-09 18:23:10.025273+00,2026-06-09 18:23:50.317141+00,2026-06-09 18:23:50.432392+00,0.115251,40.407119,
850fec68-af1d-49e2-a6b1-1c45aa469c96,numbered,99516,completed,sold,1,2026-06-09 18:23:10.14665+00,2026-06-09 18:23:50.331127+00,2026-06-09 18:23:50.446845+00,0.115718,40.300195,
aa80f79d-9f41-4093-9c5e-1c82015f5b78,numbered,90854,completed,sold,1,2026-06-09 18:23:10.204037+00,2026-06-09 18:23:50.333056+00,2026-06-09 18:23:50.447654+00,0.114598,40.243617,
dead206d-ac9b-47fc-b8df-527f17700315,numbered,95300,completed,sold,1,2026-06-09 18:23:10.182695+00,2026-06-09 18:23:50.333356+00,2026-06-09 18:23:50.448434+00,0.115078,40.265739,
8a437220-3e26-4383-ad1a-229d33fe6b22,numbered,89833,completed,sold,1,2026-06-09 18:23:10.189735+00,2026-06-09 18:23:50.337539+00,2026-06-09 18:23:50.467981+00,0.130442,40.278246,
cb145f61-e865-4e21-986b-6bcd8fcdac51,numbered,13015,completed,sold,1,2026-06-09 18:23:10.211105+00,2026-06-09 18:23:50.340317+00,2026-06-09 18:23:50.472844+00,0.132527,40.261739,
0e8e689c-9e8b-4593-8bbe-1b479a9cc008,numbered,66734,completed,sold,1,2026-06-09 18:23:10.139504+00,2026-06-09 18:23:50.333094+00,2026-06-09 18:23:50.473679+00,0.140585,40.334175,
901c8f4a-5b08-40ed-b7fb-9419c6eb3376,numbered,94045,completed,sold,1,2026-06-09 18:23:10.175254+00,2026-06-09 18:23:50.338415+00,2026-06-09 18:23:50.474506+00,0.136091,40.299252,
883fa735-5648-4dc0-8b65-ae7c7fa08cb0,numbered,55000,completed,sold,1,2026-06-09 18:23:10.060948+00,2026-06-09 18:23:50.334603+00,2026-06-09 18:23:50.475347+00,0.140744,40.414399,
7ac23550-6080-41bd-8345-d6316a04e78b,numbered,16786,completed,sold,1,2026-06-09 18:23:10.160932+00,2026-06-09 18:23:50.333867+00,2026-06-09 18:23:50.476158+00,0.142291,40.315226,
dd1881dc-037a-4e85-8133-fe04b11e5f8f,numbered,95194,completed,sold,1,2026-06-09 18:23:10.168295+00,2026-06-09 18:23:50.331866+00,2026-06-09 18:23:50.476764+00,0.144898,40.308469,
826035b4-e915-46bb-8ec7-0bfeef30f6c0,numbered,848,completed,sold,1,2026-06-09 18:23:10.032638+00,2026-06-09 18:23:50.335338+00,2026-06-09 18:23:50.47754+00,0.142202,40.444902,
4515df43-bef6-455d-83fc-c3f593985a7c,numbered,20300,completed,sold,1,2026-06-09 18:23:10.218128+00,2026-06-09 18:23:50.368283+00,2026-06-09 18:23:50.477733+00,0.109450,40.259605,
8ad2ebbd-a42d-4d84-a55d-126135579f51,numbered,50538,completed,sold,1,2026-06-09 18:23:10.19679+00,2026-06-09 18:23:50.33923+00,2026-06-09 18:23:50.478346+00,0.139116,40.281556,
6cecd2f0-2f25-4a84-8420-56830bc3b8e9,numbered,82476,completed,sold,1,2026-06-09 18:23:10.225255+00,2026-06-09 18:23:50.417173+00,2026-06-09 18:23:50.527913+00,0.110740,40.302658,
f72ee4db-3146-410e-a073-c869ecd55fe5,numbered,51141,completed,sold,1,2026-06-09 18:23:10.232399+00,2026-06-09 18:23:50.502394+00,2026-06-09 18:23:50.607353+00,0.104959,40.374954,
6a985fc5-be1b-43bd-9b8a-87657ec84ab0,numbered,36904,completed,sold,1,2026-06-09 18:23:10.239507+00,2026-06-09 18:23:50.549117+00,2026-06-09 18:23:50.655157+00,0.106040,40.415650,
c0476eb5-82c6-4e4a-91f5-178d4838b5df,numbered,14883,completed,sold,1,2026-06-09 18:23:10.253806+00,2026-06-09 18:23:50.576133+00,2026-06-09 18:23:50.683042+00,0.106909,40.429236,
176039df-f102-47dd-8217-d74e6057b0ea,numbered,73695,completed,sold,1,2026-06-09 18:23:10.246728+00,2026-06-09 18:23:50.591134+00,2026-06-09 18:23:50.696+00,0.104866,40.449272,
d72b6906-480f-47c5-89d4-8018adb5ec57,numbered,20875,completed,sold,1,2026-06-09 18:23:10.260895+00,2026-06-09 18:23:50.597822+00,2026-06-09 18:23:50.705076+00,0.107254,40.444181,
dad4e609-1b4e-4fe6-967c-01d95d5738c2,numbered,46449,completed,sold,1,2026-06-09 18:23:10.361011+00,2026-06-09 18:23:50.609553+00,2026-06-09 18:23:50.729417+00,0.119864,40.368406,
404f4b0d-d2ee-499c-a5c5-d141a7cdc4ca,numbered,97620,completed,sold,1,2026-06-09 18:23:10.28971+00,2026-06-09 18:23:50.614844+00,2026-06-09 18:23:50.729595+00,0.114751,40.439885,
0d9360e2-a43a-45db-bb31-4ac56d4afa78,numbered,50975,completed,sold,1,2026-06-09 18:23:10.375106+00,2026-06-09 18:23:50.620057+00,2026-06-09 18:23:50.731427+00,0.111370,40.356321,
95bfc695-0190-423d-8bf6-e547843d046e,numbered,96762,completed,sold,1,2026-06-09 18:23:10.339594+00,2026-06-09 18:23:50.61615+00,2026-06-09 18:23:50.735485+00,0.119335,40.395891,
7ca4afe2-8795-4e52-83e2-c24cafdbabd9,numbered,79050,completed,sold,1,2026-06-09 18:23:10.389616+00,2026-06-09 18:23:50.639626+00,2026-06-09 18:23:50.754181+00,0.114555,40.364565,
5190e9a4-0058-43d2-9cc6-cac8c5e900b9,numbered,86993,completed,sold,1,2026-06-09 18:23:10.346771+00,2026-06-09 18:23:50.626892+00,2026-06-09 18:23:50.755254+00,0.128362,40.408483,
eb7bc3c3-298d-4508-9f76-a42b87571386,numbered,39479,completed,sold,1,2026-06-09 18:23:10.43247+00,2026-06-09 18:23:50.633199+00,2026-06-09 18:23:50.756062+00,0.122863,40.323592,
bdc72a0c-f0fe-49d9-878e-844cd2b37cfb,numbered,69923,completed,sold,1,2026-06-09 18:23:10.382705+00,2026-06-09 18:23:50.621501+00,2026-06-09 18:23:50.756902+00,0.135401,40.374197,
8a26c2cf-148c-4ee8-8715-ca96d6443ed9,numbered,55498,completed,sold,1,2026-06-09 18:23:10.425235+00,2026-06-09 18:23:50.640578+00,2026-06-09 18:23:50.757698+00,0.117120,40.332463,
c6dae651-c3cc-425d-aac4-71b1b1b7d0ed,numbered,50734,completed,sold,1,2026-06-09 18:23:10.275409+00,2026-06-09 18:23:50.615587+00,2026-06-09 18:23:50.757701+00,0.142114,40.482292,
b3c8e917-e8a8-429d-82fc-856478339060,numbered,33760,completed,sold,1,2026-06-09 18:23:10.353941+00,2026-06-09 18:23:50.63004+00,2026-06-09 18:23:50.758466+00,0.128426,40.404525,
ba233dc3-90a1-4950-aaac-eff3912e4f43,numbered,31814,completed,sold,1,2026-06-09 18:23:10.282507+00,2026-06-09 18:23:50.62069+00,2026-06-09 18:23:50.759322+00,0.138632,40.476815,
200c6504-06a4-41dc-b3cf-3f7e108cc887,numbered,86491,completed,sold,1,2026-06-09 18:23:10.39667+00,2026-06-09 18:23:50.633918+00,2026-06-09 18:23:50.760101+00,0.126183,40.363431,
82a59ffc-e3e2-46e4-b7ea-50aa62357f26,numbered,37759,completed,sold,1,2026-06-09 18:23:10.439614+00,2026-06-09 18:23:50.651085+00,2026-06-09 18:23:50.760162+00,0.109077,40.320548,
d5b3c568-244e-4846-a6c9-a6a4abc34033,numbered,62537,completed,sold,1,2026-06-09 18:23:10.404053+00,2026-06-09 18:23:50.617378+00,2026-06-09 18:23:50.760824+00,0.143446,40.356771,
9a866e06-7d1c-466f-b896-e3a23526d217,numbered,38348,completed,sold,1,2026-06-09 18:23:10.411312+00,2026-06-09 18:23:50.63873+00,2026-06-09 18:23:50.760918+00,0.122188,40.349606,
a27af4bc-da03-4122-a0b6-793508dd691d,numbered,25412,completed,sold,1,2026-06-09 18:23:10.268202+00,2026-06-09 18:23:50.624258+00,2026-06-09 18:23:50.761618+00,0.137360,40.493416,
d1bdf0de-f55a-4042-bf6f-28411e73889f,numbered,116,completed,sold,1,2026-06-09 18:23:10.325423+00,2026-06-09 18:23:50.632725+00,2026-06-09 18:23:50.76167+00,0.128945,40.436247,
81d8f98f-0e12-40cb-9f3a-03f98527b937,numbered,7030,completed,sold,1,2026-06-09 18:23:10.303871+00,2026-06-09 18:23:50.616235+00,2026-06-09 18:23:50.762332+00,0.146097,40.458461,
e0e9cfda-162b-43ff-b4ed-767021e950d2,numbered,7981,completed,sold,1,2026-06-09 18:23:10.311173+00,2026-06-09 18:23:50.634498+00,2026-06-09 18:23:50.762397+00,0.127899,40.451224,
c3755233-8208-4d59-bb3c-5d9a62db4523,numbered,27950,completed,sold,1,2026-06-09 18:23:10.332515+00,2026-06-09 18:23:50.635868+00,2026-06-09 18:23:50.763124+00,0.127256,40.430609,
569fffa1-1e2f-4023-a14c-780b81f8dcc6,numbered,67449,completed,sold,1,2026-06-09 18:23:10.318278+00,2026-06-09 18:23:50.635213+00,2026-06-09 18:23:50.76388+00,0.128667,40.445602,
8ebd1aae-e09a-4fa0-b3f8-ac4fdebe7345,numbered,27656,completed,sold,1,2026-06-09 18:23:10.296718+00,2026-06-09 18:23:50.619328+00,2026-06-09 18:23:50.764673+00,0.145345,40.467955,
2d45ab57-3bf2-462c-a5f7-84c49a1ad6d1,numbered,76942,completed,sold,1,2026-06-09 18:23:10.367996+00,2026-06-09 18:23:50.635868+00,2026-06-09 18:23:50.765471+00,0.129603,40.397475,
d75d3e76-0e0b-4c02-a15b-3cf1185c8de0,numbered,66369,completed,sold,1,2026-06-09 18:23:10.418354+00,2026-06-09 18:23:50.62878+00,2026-06-09 18:23:50.766253+00,0.137473,40.347899,
39533c32-47b1-42c9-bb33-6645a1441181,numbered,26530,completed,sold,1,2026-06-09 18:23:10.448899+00,2026-06-09 18:23:50.68318+00,2026-06-09 18:23:50.820139+00,0.136959,40.371240,
765fb07c-43fe-4519-a8cf-3300d7b19a0b,numbered,39916,completed,sold,1,2026-06-09 18:23:10.454108+00,2026-06-09 18:23:50.712481+00,2026-06-09 18:23:50.864941+00,0.152460,40.410833,
920453bc-d6c2-4fc5-89e9-6efe91f35d73,numbered,9439,completed,sold,1,2026-06-09 18:23:10.461181+00,2026-06-09 18:23:50.833941+00,2026-06-09 18:23:50.939472+00,0.105531,40.478291,
8af71e1f-7d3b-452b-84d2-7073a25d794b,numbered,18842,completed,sold,1,2026-06-09 18:23:10.596724+00,2026-06-09 18:23:50.872326+00,2026-06-09 18:23:50.978206+00,0.105880,40.381482,
1cacaa76-d05d-4260-b7cd-1d635527638f,numbered,58332,completed,sold,1,2026-06-09 18:23:10.582524+00,2026-06-09 18:23:50.870441+00,2026-06-09 18:23:50.978678+00,0.108237,40.396154,
93b8107c-747c-4015-8222-0d7445add440,numbered,19183,completed,sold,1,2026-06-09 18:23:10.496886+00,2026-06-09 18:23:50.871524+00,2026-06-09 18:23:50.979349+00,0.107825,40.482463,
5bf54c0e-4d56-4284-8a02-4698966e40e5,numbered,60770,completed,sold,1,2026-06-09 18:23:10.469186+00,2026-06-09 18:23:50.909052+00,2026-06-09 18:23:51.015031+00,0.105979,40.545845,
d515751b-ab7e-46e6-a7c5-c9133c891507,numbered,56702,completed,sold,1,2026-06-09 18:23:10.60398+00,2026-06-09 18:23:50.928297+00,2026-06-09 18:23:51.03883+00,0.110533,40.434850,
b8202716-14d5-44e1-9c73-065bfa666e4f,numbered,68933,completed,sold,1,2026-06-09 18:23:10.539805+00,2026-06-09 18:23:50.925782+00,2026-06-09 18:23:51.039551+00,0.113769,40.499746,
b5df55a1-fd63-48a0-9d8d-9cfadff1b2df,numbered,58897,completed,sold,1,2026-06-09 18:23:10.525321+00,2026-06-09 18:23:50.92526+00,2026-06-09 18:23:51.040353+00,0.115093,40.515032,
9c8a0632-ef01-4d8f-96a0-200d74f86798,numbered,93714,completed,sold,1,2026-06-09 18:23:10.625153+00,2026-06-09 18:23:50.929193+00,2026-06-09 18:23:51.040391+00,0.111198,40.415238,
bc9c4937-5c01-4615-8789-ad42be2873f3,numbered,52595,completed,sold,1,2026-06-09 18:23:10.511172+00,2026-06-09 18:23:50.924508+00,2026-06-09 18:23:51.040604+00,0.116096,40.529432,
16bdbf39-10de-41c5-99a6-3d6da6922303,numbered,98090,completed,sold,1,2026-06-09 18:23:10.575639+00,2026-06-09 18:23:50.940591+00,2026-06-09 18:23:51.053642+00,0.113051,40.478003,
cfc41a9f-599b-4529-96af-2565f6470e53,numbered,52138,completed,sold,1,2026-06-09 18:23:10.568223+00,2026-06-09 18:23:50.941684+00,2026-06-09 18:23:51.054422+00,0.112738,40.486199,
4e8dad62-ff8a-47dd-af4c-25dc29539534,numbered,4821,completed,sold,1,2026-06-09 18:23:10.617949+00,2026-06-09 18:23:50.932514+00,2026-06-09 18:23:51.055165+00,0.122651,40.437216,
c1caf9b1-d851-4ddb-83e7-74f184e66e85,numbered,53362,completed,sold,1,2026-06-09 18:23:10.553978+00,2026-06-09 18:23:50.940277+00,2026-06-09 18:23:51.055902+00,0.115625,40.501924,
6ba04cdd-0aac-407f-9011-8eea1bba6544,numbered,72116,completed,sold,1,2026-06-09 18:23:10.503942+00,2026-06-09 18:23:50.930199+00,2026-06-09 18:23:51.056632+00,0.126433,40.552690,
a46e8f32-bf43-47c7-9cbe-ce31f9471b41,numbered,89921,completed,sold,1,2026-06-09 18:23:10.639506+00,2026-06-09 18:23:50.950383+00,2026-06-09 18:23:51.061229+00,0.110846,40.421723,
c06196fe-a246-4f62-b667-77fbb580a441,numbered,21175,completed,sold,1,2026-06-09 18:23:10.532611+00,2026-06-09 18:23:50.941511+00,2026-06-09 18:23:51.0642+00,0.122689,40.531589,
ca48c67f-1dc7-43f9-a474-18572792b3fb,numbered,69687,completed,sold,1,2026-06-09 18:23:10.589771+00,2026-06-09 18:23:50.957229+00,2026-06-09 18:23:51.064926+00,0.107697,40.475155,
603c15e9-50e4-463b-a289-811587dc1aef,numbered,55332,completed,sold,1,2026-06-09 18:23:10.547073+00,2026-06-09 18:23:50.942281+00,2026-06-09 18:23:51.065675+00,0.123394,40.518602,
dd94d407-41e1-4a3e-ab7c-b693e00fa61d,numbered,34693,completed,sold,1,2026-06-09 18:23:10.632391+00,2026-06-09 18:23:50.940706+00,2026-06-09 18:23:51.066502+00,0.125796,40.434111,
9e52370b-3b01-4660-b95f-4ee4c6e344ad,numbered,59233,completed,sold,1,2026-06-09 18:23:10.475437+00,2026-06-09 18:23:50.939936+00,2026-06-09 18:23:51.067285+00,0.127349,40.591848,
eb136d46-203a-480b-a663-2b6b4bb0876d,numbered,61411,completed,sold,1,2026-06-09 18:23:10.518353+00,2026-06-09 18:23:50.921784+00,2026-06-09 18:23:51.068099+00,0.146315,40.549746,
978a52c6-e6b0-4c06-8239-8fa985d72162,numbered,11749,completed,sold,1,2026-06-09 18:23:10.489596+00,2026-06-09 18:23:50.95402+00,2026-06-09 18:23:51.068884+00,0.114864,40.579288,
6b128fcf-45ea-4667-9478-82ce0c5c4b4a,numbered,92542,completed,sold,1,2026-06-09 18:23:10.653841+00,2026-06-09 18:23:50.956967+00,2026-06-09 18:23:51.070063+00,0.113096,40.416222,
a5692c4e-6a98-4baf-acdc-9090464ca2a1,numbered,25185,completed,sold,1,2026-06-09 18:23:10.561129+00,2026-06-09 18:23:50.956195+00,2026-06-09 18:23:51.070841+00,0.114646,40.509712,
8c8ff320-dbab-46d4-aecd-b0bc4b15caaa,numbered,58136,completed,sold,1,2026-06-09 18:23:10.661204+00,2026-06-09 18:23:50.960327+00,2026-06-09 18:23:51.071574+00,0.111247,40.410370,
ac2cfd2a-f267-41c2-b601-3bb5fd12818e,numbered,12781,completed,sold,1,2026-06-09 18:23:10.646732+00,2026-06-09 18:23:50.957717+00,2026-06-09 18:23:51.072292+00,0.114575,40.425560,
2f61c140-7fdc-4479-a8b1-8dfc7359ab64,numbered,27026,completed,sold,1,2026-06-09 18:23:10.610855+00,2026-06-09 18:23:50.926481+00,2026-06-09 18:23:51.073031+00,0.146550,40.462176,
acb8f6c0-3a33-4a5c-80cd-92c5aa64c4c3,numbered,96145,completed,sold,1,2026-06-09 18:23:10.482682+00,2026-06-09 18:23:50.925764+00,2026-06-09 18:23:51.073709+00,0.147945,40.591027,
602be68e-80fc-40ea-8ac7-642bee79af7e,numbered,36739,completed,sold,1,2026-06-09 18:23:10.682513+00,2026-06-09 18:23:51.011592+00,2026-06-09 18:23:51.118575+00,0.106983,40.436062,
7d7cec84-478f-4f08-82cc-d8c731539bfa,numbered,28450,completed,sold,1,2026-06-09 18:23:10.689627+00,2026-06-09 18:23:51.009785+00,2026-06-09 18:23:51.123139+00,0.113354,40.433512,
70b04022-fdfe-43c2-a2a1-de9743506470,numbered,42911,completed,sold,1,2026-06-09 18:23:10.668421+00,2026-06-09 18:23:50.975632+00,2026-06-09 18:23:51.124202+00,0.148570,40.455781,
387ae55e-5983-4e3f-a36a-9a0be5a06b47,numbered,96761,completed,sold,1,2026-06-09 18:23:10.675386+00,2026-06-09 18:23:51.008583+00,2026-06-09 18:23:51.153015+00,0.144432,40.477629,
af2ef92a-0e8b-481d-8084-a3de4347a0aa,numbered,14425,completed,sold,1,2026-06-09 18:23:10.711073+00,2026-06-09 18:23:51.168052+00,2026-06-09 18:23:51.275951+00,0.107899,40.564878,
d544267b-93c7-4b32-9cd3-7f56dc23d607,numbered,16116,completed,sold,1,2026-06-09 18:23:10.789606+00,2026-06-09 18:23:51.170902+00,2026-06-09 18:23:51.276711+00,0.105809,40.487105,
fe5a4f87-4efa-4fc0-a1e6-fddbf860ccb4,numbered,10331,completed,sold,1,2026-06-09 18:23:10.761098+00,2026-06-09 18:23:51.194751+00,2026-06-09 18:23:51.299717+00,0.104966,40.538619,
49a6b8ee-86f3-4814-9052-dcc97fab8ba9,numbered,81038,completed,sold,1,2026-06-09 18:23:10.717974+00,2026-06-09 18:23:51.210409+00,2026-06-09 18:23:51.315088+00,0.104679,40.597114,
74d11acf-15b7-4470-bae1-b3fc2fd9afa8,numbered,63607,completed,sold,1,2026-06-09 18:23:10.73946+00,2026-06-09 18:23:51.223347+00,2026-06-09 18:23:51.334412+00,0.111065,40.594952,
3c3c3993-132f-4e08-aa94-099f51cb33d4,numbered,67590,completed,sold,1,2026-06-09 18:23:10.725226+00,2026-06-09 18:23:51.225792+00,2026-06-09 18:23:51.335132+00,0.109340,40.609906,
b4d67087-9c40-4a4c-b133-670500a2f947,numbered,42084,completed,sold,1,2026-06-09 18:23:10.746775+00,2026-06-09 18:23:51.226579+00,2026-06-09 18:23:51.33887+00,0.112291,40.592095,
bf73593a-9fe2-4715-93df-1efb34a1f4e6,numbered,27392,completed,sold,1,2026-06-09 18:23:10.732423+00,2026-06-09 18:23:51.22879+00,2026-06-09 18:23:51.339771+00,0.110981,40.607348,
72e7c36c-90b9-4e3d-9ce0-cbb3cf7a832f,numbered,97580,completed,sold,1,2026-06-09 18:23:10.768135+00,2026-06-09 18:23:51.229402+00,2026-06-09 18:23:51.340502+00,0.111100,40.572367,
5f8de276-57e6-409a-be07-e94d431a2ebe,numbered,38387,completed,sold,1,2026-06-09 18:23:10.69669+00,2026-06-09 18:23:51.246261+00,2026-06-09 18:23:51.364504+00,0.118243,40.667814,
970c9c69-9ff1-48db-a658-fa5e586b522b,numbered,57288,completed,sold,1,2026-06-09 18:23:10.825423+00,2026-06-09 18:23:51.255664+00,2026-06-09 18:23:51.364966+00,0.109302,40.539543,
b97d1b05-51af-4240-95aa-c7c236f2738d,numbered,70918,completed,sold,1,2026-06-09 18:23:10.832682+00,2026-06-09 18:23:51.256383+00,2026-06-09 18:23:51.365674+00,0.109291,40.532992,
d1c3ee96-2a28-4321-9dcb-9d74fe2282c6,numbered,90841,completed,sold,1,2026-06-09 18:23:10.775464+00,2026-06-09 18:23:51.253326+00,2026-06-09 18:23:51.366406+00,0.113080,40.590942,
641626dc-9188-4993-a620-55049a585e24,numbered,84654,completed,sold,1,2026-06-09 18:23:10.703824+00,2026-06-09 18:23:51.265634+00,2026-06-09 18:23:51.371209+00,0.105575,40.667385,
d9fafc62-3d32-47ca-b488-aed6813f8b27,numbered,81236,completed,sold,1,2026-06-09 18:23:10.861091+00,2026-06-09 18:23:51.274108+00,2026-06-09 18:23:51.383362+00,0.109254,40.522271,
724d71f6-455b-4eaf-8226-d41a200061df,numbered,50117,completed,sold,1,2026-06-09 18:23:10.86811+00,2026-06-09 18:23:51.274903+00,2026-06-09 18:23:51.384082+00,0.109179,40.515972,
0c8c2f11-00f3-48ec-aa48-d4d6f541ab42,numbered,43195,completed,sold,1,2026-06-09 18:23:10.782507+00,2026-06-09 18:23:51.277936+00,2026-06-09 18:23:51.388326+00,0.110390,40.605819,
b06a17ab-379d-41da-b421-303c39ceb2c7,numbered,81373,completed,sold,1,2026-06-09 18:23:10.875274+00,2026-06-09 18:23:51.271886+00,2026-06-09 18:23:51.402396+00,0.130510,40.527122,
8fbc84c1-6a9c-4173-9998-fea5696e075e,numbered,51211,completed,sold,1,2026-06-09 18:23:10.839858+00,2026-06-09 18:23:51.267554+00,2026-06-09 18:23:51.402966+00,0.135412,40.563108,
f8f134fb-8973-4a8b-89b4-58523c6ef74a,numbered,31424,completed,sold,1,2026-06-09 18:23:10.903806+00,2026-06-09 18:23:51.272611+00,2026-06-09 18:23:51.407578+00,0.134967,40.503772,
933acefe-187e-416d-92d8-acf0d87eb52f,numbered,87585,completed,sold,1,2026-06-09 18:23:10.811297+00,2026-06-09 18:23:51.256383+00,2026-06-09 18:23:51.408423+00,0.152040,40.597126,
712a117f-8735-4004-a546-d5c2977249a8,numbered,78932,completed,sold,1,2026-06-09 18:23:10.91125+00,2026-06-09 18:23:51.304485+00,2026-06-09 18:23:51.40988+00,0.105395,40.498630,
70d63da6-e096-42a7-8b51-20eb43f076e9,numbered,34146,completed,sold,1,2026-06-09 18:23:10.897229+00,2026-06-09 18:23:51.280292+00,2026-06-09 18:23:51.410716+00,0.130424,40.513487,
418c6190-680f-4c27-ae29-730e7c262a2e,numbered,83232,completed,sold,1,2026-06-09 18:23:10.918059+00,2026-06-09 18:23:51.304974+00,2026-06-09 18:23:51.411424+00,0.106450,40.493365,
4491ef0f-d736-41f5-a3d6-895ad5331e40,numbered,12662,completed,sold,1,2026-06-09 18:23:10.889467+00,2026-06-09 18:23:51.266001+00,2026-06-09 18:23:51.412125+00,0.146124,40.522658,
15a7e3b3-ddea-4923-a5f2-458da1577dbe,numbered,72614,completed,sold,1,2026-06-09 18:23:10.818381+00,2026-06-09 18:23:51.258135+00,2026-06-09 18:23:51.412909+00,0.154774,40.594528,
09cc9967-c547-4eef-bca2-9158203088ef,numbered,65792,completed,sold,1,2026-06-09 18:23:10.846743+00,2026-06-09 18:23:51.25573+00,2026-06-09 18:23:51.413807+00,0.158077,40.567064,
8daab086-1c24-4b63-839c-c23856303cd8,numbered,68764,completed,sold,1,2026-06-09 18:23:10.882424+00,2026-06-09 18:23:51.2785+00,2026-06-09 18:23:51.414575+00,0.136075,40.532151,
a0b65e2b-8659-4bef-9b0b-04aa0cdbaba3,numbered,20599,completed,sold,1,2026-06-09 18:23:10.796679+00,2026-06-09 18:23:51.26683+00,2026-06-09 18:23:51.415324+00,0.148494,40.618645,
dc8bc439-9f0d-4842-8ba3-5e9c3e4ce6f7,numbered,52038,completed,sold,1,2026-06-09 18:23:10.853852+00,2026-06-09 18:23:51.255054+00,2026-06-09 18:23:51.416023+00,0.160969,40.562171,
442df0c4-8bf7-453c-a7a2-65f99868de3e,numbered,55078,completed,sold,1,2026-06-09 18:23:10.804143+00,2026-06-09 18:23:51.256905+00,2026-06-09 18:23:51.416781+00,0.159876,40.612638,
23f26d07-3740-48bb-80ae-3e6dc6af0e1a,numbered,75160,completed,sold,1,2026-06-09 18:23:10.753883+00,2026-06-09 18:23:51.254306+00,2026-06-09 18:23:51.417585+00,0.163279,40.663702,
ad914729-778e-4991-b53f-61b8eece624c,numbered,2677,completed,sold,1,2026-06-09 18:23:10.925207+00,2026-06-09 18:23:51.322359+00,2026-06-09 18:23:51.427204+00,0.104845,40.501997,
0c0b3d3c-ffd0-4f86-a8ca-8572f1477f49,numbered,71127,completed,sold,1,2026-06-09 18:23:10.932472+00,2026-06-09 18:23:51.346425+00,2026-06-09 18:23:51.454903+00,0.108478,40.522431,
903332f3-d304-488f-89d9-df11543f3273,numbered,73782,completed,sold,1,2026-06-09 18:23:10.946927+00,2026-06-09 18:23:51.477456+00,2026-06-09 18:23:51.583645+00,0.106189,40.636718,
ecaec5ae-7b29-40b5-857c-ef667fbf9236,numbered,19748,completed,sold,1,2026-06-09 18:23:10.95395+00,2026-06-09 18:23:51.490681+00,2026-06-09 18:23:51.596951+00,0.106270,40.643001,
5508a336-5e42-43d9-bc88-bc617aaac560,numbered,27321,completed,sold,1,2026-06-09 18:23:11.012251+00,2026-06-09 18:23:51.492677+00,2026-06-09 18:23:51.598856+00,0.106179,40.586605,
11fa3ff4-af44-43de-8804-1db898a9093a,numbered,28748,completed,sold,1,2026-06-09 18:23:10.960948+00,2026-06-09 18:23:51.518412+00,2026-06-09 18:23:51.624385+00,0.105973,40.663437,
c8ac10df-ed4e-4559-878a-1daa4447a0dc,numbered,68887,completed,sold,1,2026-06-09 18:23:11.018122+00,2026-06-09 18:23:51.526208+00,2026-06-09 18:23:51.639098+00,0.112890,40.620976,
e74d572d-d11c-47b6-9671-9d5fea691049,numbered,67627,completed,sold,1,2026-06-09 18:23:10.982389+00,2026-06-09 18:23:51.520643+00,2026-06-09 18:23:51.639857+00,0.119214,40.657468,
c9368516-b26f-4f7c-a339-b574f93ad37c,numbered,21034,completed,sold,1,2026-06-09 18:23:11.025396+00,2026-06-09 18:23:51.519868+00,2026-06-09 18:23:51.640656+00,0.120788,40.615260,
98974dbc-db21-4e6d-bd90-db0679f25f99,numbered,19774,completed,sold,1,2026-06-09 18:23:11.039667+00,2026-06-09 18:23:51.522483+00,2026-06-09 18:23:51.641406+00,0.118923,40.601739,
3e2cb528-4056-440e-b48f-a534b5b53330,numbered,60088,completed,sold,1,2026-06-09 18:23:10.989583+00,2026-06-09 18:23:51.518376+00,2026-06-09 18:23:51.642171+00,0.123795,40.652588,
8a0d23ee-14bc-4dca-bb7b-5fd7704ee99a,numbered,47124,completed,sold,1,2026-06-09 18:23:10.939741+00,2026-06-09 18:23:51.521789+00,2026-06-09 18:23:51.64281+00,0.121021,40.703069,
228da84c-c684-4910-adee-303de506e9bb,numbered,94051,completed,sold,1,2026-06-09 18:23:10.968288+00,2026-06-09 18:23:51.519152+00,2026-06-09 18:23:51.643537+00,0.124385,40.675249,
ca84cd12-8c78-45a3-bcee-7bf4c0a55693,numbered,90683,completed,sold,1,2026-06-09 18:23:11.004062+00,2026-06-09 18:23:51.527309+00,2026-06-09 18:23:51.649174+00,0.121865,40.645112,
ebccc0ba-835d-4cf5-a125-edb3aab00dab,numbered,91817,completed,sold,1,2026-06-09 18:23:10.975455+00,2026-06-09 18:23:51.539483+00,2026-06-09 18:23:51.649915+00,0.110432,40.674460,
2b06a198-0891-4709-b74f-cd6ee68fa16a,numbered,33026,completed,sold,1,2026-06-09 18:23:11.05396+00,2026-06-09 18:23:51.540198+00,2026-06-09 18:23:51.650414+00,0.110216,40.596454,
be70e906-4fa0-4c08-b8e2-fef14ede3a54,numbered,55664,completed,sold,1,2026-06-09 18:23:11.032691+00,2026-06-09 18:23:51.528834+00,2026-06-09 18:23:51.651761+00,0.122927,40.619070,
ceba09d9-2619-46da-b320-71bf9ce0f2b4,numbered,10674,completed,sold,1,2026-06-09 18:23:10.996627+00,2026-06-09 18:23:51.527997+00,2026-06-09 18:23:51.652359+00,0.124362,40.655732,
21a664d2-a44a-42a7-9c72-3d0edcf72cc0,numbered,43989,completed,sold,1,2026-06-09 18:23:11.11128+00,2026-06-09 18:23:51.591745+00,2026-06-09 18:23:51.699535+00,0.107790,40.588255,
d2a419bf-d174-4826-9516-1d6160903e70,numbered,38993,completed,sold,1,2026-06-09 18:23:11.089663+00,2026-06-09 18:23:51.591119+00,2026-06-09 18:23:51.700269+00,0.109150,40.610606,
31a28fc8-77e8-4dec-96d2-08dfb1befa6f,numbered,34353,completed,sold,1,2026-06-09 18:23:11.132455+00,2026-06-09 18:23:51.590625+00,2026-06-09 18:23:51.701017+00,0.110392,40.568562,
6dcd1370-ceba-48c9-9e20-8f7ac0618ed5,numbered,11238,completed,sold,1,2026-06-09 18:23:11.046738+00,2026-06-09 18:23:51.559548+00,2026-06-09 18:23:51.706198+00,0.146650,40.659460,
2bc83d6b-26be-4ce4-aa69-7495bcd23f00,numbered,79291,completed,sold,1,2026-06-09 18:23:11.103989+00,2026-06-09 18:23:51.566407+00,2026-06-09 18:23:51.706989+00,0.140582,40.603000,
b38588d7-6617-461a-b348-4d1305ab896b,numbered,78924,completed,sold,1,2026-06-09 18:23:11.082624+00,2026-06-09 18:23:51.589868+00,2026-06-09 18:23:51.707955+00,0.118087,40.625331,
2b3ef6a1-9bf0-45d3-8cf6-7eb20b07ede5,numbered,54389,completed,sold,1,2026-06-09 18:23:11.118391+00,2026-06-09 18:23:51.585854+00,2026-06-09 18:23:51.708679+00,0.122825,40.590288,
c33ba4dc-291c-47b4-a094-11138b074708,numbered,32884,completed,sold,1,2026-06-09 18:23:11.146783+00,2026-06-09 18:23:51.585826+00,2026-06-09 18:23:51.709517+00,0.123691,40.562734,
70065e8b-71a8-4232-a080-96b1f411707d,numbered,6582,completed,sold,1,2026-06-09 18:23:11.096832+00,2026-06-09 18:23:51.567188+00,2026-06-09 18:23:51.710593+00,0.143405,40.613761,
40e6ff38-4e81-441d-b3d2-dfd06699a719,numbered,36796,completed,sold,1,2026-06-09 18:23:11.125351+00,2026-06-09 18:23:51.587406+00,2026-06-09 18:23:51.713125+00,0.125719,40.587774,
2d3e0be7-8230-42f0-9fb2-e7f35f54bbec,numbered,77637,completed,sold,1,2026-06-09 18:23:11.061023+00,2026-06-09 18:23:51.55864+00,2026-06-09 18:23:51.713906+00,0.155266,40.652883,
634e53e2-14ad-4ed6-be14-7555d9966b4b,numbered,83444,completed,sold,1,2026-06-09 18:23:11.075442+00,2026-06-09 18:23:51.586667+00,2026-06-09 18:23:51.71469+00,0.128023,40.639248,
87ff32ee-b9a1-4bf4-9c65-74e4a0afb13f,numbered,97818,completed,sold,1,2026-06-09 18:23:11.139513+00,2026-06-09 18:23:51.581683+00,2026-06-09 18:23:51.715458+00,0.133775,40.575945,
5ef7e816-6c66-4e84-bf2b-3924e21aa2f1,numbered,85566,completed,sold,1,2026-06-09 18:23:11.068121+00,2026-06-09 18:23:51.579573+00,2026-06-09 18:23:51.716211+00,0.136638,40.648090,
d42bd99c-e6e5-42fd-bbc6-fe3856448cb5,numbered,66494,completed,seat_unavailable,1,2026-06-09 18:23:11.153937+00,2026-06-09 18:23:51.613839+00,2026-06-09 18:23:51.717296+00,0.103457,40.563359,
93ddff52-e272-49d7-a299-80b37233510c,numbered,14319,completed,sold,1,2026-06-09 18:23:11.168256+00,2026-06-09 18:23:51.73171+00,2026-06-09 18:23:51.838276+00,0.106566,40.670020,
f9a57398-d0a0-441a-826b-e7f0737ad242,numbered,11345,completed,sold,1,2026-06-09 18:23:11.225497+00,2026-06-09 18:23:51.751163+00,2026-06-09 18:23:51.859272+00,0.108109,40.633775,
eb7f1efc-cdb6-4455-b6fb-8538011c38c9,numbered,27519,completed,sold,1,2026-06-09 18:23:11.196809+00,2026-06-09 18:23:51.751987+00,2026-06-09 18:23:51.860051+00,0.108064,40.663242,
d3a34c0a-0af1-4f2a-9537-3709c3c8bc5b,numbered,63014,completed,sold,1,2026-06-09 18:23:11.161247+00,2026-06-09 18:23:51.767204+00,2026-06-09 18:23:51.873334+00,0.106130,40.712087,
c08b7cb3-1192-4b64-88f4-f48a8aac0372,numbered,20376,completed,sold,1,2026-06-09 18:23:11.246819+00,2026-06-09 18:23:51.784312+00,2026-06-09 18:23:51.889152+00,0.104840,40.642333,
a330a73b-a1f1-4c7e-9143-6684032122d3,numbered,59913,completed,sold,1,2026-06-09 18:23:11.175455+00,2026-06-09 18:23:51.788435+00,2026-06-09 18:23:51.895342+00,0.106907,40.719887,
f73531cb-bb83-46c8-af52-a1dfcd6141b5,numbered,17310,completed,sold,1,2026-06-09 18:23:11.182814+00,2026-06-09 18:23:51.80188+00,2026-06-09 18:23:51.907641+00,0.105761,40.724827,
6bcc18b7-1a0e-4489-bd26-9ef3186b8886,numbered,97969,completed,sold,1,2026-06-09 18:23:11.189776+00,2026-06-09 18:23:51.815968+00,2026-06-09 18:23:51.921188+00,0.105220,40.731412,
a861d771-687d-446c-acea-25708584d9af,numbered,79315,completed,sold,1,2026-06-09 18:23:11.23979+00,2026-06-09 18:23:51.822359+00,2026-06-09 18:23:51.936733+00,0.114374,40.696943,
92e2cfd5-c3f9-487f-b000-7280e27af992,numbered,48821,completed,sold,1,2026-06-09 18:23:11.23276+00,2026-06-09 18:23:51.82337+00,2026-06-09 18:23:51.937546+00,0.114176,40.704786,
ff6913f6-d450-42f4-87ee-f3681d22facd,numbered,85598,completed,sold,1,2026-06-09 18:23:11.211165+00,2026-06-09 18:23:51.821577+00,2026-06-09 18:23:51.93835+00,0.116773,40.727185,
c8a3b4a1-703c-4c4c-9094-42932859e69d,numbered,7246,completed,sold,1,2026-06-09 18:23:11.218331+00,2026-06-09 18:23:51.825195+00,2026-06-09 18:23:51.939165+00,0.113970,40.720834,
d9d2fc57-8ca9-46e3-bb44-06db25cec025,numbered,80758,completed,sold,1,2026-06-09 18:23:11.253896+00,2026-06-09 18:23:51.857014+00,2026-06-09 18:23:51.971389+00,0.114375,40.717493,
c5395878-87a0-4d3a-8feb-24b96a568829,numbered,67647,completed,sold,1,2026-06-09 18:23:11.289577+00,2026-06-09 18:23:51.849029+00,2026-06-09 18:23:51.972189+00,0.123160,40.682612,
9b88dbee-d245-416f-a0d8-a8e5cb75455a,numbered,24408,completed,sold,1,2026-06-09 18:23:11.261187+00,2026-06-09 18:23:51.848193+00,2026-06-09 18:23:51.973012+00,0.124819,40.711825,
87f1e188-c3fb-48a5-86e5-b56f6f1cc5c1,numbered,1872,completed,sold,1,2026-06-09 18:23:11.275291+00,2026-06-09 18:23:51.862206+00,2026-06-09 18:23:51.973056+00,0.110850,40.697765,
90c530fb-7854-43ab-940e-77865e62c8fe,numbered,36559,completed,sold,1,2026-06-09 18:23:11.31823+00,2026-06-09 18:23:51.863084+00,2026-06-09 18:23:51.973735+00,0.110651,40.655505,
9cb3e815-c7f8-4b6c-a503-caf5c3eba60b,numbered,39229,completed,sold,1,2026-06-09 18:23:11.296726+00,2026-06-09 18:23:51.866989+00,2026-06-09 18:23:51.973735+00,0.106746,40.677009,
f9f3a900-c0ef-4c91-9ac4-32f5e1389aaf,numbered,60347,completed,sold,1,2026-06-09 18:23:11.304004+00,2026-06-09 18:23:51.863789+00,2026-06-09 18:23:51.973928+00,0.110139,40.669924,
5fb7ecdf-f3fe-42e4-9bd6-f5335a9e16dd,numbered,44884,completed,sold,1,2026-06-09 18:23:11.268168+00,2026-06-09 18:23:51.846256+00,2026-06-09 18:23:51.974482+00,0.128226,40.706314,
69af9b57-df95-42f4-9c64-b101ef846483,numbered,94531,completed,sold,1,2026-06-09 18:23:11.282424+00,2026-06-09 18:23:51.861276+00,2026-06-09 18:23:51.975284+00,0.114008,40.692860,
cb884692-a06f-4784-8cbd-3ba59ef071a7,numbered,26228,completed,sold,1,2026-06-09 18:23:11.311375+00,2026-06-09 18:23:51.874232+00,2026-06-09 18:23:51.982028+00,0.107796,40.670653,
433fc835-fa2e-48f8-a298-15b8084a4e1e,numbered,94124,completed,sold,1,2026-06-09 18:23:11.204005+00,2026-06-09 18:23:51.872971+00,2026-06-09 18:23:51.993583+00,0.120612,40.789578,
0f4b5322-18c4-4ede-8226-a99d13b66466,numbered,91412,completed,sold,1,2026-06-09 18:23:11.325308+00,2026-06-09 18:23:51.879139+00,2026-06-09 18:23:51.993736+00,0.114597,40.668428,
aacdfd4f-3ce6-48d3-8739-420c5878adea,numbered,96550,completed,sold,1,2026-06-09 18:23:11.339556+00,2026-06-09 18:23:51.8804+00,2026-06-09 18:23:51.994508+00,0.114108,40.654952,
46276d2e-c9c7-4af1-bb22-d86d453e8b63,numbered,58974,completed,sold,1,2026-06-09 18:23:11.346734+00,2026-06-09 18:23:51.876315+00,2026-06-09 18:23:52.007372+00,0.131057,40.660638,
fe2b108f-4369-4cab-adc7-e3754d3fa899,numbered,7314,completed,sold,1,2026-06-09 18:23:11.353784+00,2026-06-09 18:23:51.887629+00,2026-06-09 18:23:52.009922+00,0.122293,40.656138,
372c5532-daf8-49be-a367-e7716bc44544,numbered,45096,completed,sold,1,2026-06-09 18:23:11.332437+00,2026-06-09 18:23:51.883739+00,2026-06-09 18:23:52.010917+00,0.127178,40.678480,
2537440a-f245-40dc-9552-0074236d91e0,numbered,93365,completed,sold,1,2026-06-09 18:23:11.361017+00,2026-06-09 18:23:51.883085+00,2026-06-09 18:23:52.013046+00,0.129961,40.652029,
25ae95f9-f8e6-4187-ac84-7e9e4393bc59,numbered,12770,completed,sold,1,2026-06-09 18:23:11.368227+00,2026-06-09 18:23:51.883976+00,2026-06-09 18:23:52.013822+00,0.129846,40.645595,
62dd1034-c7f2-4926-a9fe-a1888688dd8e,numbered,92450,completed,sold,1,2026-06-09 18:23:11.389649+00,2026-06-09 18:23:51.910152+00,2026-06-09 18:23:52.017964+00,0.107812,40.628315,
468ee03d-e462-4972-ac6f-b7c586c479e7,numbered,31619,completed,sold,1,2026-06-09 18:23:11.375454+00,2026-06-09 18:23:51.906947+00,2026-06-09 18:23:52.020443+00,0.113496,40.644989,
39d941f9-0154-458f-96d2-56e3d071f3d6,numbered,570,completed,sold,1,2026-06-09 18:23:11.38241+00,2026-06-09 18:23:51.913173+00,2026-06-09 18:23:52.021215+00,0.108042,40.638805,
67244608-3c3a-4bff-bb38-a5c384ff8587,numbered,65185,completed,sold,1,2026-06-09 18:23:11.396689+00,2026-06-09 18:23:51.929332+00,2026-06-09 18:23:52.036121+00,0.106789,40.639432,
fb9899ff-7fd1-4737-a6cf-e4cbd95d286c,numbered,44742,completed,sold,1,2026-06-09 18:23:11.403895+00,2026-06-09 18:23:51.941877+00,2026-06-09 18:23:52.050122+00,0.108245,40.646227,
55ca3855-5393-46d8-ab4e-95d123b87bed,numbered,78861,completed,sold,1,2026-06-09 18:23:11.411231+00,2026-06-09 18:23:51.945018+00,2026-06-09 18:23:52.050929+00,0.105911,40.639698,
5b07b90c-7554-40de-8b85-b2cd85074c8f,numbered,61078,completed,sold,1,2026-06-09 18:23:11.418371+00,2026-06-09 18:23:51.976496+00,2026-06-09 18:23:52.08303+00,0.106534,40.664659,
bebc4dd6-880a-4a2f-8d4d-534279f3555a,numbered,14828,completed,sold,1,2026-06-09 18:23:11.432562+00,2026-06-09 18:23:52.083243+00,2026-06-09 18:23:52.188761+00,0.105518,40.756199,
4501266e-b5d7-44fe-a766-8aeb09c5ca00,numbered,90757,completed,sold,1,2026-06-09 18:23:11.553778+00,2026-06-09 18:23:52.126125+00,2026-06-09 18:23:52.233181+00,0.107056,40.679403,
25161018-7ea8-4d49-9e94-7664d1c37f2a,numbered,69543,completed,sold,1,2026-06-09 18:23:11.475655+00,2026-06-09 18:23:52.126858+00,2026-06-09 18:23:52.233912+00,0.107054,40.758257,
694e1fb8-e864-4b1c-a0d0-0ad0ef0fd45e,numbered,83347,completed,sold,1,2026-06-09 18:23:11.560963+00,2026-06-09 18:23:52.127717+00,2026-06-09 18:23:52.235486+00,0.107769,40.674523,
161424d5-08a6-4cd1-852c-51735bb09dee,numbered,23715,completed,sold,1,2026-06-09 18:23:11.42523+00,2026-06-09 18:23:52.128635+00,2026-06-09 18:23:52.236022+00,0.107387,40.810792,
a0e5d1a9-bde8-4168-bc28-ebd19d2c6118,numbered,54383,completed,sold,1,2026-06-09 18:23:11.61123+00,2026-06-09 18:23:52.132786+00,2026-06-09 18:23:52.244787+00,0.112001,40.633557,
1e6eb2cc-4232-4bd2-bbc4-811be239a9b7,numbered,68867,completed,sold,1,2026-06-09 18:23:11.43959+00,2026-06-09 18:23:52.137254+00,2026-06-09 18:23:52.245593+00,0.108339,40.806003,
21d3e4a6-6b1a-4eee-9f65-bb325ae59aaa,numbered,91717,completed,sold,1,2026-06-09 18:23:11.575398+00,2026-06-09 18:23:52.139961+00,2026-06-09 18:23:52.250914+00,0.110953,40.675516,
c20d9786-59cd-4962-b820-f8565e621f24,numbered,53526,completed,sold,1,2026-06-09 18:23:11.504025+00,2026-06-09 18:23:52.147024+00,2026-06-09 18:23:52.25323+00,0.106206,40.749205,
288a2526-e154-4605-b6e5-6fb5d38c15ab,numbered,23264,completed,sold,1,2026-06-09 18:23:11.453738+00,2026-06-09 18:23:52.153781+00,2026-06-09 18:23:52.266786+00,0.113005,40.813048,
0ea8b345-91de-4875-a94c-27580803220a,numbered,95748,completed,sold,1,2026-06-09 18:23:11.596724+00,2026-06-09 18:23:52.159592+00,2026-06-09 18:23:52.267627+00,0.108035,40.670903,
29355011-278c-450a-9eda-2c0dabeda6de,numbered,2415,completed,sold,1,2026-06-09 18:23:11.446767+00,2026-06-09 18:23:52.15772+00,2026-06-09 18:23:52.268348+00,0.110628,40.821581,
2dcabbef-ed1a-4b1b-8c33-713157bf893a,numbered,14689,completed,sold,1,2026-06-09 18:23:11.51812+00,2026-06-09 18:23:52.152255+00,2026-06-09 18:23:52.269096+00,0.116841,40.750976,
d649a2ea-0918-4c12-aa9d-29f902fa23d4,numbered,45692,completed,sold,1,2026-06-09 18:23:11.56813+00,2026-06-09 18:23:52.15772+00,2026-06-09 18:23:52.276558+00,0.118838,40.708428,
be5ae81b-9e59-4783-8d9c-a7403683bfd3,numbered,18212,completed,sold,1,2026-06-09 18:23:11.525185+00,2026-06-09 18:23:52.163121+00,2026-06-09 18:23:52.277328+00,0.114207,40.752143,
f2df62d9-4ab5-47ab-a3b8-32eb25077671,numbered,76330,completed,seat_unavailable,1,2026-06-09 18:23:11.546719+00,2026-06-09 18:23:52.171383+00,2026-06-09 18:23:52.277353+00,0.105970,40.730634,
6514cc84-bc95-4b0c-ae1e-46f2ee1b2cbb,numbered,90310,completed,sold,1,2026-06-09 18:23:11.489574+00,2026-06-09 18:23:52.157054+00,2026-06-09 18:23:52.278789+00,0.121735,40.789215,
b6023400-763b-4e3b-9e20-36796ae67418,numbered,73153,completed,sold,1,2026-06-09 18:23:11.618131+00,2026-06-09 18:23:52.167497+00,2026-06-09 18:23:52.279548+00,0.112051,40.661417,
5a89be05-711b-4956-8744-a0741e8bc851,numbered,22147,completed,sold,1,2026-06-09 18:23:11.461074+00,2026-06-09 18:23:52.158979+00,2026-06-09 18:23:52.280328+00,0.121349,40.819254,
beb4e799-deb7-4fc0-9a85-725ba5560d4f,numbered,82220,completed,sold,1,2026-06-09 18:23:11.468282+00,2026-06-09 18:23:52.158252+00,2026-06-09 18:23:52.281083+00,0.122831,40.812801,
79e19e38-1076-49cc-8b7b-3e2b0082a832,numbered,85721,completed,sold,1,2026-06-09 18:23:11.589489+00,2026-06-09 18:23:52.188274+00,2026-06-09 18:23:52.298222+00,0.109948,40.708733,
6f1828d2-8ed4-4363-9b2c-4315b74322da,numbered,63118,completed,sold,1,2026-06-09 18:23:11.58242+00,2026-06-09 18:23:52.197101+00,2026-06-09 18:23:52.307134+00,0.110033,40.724714,
bcea7b0a-ded5-49d7-9abe-9897f75db236,numbered,59913,completed,seat_unavailable,1,2026-06-09 18:23:11.496708+00,2026-06-09 18:23:52.191575+00,2026-06-09 18:23:52.310775+00,0.119200,40.814067,
e1a12b3b-6830-435b-b0b2-5e075e9aeebd,numbered,31281,completed,sold,1,2026-06-09 18:23:11.532241+00,2026-06-09 18:23:52.1902+00,2026-06-09 18:23:52.326684+00,0.136484,40.794443,
6e2978ae-2037-4e36-a0c6-055cdfd59613,numbered,88672,completed,sold,1,2026-06-09 18:23:11.639445+00,2026-06-09 18:23:52.21212+00,2026-06-09 18:23:52.327876+00,0.115756,40.688431,
ec3ec884-f34d-42b6-b565-28b29ea5918d,numbered,17543,completed,sold,1,2026-06-09 18:23:11.603784+00,2026-06-09 18:23:52.177978+00,2026-06-09 18:23:52.330463+00,0.152485,40.726679,
765bdc5d-ab73-4533-91d4-ec8d2cba3efb,numbered,81335,completed,sold,1,2026-06-09 18:23:11.632501+00,2026-06-09 18:23:52.197903+00,2026-06-09 18:23:52.33307+00,0.135167,40.700569,
e86c7f19-a535-41a5-83b7-e2ba723d779a,numbered,38469,completed,sold,1,2026-06-09 18:23:11.48247+00,2026-06-09 18:23:52.183465+00,2026-06-09 18:23:52.336479+00,0.153014,40.854009,
f2bf94ac-9a6e-4c33-afab-ec8e00fc7900,numbered,49627,completed,sold,1,2026-06-09 18:23:11.62531+00,2026-06-09 18:23:52.198419+00,2026-06-09 18:23:52.337453+00,0.139034,40.712143,
4a28b1ab-96e6-4140-9574-54f883b8270e,numbered,870,completed,sold,1,2026-06-09 18:23:11.511291+00,2026-06-09 18:23:52.178725+00,2026-06-09 18:23:52.33818+00,0.159455,40.826889,
3af39ff2-c9e6-4849-9077-263c5acb8b56,numbered,94314,completed,sold,1,2026-06-09 18:23:11.539518+00,2026-06-09 18:23:52.172086+00,2026-06-09 18:23:52.338951+00,0.166865,40.799433,
82fc26b1-a0b3-42ae-93ee-32199f0800b1,numbered,13584,completed,sold,1,2026-06-09 18:23:11.646796+00,2026-06-09 18:23:52.385659+00,2026-06-09 18:23:52.491365+00,0.105706,40.844569,
e1900cf8-4324-4815-81f8-085b626bddf0,numbered,14125,completed,sold,1,2026-06-09 18:23:11.732549+00,2026-06-09 18:23:52.403449+00,2026-06-09 18:23:52.511236+00,0.107787,40.778687,
f8eca8e5-c8fe-4720-aae4-70515c0d8472,numbered,98428,completed,sold,1,2026-06-09 18:23:11.675492+00,2026-06-09 18:23:52.404156+00,2026-06-09 18:23:52.511912+00,0.107756,40.836420,
f7b37890-2edc-448e-8207-e9c197dfd93a,numbered,59562,completed,sold,1,2026-06-09 18:23:11.668189+00,2026-06-09 18:23:52.404923+00,2026-06-09 18:23:52.513602+00,0.108679,40.845413,
e0755867-2fca-4294-8adf-29c7af08c6b4,numbered,2420,completed,sold,1,2026-06-09 18:23:11.689739+00,2026-06-09 18:23:52.41124+00,2026-06-09 18:23:52.517391+00,0.106151,40.827652,
8ec87cf7-80d5-4f90-bfff-ae63ccf0cd45,numbered,96177,completed,sold,1,2026-06-09 18:23:11.660852+00,2026-06-09 18:23:52.421119+00,2026-06-09 18:23:52.527858+00,0.106739,40.867006,
504a8466-5dc5-4eff-a0b7-328a4b9ba0b7,numbered,63607,completed,seat_unavailable,1,2026-06-09 18:23:11.718336+00,2026-06-09 18:23:52.430154+00,2026-06-09 18:23:52.536766+00,0.106612,40.818430,
4c87fa4d-86ee-4243-8eb3-6f0d76a5f557,numbered,82058,completed,sold,1,2026-06-09 18:23:11.696677+00,2026-06-09 18:23:52.427904+00,2026-06-09 18:23:52.543056+00,0.115152,40.846379,
2a7f420f-863a-4ed0-b368-99c9274b6f9b,numbered,34630,completed,sold,1,2026-06-09 18:23:11.739512+00,2026-06-09 18:23:52.428662+00,2026-06-09 18:23:52.543935+00,0.115273,40.804423,
ec0b66db-de37-447c-90c3-b211c1ba0a74,numbered,49684,completed,sold,1,2026-06-09 18:23:11.682414+00,2026-06-09 18:23:52.429424+00,2026-06-09 18:23:52.544682+00,0.115258,40.862268,
4a6f3773-05df-4716-93e3-a1e6fde04cd3,numbered,81476,completed,sold,1,2026-06-09 18:23:11.703921+00,2026-06-09 18:23:52.430915+00,2026-06-09 18:23:52.545458+00,0.114543,40.841537,
127766a3-c686-4b91-9729-dba348c2709e,numbered,42666,completed,sold,1,2026-06-09 18:23:11.768508+00,2026-06-09 18:23:52.42962+00,2026-06-09 18:23:52.549534+00,0.119914,40.781026,
86e6e387-e97a-4bf9-be18-037bed11030e,numbered,19666,completed,sold,1,2026-06-09 18:23:11.76099+00,2026-06-09 18:23:52.426079+00,2026-06-09 18:23:52.550482+00,0.124403,40.789492,
880e8b7d-cc99-4ff5-9596-6c00b1a6c40b,numbered,3835,completed,sold,1,2026-06-09 18:23:11.711173+00,2026-06-09 18:23:52.430276+00,2026-06-09 18:23:52.551309+00,0.121033,40.840136,
1d746486-b78a-41d8-972a-e3e835301513,numbered,50506,completed,sold,1,2026-06-09 18:23:11.725326+00,2026-06-09 18:23:52.422956+00,2026-06-09 18:23:52.552058+00,0.129102,40.826732,
030b8699-8fdc-45dc-a4d2-72ed06c5e5de,numbered,13544,completed,sold,1,2026-06-09 18:23:11.74679+00,2026-06-09 18:23:52.428909+00,2026-06-09 18:23:52.552915+00,0.124006,40.806125,
5515f372-06d3-4325-835c-30c557541fce,numbered,12837,completed,sold,1,2026-06-09 18:23:11.754046+00,2026-06-09 18:23:52.425412+00,2026-06-09 18:23:52.553504+00,0.128092,40.799458,
4664f997-2586-4e7b-a287-0d751857f594,numbered,32372,completed,sold,1,2026-06-09 18:23:11.653681+00,2026-06-09 18:23:52.423712+00,2026-06-09 18:23:52.55413+00,0.130418,40.900449,
86a49956-bccd-418e-9bab-09d65eeeff64,numbered,78113,completed,sold,1,2026-06-09 18:23:11.782655+00,2026-06-09 18:23:52.447644+00,2026-06-09 18:23:52.555027+00,0.107383,40.772372,
8311a92e-91aa-4474-a18f-7fabd9d16324,numbered,6184,completed,sold,1,2026-06-09 18:23:11.804089+00,2026-06-09 18:23:52.473153+00,2026-06-09 18:23:52.587785+00,0.114632,40.783696,
94a2066d-4a0e-438b-be5b-24c9a93562b9,numbered,91641,completed,sold,1,2026-06-09 18:23:11.796788+00,2026-06-09 18:23:52.470318+00,2026-06-09 18:23:52.588548+00,0.118230,40.791760,
619c285f-58a2-49de-a536-212026a0a75b,numbered,96292,completed,sold,1,2026-06-09 18:23:11.825231+00,2026-06-09 18:23:52.476286+00,2026-06-09 18:23:52.589787+00,0.113501,40.764556,
56b9b28f-d486-4496-a22c-021c6290c2db,numbered,80460,completed,sold,1,2026-06-09 18:23:11.811065+00,2026-06-09 18:23:52.477714+00,2026-06-09 18:23:52.591929+00,0.114215,40.780864,
cdd4071e-b55d-4f8b-b44f-efe1996a5c65,numbered,50180,completed,sold,1,2026-06-09 18:23:11.775421+00,2026-06-09 18:23:52.480733+00,2026-06-09 18:23:52.593025+00,0.112292,40.817604,
14f37854-8979-402f-ae9a-8fd3591dc74a,numbered,69998,completed,sold,1,2026-06-09 18:23:11.846802+00,2026-06-09 18:23:52.481463+00,2026-06-09 18:23:52.593752+00,0.112289,40.746950,
edf1fd97-1c32-4eef-9c14-7f830074cc18,numbered,7445,completed,sold,1,2026-06-09 18:23:11.832404+00,2026-06-09 18:23:52.48208+00,2026-06-09 18:23:52.594368+00,0.112288,40.761964,
5b46ce77-1323-4d69-bae0-b77e42aaa68b,numbered,4805,completed,sold,1,2026-06-09 18:23:11.818257+00,2026-06-09 18:23:52.47704+00,2026-06-09 18:23:52.611182+00,0.134142,40.792925,
cb37d52e-646a-4b03-b35a-ce73eed5d905,numbered,14548,completed,sold,1,2026-06-09 18:23:11.853916+00,2026-06-09 18:23:52.479678+00,2026-06-09 18:23:52.627126+00,0.147448,40.773210,
75a63360-64e4-4618-9ce5-958f7c26ba36,numbered,53544,completed,sold,1,2026-06-09 18:23:11.789754+00,2026-06-09 18:23:52.478923+00,2026-06-09 18:23:52.631703+00,0.152780,40.841949,
7853208c-83cc-453d-8804-28222f640f52,numbered,86423,completed,sold,1,2026-06-09 18:23:11.839699+00,2026-06-09 18:23:52.481464+00,2026-06-09 18:23:52.63345+00,0.151986,40.793751,
8fe2446a-b3b9-4ed2-8f05-7d21339038e7,numbered,62466,completed,sold,1,2026-06-09 18:23:11.861085+00,2026-06-09 18:23:52.527581+00,2026-06-09 18:23:52.634153+00,0.106572,40.773068,
e1781ad4-94f3-4a75-98f7-a33af4ac4808,numbered,22661,completed,sold,1,2026-06-09 18:23:11.868178+00,2026-06-09 18:23:52.648857+00,2026-06-09 18:23:52.757135+00,0.108278,40.888957,
b2ce642a-8a3c-48b9-a444-9c5d181110d7,numbered,21496,completed,sold,1,2026-06-09 18:23:11.875366+00,2026-06-09 18:23:52.649698+00,2026-06-09 18:23:52.757899+00,0.108201,40.882533,
f92a3d1e-d7b3-4917-8104-37ed3603b9f4,numbered,87825,completed,sold,1,2026-06-09 18:23:11.953719+00,2026-06-09 18:23:52.698125+00,2026-06-09 18:23:52.805891+00,0.107766,40.852172,
6ce37767-17cb-4531-9563-520fc6113ad7,numbered,97173,completed,sold,1,2026-06-09 18:23:11.932467+00,2026-06-09 18:23:52.697399+00,2026-06-09 18:23:52.805902+00,0.108503,40.873435,
6220f93a-099f-4109-9a11-c7101b156a47,numbered,17094,completed,sold,1,2026-06-09 18:23:11.946743+00,2026-06-09 18:23:52.698938+00,2026-06-09 18:23:52.807884+00,0.108946,40.861141,
eed74345-0ce8-4810-89be-c50fe83ef8a8,numbered,48408,completed,sold,1,2026-06-09 18:23:11.918109+00,2026-06-09 18:23:52.703386+00,2026-06-09 18:23:52.811092+00,0.107706,40.892983,
1b93ff70-e841-42ed-ab69-ea69538414f3,numbered,83968,completed,sold,1,2026-06-09 18:23:11.961109+00,2026-06-09 18:23:52.705549+00,2026-06-09 18:23:52.811883+00,0.106334,40.850774,
727f1b91-df1f-4bb4-8e54-b6b47526294b,numbered,77935,completed,sold,1,2026-06-09 18:23:11.889559+00,2026-06-09 18:23:52.704827+00,2026-06-09 18:23:52.813411+00,0.108584,40.923852,
4664c1ec-4299-40b2-a5cd-d116ef212000,numbered,61809,completed,sold,1,2026-06-09 18:23:11.882495+00,2026-06-09 18:23:52.70893+00,2026-06-09 18:23:52.814524+00,0.105594,40.932029,
b5b97c8a-9c93-430c-9ab4-4009b99998d7,numbered,31927,completed,sold,1,2026-06-09 18:23:11.925292+00,2026-06-09 18:23:52.71531+00,2026-06-09 18:23:52.823804+00,0.108494,40.898512,
f3399518-e7e6-42dc-981f-0eefe9699e19,numbered,79074,completed,sold,1,2026-06-09 18:23:11.897254+00,2026-06-09 18:23:52.747368+00,2026-06-09 18:23:52.857682+00,0.110314,40.960428,
ec3fa33d-2b15-4424-b1d6-fbe7f5a5907a,numbered,9117,completed,sold,1,2026-06-09 18:23:11.939616+00,2026-06-09 18:23:52.749572+00,2026-06-09 18:23:52.86008+00,0.110508,40.920464,
efc639fa-c8b6-4a26-94f7-f5a2057e50b5,numbered,97574,completed,sold,1,2026-06-09 18:23:11.968256+00,2026-06-09 18:23:52.753662+00,2026-06-09 18:23:52.860868+00,0.107206,40.892612,
36010a3c-3e04-42fd-8703-39b7cf9d3593,numbered,78423,completed,sold,1,2026-06-09 18:23:11.910873+00,2026-06-09 18:23:52.729992+00,2026-06-09 18:23:52.876938+00,0.146946,40.966065,
611c0c7c-0daf-4d62-ab8c-56a18b852a96,numbered,86699,completed,sold,1,2026-06-09 18:23:12.018039+00,2026-06-09 18:23:52.763245+00,2026-06-09 18:23:52.877166+00,0.113921,40.859127,
d6895bd0-0cbd-4bf3-a35d-6b57bbf65c4b,numbered,1336,completed,sold,1,2026-06-09 18:23:11.904252+00,2026-06-09 18:23:52.765106+00,2026-06-09 18:23:52.877851+00,0.112745,40.973599,
df46ca99-1d51-447a-9f7e-96c495e50be6,numbered,64469,completed,sold,1,2026-06-09 18:23:12.061274+00,2026-06-09 18:23:52.767774+00,2026-06-09 18:23:52.878625+00,0.110851,40.817351,
e588dbd8-9a49-4999-8025-dc50f7c388ab,numbered,99293,completed,sold,1,2026-06-09 18:23:12.011554+00,2026-06-09 18:23:52.764648+00,2026-06-09 18:23:52.879399+00,0.114751,40.867845,
4c2283b5-d23a-48d4-bc4b-bbc6836e0bb9,numbered,9723,completed,sold,1,2026-06-09 18:23:12.032559+00,2026-06-09 18:23:52.768667+00,2026-06-09 18:23:52.883883+00,0.115216,40.851324,
04e317cf-a748-4f8f-a87e-7b3f37556fd6,numbered,99746,completed,sold,1,2026-06-09 18:23:12.046853+00,2026-06-09 18:23:52.751589+00,2026-06-09 18:23:52.887802+00,0.136213,40.840949,
ae3b5ea1-4326-4e13-9b6b-a0582fc23bcc,numbered,17724,completed,sold,1,2026-06-09 18:23:12.025272+00,2026-06-09 18:23:52.766906+00,2026-06-09 18:23:52.8886+00,0.121694,40.863328,
573213da-aae2-4334-aac3-c213a9221bc0,numbered,13868,completed,sold,1,2026-06-09 18:23:11.996741+00,2026-06-09 18:23:52.746488+00,2026-06-09 18:23:52.889366+00,0.142878,40.892625,
c67dc105-f967-45ba-b449-92ecf41f900f,numbered,28816,completed,sold,1,2026-06-09 18:23:12.053949+00,2026-06-09 18:23:52.754323+00,2026-06-09 18:23:52.890077+00,0.135754,40.836128,
34d10c55-511c-43ed-9e55-49a1d46efc2c,numbered,71669,completed,sold,1,2026-06-09 18:23:11.975409+00,2026-06-09 18:23:52.738439+00,2026-06-09 18:23:52.890856+00,0.152417,40.915447,
c9d5aa59-2cb2-42c0-bc20-93d0974d836a,numbered,87916,completed,sold,1,2026-06-09 18:23:11.982653+00,2026-06-09 18:23:52.737735+00,2026-06-09 18:23:52.891639+00,0.153904,40.908986,
c65244bf-51eb-403f-91c4-26d0c5074559,numbered,93906,completed,sold,1,2026-06-09 18:23:12.068262+00,2026-06-09 18:23:52.772743+00,2026-06-09 18:23:52.893178+00,0.120435,40.824916,
1848de49-f0a1-49d2-8566-11d4f3a5992e,numbered,93085,completed,sold,1,2026-06-09 18:23:11.989777+00,2026-06-09 18:23:52.744598+00,2026-06-09 18:23:52.89383+00,0.149232,40.904053,
2b700093-389b-4ce3-9f72-52804bf24dcc,numbered,97945,completed,sold,1,2026-06-09 18:23:12.082544+00,2026-06-09 18:23:52.790791+00,2026-06-09 18:23:52.89782+00,0.107029,40.815276,
4abbaf76-37c3-4539-bb1a-f3aea7aebf1f,numbered,45518,completed,sold,1,2026-06-09 18:23:12.004242+00,2026-06-09 18:23:52.741924+00,2026-06-09 18:23:52.898543+00,0.156619,40.894301,
07a1a245-bdfa-4486-a75b-8ec5ddba46fd,numbered,82489,completed,sold,1,2026-06-09 18:23:12.039589+00,2026-06-09 18:23:52.750913+00,2026-06-09 18:23:52.899331+00,0.148418,40.859742,
0e0e2fe3-db21-4a81-89e6-2a3d069f3b4d,numbered,86993,completed,seat_unavailable,1,2026-06-09 18:23:12.075656+00,2026-06-09 18:23:52.773377+00,2026-06-09 18:23:52.905088+00,0.131711,40.829432,
eed26fde-42db-48b1-8b38-4b403535a834,numbered,84399,completed,sold,1,2026-06-09 18:23:12.08951+00,2026-06-09 18:23:52.784004+00,2026-06-09 18:23:52.944803+00,0.160799,40.855293,
90ee6f5d-4b07-466f-bab8-6464b2fa5775,numbered,37611,completed,sold,1,2026-06-09 18:23:12.118249+00,2026-06-09 18:23:52.938209+00,2026-06-09 18:23:53.045235+00,0.107026,40.926986,
588c4199-bc73-4eb7-a4bd-1f09abbb979f,numbered,51198,completed,sold,1,2026-06-09 18:23:12.125234+00,2026-06-09 18:23:52.936567+00,2026-06-09 18:23:53.045951+00,0.109384,40.920717,
253e137b-342a-4ed1-aa5d-d190b143b1ec,numbered,88982,completed,sold,1,2026-06-09 18:23:12.111026+00,2026-06-09 18:23:52.946634+00,2026-06-09 18:23:53.056366+00,0.109732,40.945340,
d959790c-58d4-42c5-8185-7bd4c8052e10,numbered,9044,completed,sold,1,2026-06-09 18:23:12.096823+00,2026-06-09 18:23:52.961606+00,2026-06-09 18:23:53.070626+00,0.109020,40.973803,
1d8eda9b-422d-4129-bcf0-c499998d8118,numbered,56240,completed,sold,1,2026-06-09 18:23:12.239739+00,2026-06-09 18:23:52.987779+00,2026-06-09 18:23:53.095406+00,0.107627,40.855667,
b0b4d38e-8ec9-47d3-b3b9-6bff75219724,numbered,43597,completed,sold,1,2026-06-09 18:23:12.261066+00,2026-06-09 18:23:52.992465+00,2026-06-09 18:23:53.098468+00,0.106003,40.837402,
846e8b14-6a87-4b3d-a10e-f023b6df608f,numbered,93512,completed,sold,1,2026-06-09 18:23:12.103943+00,2026-06-09 18:23:53.013159+00,2026-06-09 18:23:53.120559+00,0.107400,41.016616,
2233b0c2-b29d-4f2f-ad19-394dbb001cbd,numbered,71955,completed,sold,1,2026-06-09 18:23:12.268156+00,2026-06-09 18:23:53.019852+00,2026-06-09 18:23:53.13123+00,0.111378,40.863074,
7a03c6d9-3592-4a0b-8e2d-7c62d3c50f9b,numbered,51027,completed,sold,1,2026-06-09 18:23:12.146656+00,2026-06-09 18:23:53.020594+00,2026-06-09 18:23:53.132009+00,0.111415,40.985353,
38f18e2c-56a5-4568-90ad-be372b27d2b2,numbered,2154,completed,sold,1,2026-06-09 18:23:12.203888+00,2026-06-09 18:23:53.021926+00,2026-06-09 18:23:53.132735+00,0.110809,40.928847,
2f653cea-3df9-4ea1-ab73-fcfbdca0a820,numbered,17493,completed,sold,1,2026-06-09 18:23:12.139727+00,2026-06-09 18:23:53.017737+00,2026-06-09 18:23:53.133466+00,0.115729,40.993739,
2f3ddb37-c8ce-4ced-a1e1-9255b264c1ac,numbered,39276,completed,sold,1,2026-06-09 18:23:12.289607+00,2026-06-09 18:23:53.024946+00,2026-06-09 18:23:53.139525+00,0.114579,40.849918,
d7b790bf-1cac-4f56-84fe-c85c2b90562b,numbered,58922,completed,sold,1,2026-06-09 18:23:12.218141+00,2026-06-09 18:23:53.017894+00,2026-06-09 18:23:53.140344+00,0.122450,40.922203,
05e8f8fd-a167-4312-a472-ac40e4c64e7e,numbered,7553,completed,sold,1,2026-06-09 18:23:12.18247+00,2026-06-09 18:23:53.020594+00,2026-06-09 18:23:53.141113+00,0.120519,40.958643,
29f94d73-7954-4b76-aa44-34668f4d47db,numbered,27481,completed,sold,1,2026-06-09 18:23:12.211118+00,2026-06-09 18:23:53.021185+00,2026-06-09 18:23:53.14184+00,0.120655,40.930722,
37107c74-c747-4f8e-891b-d41dc0dc7c93,numbered,10018,completed,sold,1,2026-06-09 18:23:12.253953+00,2026-06-09 18:23:53.017113+00,2026-06-09 18:23:53.142645+00,0.125532,40.888692,
0155fd27-3711-487d-8468-d3119378a91f,numbered,84347,completed,sold,1,2026-06-09 18:23:12.303864+00,2026-06-09 18:23:53.03071+00,2026-06-09 18:23:53.156851+00,0.126141,40.852987,
6fd7a54c-864e-4119-9bb3-503eb5beea7f,numbered,71390,completed,sold,1,2026-06-09 18:23:12.232406+00,2026-06-09 18:23:53.058783+00,2026-06-09 18:23:53.180984+00,0.122201,40.948578,
100a787a-39fe-490a-a949-5940df870555,numbered,39376,completed,sold,1,2026-06-09 18:23:12.296611+00,2026-06-09 18:23:53.04578+00,2026-06-09 18:23:53.183112+00,0.137332,40.886501,
bbb5cf08-c413-4377-a43d-cb3fad433cae,numbered,28682,completed,sold,1,2026-06-09 18:23:12.28248+00,2026-06-09 18:23:53.062437+00,2026-06-09 18:23:53.183891+00,0.121454,40.901411,
94147426-83de-4f32-8498-4db2efcfd9d8,numbered,65205,completed,sold,1,2026-06-09 18:23:12.275375+00,2026-06-09 18:23:53.077031+00,2026-06-09 18:23:53.184334+00,0.107303,40.908959,
ef8d88b6-90c2-4a22-a202-940d371f0c95,numbered,42850,completed,sold,1,2026-06-09 18:23:12.196726+00,2026-06-09 18:23:53.05662+00,2026-06-09 18:23:53.184666+00,0.128046,40.987940,
35fe70ce-d600-4bbe-a963-737eda1f4245,numbered,75446,completed,sold,1,2026-06-09 18:23:12.161054+00,2026-06-09 18:23:53.077646+00,2026-06-09 18:23:53.185005+00,0.107359,41.023951,
3693866c-62cd-45dc-b02e-0948fd75254e,numbered,2770,completed,sold,1,2026-06-09 18:23:12.246871+00,2026-06-09 18:23:53.052357+00,2026-06-09 18:23:53.190006+00,0.137649,40.943135,
4d21aea4-08f8-476c-b454-5b66e92c3835,numbered,23211,completed,sold,1,2026-06-09 18:23:12.189659+00,2026-06-09 18:23:53.055778+00,2026-06-09 18:23:53.190827+00,0.135049,41.001168,
cf5f2ef2-ff1a-48a5-b219-1dfab0ceb2a9,numbered,84437,completed,sold,1,2026-06-09 18:23:12.153854+00,2026-06-09 18:23:53.01882+00,2026-06-09 18:23:53.193495+00,0.174675,41.039641,
df1724f2-efa2-4892-b01a-6f001f326c8d,numbered,19600,completed,sold,1,2026-06-09 18:23:12.168143+00,2026-06-09 18:23:53.058257+00,2026-06-09 18:23:53.195126+00,0.136869,41.026983,
65e6c405-21de-4d82-a092-cd15b5e8b04d,numbered,34663,completed,sold,1,2026-06-09 18:23:12.132353+00,2026-06-09 18:23:53.046639+00,2026-06-09 18:23:53.195895+00,0.149256,41.063542,
04165c48-ba50-45f4-8319-56d97560ed13,numbered,6225,completed,sold,1,2026-06-09 18:23:12.225297+00,2026-06-09 18:23:53.066251+00,2026-06-09 18:23:53.196691+00,0.130440,40.971394,
708507c5-973a-42e1-9bb9-54124f808deb,numbered,4934,completed,sold,1,2026-06-09 18:23:12.318444+00,2026-06-09 18:23:53.086969+00,2026-06-09 18:23:53.200598+00,0.113629,40.882154,
fd2f9c91-897b-4110-a61a-fd04b1c5acbf,numbered,1580,completed,sold,1,2026-06-09 18:23:12.175366+00,2026-06-09 18:23:53.078249+00,2026-06-09 18:23:53.204378+00,0.126129,41.029012,
ae83eabc-f40a-4403-bec5-bc3c02115881,numbered,54471,completed,sold,1,2026-06-09 18:23:12.311102+00,2026-06-09 18:23:53.098117+00,2026-06-09 18:23:53.206048+00,0.107931,40.894946,
6e95220f-624a-4a70-955e-da0c499070c8,numbered,97250,completed,sold,1,2026-06-09 18:23:12.325262+00,2026-06-09 18:23:53.098895+00,2026-06-09 18:23:53.206854+00,0.107959,40.881592,
8ed69c44-bb60-4cbc-bf0d-345a4010996e,numbered,60048,completed,sold,1,2026-06-09 18:23:12.332353+00,2026-06-09 18:23:53.104776+00,2026-06-09 18:23:53.209838+00,0.105062,40.877485,
2fbc0a7f-74c2-4b06-8abe-33bb6a988346,numbered,51013,completed,sold,1,2026-06-09 18:23:12.339711+00,2026-06-09 18:23:53.170873+00,2026-06-09 18:23:53.277192+00,0.106319,40.937481,
be7b6531-f8ab-49b3-9907-1679385046a5,numbered,54477,completed,sold,1,2026-06-09 18:23:12.361186+00,2026-06-09 18:23:53.270507+00,2026-06-09 18:23:53.376767+00,0.106260,41.015581,
0b9faf3c-3f09-4cd1-a6a1-51e20c96f27c,numbered,3481,completed,sold,1,2026-06-09 18:23:12.346739+00,2026-06-09 18:23:53.273571+00,2026-06-09 18:23:53.381057+00,0.107486,41.034318,
ad185382-be18-4851-9527-59f1768c730c,numbered,49211,completed,sold,1,2026-06-09 18:23:12.368165+00,2026-06-09 18:23:53.274206+00,2026-06-09 18:23:53.382511+00,0.108305,41.014346,
dc3300cb-6941-4a22-8a4c-b7fc302f638f,numbered,91530,completed,sold,1,2026-06-09 18:23:12.382487+00,2026-06-09 18:23:53.293594+00,2026-06-09 18:23:53.398913+00,0.105319,41.016426,
90421a6e-3453-4dbb-83b2-34fdd0d60e5a,numbered,69359,completed,sold,1,2026-06-09 18:23:12.389623+00,2026-06-09 18:23:53.290872+00,2026-06-09 18:23:53.400427+00,0.109555,41.010804,
e9c36f9d-a2a1-4761-84e4-923503aa1f1a,numbered,30465,completed,sold,1,2026-06-09 18:23:12.375445+00,2026-06-09 18:23:53.289318+00,2026-06-09 18:23:53.40155+00,0.112232,41.026105,
7112e54c-ee07-4ddc-b1d4-73300c58ef30,numbered,50548,completed,sold,1,2026-06-09 18:23:12.396893+00,2026-06-09 18:23:53.290021+00,2026-06-09 18:23:53.404112+00,0.114091,41.007219,
2799cc69-0f2a-4349-a483-7388376e3cb4,numbered,24741,completed,seat_unavailable,1,2026-06-09 18:23:12.353926+00,2026-06-09 18:23:53.310444+00,2026-06-09 18:23:53.414046+00,0.103602,41.060120,
e7ecaec4-63e0-4acb-996b-974058e164e5,numbered,1262,completed,sold,1,2026-06-09 18:23:12.40389+00,2026-06-09 18:23:53.316944+00,2026-06-09 18:23:53.422956+00,0.106012,41.019066,
2259b0e4-3488-4b2c-beaa-3e8af9db5f56,numbered,68454,completed,sold,1,2026-06-09 18:23:12.45402+00,2026-06-09 18:23:53.326409+00,2026-06-09 18:23:53.431449+00,0.105040,40.977429,
e4965b04-b519-4d0d-ab9d-3ac9e9970eed,numbered,95629,completed,sold,1,2026-06-09 18:23:12.411187+00,2026-06-09 18:23:53.343295+00,2026-06-09 18:23:53.448733+00,0.105438,41.037546,
22597ffd-5e57-47fe-a387-63a78ae10e4c,numbered,20802,completed,sold,1,2026-06-09 18:23:12.475441+00,2026-06-09 18:23:53.363158+00,2026-06-09 18:23:53.470925+00,0.107767,40.995484,
ec8c6432-7efe-42f4-84a2-118068f0805e,numbered,89907,completed,sold,1,2026-06-09 18:23:12.468372+00,2026-06-09 18:23:53.367318+00,2026-06-09 18:23:53.474891+00,0.107573,41.006519,
a45baca9-14e8-4a96-bb43-0ed359260c4d,numbered,98412,completed,sold,1,2026-06-09 18:23:12.439627+00,2026-06-09 18:23:53.35352+00,2026-06-09 18:23:53.475473+00,0.121953,41.035846,
87c6ed61-c1af-470a-a3e5-c8b325422b84,numbered,33187,completed,sold,1,2026-06-09 18:23:12.511122+00,2026-06-09 18:23:53.367997+00,2026-06-09 18:23:53.476224+00,0.108227,40.965102,
16f5a611-ccf2-4807-be42-00139d80f7d7,numbered,11081,completed,sold,1,2026-06-09 18:23:12.518239+00,2026-06-09 18:23:53.366518+00,2026-06-09 18:23:53.480797+00,0.114279,40.962558,
c713f399-b940-4c2e-acfa-241caa07bdb3,numbered,88332,completed,sold,1,2026-06-09 18:23:12.532338+00,2026-06-09 18:23:53.364304+00,2026-06-09 18:23:53.481662+00,0.117358,40.949324,
997496e0-7820-496e-a2d8-da6e4c43fc71,numbered,92811,completed,sold,1,2026-06-09 18:23:12.504079+00,2026-06-09 18:23:53.361171+00,2026-06-09 18:23:53.48314+00,0.121969,40.979061,
295f64d3-ca65-46bb-99ab-2d7232c0651a,numbered,86127,completed,sold,1,2026-06-09 18:23:12.461046+00,2026-06-09 18:23:53.355643+00,2026-06-09 18:23:53.483915+00,0.128272,41.022869,
cfa63e23-d6ae-40be-a5f1-e959eae06d8e,numbered,1885,completed,sold,1,2026-06-09 18:23:12.425085+00,2026-06-09 18:23:53.360449+00,2026-06-09 18:23:53.484681+00,0.124232,41.059596,
b2ba713c-1e1b-4fe6-a4a5-57c89fd19e6a,numbered,86522,completed,sold,1,2026-06-09 18:23:12.496795+00,2026-06-09 18:23:53.359743+00,2026-06-09 18:23:53.485455+00,0.125712,40.988660,
1fc9fc1a-b23c-40ec-926d-c03ecf7be9e4,numbered,47159,completed,sold,1,2026-06-09 18:23:12.489777+00,2026-06-09 18:23:53.353783+00,2026-06-09 18:23:53.486314+00,0.132531,40.996537,
6bed9524-fe2c-459e-9be4-e562bf589d14,numbered,65651,completed,sold,1,2026-06-09 18:23:12.446987+00,2026-06-09 18:23:53.358858+00,2026-06-09 18:23:53.495059+00,0.136201,41.048072,
aece1016-5201-4285-a0c9-96de09b11c0a,numbered,80865,completed,sold,1,2026-06-09 18:23:12.482735+00,2026-06-09 18:23:53.359027+00,2026-06-09 18:23:53.495919+00,0.136892,41.013184,
c558450b-3c34-4b7b-8a14-e86569006197,numbered,46832,completed,sold,1,2026-06-09 18:23:12.432436+00,2026-06-09 18:23:53.357973+00,2026-06-09 18:23:53.496729+00,0.138756,41.064293,
bbd6f29b-515c-4ea9-a576-093f0f79a9fb,numbered,60612,completed,sold,1,2026-06-09 18:23:12.539505+00,2026-06-09 18:23:53.383123+00,2026-06-09 18:23:53.497578+00,0.114455,40.958073,
228cd7e2-8057-40cc-96b9-6d73a0989443,numbered,3688,completed,sold,1,2026-06-09 18:23:12.525455+00,2026-06-09 18:23:53.378076+00,2026-06-09 18:23:53.498779+00,0.120703,40.973324,
ef84b75c-4aca-4114-a842-cd6d2912c312,numbered,69667,completed,sold,1,2026-06-09 18:23:12.546766+00,2026-06-09 18:23:53.384962+00,2026-06-09 18:23:53.499573+00,0.114611,40.952807,
38fdfc60-2ffc-4c91-95f4-02d5fe1ae582,numbered,50490,completed,sold,1,2026-06-09 18:23:12.553848+00,2026-06-09 18:23:53.38402+00,2026-06-09 18:23:53.500738+00,0.116718,40.946890,
c34a0dba-844e-435a-84e5-c8a8fd2382c1,numbered,25135,completed,sold,1,2026-06-09 18:23:12.418498+00,2026-06-09 18:23:53.376519+00,2026-06-09 18:23:53.51086+00,0.134341,41.092362,
5a552352-dc06-4f40-a12f-4fe21b2d31a0,numbered,45517,completed,sold,1,2026-06-09 18:23:12.575583+00,2026-06-09 18:23:53.416616+00,2026-06-09 18:23:53.524614+00,0.107998,40.949031,
fad2aa3a-2c89-4e28-a740-117bb72ae4bc,numbered,76532,completed,sold,1,2026-06-09 18:23:12.585165+00,2026-06-09 18:23:53.435358+00,2026-06-09 18:23:53.543083+00,0.107725,40.957918,
49c28ccf-ee9e-4fbc-813f-9bfea74d10a7,numbered,6413,completed,sold,1,2026-06-09 18:23:12.561083+00,2026-06-09 18:23:53.440926+00,2026-06-09 18:23:53.546513+00,0.105587,40.985430,
28ccc656-7b23-4c9b-93d0-9f43ddc40b42,numbered,14993,completed,sold,1,2026-06-09 18:23:12.604136+00,2026-06-09 18:23:53.442499+00,2026-06-09 18:23:53.560884+00,0.118385,40.956748,
ce6770cb-734d-4921-89fc-9ac331f0a860,numbered,17798,completed,sold,1,2026-06-09 18:23:12.56831+00,2026-06-09 18:23:53.447697+00,2026-06-09 18:23:53.561459+00,0.113762,40.993149,
d7758b0e-379b-4f53-ae9d-dbffa3f98d48,numbered,44131,completed,sold,1,2026-06-09 18:23:12.618434+00,2026-06-09 18:23:53.560955+00,2026-06-09 18:23:53.665834+00,0.104879,41.047400,
7333e526-662f-4dc2-9cdf-8b43af5d7744,numbered,38353,completed,sold,1,2026-06-09 18:23:12.589689+00,2026-06-09 18:23:53.596465+00,2026-06-09 18:23:53.701368+00,0.104903,41.111679,
2367b633-50c2-4b02-a14d-0292019a8b69,numbered,54366,completed,sold,1,2026-06-09 18:23:12.596867+00,2026-06-09 18:23:53.606129+00,2026-06-09 18:23:53.71163+00,0.105501,41.114763,
bddb1f1c-e11d-4fc4-baaf-162aea77270f,numbered,36189,completed,sold,1,2026-06-09 18:23:12.625424+00,2026-06-09 18:23:53.606919+00,2026-06-09 18:23:53.714466+00,0.107547,41.089042,
a6131100-39a7-474a-ad1d-f2325415e732,numbered,68419,completed,sold,1,2026-06-09 18:23:12.611351+00,2026-06-09 18:23:53.607603+00,2026-06-09 18:23:53.715177+00,0.107574,41.103826,
acfb79f0-6a46-44ad-bab3-9df5d724de0f,numbered,20477,completed,sold,1,2026-06-09 18:23:12.639555+00,2026-06-09 18:23:53.624908+00,2026-06-09 18:23:53.732304+00,0.107396,41.092749,
cdbf0bd0-ce03-4a5a-af58-48d57424b909,numbered,99345,completed,sold,1,2026-06-09 18:23:12.646905+00,2026-06-09 18:23:53.645567+00,2026-06-09 18:23:53.752036+00,0.106469,41.105131,
296bcd94-0abb-45e8-9bb2-3b13614ab80f,numbered,78670,completed,sold,1,2026-06-09 18:23:12.632432+00,2026-06-09 18:23:53.658533+00,2026-06-09 18:23:53.764807+00,0.106274,41.132375,
f8c0ec26-f144-44f7-91e3-afa4d3b813f6,numbered,65228,completed,sold,1,2026-06-09 18:23:12.789446+00,2026-06-09 18:23:53.682421+00,2026-06-09 18:23:53.808085+00,0.125664,41.018639,
6738ec8d-6771-4af6-8faf-2245eabd34e5,numbered,43852,completed,sold,1,2026-06-09 18:23:12.696834+00,2026-06-09 18:23:53.672845+00,2026-06-09 18:23:53.80898+00,0.136135,41.112146,
dae3ac1f-a62e-499c-91a1-f3fad00a3f8e,numbered,74371,completed,sold,1,2026-06-09 18:23:12.761034+00,2026-06-09 18:23:53.682421+00,2026-06-09 18:23:53.809862+00,0.127441,41.048828,
c99a66ad-b81e-4b6f-b0ad-341decc75ddb,numbered,50891,completed,sold,1,2026-06-09 18:23:12.796625+00,2026-06-09 18:23:53.689292+00,2026-06-09 18:23:53.810749+00,0.121457,41.014124,
f212da3d-9a7c-4cdd-94f7-23991e6f9821,numbered,75864,completed,sold,1,2026-06-09 18:23:12.81113+00,2026-06-09 18:23:53.696511+00,2026-06-09 18:23:53.81094+00,0.114429,40.999810,
e9572e53-ddc1-4b8b-9e18-e31a3abb12a4,numbered,62570,completed,sold,1,2026-06-09 18:23:12.718081+00,2026-06-09 18:23:53.688472+00,2026-06-09 18:23:53.811641+00,0.123169,41.093560,
397ffaa5-4ecb-424c-a7e9-61d55dfec0bd,numbered,65557,completed,sold,1,2026-06-09 18:23:12.803942+00,2026-06-09 18:23:53.68731+00,2026-06-09 18:23:53.81202+00,0.124710,41.008078,
ec013011-edfe-4728-ba34-7400d8290b34,numbered,87563,completed,sold,1,2026-06-09 18:23:12.753825+00,2026-06-09 18:23:53.686481+00,2026-06-09 18:23:53.812471+00,0.125990,41.058646,
9f87c033-c729-40bd-87be-4a2102172be7,numbered,53189,completed,sold,1,2026-06-09 18:23:12.725322+00,2026-06-09 18:23:53.685573+00,2026-06-09 18:23:53.812922+00,0.127349,41.087600,
71d3064b-990b-45d7-820e-51a0754afab5,numbered,11864,completed,sold,1,2026-06-09 18:23:12.66808+00,2026-06-09 18:23:53.663118+00,2026-06-09 18:23:53.813089+00,0.149971,41.145009,
1efd7acf-6428-4847-a2ad-ee1869bfcc6a,numbered,45859,completed,sold,1,2026-06-09 18:23:12.739585+00,2026-06-09 18:23:53.666906+00,2026-06-09 18:23:53.813489+00,0.146583,41.073904,
3c2e33a2-d573-4a32-9ba5-942b4eea61e6,numbered,24348,completed,sold,1,2026-06-09 18:23:12.660876+00,2026-06-09 18:23:53.673637+00,2026-06-09 18:23:53.813753+00,0.140116,41.152877,
2ca2a6a2-ab25-4cbe-aee6-d88fd538db06,numbered,30269,completed,sold,1,2026-06-09 18:23:12.768191+00,2026-06-09 18:23:53.672256+00,2026-06-09 18:23:53.81429+00,0.142034,41.046099,
b904a374-f759-4aa9-8933-886c7c78d0ac,numbered,51088,completed,sold,1,2026-06-09 18:23:12.703979+00,2026-06-09 18:23:53.67672+00,2026-06-09 18:23:53.814521+00,0.137801,41.110542,
69097b7b-a7c9-430c-b849-a60b1bba963a,numbered,43365,completed,sold,1,2026-06-09 18:23:12.711235+00,2026-06-09 18:23:53.666102+00,2026-06-09 18:23:53.814601+00,0.148499,41.103366,
cc248f25-b905-4afa-9c0f-38e806068e50,numbered,6235,completed,sold,1,2026-06-09 18:23:12.653895+00,2026-06-09 18:23:53.667002+00,2026-06-09 18:23:53.814828+00,0.147826,41.160933,
aa54d432-e367-460b-8d8f-c802a1c85f6e,numbered,935,completed,sold,1,2026-06-09 18:23:12.74678+00,2026-06-09 18:23:53.675295+00,2026-06-09 18:23:53.815502+00,0.140207,41.068722,
e09a4d00-2822-45ac-83c0-8088ce531f74,numbered,18272,completed,sold,1,2026-06-09 18:23:12.675394+00,2026-06-09 18:23:53.675952+00,2026-06-09 18:23:53.815666+00,0.139714,41.140272,
cbcdf5c8-adae-4912-8fc6-17fca5ec9bfe,numbered,24014,completed,sold,1,2026-06-09 18:23:12.682401+00,2026-06-09 18:23:53.663653+00,2026-06-09 18:23:53.816376+00,0.152723,41.133975,
0d84ad2b-92ea-4ba0-a74c-7436635d4104,numbered,577,completed,sold,1,2026-06-09 18:23:12.782759+00,2026-06-09 18:23:53.680571+00,2026-06-09 18:23:53.817237+00,0.136666,41.034478,
8d4fb8da-88d3-4f12-bed0-672bd07e3376,numbered,20342,completed,sold,1,2026-06-09 18:23:12.68966+00,2026-06-09 18:23:53.668077+00,2026-06-09 18:23:53.818082+00,0.150005,41.128422,
50f208d8-1596-4b7d-9d5f-52381c49d3b9,numbered,86580,completed,sold,1,2026-06-09 18:23:12.732424+00,2026-06-09 18:23:53.670696+00,2026-06-09 18:23:53.818999+00,0.148303,41.086575,
e787f2c3-95d4-4b14-ae76-32a588199d97,numbered,46558,completed,sold,1,2026-06-09 18:23:12.77545+00,2026-06-09 18:23:53.686588+00,2026-06-09 18:23:53.819897+00,0.133309,41.044447,
6b632eef-2483-480b-bd66-7b21fcdadc12,numbered,96956,completed,sold,1,2026-06-09 18:23:12.825179+00,2026-06-09 18:23:53.755474+00,2026-06-09 18:23:53.862847+00,0.107373,41.037668,
520f94c7-5803-48af-8c36-6e6f7ce2122e,numbered,5138,completed,sold,1,2026-06-09 18:23:12.818164+00,2026-06-09 18:23:53.741188+00,2026-06-09 18:23:53.872861+00,0.131673,41.054697,
717ae20a-0be9-459a-8ea5-6d55cde0307f,numbered,79515,completed,sold,1,2026-06-09 18:23:12.83964+00,2026-06-09 18:23:53.755865+00,2026-06-09 18:23:53.873808+00,0.117943,41.034168,
4dd3bb7f-5bba-4e21-adb7-59d6167bc8e0,numbered,11728,completed,sold,1,2026-06-09 18:23:12.832394+00,2026-06-09 18:23:53.756591+00,2026-06-09 18:23:53.874537+00,0.117946,41.042143,
39df9dc1-a4a2-4ed1-9e09-be25b8c09379,numbered,91004,completed,sold,1,2026-06-09 18:23:12.846807+00,2026-06-09 18:23:53.86412+00,2026-06-09 18:23:53.970983+00,0.106863,41.124176,
9d880e3b-306f-46f2-9ce4-fc5a5c0a638b,numbered,48192,completed,sold,1,2026-06-09 18:23:12.853794+00,2026-06-09 18:23:53.896256+00,2026-06-09 18:23:54.002176+00,0.105920,41.148382,
d0b2a5f8-3c8e-474a-ae05-3c31bb33de3b,numbered,79512,completed,sold,1,2026-06-09 18:23:12.939579+00,2026-06-09 18:23:53.919005+00,2026-06-09 18:23:54.026101+00,0.107096,41.086522,
8edb5087-8a65-4e15-a971-360db40ac734,numbered,13453,completed,sold,1,2026-06-09 18:23:12.897274+00,2026-06-09 18:23:53.930494+00,2026-06-09 18:23:54.037698+00,0.107204,41.140424,
5a0e8ba6-9c92-4d06-8909-54f631414b48,numbered,22414,completed,sold,1,2026-06-09 18:23:12.925195+00,2026-06-09 18:23:53.928836+00,2026-06-09 18:23:54.037869+00,0.109033,41.112674,
10b00753-86ac-4b5d-8e5a-6c958d5d934f,numbered,73780,completed,sold,1,2026-06-09 18:23:12.861106+00,2026-06-09 18:23:53.937843+00,2026-06-09 18:23:54.043509+00,0.105666,41.182403,
456ede56-88e9-4a94-bc67-ef0d47df54f8,numbered,20472,completed,sold,1,2026-06-09 18:23:12.868204+00,2026-06-09 18:23:53.951305+00,2026-06-09 18:23:54.059926+00,0.108621,41.191722,
f2e9c67f-562a-4130-9295-9b2dbc5fd4af,numbered,47834,completed,sold,1,2026-06-09 18:23:12.889566+00,2026-06-09 18:23:53.952155+00,2026-06-09 18:23:54.060481+00,0.108326,41.170915,
3cc21809-728a-4f4d-bdd4-2e4eae87bd78,numbered,18112,completed,sold,1,2026-06-09 18:23:12.953864+00,2026-06-09 18:23:53.94804+00,2026-06-09 18:23:54.061054+00,0.113014,41.107190,
02197c73-525f-4e98-8724-ecc4a642ee0d,numbered,91323,completed,sold,1,2026-06-09 18:23:12.875401+00,2026-06-09 18:23:53.950517+00,2026-06-09 18:23:54.06226+00,0.111743,41.186859,
c69d44b3-b008-4a5f-9c56-3c48197c90d4,numbered,81668,completed,sold,1,2026-06-09 18:23:12.932321+00,2026-06-09 18:23:53.943896+00,2026-06-09 18:23:54.062855+00,0.118959,41.130534,
857c8667-f9d4-4272-9cc0-95ae91c9bfa5,numbered,54636,completed,sold,1,2026-06-09 18:23:12.961349+00,2026-06-09 18:23:53.943169+00,2026-06-09 18:23:54.063431+00,0.120262,41.102082,
4d4497cc-6bf7-4a71-bca9-d373d1285d73,numbered,72231,completed,sold,1,2026-06-09 18:23:12.946732+00,2026-06-09 18:23:53.942437+00,2026-06-09 18:23:54.064028+00,0.121591,41.117296,
c76627ba-3bd7-4780-9708-097d529a6692,numbered,30809,completed,sold,1,2026-06-09 18:23:12.911068+00,2026-06-09 18:23:53.944628+00,2026-06-09 18:23:54.064585+00,0.119957,41.153517,
69debd55-e9d7-4fa1-b616-c485081e9b5f,numbered,76233,completed,sold,1,2026-06-09 18:23:12.918046+00,2026-06-09 18:23:53.981862+00,2026-06-09 18:23:54.086833+00,0.104971,41.168787,
52d66e94-c35d-4952-a064-9a757b1bc0e8,numbered,85219,completed,sold,1,2026-06-09 18:23:12.968088+00,2026-06-09 18:23:53.984762+00,2026-06-09 18:23:54.09275+00,0.107988,41.124662,
3b3d45d6-ba14-44ab-9e09-79fe3246347b,numbered,71505,completed,sold,1,2026-06-09 18:23:12.996831+00,2026-06-09 18:23:53.987286+00,2026-06-09 18:23:54.093601+00,0.106315,41.096770,
0ec20088-6e21-4b8a-8fba-8ab741dd5cc1,numbered,31709,completed,sold,1,2026-06-09 18:23:12.975392+00,2026-06-09 18:23:53.999395+00,2026-06-09 18:23:54.113006+00,0.113611,41.137614,
97c8d0f8-c966-4151-9126-07fb044742b1,numbered,64170,completed,sold,1,2026-06-09 18:23:12.98973+00,2026-06-09 18:23:54.007381+00,2026-06-09 18:23:54.114604+00,0.107223,41.124874,
c26a83b9-14ec-4c77-868b-9722393f66dd,numbered,90939,completed,sold,1,2026-06-09 18:23:13.047177+00,2026-06-09 18:23:54.01017+00,2026-06-09 18:23:54.120083+00,0.109913,41.072906,
a68f644c-e809-4d7c-9e65-5c162fcccb3f,numbered,58054,completed,sold,1,2026-06-09 18:23:13.053962+00,2026-06-09 18:23:54.013758+00,2026-06-09 18:23:54.122349+00,0.108591,41.068387,
484aa67a-66fa-4763-b44a-3cef40ad1670,numbered,96103,completed,sold,1,2026-06-09 18:23:13.018416+00,2026-06-09 18:23:54.017476+00,2026-06-09 18:23:54.122947+00,0.105471,41.104531,
296bb3b3-7462-4838-b12a-5fb60be4ccdc,numbered,61762,completed,sold,1,2026-06-09 18:23:13.039628+00,2026-06-09 18:23:54.016192+00,2026-06-09 18:23:54.123109+00,0.106917,41.083481,
58ed4589-3ffe-4f0d-a752-cf16db28a7de,numbered,77550,completed,sold,1,2026-06-09 18:23:12.882411+00,2026-06-09 18:23:54.017887+00,2026-06-09 18:23:54.127955+00,0.110068,41.245544,
47799e0a-bc8f-42dc-b1fb-3709c6afa958,numbered,37678,completed,sold,1,2026-06-09 18:23:13.025387+00,2026-06-09 18:23:54.026924+00,2026-06-09 18:23:54.134683+00,0.107759,41.109296,
c2cd17e6-c3cd-494d-b9cb-a93195e6b475,numbered,18194,completed,sold,1,2026-06-09 18:23:12.903922+00,2026-06-09 18:23:54.024952+00,2026-06-09 18:23:54.140152+00,0.115200,41.236230,
3381439b-319a-46d6-b2fe-d1ad3e7d138e,numbered,61686,completed,sold,1,2026-06-09 18:23:13.032549+00,2026-06-09 18:23:54.033938+00,2026-06-09 18:23:54.142088+00,0.108150,41.109539,
6e0cc7de-3906-438f-bc19-ffb852dab451,numbered,22375,completed,sold,1,2026-06-09 18:23:13.004112+00,2026-06-09 18:23:54.028718+00,2026-06-09 18:23:54.142573+00,0.113855,41.138461,
0aa0966d-13b4-4aca-9651-2444be5ef4a3,numbered,43608,completed,sold,1,2026-06-09 18:23:13.011349+00,2026-06-09 18:23:54.025519+00,2026-06-09 18:23:54.142844+00,0.117325,41.131495,
3c83503c-ee38-4f7c-ba8d-4aa55bc3b0bd,numbered,2829,completed,sold,1,2026-06-09 18:23:12.982628+00,2026-06-09 18:23:54.028045+00,2026-06-09 18:23:54.144996+00,0.116951,41.162368,
48c23751-d01e-4a75-8ccc-97d9b810ac74,numbered,81500,completed,sold,1,2026-06-09 18:23:13.060931+00,2026-06-09 18:23:54.038606+00,2026-06-09 18:23:54.146094+00,0.107488,41.085163,
0b06030a-8838-4422-adc5-92e5dd6bbba5,numbered,14819,completed,sold,1,2026-06-09 18:23:13.068088+00,2026-06-09 18:23:54.15849+00,2026-06-09 18:23:54.264048+00,0.105558,41.195960,
5dea3a82-9d7c-4e0e-8e00-291ca32f2ac0,numbered,64297,completed,sold,1,2026-06-09 18:23:13.146767+00,2026-06-09 18:23:54.214729+00,2026-06-09 18:23:54.320092+00,0.105363,41.173325,
3bdd461f-dde9-46b4-be4c-df63469ba224,numbered,61499,completed,sold,1,2026-06-09 18:23:13.075448+00,2026-06-09 18:23:54.217045+00,2026-06-09 18:23:54.322006+00,0.104961,41.246558,
8f953cf9-9b5c-4697-85c2-2d66ea1a69e1,numbered,53738,completed,sold,1,2026-06-09 18:23:13.15384+00,2026-06-09 18:23:54.230457+00,2026-06-09 18:23:54.338201+00,0.107744,41.184361,
349a9ab1-03c7-4da6-ad5b-4daa57fb5a1f,numbered,38964,completed,sold,1,2026-06-09 18:23:13.13231+00,2026-06-09 18:23:54.234773+00,2026-06-09 18:23:54.340505+00,0.105732,41.208195,
0523d813-c6b2-4141-9e47-a84deac4f90b,numbered,54289,completed,sold,1,2026-06-09 18:23:13.089523+00,2026-06-09 18:23:54.239489+00,2026-06-09 18:23:54.346445+00,0.106956,41.256922,
6bbf7e94-2893-4cd6-becd-ea41433339d8,numbered,82626,completed,sold,1,2026-06-09 18:23:13.11806+00,2026-06-09 18:23:54.24324+00,2026-06-09 18:23:54.351715+00,0.108475,41.233655,
0cb2d5bb-0111-4ecd-a463-3c36845fa07c,numbered,74274,completed,sold,1,2026-06-09 18:23:13.125269+00,2026-06-09 18:23:54.247163+00,2026-06-09 18:23:54.353573+00,0.106410,41.228304,
5db9eba8-ecf8-48fd-91d4-2f08eaa8db36,numbered,32447,completed,sold,1,2026-06-09 18:23:13.113129+00,2026-06-09 18:23:54.245524+00,2026-06-09 18:23:54.354276+00,0.108752,41.241147,
7d44f356-6b97-4686-bdec-a6af7aebd2c4,numbered,81755,completed,sold,1,2026-06-09 18:23:13.103917+00,2026-06-09 18:23:54.250894+00,2026-06-09 18:23:54.356335+00,0.105441,41.252418,
5f0d6db4-8a70-4bb1-8e3e-48e1a6c506e6,numbered,79523,completed,sold,1,2026-06-09 18:23:13.082458+00,2026-06-09 18:23:54.240236+00,2026-06-09 18:23:54.363899+00,0.123663,41.281441,
a820650b-7c41-4d80-853c-a720b99748f0,numbered,30997,completed,sold,1,2026-06-09 18:23:13.139623+00,2026-06-09 18:23:54.244558+00,2026-06-09 18:23:54.364521+00,0.119963,41.224898,
d4c80ee3-295a-4c24-9991-45046eb84a19,numbered,36359,completed,sold,1,2026-06-09 18:23:13.096621+00,2026-06-09 18:23:54.253336+00,2026-06-09 18:23:54.365041+00,0.111705,41.268420,
f8b6340f-cc81-4369-94ce-9806e501a694,numbered,32052,completed,sold,1,2026-06-09 18:23:13.168218+00,2026-06-09 18:23:54.266253+00,2026-06-09 18:23:54.373496+00,0.107243,41.205278,
12c7f6cb-262b-44b5-bb84-53b8e66bd856,numbered,46114,completed,sold,1,2026-06-09 18:23:13.232385+00,2026-06-09 18:23:54.282302+00,2026-06-09 18:23:54.389628+00,0.107326,41.157243,
59e8be0f-4c47-4720-9974-79a4e593aec1,numbered,18324,completed,sold,1,2026-06-09 18:23:13.268296+00,2026-06-09 18:23:54.283476+00,2026-06-09 18:23:54.39285+00,0.109374,41.124554,
2c798340-d734-427c-86d8-6b82330ab3b3,numbered,67590,completed,seat_unavailable,1,2026-06-09 18:23:13.225277+00,2026-06-09 18:23:54.282107+00,2026-06-09 18:23:54.393368+00,0.111261,41.168091,
061b166e-f936-49c3-b8b5-f63b56fee894,numbered,91897,completed,sold,1,2026-06-09 18:23:13.161064+00,2026-06-09 18:23:54.276792+00,2026-06-09 18:23:54.398351+00,0.121559,41.237287,
a39b2bef-aab7-476c-b8d9-ea32656c8c1f,numbered,42877,completed,sold,1,2026-06-09 18:23:13.182382+00,2026-06-09 18:23:54.278145+00,2026-06-09 18:23:54.404031+00,0.125886,41.221649,
9f6b3c68-7b49-4e03-ac51-f65a3ee39800,numbered,51673,completed,sold,1,2026-06-09 18:23:13.275399+00,2026-06-09 18:23:54.281161+00,2026-06-09 18:23:54.404764+00,0.123603,41.129365,
db4bbfe8-189c-4166-88fd-c507b4e1600a,numbered,14053,completed,sold,1,2026-06-09 18:23:13.282443+00,2026-06-09 18:23:54.299313+00,2026-06-09 18:23:54.404976+00,0.105663,41.122533,
544853f8-ed06-4574-ae61-1d9ad0bb5e13,numbered,49552,completed,sold,1,2026-06-09 18:23:13.239527+00,2026-06-09 18:23:54.276433+00,2026-06-09 18:23:54.405318+00,0.128885,41.165791,
be689f32-ae71-48dc-8dd4-721cbe8c974d,numbered,31739,completed,sold,1,2026-06-09 18:23:13.260994+00,2026-06-09 18:23:54.279929+00,2026-06-09 18:23:54.405902+00,0.125973,41.144908,
3d8da00e-5bb6-494a-9a27-09abf46759ac,numbered,73472,completed,sold,1,2026-06-09 18:23:13.253944+00,2026-06-09 18:23:54.274005+00,2026-06-09 18:23:54.406572+00,0.132567,41.152628,
8fe6ba88-326a-4c55-b193-43c8a6e54663,numbered,25714,completed,sold,1,2026-06-09 18:23:13.218114+00,2026-06-09 18:23:54.277299+00,2026-06-09 18:23:54.407117+00,0.129818,41.189003,
6ed1c49a-4175-4b8f-a8bd-aea794d1e7a6,numbered,40751,completed,sold,1,2026-06-09 18:23:13.211161+00,2026-06-09 18:23:54.270779+00,2026-06-09 18:23:54.407836+00,0.137057,41.196675,
209d74a2-a2e8-4d98-ad79-3cec564b6d5c,numbered,29761,completed,sold,1,2026-06-09 18:23:13.175318+00,2026-06-09 18:23:54.274845+00,2026-06-09 18:23:54.408375+00,0.133530,41.233057,
1e63b2ca-9978-484f-8bfa-b9caa8a6dc58,numbered,93911,completed,sold,1,2026-06-09 18:23:13.20385+00,2026-06-09 18:23:54.273198+00,2026-06-09 18:23:54.408925+00,0.135727,41.205075,
caee9502-fb4e-402c-8f14-6553c788d8f2,numbered,95311,completed,sold,1,2026-06-09 18:23:13.189504+00,2026-06-09 18:23:54.280471+00,2026-06-09 18:23:54.410936+00,0.130465,41.221432,
854a6b47-517d-48c8-bd1d-d333deeca41a,numbered,28680,completed,sold,1,2026-06-09 18:23:13.196607+00,2026-06-09 18:23:54.281301+00,2026-06-09 18:23:54.411537+00,0.130236,41.214930,
377a960b-5c08-4536-a28a-c48101e22f96,numbered,87641,completed,sold,1,2026-06-09 18:23:13.246687+00,2026-06-09 18:23:54.285188+00,2026-06-09 18:23:54.421482+00,0.136294,41.174795,
29d4eb8f-0b38-4fe6-8aca-c645d9796f8e,numbered,11218,completed,sold,1,2026-06-09 18:23:13.289585+00,2026-06-09 18:23:54.452484+00,2026-06-09 18:23:54.559925+00,0.107441,41.270340,
b118a214-d9eb-473c-8c3e-02cb45837cab,numbered,93770,completed,sold,1,2026-06-09 18:23:13.296794+00,2026-06-09 18:23:54.487225+00,2026-06-09 18:23:54.592443+00,0.105218,41.295649,
a9ad1f1d-0622-42df-a930-102aaac3f3fe,numbered,11450,completed,sold,1,2026-06-09 18:23:13.33966+00,2026-06-09 18:23:54.504426+00,2026-06-09 18:23:54.610824+00,0.106398,41.271164,
ce9bc772-41ef-4f4b-a3e1-4411f9a428eb,numbered,37406,completed,seat_unavailable,1,2026-06-09 18:23:13.361139+00,2026-06-09 18:23:54.506684+00,2026-06-09 18:23:54.61991+00,0.113226,41.258771,
b1303345-e560-456e-8967-e7c9e58232a5,numbered,66424,completed,sold,1,2026-06-09 18:23:13.346768+00,2026-06-09 18:23:54.515105+00,2026-06-09 18:23:54.622081+00,0.106976,41.275313,
9928c012-7e80-4c1a-9849-c3cdba3ee8a5,numbered,96331,completed,sold,1,2026-06-09 18:23:13.303931+00,2026-06-09 18:23:54.516361+00,2026-06-09 18:23:54.623355+00,0.106994,41.319424,
3d495133-db61-45da-bd09-36ffa7b97701,numbered,38851,completed,sold,1,2026-06-09 18:23:13.354024+00,2026-06-09 18:23:54.519615+00,2026-06-09 18:23:54.625004+00,0.105389,41.270980,
bfff672c-46a1-4078-abbe-d3da2781ee33,numbered,42462,completed,sold,1,2026-06-09 18:23:13.396772+00,2026-06-09 18:23:54.528989+00,2026-06-09 18:23:54.635194+00,0.106205,41.238422,
7574835f-5a39-4516-af57-80609b41248e,numbered,98034,completed,sold,1,2026-06-09 18:23:13.368236+00,2026-06-09 18:23:54.522123+00,2026-06-09 18:23:54.635751+00,0.113628,41.267515,
26da3bb6-5102-43df-a0f8-4f44769d290d,numbered,1164,completed,sold,1,2026-06-09 18:23:13.311212+00,2026-06-09 18:23:54.528431+00,2026-06-09 18:23:54.637234+00,0.108803,41.326022,
dda2bf53-2737-46df-abe5-6d83213de4d0,numbered,20452,completed,sold,1,2026-06-09 18:23:13.425267+00,2026-06-09 18:23:54.538499+00,2026-06-09 18:23:54.644735+00,0.106236,41.219468,
48e49621-e663-4667-8ff6-5720cd207299,numbered,46014,completed,sold,1,2026-06-09 18:23:13.318038+00,2026-06-09 18:23:54.553807+00,2026-06-09 18:23:54.665659+00,0.111852,41.347621,
4e288954-2bba-4769-b244-f16570e4e27f,numbered,92729,completed,sold,1,2026-06-09 18:23:13.418135+00,2026-06-09 18:23:54.557724+00,2026-06-09 18:23:54.67585+00,0.118126,41.257715,
12121c1b-2ab5-4000-822f-20869a5dae87,numbered,74015,completed,sold,1,2026-06-09 18:23:13.411296+00,2026-06-09 18:23:54.555601+00,2026-06-09 18:23:54.676407+00,0.120806,41.265111,
012f3690-d33d-4340-9ea6-91297933b3e7,numbered,98810,completed,seat_unavailable,1,2026-06-09 18:23:13.496718+00,2026-06-09 18:23:54.5818+00,2026-06-09 18:23:54.684683+00,0.102883,41.187965,
1e204d47-f6dd-4262-be73-a7e410597fa3,numbered,36434,completed,sold,1,2026-06-09 18:23:13.453716+00,2026-06-09 18:23:54.57208+00,2026-06-09 18:23:54.688897+00,0.116817,41.235181,
3bbfc413-db9a-48f5-a5d7-e1acbaea72d7,numbered,78363,completed,sold,1,2026-06-09 18:23:13.38962+00,2026-06-09 18:23:54.544273+00,2026-06-09 18:23:54.689268+00,0.144995,41.299648,
8dfa0b3d-67d2-48db-bcc1-969c2e50374c,numbered,76475,completed,sold,1,2026-06-09 18:23:13.489596+00,2026-06-09 18:23:54.580029+00,2026-06-09 18:23:54.689855+00,0.109826,41.200259,
ccbfc972-2012-47bd-8565-29296389a027,numbered,39272,completed,sold,1,2026-06-09 18:23:13.468171+00,2026-06-09 18:23:54.576518+00,2026-06-09 18:23:54.690411+00,0.113893,41.222240,
c4eb3c4e-d942-4c01-a842-ed5d2d76e931,numbered,16417,completed,sold,1,2026-06-09 18:23:13.439498+00,2026-06-09 18:23:54.56853+00,2026-06-09 18:23:54.691004+00,0.122474,41.251506,
f3190a7f-a9ed-493d-a647-9c47bb274fd0,numbered,58908,completed,sold,1,2026-06-09 18:23:13.432473+00,2026-06-09 18:23:54.57037+00,2026-06-09 18:23:54.691201+00,0.120831,41.258728,
b68b0ad2-e5bf-4e31-b80f-04cfd7d745a0,numbered,30953,completed,sold,1,2026-06-09 18:23:13.375436+00,2026-06-09 18:23:54.548281+00,2026-06-09 18:23:54.691618+00,0.143337,41.316182,
bed79960-78d1-4487-92b2-107d05338c97,numbered,88615,completed,sold,1,2026-06-09 18:23:13.325144+00,2026-06-09 18:23:54.562575+00,2026-06-09 18:23:54.692166+00,0.129591,41.367022,
df3a815e-de5d-4027-8b69-b17d15faad40,numbered,61705,completed,sold,1,2026-06-09 18:23:13.482704+00,2026-06-09 18:23:54.584844+00,2026-06-09 18:23:54.692841+00,0.107997,41.210137,
0c7abe0a-e30b-4e74-bddc-27167f9a709d,numbered,47823,completed,sold,1,2026-06-09 18:23:13.461016+00,2026-06-09 18:23:54.577569+00,2026-06-09 18:23:54.693369+00,0.115800,41.232353,
a8cbedb7-a351-460f-85fd-15784ddbaa16,numbered,47990,completed,sold,1,2026-06-09 18:23:13.332494+00,2026-06-09 18:23:54.571326+00,2026-06-09 18:23:54.693915+00,0.122589,41.361421,
d078b1ac-fe24-4db5-9c4c-ff6887255452,numbered,25600,completed,sold,1,2026-06-09 18:23:13.44679+00,2026-06-09 18:23:54.573561+00,2026-06-09 18:23:54.694483+00,0.120922,41.247693,
1dfba6ea-c8bf-4288-ba4e-cbcf312d83a6,numbered,41780,completed,sold,1,2026-06-09 18:23:13.404038+00,2026-06-09 18:23:54.550326+00,2026-06-09 18:23:54.694779+00,0.144453,41.290741,
dc4b8b2a-4e82-4274-9a48-db8b192b5c02,numbered,25024,completed,sold,1,2026-06-09 18:23:13.475646+00,2026-06-09 18:23:54.575621+00,2026-06-09 18:23:54.696579+00,0.120958,41.220933,
acda0e7d-2527-44d5-a7e6-9b3118412f05,numbered,75538,completed,sold,1,2026-06-09 18:23:13.382539+00,2026-06-09 18:23:54.551073+00,2026-06-09 18:23:54.698668+00,0.147595,41.316129,
7a2af606-c7ac-4950-b6bd-e6bc1fede3d8,numbered,45000,completed,sold,1,2026-06-09 18:23:13.504208+00,2026-06-09 18:23:54.594189+00,2026-06-09 18:23:54.699294+00,0.105105,41.195086,
2829f86d-1f90-4e1c-9c00-d096fa2b8525,numbered,56212,completed,sold,1,2026-06-09 18:23:13.511141+00,2026-06-09 18:23:54.622965+00,2026-06-09 18:23:54.729652+00,0.106687,41.218511,
e8387b0b-6e89-45d3-942a-ef4b504e3980,numbered,94449,completed,sold,1,2026-06-09 18:23:13.51807+00,2026-06-09 18:23:54.724614+00,2026-06-09 18:23:54.831069+00,0.106455,41.312999,
e8d5a573-31ec-4925-9742-e7e58b27edec,numbered,99808,completed,sold,1,2026-06-09 18:23:13.525206+00,2026-06-09 18:23:54.775116+00,2026-06-09 18:23:54.880703+00,0.105587,41.355497,
2eeb5677-8611-4ae7-9eba-52dc4cdab6ef,numbered,19653,completed,sold,1,2026-06-09 18:23:13.532509+00,2026-06-09 18:23:54.788976+00,2026-06-09 18:23:54.894444+00,0.105468,41.361935,
83334f31-a720-42e0-84ee-72aae0d34769,numbered,52622,completed,sold,1,2026-06-09 18:23:13.553813+00,2026-06-09 18:23:54.789751+00,2026-06-09 18:23:54.895104+00,0.105353,41.341291,
3e5ed088-9ff7-4aed-a225-885f3178b980,numbered,63608,completed,sold,1,2026-06-09 18:23:13.546902+00,2026-06-09 18:23:54.797387+00,2026-06-09 18:23:54.904112+00,0.106725,41.357210,
bfae7e41-f916-4704-8277-5a07d7633903,numbered,28205,completed,sold,1,2026-06-09 18:23:13.582441+00,2026-06-09 18:23:54.809095+00,2026-06-09 18:23:54.914192+00,0.105097,41.331751,
72868d52-c71d-4969-839a-f85578bed707,numbered,2950,completed,sold,1,2026-06-09 18:23:13.589729+00,2026-06-09 18:23:54.821087+00,2026-06-09 18:23:54.928563+00,0.107476,41.338834,
a098d27c-dd68-4e4d-b12b-badd0ef5ed5a,numbered,96324,completed,sold,1,2026-06-09 18:23:13.568064+00,2026-06-09 18:23:54.82185+00,2026-06-09 18:23:54.9291+00,0.107250,41.361036,
bca48c91-dfe7-4546-a003-8306fa3a8c25,numbered,73943,completed,sold,1,2026-06-09 18:23:13.618241+00,2026-06-09 18:23:54.823329+00,2026-06-09 18:23:54.930073+00,0.106744,41.311832,
1d7b11c2-e055-44c8-8826-a84f490aea98,numbered,29133,completed,sold,1,2026-06-09 18:23:13.596725+00,2026-06-09 18:23:54.837112+00,2026-06-09 18:23:54.943923+00,0.106811,41.347198,
21f60917-e44a-4e81-97d0-a4f3567f478f,numbered,86559,completed,sold,1,2026-06-09 18:23:13.625131+00,2026-06-09 18:23:54.838647+00,2026-06-09 18:23:54.946337+00,0.107690,41.321206,
c7eea4c6-0881-43b5-afe2-c5289468deec,numbered,24950,completed,sold,1,2026-06-09 18:23:13.560856+00,2026-06-09 18:23:54.843586+00,2026-06-09 18:23:54.949026+00,0.105440,41.388170,
a802e01f-6b0a-4f9d-b1ca-705314fcbe78,numbered,75053,completed,sold,1,2026-06-09 18:23:13.653835+00,2026-06-09 18:23:54.861953+00,2026-06-09 18:23:54.968549+00,0.106596,41.314714,
e090159d-a6d6-4dd5-83f8-dcdddb8f00a1,numbered,62429,completed,sold,1,2026-06-09 18:23:13.539713+00,2026-06-09 18:23:54.852046+00,2026-06-09 18:23:54.96911+00,0.117064,41.429397,
8724f2c1-5b74-469b-8c1f-9a96290264ac,numbered,23799,completed,sold,1,2026-06-09 18:23:13.646731+00,2026-06-09 18:23:54.853111+00,2026-06-09 18:23:54.96964+00,0.116529,41.322909,
ebb2a33e-bfd4-48ac-bf07-41af40d17ac6,numbered,57227,completed,sold,1,2026-06-09 18:23:13.711031+00,2026-06-09 18:23:54.862831+00,2026-06-09 18:23:54.988293+00,0.125462,41.277262,
ed450f98-91a3-44ad-b515-ed1f135b8a28,numbered,41485,completed,sold,1,2026-06-09 18:23:13.73235+00,2026-06-09 18:23:54.873245+00,2026-06-09 18:23:54.989382+00,0.116137,41.257032,
8e396aca-eef4-4314-b263-b503003069ab,numbered,8821,completed,sold,1,2026-06-09 18:23:13.703867+00,2026-06-09 18:23:54.880174+00,2026-06-09 18:23:54.989959+00,0.109785,41.286092,
b5946952-a815-4287-b2d9-27ea44da2bc6,numbered,71596,completed,sold,1,2026-06-09 18:23:13.696533+00,2026-06-09 18:23:54.874763+00,2026-06-09 18:23:54.990457+00,0.115694,41.293924,
3582104f-d07c-4f50-90ff-87631cf3f316,numbered,28324,completed,sold,1,2026-06-09 18:23:13.689563+00,2026-06-09 18:23:54.85993+00,2026-06-09 18:23:54.991046+00,0.131116,41.301483,
a02030c9-8926-4d00-8638-bb7cbc931349,numbered,35037,completed,sold,1,2026-06-09 18:23:13.661137+00,2026-06-09 18:23:54.853476+00,2026-06-09 18:23:54.991581+00,0.138105,41.330444,
653a3d95-0a7c-4aa5-a015-1d5018391579,numbered,98720,completed,sold,1,2026-06-09 18:23:13.639543+00,2026-06-09 18:23:54.850837+00,2026-06-09 18:23:54.992157+00,0.141320,41.352614,
4cca9f56-1e38-4bff-b312-28ba786cd76d,numbered,59684,completed,sold,1,2026-06-09 18:23:13.682465+00,2026-06-09 18:23:54.871363+00,2026-06-09 18:23:54.992804+00,0.121441,41.310339,
32daec82-32ff-4db9-bf41-067f0dfe098e,numbered,8289,completed,sold,1,2026-06-09 18:23:13.575335+00,2026-06-09 18:23:54.852361+00,2026-06-09 18:23:54.99315+00,0.140789,41.417815,
23247222-3f64-4d31-b8d2-19453ba0f98b,numbered,20881,completed,sold,1,2026-06-09 18:23:13.718431+00,2026-06-09 18:23:54.881181+00,2026-06-09 18:23:54.993371+00,0.112190,41.274940,
fa4bdae9-3ab1-4e34-9e6c-ffc973fceafc,numbered,35358,completed,sold,1,2026-06-09 18:23:13.611135+00,2026-06-09 18:23:54.851595+00,2026-06-09 18:23:54.99371+00,0.142115,41.382575,
42117295-15ec-4ddf-a59d-23e98cbd7a1c,numbered,70464,completed,sold,1,2026-06-09 18:23:13.675427+00,2026-06-09 18:23:54.876134+00,2026-06-09 18:23:54.993887+00,0.117753,41.318460,
775ece14-55e1-49f7-816b-6820ab9d3193,numbered,22965,completed,sold,1,2026-06-09 18:23:13.632363+00,2026-06-09 18:23:54.850092+00,2026-06-09 18:23:54.99424+00,0.144148,41.361877,
a87084a3-7dc8-46ac-8740-919391ff13a7,numbered,57403,completed,sold,1,2026-06-09 18:23:13.725308+00,2026-06-09 18:23:54.88045+00,2026-06-09 18:23:54.994477+00,0.114027,41.269169,
be151cc8-c1e9-4ccf-a677-1549749aff86,numbered,46586,completed,sold,1,2026-06-09 18:23:13.60382+00,2026-06-09 18:23:54.849366+00,2026-06-09 18:23:54.994884+00,0.145518,41.391064,
b8de9c5d-79f5-45e2-90a3-ac88da723abb,numbered,12353,completed,sold,1,2026-06-09 18:23:13.739895+00,2026-06-09 18:23:54.878785+00,2026-06-09 18:23:54.995005+00,0.116220,41.255110,
390807dc-a320-48e6-8e9d-131c41c4f3b3,numbered,33393,completed,sold,1,2026-06-09 18:23:13.668162+00,2026-06-09 18:23:54.87043+00,2026-06-09 18:23:54.999688+00,0.129258,41.331526,
f45fc2f3-ea96-4887-96c1-91d3fee5daed,numbered,36876,completed,sold,1,2026-06-09 18:23:13.746864+00,2026-06-09 18:23:54.911776+00,2026-06-09 18:23:55.017728+00,0.105952,41.270864,
2d39322b-1970-4275-bd91-808023d865d7,numbered,84910,completed,sold,1,2026-06-09 18:23:13.761149+00,2026-06-09 18:23:54.928454+00,2026-06-09 18:23:55.034641+00,0.106187,41.273492,
35fd524d-7546-4cab-8547-6345b7b42d23,numbered,47189,completed,sold,1,2026-06-09 18:23:13.753898+00,2026-06-09 18:23:54.936844+00,2026-06-09 18:23:55.060727+00,0.123883,41.306829,
3d38665c-d809-4ed6-afe3-86014ca2d617,numbered,46460,completed,sold,1,2026-06-09 18:23:13.775363+00,2026-06-09 18:23:55.043208+00,2026-06-09 18:23:55.148378+00,0.105170,41.373015,
bbb820b2-f514-4e5c-83ac-cbfa935e8346,numbered,77839,completed,seat_unavailable,1,2026-06-09 18:23:13.768106+00,2026-06-09 18:23:55.056175+00,2026-06-09 18:23:55.160217+00,0.104042,41.392111,
443a4f5c-b2d8-4411-a6d3-530769fff3c4,numbered,7180,completed,sold,1,2026-06-09 18:23:13.782425+00,2026-06-09 18:23:55.096162+00,2026-06-09 18:23:55.202477+00,0.106315,41.420052,
9ea38421-b518-4b3a-8eee-852045f5ea96,numbered,37595,completed,sold,1,2026-06-09 18:23:13.789574+00,2026-06-09 18:23:55.098417+00,2026-06-09 18:23:55.205045+00,0.106628,41.415471,
11fc5ea9-c419-4553-900f-bafd6aefc918,numbered,16329,completed,sold,1,2026-06-09 18:23:13.796732+00,2026-06-09 18:23:55.10124+00,2026-06-09 18:23:55.207331+00,0.106091,41.410599,
65d31e98-d3b2-4641-a298-8c7a44f300dd,numbered,3450,completed,sold,1,2026-06-09 18:23:13.8323+00,2026-06-09 18:23:55.114682+00,2026-06-09 18:23:55.220799+00,0.106117,41.388499,
36a687f0-d002-46c0-87f8-6f98c6b11a02,numbered,34909,completed,sold,1,2026-06-09 18:23:13.853992+00,2026-06-09 18:23:55.11555+00,2026-06-09 18:23:55.221882+00,0.106332,41.367890,
fa995886-d4c3-45b9-850c-80b97e597522,numbered,9090,completed,sold,1,2026-06-09 18:23:13.839512+00,2026-06-09 18:23:55.133265+00,2026-06-09 18:23:55.23888+00,0.105615,41.399368,
d27c6751-dae5-4f8c-ace0-14b74e6ef58f,numbered,92617,completed,sold,1,2026-06-09 18:23:13.803916+00,2026-06-09 18:23:55.156751+00,2026-06-09 18:23:55.264058+00,0.107307,41.460142,
7943ba87-19e3-49a6-8b74-b9705254c5e8,numbered,1596,completed,sold,1,2026-06-09 18:23:13.86826+00,2026-06-09 18:23:55.157568+00,2026-06-09 18:23:55.264629+00,0.107061,41.396369,
d18b5048-3996-4af6-baf6-39d361fdf26e,numbered,43150,completed,sold,1,2026-06-09 18:23:13.817996+00,2026-06-09 18:23:55.161253+00,2026-06-09 18:23:55.267581+00,0.106328,41.449585,
c3d747a0-0078-4082-a852-50b38cc44a82,numbered,23056,completed,sold,1,2026-06-09 18:23:13.897148+00,2026-06-09 18:23:55.164346+00,2026-06-09 18:23:55.272273+00,0.107927,41.375125,
bbf949de-607e-4bc3-8c1e-e7b4087ceb75,numbered,92344,completed,seat_unavailable,1,2026-06-09 18:23:13.960957+00,2026-06-09 18:23:55.187664+00,2026-06-09 18:23:55.293775+00,0.106111,41.332818,
6f4d66a4-308e-41f5-bd83-c7d39cebfe9d,numbered,79528,completed,sold,1,2026-06-09 18:23:13.911265+00,2026-06-09 18:23:55.169205+00,2026-06-09 18:23:55.296036+00,0.126831,41.384771,
190eefdd-8531-4568-b1f3-380250d0d7dd,numbered,89,completed,sold,1,2026-06-09 18:23:13.953885+00,2026-06-09 18:23:55.173166+00,2026-06-09 18:23:55.296951+00,0.123785,41.343066,
bd5eaeb4-8106-4bae-9b74-40fc8959395e,numbered,12852,completed,sold,1,2026-06-09 18:23:13.875468+00,2026-06-09 18:23:55.181693+00,2026-06-09 18:23:55.297566+00,0.115873,41.422098,
66fa2fae-6734-4b5b-b5cd-f5cc7fa23bfb,numbered,75832,completed,sold,1,2026-06-09 18:23:13.925184+00,2026-06-09 18:23:55.17638+00,2026-06-09 18:23:55.302939+00,0.126559,41.377755,
29539467-ad0a-4c98-a807-9708a0678dec,numbered,29248,completed,sold,1,2026-06-09 18:23:13.96798+00,2026-06-09 18:23:55.182573+00,2026-06-09 18:23:55.306724+00,0.124151,41.338744,
fd5730d6-c77a-4088-afee-f9da172c3206,numbered,6596,completed,sold,1,2026-06-09 18:23:13.982379+00,2026-06-09 18:23:55.188119+00,2026-06-09 18:23:55.307302+00,0.119183,41.324923,
3ff6c358-a085-4bbf-9c71-7c894d099af9,numbered,16910,completed,sold,1,2026-06-09 18:23:13.918004+00,2026-06-09 18:23:55.175592+00,2026-06-09 18:23:55.310515+00,0.134923,41.392511,
64e40076-d6f3-4a95-a0fc-a3cc0aa6dd16,numbered,41001,completed,sold,1,2026-06-09 18:23:13.946518+00,2026-06-09 18:23:55.186596+00,2026-06-09 18:23:55.312801+00,0.126205,41.366283,
4647d99d-c551-4c07-a74b-e02e20965e15,numbered,60617,completed,sold,1,2026-06-09 18:23:13.88241+00,2026-06-09 18:23:55.185754+00,2026-06-09 18:23:55.313326+00,0.127572,41.430916,
cb623654-e9da-4d35-9a31-3f10ff5f9978,numbered,75275,completed,sold,1,2026-06-09 18:23:13.93248+00,2026-06-09 18:23:55.185007+00,2026-06-09 18:23:55.31386+00,0.128853,41.381380,
467bfb08-af5d-4cf4-80a8-787f00683dc8,numbered,68903,completed,sold,1,2026-06-09 18:23:13.846798+00,2026-06-09 18:23:55.173338+00,2026-06-09 18:23:55.314424+00,0.141086,41.467626,
fa5a3051-75a7-4e6c-a4f2-4960189e9e6f,numbered,60076,completed,sold,1,2026-06-09 18:23:13.975459+00,2026-06-09 18:23:55.187433+00,2026-06-09 18:23:55.315033+00,0.127600,41.339574,
d097ae8d-cd6b-4e54-ab38-b3dec868f563,numbered,4644,completed,sold,1,2026-06-09 18:23:13.825103+00,2026-06-09 18:23:55.172301+00,2026-06-09 18:23:55.315621+00,0.143320,41.490518,
188d5609-b9e5-4aba-ac28-3bf8152afebb,numbered,15109,completed,sold,1,2026-06-09 18:23:13.861033+00,2026-06-09 18:23:55.171569+00,2026-06-09 18:23:55.316177+00,0.144608,41.455144,
b74825b0-9bbb-45bb-b3b1-5769cad14460,numbered,65132,completed,sold,1,2026-06-09 18:23:13.903856+00,2026-06-09 18:23:55.182627+00,2026-06-09 18:23:55.317794+00,0.135167,41.413938,
4f550f6d-6776-4cad-a268-d09059dc16d7,numbered,93850,completed,sold,1,2026-06-09 18:23:13.939708+00,2026-06-09 18:23:55.183457+00,2026-06-09 18:23:55.318328+00,0.134871,41.378620,
f997ac6a-7dca-43b5-b547-5e545f0baaba,numbered,48925,completed,sold,1,2026-06-09 18:23:13.989469+00,2026-06-09 18:23:55.209597+00,2026-06-09 18:23:55.319563+00,0.109966,41.330094,
ce1697cb-36f7-4279-88b4-e17854a86149,numbered,89444,completed,sold,1,2026-06-09 18:23:13.996628+00,2026-06-09 18:23:55.215562+00,2026-06-09 18:23:55.323056+00,0.107494,41.326428,
58dec3e1-4b53-4ac6-9e66-e0ce202673f8,numbered,78047,completed,sold,1,2026-06-09 18:23:13.889665+00,2026-06-09 18:23:55.184251+00,2026-06-09 18:23:55.323067+00,0.138816,41.433402,
99631055-a2e0-463c-937b-b99c30a3d8de,numbered,26762,completed,sold,1,2026-06-09 18:23:13.811138+00,2026-06-09 18:23:55.174743+00,2026-06-09 18:23:55.323525+00,0.148782,41.512387,
e90ea34f-4775-4049-8989-dd9f0069623d,numbered,45728,completed,sold,1,2026-06-09 18:23:14.011055+00,2026-06-09 18:23:55.232994+00,2026-06-09 18:23:55.340475+00,0.107481,41.329420,
d468aec3-9842-43a2-81a7-10b3040a226e,numbered,78770,completed,sold,1,2026-06-09 18:23:14.004211+00,2026-06-09 18:23:55.245658+00,2026-06-09 18:23:55.352214+00,0.106556,41.348003,
63ba2157-ff59-4292-a371-bacb24f99557,numbered,2164,completed,sold,1,2026-06-09 18:23:14.018116+00,2026-06-09 18:23:55.248922+00,2026-06-09 18:23:55.355149+00,0.106227,41.337033,
4cf61a5e-2d7d-4a67-a87e-873b1d0b05cd,numbered,55395,completed,sold,1,2026-06-09 18:23:14.032415+00,2026-06-09 18:23:55.254451+00,2026-06-09 18:23:55.384599+00,0.130148,41.352184,
0b7c3402-d0a6-4a97-bddf-662430f7dcd6,numbered,53325,completed,sold,1,2026-06-09 18:23:14.02529+00,2026-06-09 18:23:55.253126+00,2026-06-09 18:23:55.45483+00,0.201704,41.429540,
8d801668-a898-4dd7-9d38-64d97c561111,numbered,21519,completed,sold,1,2026-06-09 18:23:14.039461+00,2026-06-09 18:23:55.400074+00,2026-06-09 18:23:55.507173+00,0.107099,41.467712,
9cee9636-3cc6-4c30-ba88-6b625dc233e1,numbered,89752,completed,sold,1,2026-06-09 18:23:14.053863+00,2026-06-09 18:23:55.436152+00,2026-06-09 18:23:55.540707+00,0.104555,41.486844,
fa470e30-31cf-4543-b9f5-72802025e4c9,numbered,38770,completed,sold,1,2026-06-09 18:23:14.089564+00,2026-06-09 18:23:55.449721+00,2026-06-09 18:23:55.557372+00,0.107651,41.467808,
30182c01-cd52-4e1d-89c5-f99abd2aed27,numbered,75699,completed,sold,1,2026-06-09 18:23:14.125129+00,2026-06-09 18:23:55.450581+00,2026-06-09 18:23:55.557906+00,0.107325,41.432777,
10798baf-c14d-4ed1-8b2f-141e2f23bdc4,numbered,91686,completed,sold,1,2026-06-09 18:23:14.139358+00,2026-06-09 18:23:55.451364+00,2026-06-09 18:23:55.558439+00,0.107075,41.419081,
7882aff7-46c5-4e36-ad13-2cd376e6ce97,numbered,83153,completed,sold,1,2026-06-09 18:23:14.082365+00,2026-06-09 18:23:55.452415+00,2026-06-09 18:23:55.558857+00,0.106442,41.476492,
2ae5b254-d5d2-4724-9027-e5ecffc094a2,numbered,6761,completed,sold,1,2026-06-09 18:23:14.046693+00,2026-06-09 18:23:55.459086+00,2026-06-09 18:23:55.56566+00,0.106574,41.518967,
1b5371ae-9b6b-40b2-8fbc-8ea741287b63,numbered,74061,completed,sold,1,2026-06-09 18:23:14.118189+00,2026-06-09 18:23:55.474963+00,2026-06-09 18:23:55.583414+00,0.108451,41.465225,
f27aaeec-2159-4ecb-9c4b-4553af945fae,numbered,70865,completed,sold,1,2026-06-09 18:23:14.061038+00,2026-06-09 18:23:55.476976+00,2026-06-09 18:23:55.584657+00,0.107681,41.523619,
a9d8cab8-fa39-47fc-8e2f-41e9e099334c,numbered,2640,completed,sold,1,2026-06-09 18:23:14.06818+00,2026-06-09 18:23:55.47892+00,2026-06-09 18:23:55.587547+00,0.108627,41.519367,
75a11756-c7ea-4306-a683-c1801843361d,numbered,45735,completed,sold,1,2026-06-09 18:23:14.075187+00,2026-06-09 18:23:55.472475+00,2026-06-09 18:23:55.591383+00,0.118908,41.516196,
3f857da3-2ac2-4cba-96b4-23f0277d1911,numbered,76681,completed,sold,1,2026-06-09 18:23:14.175277+00,2026-06-09 18:23:55.493818+00,2026-06-09 18:23:55.605277+00,0.111459,41.430000,
4808376d-4a7d-4e2f-b1ca-3f7229456dbb,numbered,22463,completed,sold,1,2026-06-09 18:23:14.18232+00,2026-06-09 18:23:55.507994+00,2026-06-09 18:23:55.62047+00,0.112476,41.438150,
ab15889f-e59d-42b6-8bc7-66b62fcebb43,numbered,75593,completed,sold,1,2026-06-09 18:23:14.10374+00,2026-06-09 18:23:55.506054+00,2026-06-09 18:23:55.621014+00,0.114960,41.517274,
9721f65f-bf8a-401a-97ba-6ea812f52423,numbered,98509,completed,sold,1,2026-06-09 18:23:14.160991+00,2026-06-09 18:23:55.504716+00,2026-06-09 18:23:55.62174+00,0.117024,41.460749,
1f430dbb-e4ca-4acc-aaaf-5ce00fee08e2,numbered,55273,completed,sold,1,2026-06-09 18:23:14.189664+00,2026-06-09 18:23:55.497521+00,2026-06-09 18:23:55.622275+00,0.124754,41.432611,
3a527d9d-404a-4bb5-91d9-b9d9dfc8aa8e,numbered,32499,completed,sold,1,2026-06-09 18:23:14.239514+00,2026-06-09 18:23:55.501629+00,2026-06-09 18:23:55.62279+00,0.121161,41.383276,
f94a5fcc-212d-4b16-a617-bae2457aa6aa,numbered,23732,completed,sold,1,2026-06-09 18:23:14.132291+00,2026-06-09 18:23:55.494045+00,2026-06-09 18:23:55.623227+00,0.129182,41.490936,
7b9dc490-79b3-4012-88e5-02ebc624e7fd,numbered,8227,completed,sold,1,2026-06-09 18:23:14.22543+00,2026-06-09 18:23:55.496732+00,2026-06-09 18:23:55.623683+00,0.126951,41.398253,
95be9620-d967-4fb6-bc92-4f559d60cc1f,numbered,97200,completed,sold,1,2026-06-09 18:23:14.110806+00,2026-06-09 18:23:55.494777+00,2026-06-09 18:23:55.624124+00,0.129347,41.513318,
91958d5a-ffe8-4e79-aac0-facf360831f2,numbered,97990,completed,sold,1,2026-06-09 18:23:14.203912+00,2026-06-09 18:23:55.488353+00,2026-06-09 18:23:55.624609+00,0.136256,41.420697,
ea1ef108-eb4e-4215-b44f-204851b97e4f,numbered,97186,completed,sold,1,2026-06-09 18:23:14.211195+00,2026-06-09 18:23:55.497521+00,2026-06-09 18:23:55.634249+00,0.136728,41.423054,
27d4ae59-6d17-4f12-a4f2-678f18f4ffc6,numbered,13083,completed,sold,1,2026-06-09 18:23:14.09655+00,2026-06-09 18:23:55.506755+00,2026-06-09 18:23:55.63499+00,0.128235,41.538440,
b7f51269-eea8-4554-a475-bcd3c0e8feb6,numbered,17810,completed,sold,1,2026-06-09 18:23:14.146628+00,2026-06-09 18:23:55.509614+00,2026-06-09 18:23:55.635581+00,0.125967,41.488953,
5f43d89b-106f-40ad-93a5-4f4d4f36f9e2,numbered,70448,completed,sold,1,2026-06-09 18:23:14.253924+00,2026-06-09 18:23:55.518051+00,2026-06-09 18:23:55.63619+00,0.118139,41.382266,
78aa4068-adfc-4718-bae8-3efd2ff1c9e5,numbered,32825,completed,sold,1,2026-06-09 18:23:14.153724+00,2026-06-09 18:23:55.50745+00,2026-06-09 18:23:55.636755+00,0.129305,41.483031,
3dc1bcc1-287b-4882-a9a8-8d893fd37be2,numbered,70518,completed,sold,1,2026-06-09 18:23:14.261042+00,2026-06-09 18:23:55.529719+00,2026-06-09 18:23:55.637402+00,0.107683,41.376360,
ca1b8a52-43e5-4615-8dbe-16c86a6d8e7f,numbered,67800,completed,sold,1,2026-06-09 18:23:14.232318+00,2026-06-09 18:23:55.508803+00,2026-06-09 18:23:55.638021+00,0.129218,41.405703,
bb8ff1a6-14af-4ea9-ad9e-31bcf989beb2,numbered,4482,completed,sold,1,2026-06-09 18:23:14.196633+00,2026-06-09 18:23:55.496854+00,2026-06-09 18:23:55.638595+00,0.141741,41.441962,
d04d99d3-556b-4fc0-b774-d1be43c607e7,numbered,91550,completed,sold,1,2026-06-09 18:23:14.246876+00,2026-06-09 18:23:55.513167+00,2026-06-09 18:23:55.639252+00,0.126085,41.392376,
2f64e68d-7dfe-433a-9199-5af3e730f12e,numbered,58642,completed,sold,1,2026-06-09 18:23:14.21813+00,2026-06-09 18:23:55.508119+00,2026-06-09 18:23:55.6398+00,0.131681,41.421670,
a3d9e9c9-4e11-4ad1-983f-6396e9868ebc,numbered,16830,completed,sold,1,2026-06-09 18:23:14.168046+00,2026-06-09 18:23:55.51036+00,2026-06-09 18:23:55.640431+00,0.130071,41.472385,
504ca868-4233-4d87-8ae7-51bcd5d8c9d9,numbered,63307,completed,sold,1,2026-06-09 18:23:14.268226+00,2026-06-09 18:23:55.578544+00,2026-06-09 18:23:55.684357+00,0.105813,41.416131,
92750d01-99fd-4921-b36d-26e2ebea5463,numbered,68746,completed,sold,1,2026-06-09 18:23:14.275483+00,2026-06-09 18:23:55.696586+00,2026-06-09 18:23:55.804288+00,0.107702,41.528805,
49fcd2f7-f7ef-4694-b213-55fb8c1df7ac,numbered,57517,completed,sold,1,2026-06-09 18:23:14.303959+00,2026-06-09 18:23:55.6973+00,2026-06-09 18:23:55.805207+00,0.107907,41.501248,
1c35b2f6-3f4d-4a00-b995-4f5bcbaee8f4,numbered,33519,completed,sold,1,2026-06-09 18:23:14.289485+00,2026-06-09 18:23:55.720314+00,2026-06-09 18:23:55.825543+00,0.105229,41.536058,
c4137809-a815-467d-9ff7-b7d9f8dd83c0,numbered,80679,completed,sold,1,2026-06-09 18:23:14.296584+00,2026-06-09 18:23:55.749991+00,2026-06-09 18:23:55.856145+00,0.106154,41.559561,
cfdb80bb-3732-4057-ae17-f81bc41ce2e0,numbered,68575,completed,sold,1,2026-06-09 18:23:14.282376+00,2026-06-09 18:23:55.752116+00,2026-06-09 18:23:55.856145+00,0.104029,41.573769,
2b2b3a50-7eaa-4286-9b02-c5ee2b2cf756,numbered,71493,completed,sold,1,2026-06-09 18:23:14.361002+00,2026-06-09 18:23:55.776315+00,2026-06-09 18:23:55.88182+00,0.105505,41.520818,
eee9876b-6e6f-40c9-a56e-85dcd2246324,numbered,24020,completed,sold,1,2026-06-09 18:23:14.346947+00,2026-06-09 18:23:55.783137+00,2026-06-09 18:23:55.888336+00,0.105199,41.541389,
56f14e19-235b-4100-bde7-2a2a2fdaf389,numbered,64709,completed,sold,1,2026-06-09 18:23:14.396618+00,2026-06-09 18:23:55.79482+00,2026-06-09 18:23:55.911954+00,0.117134,41.515336,
03a0f671-95b2-42b6-bade-05af16f1908a,numbered,40780,completed,sold,1,2026-06-09 18:23:14.418313+00,2026-06-09 18:23:55.793986+00,2026-06-09 18:23:55.912484+00,0.118498,41.494171,
79c39c47-a288-4179-b633-0124122379cf,numbered,98619,completed,sold,1,2026-06-09 18:23:14.325184+00,2026-06-09 18:23:55.796315+00,2026-06-09 18:23:55.912924+00,0.116609,41.587740,
47dfce11-7f89-4525-ab85-dc694331988d,numbered,25417,completed,sold,1,2026-06-09 18:23:14.411125+00,2026-06-09 18:23:55.792011+00,2026-06-09 18:23:55.913455+00,0.121444,41.502330,
4d739757-160f-43c3-9d47-0266e405771f,numbered,94475,completed,sold,1,2026-06-09 18:23:14.318254+00,2026-06-09 18:23:55.790336+00,2026-06-09 18:23:55.913979+00,0.123643,41.595725,
6e2fd126-c9b7-449d-beb6-fb5a54c96806,numbered,45292,completed,sold,1,2026-06-09 18:23:14.40398+00,2026-06-09 18:23:55.791183+00,2026-06-09 18:23:55.914605+00,0.123422,41.510625,
eb1fbba4-a412-4a88-8469-f5c06a702ca4,numbered,70869,completed,seat_unavailable,1,2026-06-09 18:23:14.482455+00,2026-06-09 18:23:55.81894+00,2026-06-09 18:23:55.926583+00,0.107643,41.444128,
56f8e5a7-f43a-49c2-90fd-d42bd7af3991,numbered,24950,completed,seat_unavailable,1,2026-06-09 18:23:14.311339+00,2026-06-09 18:23:55.821049+00,2026-06-09 18:23:55.929006+00,0.107957,41.617667,
bd4157fe-b1e3-400a-950f-40566f7c305e,numbered,24613,completed,sold,1,2026-06-09 18:23:14.339569+00,2026-06-09 18:23:55.79482+00,2026-06-09 18:23:55.932059+00,0.137239,41.592490,
08a4508e-d196-40a8-a95a-1601d62119c4,numbered,52378,completed,sold,1,2026-06-09 18:23:14.475324+00,2026-06-09 18:23:55.818142+00,2026-06-09 18:23:55.933335+00,0.115193,41.458011,
d97066d4-5e8b-4a5a-9195-4f86b47b97a3,numbered,2555,completed,sold,1,2026-06-09 18:23:14.35389+00,2026-06-09 18:23:55.795597+00,2026-06-09 18:23:55.937919+00,0.142322,41.584029,
6d1bec5e-303b-44fe-a100-521eef39f004,numbered,93951,completed,sold,1,2026-06-09 18:23:14.382724+00,2026-06-09 18:23:55.794087+00,2026-06-09 18:23:55.938519+00,0.144432,41.555795,
2a95234f-257f-4c98-9f8f-8d0543044eb1,numbered,38568,completed,sold,1,2026-06-09 18:23:14.425368+00,2026-06-09 18:23:55.791852+00,2026-06-09 18:23:55.939046+00,0.147194,41.513678,
23448b02-3a8a-4526-beb5-2d0d52de3673,numbered,5639,completed,sold,1,2026-06-09 18:23:14.461028+00,2026-06-09 18:23:55.812018+00,2026-06-09 18:23:55.939584+00,0.127566,41.478556,
b6556de8-93d7-4725-b623-0d3b685b13c0,numbered,56173,completed,sold,1,2026-06-09 18:23:14.375438+00,2026-06-09 18:23:55.796009+00,2026-06-09 18:23:55.941587+00,0.145578,41.566149,
1f23ffce-efd8-4945-a6f9-4cc3e6902629,numbered,14372,completed,sold,1,2026-06-09 18:23:14.453763+00,2026-06-09 18:23:55.811204+00,2026-06-09 18:23:55.943654+00,0.132450,41.489891,
6bc6b797-acbd-456e-9996-357c1eb88362,numbered,65462,completed,sold,1,2026-06-09 18:23:14.496666+00,2026-06-09 18:23:55.83925+00,2026-06-09 18:23:55.944202+00,0.104952,41.447536,
90f712cd-9e0e-4c88-8e42-bbf4fbbb0067,numbered,84558,completed,sold,1,2026-06-09 18:23:14.468046+00,2026-06-09 18:23:55.816327+00,2026-06-09 18:23:55.944742+00,0.128415,41.476696,
f0cc6338-0616-4eef-98c2-e4d4f4efe2d3,numbered,73006,completed,sold,1,2026-06-09 18:23:14.368179+00,2026-06-09 18:23:55.793346+00,2026-06-09 18:23:55.94528+00,0.151934,41.577101,
d0a73db4-afd9-48e3-8f0b-04d30f01af09,numbered,36342,completed,sold,1,2026-06-09 18:23:14.389598+00,2026-06-09 18:23:55.822109+00,2026-06-09 18:23:55.969719+00,0.147610,41.580121,
aa9a1a33-eda1-42a1-b5c7-dff1c053c1a7,numbered,42229,completed,sold,1,2026-06-09 18:23:14.446726+00,2026-06-09 18:23:55.825384+00,2026-06-09 18:23:55.970441+00,0.145057,41.523715,
cf4ac649-e291-48a4-9607-fc2a7ba6a5ea,numbered,5522,completed,sold,1,2026-06-09 18:23:14.439601+00,2026-06-09 18:23:55.818197+00,2026-06-09 18:23:55.971235+00,0.153038,41.531634,
de854e98-5c3d-496f-b827-dd2faed2580e,numbered,66532,completed,sold,1,2026-06-09 18:23:14.332455+00,2026-06-09 18:23:55.819793+00,2026-06-09 18:23:55.971834+00,0.152041,41.639379,
171f1090-d94b-486d-9581-1e534003d05d,numbered,44474,completed,sold,1,2026-06-09 18:23:14.432488+00,2026-06-09 18:23:55.819508+00,2026-06-09 18:23:55.972411+00,0.152903,41.539923,
a5d56f95-dbe4-49e1-89de-3ca177f92284,numbered,17752,completed,sold,1,2026-06-09 18:23:14.48964+00,2026-06-09 18:23:55.828751+00,2026-06-09 18:23:55.972803+00,0.144052,41.483163,
fb840afb-ac7e-438e-9bf9-46629fd041a7,numbered,49638,completed,sold,1,2026-06-09 18:23:14.504292+00,2026-06-09 18:23:55.840993+00,2026-06-09 18:23:55.973412+00,0.132419,41.469120,
9119d3b3-655e-471a-b380-295eb9339735,numbered,68403,completed,sold,1,2026-06-09 18:23:14.511228+00,2026-06-09 18:23:55.849327+00,2026-06-09 18:23:55.99096+00,0.141633,41.479732,
81939156-42fe-4a60-90de-c4c1a20692fd,numbered,83025,completed,sold,1,2026-06-09 18:23:14.518187+00,2026-06-09 18:23:55.879451+00,2026-06-09 18:23:55.991212+00,0.111761,41.473025,
1ea3d350-df57-44ec-89ab-228cb61b9c84,numbered,25851,completed,sold,1,2026-06-09 18:23:14.52538+00,2026-06-09 18:23:55.883145+00,2026-06-09 18:23:55.992152+00,0.109007,41.466772,
b879f473-4ebf-4598-8b53-74f41d850ac6,numbered,97801,completed,sold,1,2026-06-09 18:23:14.553957+00,2026-06-09 18:23:56.06031+00,2026-06-09 18:23:56.166504+00,0.106194,41.612547,
f23cfa66-613b-4090-9ad7-6cbe1c9fc2ae,numbered,57945,completed,sold,1,2026-06-09 18:23:14.546782+00,2026-06-09 18:23:56.067218+00,2026-06-09 18:23:56.172381+00,0.105163,41.625599,
cb7c12e1-7d6f-469b-8d3c-b9ee63ee719c,numbered,76679,completed,sold,1,2026-06-09 18:23:14.532504+00,2026-06-09 18:23:56.066498+00,2026-06-09 18:23:56.172808+00,0.106310,41.640304,
96550273-130d-4252-8424-de5fbcc23229,numbered,32576,completed,sold,1,2026-06-09 18:23:14.539615+00,2026-06-09 18:23:56.08734+00,2026-06-09 18:23:56.193911+00,0.106571,41.654296,
cdc51480-68ea-4296-b0a6-72a11b3b88fe,numbered,68929,completed,sold,1,2026-06-09 18:23:14.63239+00,2026-06-09 18:23:56.08952+00,2026-06-09 18:23:56.197357+00,0.107837,41.564967,
86b1a9a2-7dc0-4082-85c0-9b008ed16f49,numbered,38917,completed,sold,1,2026-06-09 18:23:14.575429+00,2026-06-09 18:23:56.085568+00,2026-06-09 18:23:56.199563+00,0.113995,41.624134,
3e1b7691-176b-4910-b6c7-419a18a4eaae,numbered,18163,completed,sold,1,2026-06-09 18:23:14.625203+00,2026-06-09 18:23:56.091625+00,2026-06-09 18:23:56.200102+00,0.108477,41.574899,
cd55fe1f-2008-4066-ac07-1077327b16be,numbered,7869,completed,sold,1,2026-06-09 18:23:14.653785+00,2026-06-09 18:23:56.090382+00,2026-06-09 18:23:56.20066+00,0.110278,41.546875,
05e44c38-19cf-46ec-b673-850606a61005,numbered,82430,completed,seat_unavailable,1,2026-06-09 18:23:14.618048+00,2026-06-09 18:23:56.102722+00,2026-06-09 18:23:56.208364+00,0.105642,41.590316,
f8568c04-e5fb-47a1-95de-925840461061,numbered,10688,completed,sold,1,2026-06-09 18:23:14.568306+00,2026-06-09 18:23:56.10373+00,2026-06-09 18:23:56.212134+00,0.108404,41.643828,
82355a49-60ce-4ef9-949e-f788db0191c6,numbered,21493,completed,sold,1,2026-06-09 18:23:14.639553+00,2026-06-09 18:23:56.10334+00,2026-06-09 18:23:56.215334+00,0.111994,41.575781,
74edb19b-f58b-4754-8183-680b56bce679,numbered,55912,completed,sold,1,2026-06-09 18:23:14.582531+00,2026-06-09 18:23:56.092535+00,2026-06-09 18:23:56.217536+00,0.125001,41.635005,
b99628dc-57c0-42e9-bfc1-610aa15e78ea,numbered,52316,completed,sold,1,2026-06-09 18:23:14.596592+00,2026-06-09 18:23:56.122131+00,2026-06-09 18:23:56.232538+00,0.110407,41.635946,
6ea52c13-2c82-4113-a6fd-6a66ddc7d8b8,numbered,72601,completed,sold,1,2026-06-09 18:23:14.589543+00,2026-06-09 18:23:56.126576+00,2026-06-09 18:23:56.258235+00,0.131659,41.668692,
da503718-7a78-4fb3-ae12-8355bc49e8d3,numbered,30103,completed,sold,1,2026-06-09 18:23:14.561048+00,2026-06-09 18:23:56.121348+00,2026-06-09 18:23:56.25875+00,0.137402,41.697702,
c87adfb7-f4ed-43d8-9a3e-4daa5939bb92,numbered,89,completed,seat_unavailable,1,2026-06-09 18:23:14.646743+00,2026-06-09 18:23:56.134477+00,2026-06-09 18:23:56.259177+00,0.124700,41.612434,
770affad-6039-4c40-a09e-c3a084151d1f,numbered,10836,completed,sold,1,2026-06-09 18:23:14.732377+00,2026-06-09 18:23:56.141755+00,2026-06-09 18:23:56.260469+00,0.118714,41.528092,
29cb3810-2774-475b-95e4-615b302565b2,numbered,16769,completed,sold,1,2026-06-09 18:23:14.611298+00,2026-06-09 18:23:56.133321+00,2026-06-09 18:23:56.260589+00,0.127268,41.649291,
2c7925c7-1412-46c8-b6a1-517dd1ff60be,numbered,72974,completed,sold,1,2026-06-09 18:23:14.696513+00,2026-06-09 18:23:56.135213+00,2026-06-09 18:23:56.261127+00,0.125914,41.564614,
dbcff4be-2ae5-4ccd-b75d-3066ee52a938,numbered,64739,completed,sold,1,2026-06-09 18:23:14.739401+00,2026-06-09 18:23:56.141528+00,2026-06-09 18:23:56.26115+00,0.119622,41.521749,
d30d88d3-a7e5-402d-9d1e-b703168ab6ed,numbered,21567,completed,sold,1,2026-06-09 18:23:14.668102+00,2026-06-09 18:23:56.132299+00,2026-06-09 18:23:56.261648+00,0.129349,41.593546,
55ec4d99-e5b7-432e-9afe-eca93e55f679,numbered,33943,completed,sold,1,2026-06-09 18:23:14.675286+00,2026-06-09 18:23:56.134493+00,2026-06-09 18:23:56.261692+00,0.127199,41.586406,
4da219f3-1f48-4660-be59-36ed4b03ec94,numbered,71141,completed,sold,1,2026-06-09 18:23:14.682379+00,2026-06-09 18:23:56.134028+00,2026-06-09 18:23:56.262173+00,0.128145,41.579794,
f9b34a53-9409-43e5-a60a-ab96e0b7e28d,numbered,95069,completed,sold,1,2026-06-09 18:23:14.6611+00,2026-06-09 18:23:56.133053+00,2026-06-09 18:23:56.262173+00,0.129120,41.601073,
23826bb8-e493-4510-90da-8d6ef6d4d7ad,numbered,95118,completed,sold,1,2026-06-09 18:23:14.703823+00,2026-06-09 18:23:56.13377+00,2026-06-09 18:23:56.26303+00,0.129260,41.559207,
7d3f7117-070e-4a4f-9aac-71e6a146c9b8,numbered,24634,completed,sold,1,2026-06-09 18:23:14.718095+00,2026-06-09 18:23:56.143485+00,2026-06-09 18:23:56.264426+00,0.120941,41.546331,
0df593a1-8d93-4f6f-a127-8d914457811d,numbered,66690,completed,sold,1,2026-06-09 18:23:14.711004+00,2026-06-09 18:23:56.137081+00,2026-06-09 18:23:56.265523+00,0.128442,41.554519,
d8379b89-e520-485d-a85b-a921bd70c0a8,numbered,41600,completed,sold,1,2026-06-09 18:23:14.725173+00,2026-06-09 18:23:56.139249+00,2026-06-09 18:23:56.266153+00,0.126904,41.540980,
3d5dafc3-aafb-4d9a-b5d7-02387b3c547f,numbered,9407,completed,sold,1,2026-06-09 18:23:14.746516+00,2026-06-09 18:23:56.143193+00,2026-06-09 18:23:56.296548+00,0.153355,41.550032,
66e2be86-3a0a-4e38-94c5-be607e0e888f,numbered,41658,completed,sold,1,2026-06-09 18:23:14.689581+00,2026-06-09 18:23:56.13012+00,2026-06-09 18:23:56.297947+00,0.167827,41.608366,
6c87f45e-bc8b-4a5f-8a98-8fcd486125ba,numbered,1150,completed,sold,1,2026-06-09 18:23:14.607678+00,2026-06-09 18:23:56.124204+00,2026-06-09 18:23:56.299086+00,0.174882,41.691408,
0e3f73aa-5140-479e-a805-e296bef67719,numbered,33761,completed,sold,1,2026-06-09 18:23:14.753709+00,2026-06-09 18:23:56.218767+00,2026-06-09 18:23:56.330381+00,0.111614,41.576672,
6f561190-0b46-4a6b-a3d1-8c9871488dc8,numbered,35128,completed,sold,1,2026-06-09 18:23:14.760919+00,2026-06-09 18:23:56.332575+00,2026-06-09 18:23:56.44032+00,0.107745,41.679401,
3371688d-1ae7-4c00-875a-80d9d9c2b3ea,numbered,77010,completed,sold,1,2026-06-09 18:23:14.768192+00,2026-06-09 18:23:56.334263+00,2026-06-09 18:23:56.4409+00,0.106637,41.672708,
5543e5ac-b4fc-4860-8f8b-02ede369657f,numbered,17941,completed,sold,1,2026-06-09 18:23:14.775312+00,2026-06-09 18:23:56.375484+00,2026-06-09 18:23:56.481129+00,0.105645,41.705817,
fd03c678-b467-4b18-9663-9a134060c811,numbered,37099,completed,sold,1,2026-06-09 18:23:14.796624+00,2026-06-09 18:23:56.378832+00,2026-06-09 18:23:56.484685+00,0.105853,41.688061,
c9a65a23-9513-4539-9cc3-00a2ba784ab2,numbered,2587,completed,sold,1,2026-06-09 18:23:14.818314+00,2026-06-09 18:23:56.394596+00,2026-06-09 18:23:56.50008+00,0.105484,41.681766,
11827e07-e403-4dd8-ae26-f29b4827fdc5,numbered,91590,completed,sold,1,2026-06-09 18:23:14.825234+00,2026-06-09 18:23:56.40634+00,2026-06-09 18:23:56.511908+00,0.105568,41.686674,
fbc76d18-b5ed-4aa0-888e-5877fb042e5d,numbered,30177,completed,sold,1,2026-06-09 18:23:14.782461+00,2026-06-09 18:23:56.408797+00,2026-06-09 18:23:56.517647+00,0.108850,41.735186,
9966c9d1-1fa3-47ae-95bf-0410d2dd7272,numbered,629,completed,sold,1,2026-06-09 18:23:14.93245+00,2026-06-09 18:23:56.411103+00,2026-06-09 18:23:56.519437+00,0.108334,41.586987,
a5dca5eb-df9f-4c7a-a727-17992994a475,numbered,73969,completed,sold,1,2026-06-09 18:23:14.839632+00,2026-06-09 18:23:56.416883+00,2026-06-09 18:23:56.521938+00,0.105055,41.682306,
0197bb4c-6b89-4bfa-babc-515649f7f909,numbered,98477,completed,seat_unavailable,1,2026-06-09 18:23:14.882549+00,2026-06-09 18:23:56.425896+00,2026-06-09 18:23:56.534482+00,0.108586,41.651933,
4bcdf649-4d8e-4d22-8632-dcc7ecb7337e,numbered,61695,completed,sold,1,2026-06-09 18:23:14.953912+00,2026-06-09 18:23:56.425593+00,2026-06-09 18:23:56.542262+00,0.116669,41.588350,
d437af94-3da4-4c5c-8f64-f0321e774e19,numbered,95890,completed,sold,1,2026-06-09 18:23:14.789604+00,2026-06-09 18:23:56.408982+00,2026-06-09 18:23:56.542839+00,0.133857,41.753235,
03bdb6b8-f501-42d2-becf-af459251cd64,numbered,29782,completed,sold,1,2026-06-09 18:23:14.897445+00,2026-06-09 18:23:56.415829+00,2026-06-09 18:23:56.543413+00,0.127584,41.645968,
f2df6c5d-0306-4f56-a0af-1d0cc1f2a452,numbered,90345,completed,sold,1,2026-06-09 18:23:14.946809+00,2026-06-09 18:23:56.423153+00,2026-06-09 18:23:56.545352+00,0.122199,41.598543,
3d910b71-5ce2-4787-8562-675bf1b54dc7,numbered,16422,completed,sold,1,2026-06-09 18:23:14.803803+00,2026-06-09 18:23:56.413345+00,2026-06-09 18:23:56.545896+00,0.132551,41.742093,
b1f0f96a-e265-4057-bafe-5208b70c6aec,numbered,51694,completed,sold,1,2026-06-09 18:23:14.925223+00,2026-06-09 18:23:56.419904+00,2026-06-09 18:23:56.549329+00,0.129425,41.624106,
6537c0d5-ea91-4736-a22f-191924a21c35,numbered,53537,completed,sold,1,2026-06-09 18:23:14.975575+00,2026-06-09 18:23:56.442365+00,2026-06-09 18:23:56.551513+00,0.109148,41.575938,
92c27baf-1ebc-4dfd-9bf9-1e98e57e6cf1,numbered,6979,completed,sold,1,2026-06-09 18:23:14.83253+00,2026-06-09 18:23:56.414111+00,2026-06-09 18:23:56.552024+00,0.137913,41.719494,
4030aa4f-d74c-4a6d-aae2-bca4394648ac,numbered,72882,completed,sold,1,2026-06-09 18:23:14.939657+00,2026-06-09 18:23:56.446342+00,2026-06-09 18:23:56.55254+00,0.106198,41.612883,
24dc0eec-0b42-429e-8f4a-e274a259146f,numbered,90185,completed,sold,1,2026-06-09 18:23:14.876361+00,2026-06-09 18:23:56.411914+00,2026-06-09 18:23:56.553135+00,0.141221,41.676774,
02a2b977-75b6-403a-8a18-1d6c1492f897,numbered,79719,completed,sold,1,2026-06-09 18:23:14.868118+00,2026-06-09 18:23:56.420685+00,2026-06-09 18:23:56.553659+00,0.132974,41.685541,
8a8b2262-55af-4f63-b1db-03ed5070b3d3,numbered,6735,completed,sold,1,2026-06-09 18:23:14.961113+00,2026-06-09 18:23:56.43107+00,2026-06-09 18:23:56.557968+00,0.126898,41.596855,
10377c59-3a0d-4041-b556-a14fca20005f,numbered,35937,completed,sold,1,2026-06-09 18:23:14.968229+00,2026-06-09 18:23:56.441571+00,2026-06-09 18:23:56.560294+00,0.118723,41.592065,
9cc8266c-dd14-4db0-85c4-61169303d258,numbered,6696,completed,sold,1,2026-06-09 18:23:14.8469+00,2026-06-09 18:23:56.435358+00,2026-06-09 18:23:56.560827+00,0.125469,41.713927,
a5604399-4747-4f2d-9f9f-55214222af0e,numbered,34154,completed,sold,1,2026-06-09 18:23:14.811052+00,2026-06-09 18:23:56.426823+00,2026-06-09 18:23:56.561406+00,0.134583,41.750354,
4263428c-ebb4-40af-bf8a-33ad07ea5015,numbered,47856,completed,sold,1,2026-06-09 18:23:14.853743+00,2026-06-09 18:23:56.434628+00,2026-06-09 18:23:56.562002+00,0.127374,41.708259,
9ca2f0f8-5880-447c-9d15-4eff0b80680c,numbered,38746,completed,sold,1,2026-06-09 18:23:14.860991+00,2026-06-09 18:23:56.422341+00,2026-06-09 18:23:56.562826+00,0.140485,41.701835,
754f8383-0de1-4559-8687-006c1d1f35f9,numbered,35713,completed,sold,1,2026-06-09 18:23:14.910919+00,2026-06-09 18:23:56.433329+00,2026-06-09 18:23:56.563369+00,0.130040,41.652450,
6c447b81-55bb-4055-b8b7-078eb6a06a3a,numbered,87624,completed,sold,1,2026-06-09 18:23:14.889504+00,2026-06-09 18:23:56.436097+00,2026-06-09 18:23:56.563937+00,0.127840,41.674433,
2a356585-e98e-4285-93c4-f1dd1f58899f,numbered,57109,completed,sold,1,2026-06-09 18:23:14.91814+00,2026-06-09 18:23:56.427608+00,2026-06-09 18:23:56.564786+00,0.137178,41.646646,
2724880a-cf5e-4f68-a89d-4bf2436d85c6,numbered,58834,completed,sold,1,2026-06-09 18:23:14.90389+00,2026-06-09 18:23:56.429719+00,2026-06-09 18:23:56.565154+00,0.135435,41.661264,
e400f1df-0acf-497f-91ae-08742c59ac5a,numbered,22062,completed,sold,1,2026-06-09 18:23:14.982308+00,2026-06-09 18:23:56.461831+00,2026-06-09 18:23:56.600675+00,0.138844,41.618367,
997b7434-7b9c-4ead-91b0-5ff8cda17c14,numbered,12630,completed,sold,1,2026-06-09 18:23:14.989539+00,2026-06-09 18:23:56.467793+00,2026-06-09 18:23:56.605747+00,0.137954,41.616208,
7c10be3b-5a34-4606-bc54-c8ba90d1bf39,numbered,89438,completed,sold,1,2026-06-09 18:23:14.996724+00,2026-06-09 18:23:56.508115+00,2026-06-09 18:23:56.613192+00,0.105077,41.616468,
929bb8dc-c6c3-463d-9644-57e9f409cbc9,numbered,6628,completed,sold,1,2026-06-09 18:23:15.009177+00,2026-06-09 18:23:56.612924+00,2026-06-09 18:23:56.720596+00,0.107672,41.711419,
b662cef6-6ccd-4d88-8ed7-9e9ccd118b3d,numbered,14671,completed,sold,1,2026-06-09 18:23:15.013151+00,2026-06-09 18:23:56.641421+00,2026-06-09 18:23:56.748003+00,0.106582,41.734852,
7a27d21f-2051-4035-babe-e7791e6d4271,numbered,11370,completed,sold,1,2026-06-09 18:23:15.025384+00,2026-06-09 18:23:56.663216+00,2026-06-09 18:23:56.769214+00,0.105998,41.743830,
17640798-65fc-42a7-b456-e4784022c578,numbered,2133,completed,sold,1,2026-06-09 18:23:15.061034+00,2026-06-09 18:23:56.690907+00,2026-06-09 18:23:56.795285+00,0.104378,41.734251,
cc7b93e8-b3c0-4634-b5ac-8920e24afc1e,numbered,23899,completed,sold,1,2026-06-09 18:23:15.1113+00,2026-06-09 18:23:56.693139+00,2026-06-09 18:23:56.79807+00,0.104931,41.686770,
6b8ef402-a085-45f0-8d90-74bec5ecb00a,numbered,33690,completed,sold,1,2026-06-09 18:23:15.039763+00,2026-06-09 18:23:56.703359+00,2026-06-09 18:23:56.814698+00,0.111339,41.774935,
cb9a789a-176a-4b1a-a2a9-aa4ad9c21f9e,numbered,2488,completed,sold,1,2026-06-09 18:23:15.018449+00,2026-06-09 18:23:56.708308+00,2026-06-09 18:23:56.815247+00,0.106939,41.796798,
e70523b3-0228-474b-9d61-19865d2946e5,numbered,66729,completed,sold,1,2026-06-09 18:23:15.082796+00,2026-06-09 18:23:56.704207+00,2026-06-09 18:23:56.815765+00,0.111558,41.732969,
c35d057b-eb4c-4f4f-9651-f77cc7e57df8,numbered,69557,completed,sold,1,2026-06-09 18:23:15.068272+00,2026-06-09 18:23:56.704608+00,2026-06-09 18:23:56.81748+00,0.112872,41.749208,
1d921f1a-50c1-482b-9416-ac6a2082df92,numbered,77296,completed,sold,1,2026-06-09 18:23:15.046787+00,2026-06-09 18:23:56.707051+00,2026-06-09 18:23:56.819833+00,0.112782,41.773046,
34ea0f56-f5ab-4b27-ac91-cd0cc3a460bf,numbered,62960,completed,sold,1,2026-06-09 18:23:15.055363+00,2026-06-09 18:23:56.714692+00,2026-06-09 18:23:56.820334+00,0.105642,41.764971,
fc71184f-95ab-4b18-a04b-52992bcf86fe,numbered,95015,completed,sold,1,2026-06-09 18:23:15.089818+00,2026-06-09 18:23:56.71392+00,2026-06-09 18:23:56.821833+00,0.107913,41.732015,
a628395a-92aa-428f-9d22-553b0adf19a5,numbered,1938,completed,sold,1,2026-06-09 18:23:15.032752+00,2026-06-09 18:23:56.716488+00,2026-06-09 18:23:56.823094+00,0.106606,41.790342,
16a823fb-11f0-4af1-aca9-d519d128b721,numbered,78321,completed,sold,1,2026-06-09 18:23:15.104278+00,2026-06-09 18:23:56.73837+00,2026-06-09 18:23:56.843887+00,0.105517,41.739609,
0411260a-1a1f-48b0-82a9-fb22bc0e86e1,numbered,56883,completed,sold,1,2026-06-09 18:23:15.139618+00,2026-06-09 18:23:56.739788+00,2026-06-09 18:23:56.845797+00,0.106009,41.706179,
b3f50015-8362-47ef-acdf-cd2a4e44c79f,numbered,87385,completed,sold,1,2026-06-09 18:23:15.132525+00,2026-06-09 18:23:56.742023+00,2026-06-09 18:23:56.849017+00,0.106994,41.716492,
4ce58f4d-ffb5-45fc-b908-c0a2177dbeee,numbered,2083,completed,sold,1,2026-06-09 18:23:15.182493+00,2026-06-09 18:23:56.755077+00,2026-06-09 18:23:56.866926+00,0.111849,41.684433,
a6e96cb0-8e26-44b3-91ff-6e280065e94e,numbered,57348,completed,sold,1,2026-06-09 18:23:15.146764+00,2026-06-09 18:23:56.76151+00,2026-06-09 18:23:56.876085+00,0.114575,41.729321,
4a5f5736-ef87-4ad3-a9cd-a66175a28df6,numbered,94476,completed,sold,1,2026-06-09 18:23:15.075577+00,2026-06-09 18:23:56.759209+00,2026-06-09 18:23:56.876738+00,0.117529,41.801161,
85b6b113-14b2-45af-95d2-e21ab8dba200,numbered,58542,completed,sold,1,2026-06-09 18:23:15.161104+00,2026-06-09 18:23:56.763164+00,2026-06-09 18:23:56.87735+00,0.114186,41.716246,
abb8ca24-d3ee-459a-ab63-f433453ac17c,numbered,37288,completed,sold,1,2026-06-09 18:23:15.118298+00,2026-06-09 18:23:56.760741+00,2026-06-09 18:23:56.879542+00,0.118801,41.761244,
357c2c85-f266-45a5-a825-3cd97afba060,numbered,5446,completed,sold,1,2026-06-09 18:23:15.15386+00,2026-06-09 18:23:56.765598+00,2026-06-09 18:23:56.881724+00,0.116126,41.727864,
1ff4dff3-3141-4d05-ac17-ddb14341f0b2,numbered,77250,completed,sold,1,2026-06-09 18:23:15.125236+00,2026-06-09 18:23:56.759992+00,2026-06-09 18:23:56.882281+00,0.122289,41.757045,
f07c9585-9430-4667-8a1e-f475e9a2f227,numbered,49854,completed,sold,1,2026-06-09 18:23:15.22517+00,2026-06-09 18:23:56.776026+00,2026-06-09 18:23:56.882789+00,0.106763,41.657619,
320dca09-2738-448b-9728-5ef821af7c44,numbered,4630,completed,sold,1,2026-06-09 18:23:15.196778+00,2026-06-09 18:23:56.770081+00,2026-06-09 18:23:56.884337+00,0.114256,41.687559,
b969578c-ea6b-42df-ad4a-8ba52bc57de9,numbered,13653,completed,sold,1,2026-06-09 18:23:15.168116+00,2026-06-09 18:23:56.770107+00,2026-06-09 18:23:56.88489+00,0.114783,41.716774,
8b874378-7d34-447c-95f5-032a49f54b46,numbered,10442,completed,sold,1,2026-06-09 18:23:15.218131+00,2026-06-09 18:23:56.769296+00,2026-06-09 18:23:56.885204+00,0.115908,41.667073,
35002d2c-0222-4350-8f57-cc46307758b1,numbered,20544,completed,sold,1,2026-06-09 18:23:15.189636+00,2026-06-09 18:23:56.759209+00,2026-06-09 18:23:56.885405+00,0.126196,41.695769,
fb6f31f3-21ae-4b97-b600-b139278909a8,numbered,11855,completed,sold,1,2026-06-09 18:23:15.203761+00,2026-06-09 18:23:56.762167+00,2026-06-09 18:23:56.885956+00,0.123789,41.682195,
ec1391d0-2c37-4b5d-8536-aa5bf7f1f997,numbered,81197,completed,sold,1,2026-06-09 18:23:15.211123+00,2026-06-09 18:23:56.75309+00,2026-06-09 18:23:56.88652+00,0.133430,41.675397,
519b96a5-6d57-405e-a31f-b6c3f02f6fb7,numbered,39647,completed,sold,1,2026-06-09 18:23:15.175317+00,2026-06-09 18:23:56.755749+00,2026-06-09 18:23:56.887195+00,0.131446,41.711878,
e04b7043-ce4d-4846-b5d5-42bc071305df,numbered,64031,completed,sold,1,2026-06-09 18:23:15.097031+00,2026-06-09 18:23:56.751364+00,2026-06-09 18:23:56.887537+00,0.136173,41.790506,
b1a2b6cc-0018-4ad2-a789-7980e464c611,numbered,77545,completed,sold,1,2026-06-09 18:23:15.232515+00,2026-06-09 18:23:56.785768+00,2026-06-09 18:23:56.891781+00,0.106013,41.659266,
742a48b4-2b9e-4080-ab4a-975cb3cd10ca,numbered,58834,completed,seat_unavailable,1,2026-06-09 18:23:15.239713+00,2026-06-09 18:23:56.792969+00,2026-06-09 18:23:56.903234+00,0.110265,41.663521,
2fbde72f-570a-4683-8bf2-0e4df62a76ec,numbered,819,completed,sold,1,2026-06-09 18:23:15.246654+00,2026-06-09 18:23:56.838746+00,2026-06-09 18:23:56.943885+00,0.105139,41.697231,
0cc32828-66ac-42bd-bdc0-f83d7db8dd6f,numbered,44794,completed,sold,1,2026-06-09 18:23:15.261201+00,2026-06-09 18:23:57.008059+00,2026-06-09 18:23:57.112638+00,0.104579,41.851437,
fd75a5fe-cedd-4648-b7e8-c79e95006833,numbered,3536,completed,sold,1,2026-06-09 18:23:15.254002+00,2026-06-09 18:23:57.017759+00,2026-06-09 18:23:57.123119+00,0.105360,41.869117,
a7ff6f91-54c0-462d-ba0d-8b3d3101c329,numbered,31307,completed,sold,1,2026-06-09 18:23:15.325255+00,2026-06-09 18:23:57.021102+00,2026-06-09 18:23:57.126485+00,0.105383,41.801230,
1f850f29-a169-49e9-aa31-244c6cda8bed,numbered,85495,completed,sold,1,2026-06-09 18:23:15.282838+00,2026-06-09 18:23:57.023106+00,2026-06-09 18:23:57.128979+00,0.105873,41.846141,
d46c6099-d8d4-473a-a0a3-36349d6f9a26,numbered,15709,completed,sold,1,2026-06-09 18:23:15.303941+00,2026-06-09 18:23:57.027863+00,2026-06-09 18:23:57.133831+00,0.105968,41.829890,
e0d637da-2137-49d0-aca8-7729cddc2d2e,numbered,22567,completed,seat_unavailable,1,2026-06-09 18:23:15.275582+00,2026-06-09 18:23:57.030979+00,2026-06-09 18:23:57.14098+00,0.110001,41.865398,
92e04eef-46ac-40df-a291-123970de638e,numbered,40039,completed,sold,1,2026-06-09 18:23:15.311387+00,2026-06-09 18:23:57.041895+00,2026-06-09 18:23:57.146737+00,0.104842,41.835350,
034be581-19fd-4170-b23b-1c5ae799304c,numbered,20802,completed,seat_unavailable,1,2026-06-09 18:23:15.418291+00,2026-06-09 18:23:57.045069+00,2026-06-09 18:23:57.153848+00,0.108779,41.735557,
513a5cda-0663-4074-bb71-d973f460257c,numbered,25554,completed,sold,1,2026-06-09 18:23:15.382761+00,2026-06-09 18:23:57.050594+00,2026-06-09 18:23:57.157695+00,0.107101,41.774934,
89f72718-cbaf-4c5b-a3be-bc7646f5a895,numbered,47084,completed,sold,1,2026-06-09 18:23:15.368259+00,2026-06-09 18:23:57.045589+00,2026-06-09 18:23:57.175262+00,0.129673,41.807003,
0313c6c2-74b8-42eb-a5b9-37171a8c1822,numbered,85989,completed,sold,1,2026-06-09 18:23:15.339577+00,2026-06-09 18:23:57.047346+00,2026-06-09 18:23:57.179922+00,0.132576,41.840345,
ac492f9d-bd9a-4658-9352-cfcc78b21909,numbered,5092,completed,sold,1,2026-06-09 18:23:15.432326+00,2026-06-09 18:23:57.059151+00,2026-06-09 18:23:57.180565+00,0.121414,41.748239,
557ad467-5664-4617-aa75-1499421f8677,numbered,4098,completed,sold,1,2026-06-09 18:23:15.346794+00,2026-06-09 18:23:57.053422+00,2026-06-09 18:23:57.183186+00,0.129764,41.836392,
188d38d2-2f0c-4298-8234-d5d3c22ec163,numbered,76044,completed,sold,1,2026-06-09 18:23:15.425468+00,2026-06-09 18:23:57.056832+00,2026-06-09 18:23:57.183724+00,0.126892,41.758256,
c0530af8-f944-4dbb-b65f-91898b240b34,numbered,3417,completed,sold,1,2026-06-09 18:23:15.375344+00,2026-06-09 18:23:57.056113+00,2026-06-09 18:23:57.184598+00,0.128485,41.809254,
cdc0a75a-e493-41e5-a105-2762e735865a,numbered,88458,completed,sold,1,2026-06-09 18:23:15.39668+00,2026-06-09 18:23:57.057417+00,2026-06-09 18:23:57.18515+00,0.127733,41.788470,
1a491d50-590a-4b8c-83ff-93639a0a4c27,numbered,5888,completed,sold,1,2026-06-09 18:23:15.389854+00,2026-06-09 18:23:57.058199+00,2026-06-09 18:23:57.187212+00,0.129013,41.797358,
46af5c0f-b492-4afe-a6d3-29b3fb01dbee,numbered,40033,completed,sold,1,2026-06-09 18:23:15.46829+00,2026-06-09 18:23:57.062996+00,2026-06-09 18:23:57.191847+00,0.128851,41.723557,
49b12548-2bdd-4ba5-900d-a2d740116bd6,numbered,64162,completed,sold,1,2026-06-09 18:23:15.361058+00,2026-06-09 18:23:57.057625+00,2026-06-09 18:23:57.192435+00,0.134810,41.831377,
be3b5538-ce0e-4223-b3dc-9a27cba41e6e,numbered,67561,completed,sold,1,2026-06-09 18:23:15.446819+00,2026-06-09 18:23:57.055324+00,2026-06-09 18:23:57.193036+00,0.137712,41.746217,
60762efa-f8a7-4e2a-b561-865b1e18061e,numbered,48392,completed,sold,1,2026-06-09 18:23:15.296766+00,2026-06-09 18:23:57.034592+00,2026-06-09 18:23:57.193573+00,0.158981,41.896807,
7326e31f-9f70-49d6-adfc-b689247ec7e3,numbered,24027,completed,sold,1,2026-06-09 18:23:15.353815+00,2026-06-09 18:23:57.047537+00,2026-06-09 18:23:57.194106+00,0.146569,41.840291,
aa5251cb-c211-4f4d-88d3-acef0e5b93e4,numbered,34341,completed,sold,1,2026-06-09 18:23:15.439637+00,2026-06-09 18:23:57.056832+00,2026-06-09 18:23:57.194737+00,0.137905,41.755100,
91ed86c2-b608-4088-8ed0-7ae985b687d1,numbered,74154,completed,sold,1,2026-06-09 18:23:15.268099+00,2026-06-09 18:23:57.035086+00,2026-06-09 18:23:57.195307+00,0.160221,41.927208,
87c0c7c2-dddb-4914-9c7e-b257c07810bb,numbered,64431,completed,sold,1,2026-06-09 18:23:15.461265+00,2026-06-09 18:23:57.056067+00,2026-06-09 18:23:57.196023+00,0.139956,41.734758,
40b77d78-a17a-4582-8aef-ed939f1b661e,numbered,57150,completed,sold,1,2026-06-09 18:23:15.404074+00,2026-06-09 18:23:57.046763+00,2026-06-09 18:23:57.196595+00,0.149832,41.792521,
fd3eff73-90ba-4a1c-ac8b-ee22f718c416,numbered,48299,completed,sold,1,2026-06-09 18:23:15.31833+00,2026-06-09 18:23:57.033134+00,2026-06-09 18:23:57.197155+00,0.164021,41.878825,
d0689746-4a07-47df-9d0b-013dbf37b038,numbered,4882,completed,sold,1,2026-06-09 18:23:15.33271+00,2026-06-09 18:23:57.048303+00,2026-06-09 18:23:57.197701+00,0.149398,41.864991,
2780e8d0-b9c0-44e9-a478-3d5dd3b060e4,numbered,32541,completed,sold,1,2026-06-09 18:23:15.289664+00,2026-06-09 18:23:57.031852+00,2026-06-09 18:23:57.198242+00,0.166390,41.908578,
50d4d69e-11ae-4435-9f0b-a64ac1e6219c,numbered,93732,completed,sold,1,2026-06-09 18:23:15.411302+00,2026-06-09 18:23:57.042284+00,2026-06-09 18:23:57.199431+00,0.157147,41.788129,
b0a28ec6-5572-42f0-beee-5552e940a6a7,numbered,7377,completed,sold,1,2026-06-09 18:23:15.45408+00,2026-06-09 18:23:57.064442+00,2026-06-09 18:23:57.242492+00,0.178050,41.788412,
b5805e32-d862-47e3-8983-bc2bf36dc1ee,numbered,51569,completed,sold,1,2026-06-09 18:23:15.475479+00,2026-06-09 18:23:57.30497+00,2026-06-09 18:23:57.409639+00,0.104669,41.934160,
9c93a975-cecb-411b-ab00-607bf57e376c,numbered,80951,completed,sold,1,2026-06-09 18:23:15.532418+00,2026-06-09 18:23:57.310431+00,2026-06-09 18:23:57.418291+00,0.107860,41.885873,
96969558-ea97-4352-806a-8a7dc5d931fc,numbered,45260,completed,sold,1,2026-06-09 18:23:15.525242+00,2026-06-09 18:23:57.311549+00,2026-06-09 18:23:57.41886+00,0.107311,41.893618,
634930ce-f3fc-42e2-8801-d9e09ebd5e54,numbered,52420,completed,sold,1,2026-06-09 18:23:15.546806+00,2026-06-09 18:23:57.318085+00,2026-06-09 18:23:57.425983+00,0.107898,41.879177,
1c5d6abe-4262-4341-a467-a0c354ada5c6,numbered,4119,completed,sold,1,2026-06-09 18:23:15.539518+00,2026-06-09 18:23:57.320029+00,2026-06-09 18:23:57.430815+00,0.110786,41.891297,
06b4ce5b-3196-4fe3-839d-6a60a6a16305,numbered,86829,completed,sold,1,2026-06-09 18:23:15.496761+00,2026-06-09 18:23:57.321761+00,2026-06-09 18:23:57.431388+00,0.109627,41.934627,
380f9f59-9de5-4112-9998-64e5844b1a6d,numbered,21284,completed,sold,1,2026-06-09 18:23:15.553749+00,2026-06-09 18:23:57.320993+00,2026-06-09 18:23:57.431938+00,0.110945,41.878189,
25d0fabf-f890-4add-8c59-23735aa2ded8,numbered,43995,completed,sold,1,2026-06-09 18:23:15.482521+00,2026-06-09 18:23:57.315126+00,2026-06-09 18:23:57.432482+00,0.117356,41.949961,
22aab9b7-3d67-4af8-8fdd-db5f16cb062c,numbered,13369,completed,sold,1,2026-06-09 18:23:15.503754+00,2026-06-09 18:23:57.314376+00,2026-06-09 18:23:57.432827+00,0.118451,41.929073,
bddb9777-4957-409e-9d05-ecd41fad6756,numbered,87371,completed,sold,1,2026-06-09 18:23:15.518165+00,2026-06-09 18:23:57.334974+00,2026-06-09 18:23:57.440433+00,0.105459,41.922268,
38058475-bacf-44aa-a22d-91a4d93fa35b,numbered,34568,completed,sold,1,2026-06-09 18:23:15.48959+00,2026-06-09 18:23:57.342504+00,2026-06-09 18:23:57.464376+00,0.121872,41.974786,
091cb7d7-67ff-4f7e-9a83-7888d3d865e6,numbered,32016,completed,sold,1,2026-06-09 18:23:15.604096+00,2026-06-09 18:23:57.347128+00,2026-06-09 18:23:57.464939+00,0.117811,41.860843,
17f122c7-3dc7-4be7-8508-9b6337770dbe,numbered,33905,completed,sold,1,2026-06-09 18:23:15.582482+00,2026-06-09 18:23:57.347899+00,2026-06-09 18:23:57.46553+00,0.117631,41.883048,
e05e9e8a-244e-47f1-a620-abe21f46d134,numbered,79152,completed,sold,1,2026-06-09 18:23:15.511302+00,2026-06-09 18:23:57.343133+00,2026-06-09 18:23:57.466108+00,0.122975,41.954806,
02dbfc7b-ebcd-4ec8-8e4f-b3571ecddda8,numbered,34279,completed,sold,1,2026-06-09 18:23:15.596778+00,2026-06-09 18:23:57.345399+00,2026-06-09 18:23:57.466694+00,0.121295,41.869916,
e507a598-e32e-441a-a40c-eb2ec1ca5f1b,numbered,5441,completed,sold,1,2026-06-09 18:23:15.56108+00,2026-06-09 18:23:57.357252+00,2026-06-09 18:23:57.46739+00,0.110138,41.906310,
d857e946-e12a-4c78-be7f-5e4dbfd8184c,numbered,16413,completed,sold,1,2026-06-09 18:23:15.653707+00,2026-06-09 18:23:57.352493+00,2026-06-09 18:23:57.467437+00,0.114944,41.813730,
9fe65074-d987-446d-adb1-d1daecf71cfc,numbered,55949,completed,sold,1,2026-06-09 18:23:15.575435+00,2026-06-09 18:23:57.358101+00,2026-06-09 18:23:57.467625+00,0.109524,41.892190,
a25278cd-3f18-4279-8c07-0b779a324629,numbered,32094,completed,sold,1,2026-06-09 18:23:15.568379+00,2026-06-09 18:23:57.349047+00,2026-06-09 18:23:57.468501+00,0.119454,41.900122,
5bd05793-215f-477d-88b7-3d2b6eb4f06c,numbered,9287,completed,sold,1,2026-06-09 18:23:15.589672+00,2026-06-09 18:23:57.348303+00,2026-06-09 18:23:57.469099+00,0.120796,41.879427,
495841a6-f5b3-4b0e-80d1-f73fb5227ac4,numbered,84781,completed,sold,1,2026-06-09 18:23:15.625364+00,2026-06-09 18:23:57.374978+00,2026-06-09 18:23:57.494373+00,0.119395,41.869009,
a436e007-34ac-46e6-b37c-acb717c2d2c4,numbered,96027,completed,sold,1,2026-06-09 18:23:15.689565+00,2026-06-09 18:23:57.375659+00,2026-06-09 18:23:57.49498+00,0.119321,41.805415,
2c8f8c8f-28e3-4149-bf95-7d15737b7730,numbered,42273,completed,sold,1,2026-06-09 18:23:15.682749+00,2026-06-09 18:23:57.374372+00,2026-06-09 18:23:57.495481+00,0.121109,41.812732,
d40a2103-80eb-4061-a5e3-40b5cc5456c7,numbered,95130,completed,sold,1,2026-06-09 18:23:15.618056+00,2026-06-09 18:23:57.375659+00,2026-06-09 18:23:57.496206+00,0.120547,41.878150,
417ccc59-62e3-4365-b62d-a37c628bbcb2,numbered,14370,completed,sold,1,2026-06-09 18:23:15.668165+00,2026-06-09 18:23:57.370687+00,2026-06-09 18:23:57.496739+00,0.126052,41.828574,
48320c87-3e15-47f8-bb0e-bcab56979fd7,numbered,75954,completed,sold,1,2026-06-09 18:23:15.675424+00,2026-06-09 18:23:57.37356+00,2026-06-09 18:23:57.497303+00,0.123743,41.821879,
ee376a9e-1165-45d7-82ad-7d452605b796,numbered,67262,completed,sold,1,2026-06-09 18:23:15.632379+00,2026-06-09 18:23:57.369174+00,2026-06-09 18:23:57.49786+00,0.128686,41.865481,
f07b42f1-637f-4d1f-a5db-abf4e35bfce5,numbered,45113,completed,sold,1,2026-06-09 18:23:15.646792+00,2026-06-09 18:23:57.369949+00,2026-06-09 18:23:57.498515+00,0.128566,41.851723,
5fa5c5f2-2096-46e2-8023-f1666fd0e8c5,numbered,21124,completed,sold,1,2026-06-09 18:23:15.610977+00,2026-06-09 18:23:57.371399+00,2026-06-09 18:23:57.512944+00,0.141545,41.901967,
d1f0a695-05d0-4193-a438-90c2caf96606,numbered,95762,completed,sold,1,2026-06-09 18:23:15.639558+00,2026-06-09 18:23:57.37496+00,2026-06-09 18:23:57.514082+00,0.139122,41.874524,
5fd0b13c-cbc0-48dd-a1e5-233b04617ee4,numbered,86755,completed,sold,1,2026-06-09 18:23:15.660957+00,2026-06-09 18:23:57.376157+00,2026-06-09 18:23:57.518817+00,0.142660,41.857860,
474c19ed-cef8-414e-9412-c44a58efe0ac,numbered,98082,completed,sold,1,2026-06-09 18:23:15.718192+00,2026-06-09 18:23:57.53181+00,2026-06-09 18:23:57.639248+00,0.107438,41.921056,
0951270d-5da5-4828-8af8-fc8714546f0c,numbered,97270,completed,sold,1,2026-06-09 18:23:15.69682+00,2026-06-09 18:23:57.532482+00,2026-06-09 18:23:57.639765+00,0.107283,41.942945,
7752d730-a73a-4345-ab4b-460c59559899,numbered,62138,completed,sold,1,2026-06-09 18:23:15.732692+00,2026-06-09 18:23:57.570485+00,2026-06-09 18:23:57.677286+00,0.106801,41.944594,
0b45122c-772b-4830-af84-e257bdee996d,numbered,39448,completed,sold,1,2026-06-09 18:23:15.739859+00,2026-06-09 18:23:57.57223+00,2026-06-09 18:23:57.680257+00,0.108027,41.940398,
98f43a52-4b3a-4287-9a6b-56db6dcf6b2f,numbered,12869,completed,sold,1,2026-06-09 18:23:15.75389+00,2026-06-09 18:23:57.577379+00,2026-06-09 18:23:57.685658+00,0.108279,41.931768,
4c651d88-d16e-4b0f-8d3b-92ab12caaad6,numbered,88495,completed,sold,1,2026-06-09 18:23:15.704099+00,2026-06-09 18:23:57.581227+00,2026-06-09 18:23:57.689657+00,0.108430,41.985558,
080e4376-d9dd-4134-a739-9b378de1eaed,numbered,96206,completed,sold,1,2026-06-09 18:23:15.725311+00,2026-06-09 18:23:57.577055+00,2026-06-09 18:23:57.69024+00,0.113185,41.964929,
13438d14-75ba-484a-80ec-82f8405b2a6a,numbered,104,completed,sold,1,2026-06-09 18:23:15.761145+00,2026-06-09 18:23:57.577815+00,2026-06-09 18:23:57.692441+00,0.114626,41.931296,
7bece050-d911-4ead-9e1f-88febc0c322a,numbered,31680,completed,sold,1,2026-06-09 18:23:15.74675+00,2026-06-09 18:23:57.616258+00,2026-06-09 18:23:57.721718+00,0.105460,41.974968,
ae8ed58f-0049-4dfd-8417-a6db24614cd8,numbered,22695,completed,sold,1,2026-06-09 18:23:15.711116+00,2026-06-09 18:23:57.615442+00,2026-06-09 18:23:57.723718+00,0.108276,42.012602,
f5e24763-6903-4959-893a-b8b7b31f83e9,numbered,11449,completed,sold,1,2026-06-09 18:23:15.796683+00,2026-06-09 18:23:57.621145+00,2026-06-09 18:23:57.72627+00,0.105125,41.929587,
5a32b771-3432-4c72-a27f-0ff3de28a82d,numbered,28017,completed,sold,1,2026-06-09 18:23:15.78247+00,2026-06-09 18:23:57.640978+00,2026-06-09 18:23:57.746044+00,0.105066,41.963574,
ed4cb8de-1d4f-4da4-bb69-417a904a7dee,numbered,24366,completed,sold,1,2026-06-09 18:23:15.832378+00,2026-06-09 18:23:57.657332+00,2026-06-09 18:23:57.763329+00,0.105997,41.930951,
2a0ba57c-58bd-4ebe-b7b2-99565ba4c4c3,numbered,85622,completed,sold,1,2026-06-09 18:23:15.825327+00,2026-06-09 18:23:57.647426+00,2026-06-09 18:23:57.764151+00,0.116725,41.938824,
506d303e-accd-4737-b895-a6e533e10331,numbered,42549,completed,sold,1,2026-06-09 18:23:15.810998+00,2026-06-09 18:23:57.648697+00,2026-06-09 18:23:57.767718+00,0.119021,41.956720,
21dc8de7-7c6e-4092-bb85-daea65f56243,numbered,93395,completed,sold,1,2026-06-09 18:23:15.78955+00,2026-06-09 18:23:57.645303+00,2026-06-09 18:23:57.774428+00,0.129125,41.984878,
b7134f38-bce1-4f45-b685-21c928bbce88,numbered,74109,completed,sold,1,2026-06-09 18:23:15.839567+00,2026-06-09 18:23:57.668934+00,2026-06-09 18:23:57.777212+00,0.108278,41.937645,
873209c2-fa19-49f6-9c9b-33edcb014cc0,numbered,90433,completed,sold,1,2026-06-09 18:23:15.854068+00,2026-06-09 18:23:57.674661+00,2026-06-09 18:23:57.786965+00,0.112304,41.932897,
480b639b-793e-419f-a4fd-df6a2620c22e,numbered,99264,completed,sold,1,2026-06-09 18:23:15.882456+00,2026-06-09 18:23:57.684924+00,2026-06-09 18:23:57.792804+00,0.107880,41.910348,
2861d643-9ad8-48bf-8389-4fb299b585a2,numbered,40454,completed,sold,1,2026-06-09 18:23:15.889715+00,2026-06-09 18:23:57.669957+00,2026-06-09 18:23:57.795016+00,0.125059,41.905301,
d719b7ad-620c-404f-b269-0c5e1a2430cb,numbered,4837,completed,sold,1,2026-06-09 18:23:15.875494+00,2026-06-09 18:23:57.668233+00,2026-06-09 18:23:57.795525+00,0.127292,41.920031,
c3873d45-e8df-4f2f-bcf0-4f2b660513f5,numbered,68053,completed,sold,1,2026-06-09 18:23:15.818152+00,2026-06-09 18:23:57.652093+00,2026-06-09 18:23:57.796159+00,0.144066,41.978007,
9fd95cbc-d50d-428e-9523-5318db87fc74,numbered,39783,completed,sold,1,2026-06-09 18:23:15.86831+00,2026-06-09 18:23:57.674325+00,2026-06-09 18:23:57.796727+00,0.122402,41.928417,
45c357bf-0aef-475a-839e-d1673db571cd,numbered,67475,completed,sold,1,2026-06-09 18:23:15.775437+00,2026-06-09 18:23:57.644523+00,2026-06-09 18:23:57.797526+00,0.153003,42.022089,
61fd8a83-beef-4187-b72d-15e952b4574b,numbered,60488,completed,sold,1,2026-06-09 18:23:15.804099+00,2026-06-09 18:23:57.647933+00,2026-06-09 18:23:57.798103+00,0.150170,41.994004,
4efa2e6a-1b6c-495c-bd9b-27587dce7582,numbered,60791,completed,sold,1,2026-06-09 18:23:15.860985+00,2026-06-09 18:23:57.66327+00,2026-06-09 18:23:57.802464+00,0.139194,41.941479,
e4aaa4ed-3975-4ab0-b0e7-e70334884a86,numbered,58430,completed,sold,1,2026-06-09 18:23:15.768725+00,2026-06-09 18:23:57.664086+00,2026-06-09 18:23:57.803061+00,0.138975,42.034336,
68f4fe58-8e52-4866-b218-17ce1eaa3873,numbered,30719,completed,sold,1,2026-06-09 18:23:15.918118+00,2026-06-09 18:23:57.697216+00,2026-06-09 18:23:57.803572+00,0.106356,41.885454,
92a47944-861e-4159-8249-7cde86ce7344,numbered,20111,completed,sold,1,2026-06-09 18:23:15.897581+00,2026-06-09 18:23:57.672435+00,2026-06-09 18:23:57.80433+00,0.131895,41.906749,
a1bfc764-1eee-4a93-a05c-4924b47b49c2,numbered,51814,completed,sold,1,2026-06-09 18:23:15.846737+00,2026-06-09 18:23:57.670791+00,2026-06-09 18:23:57.804878+00,0.134087,41.958141,
77220578-5a16-4620-a596-f2048045c3d1,numbered,7524,completed,sold,1,2026-06-09 18:23:15.903631+00,2026-06-09 18:23:57.673421+00,2026-06-09 18:23:57.805523+00,0.132102,41.901892,
209e6ee5-7ff0-4dc3-a383-fa1b24b9cd51,numbered,2981,completed,sold,1,2026-06-09 18:23:15.910956+00,2026-06-09 18:23:57.708259+00,2026-06-09 18:23:57.819838+00,0.111579,41.908882,
1969c65b-341c-4f49-907c-abf3ebfcca74,numbered,83866,completed,sold,1,2026-06-09 18:23:15.925343+00,2026-06-09 18:23:57.712307+00,2026-06-09 18:23:57.820564+00,0.108257,41.895221,
d6e625a7-da5b-4527-bbae-a61f3dfa4f34,numbered,72347,completed,sold,1,2026-06-09 18:23:15.968084+00,2026-06-09 18:23:57.746995+00,2026-06-09 18:23:57.851777+00,0.104782,41.883693,
4372899a-7ea0-4f24-9c34-99de432101d1,numbered,34289,completed,sold,1,2026-06-09 18:23:15.939614+00,2026-06-09 18:23:57.756957+00,2026-06-09 18:23:57.862575+00,0.105618,41.922961,
e017a15b-e6d3-46db-8c80-0f60d647b68c,numbered,12334,completed,sold,1,2026-06-09 18:23:15.946936+00,2026-06-09 18:23:57.742534+00,2026-06-09 18:23:57.879327+00,0.136793,41.932391,
d8a5726c-52e0-4242-baee-1d0501a97b8d,numbered,74425,completed,sold,1,2026-06-09 18:23:15.93239+00,2026-06-09 18:23:57.788518+00,2026-06-09 18:23:57.894142+00,0.105624,41.961752,
a4e5898e-7674-474e-a687-cb91be215173,numbered,70813,completed,sold,1,2026-06-09 18:23:15.960986+00,2026-06-09 18:23:57.743306+00,2026-06-09 18:23:57.895714+00,0.152408,41.934728,
a59291f6-0386-459e-a8be-b6de0f423e11,numbered,54332,completed,sold,1,2026-06-09 18:23:15.953906+00,2026-06-09 18:23:57.802217+00,2026-06-09 18:23:57.907291+00,0.105074,41.953385,
3831045f-4bf7-46b5-afc0-8a9754b29d44,numbered,77384,completed,seat_unavailable,1,2026-06-09 18:23:15.982437+00,2026-06-09 18:23:57.877301+00,2026-06-09 18:23:57.982117+00,0.104816,41.999680,
1c23b49f-db6f-43b3-ab9f-cb1e93808219,numbered,84331,completed,sold,1,2026-06-09 18:23:15.996694+00,2026-06-09 18:23:57.886449+00,2026-06-09 18:23:57.993074+00,0.106625,41.996380,
15452916-7419-48ac-912b-b95068ff617c,numbered,32161,completed,sold,1,2026-06-09 18:23:16.004112+00,2026-06-09 18:23:57.927959+00,2026-06-09 18:23:58.034019+00,0.106060,42.029907,
0ce0891c-9f45-4c33-a3b5-6862cedb7f91,numbered,19351,completed,sold,1,2026-06-09 18:23:15.989632+00,2026-06-09 18:23:57.929553+00,2026-06-09 18:23:58.034485+00,0.104932,42.044853,
b8398ac6-59a0-43e6-ba23-6596cc9a8539,numbered,46810,completed,sold,1,2026-06-09 18:23:16.039602+00,2026-06-09 18:23:57.939905+00,2026-06-09 18:23:58.04756+00,0.107655,42.007958,
579c3238-aeed-44ef-aa00-0ed362b26377,numbered,84863,completed,sold,1,2026-06-09 18:23:16.053829+00,2026-06-09 18:23:57.940677+00,2026-06-09 18:23:58.048118+00,0.107441,41.994289,
da0792b6-1971-4fcb-81ea-fd43e864bdac,numbered,95353,completed,sold,1,2026-06-09 18:23:16.068177+00,2026-06-09 18:23:57.939099+00,2026-06-09 18:23:58.049553+00,0.110454,41.981376,
fa9cb825-6563-4b06-bedd-7d48b60edf66,numbered,3922,completed,sold,1,2026-06-09 18:23:16.07546+00,2026-06-09 18:23:57.93832+00,2026-06-09 18:23:58.050096+00,0.111776,41.974636,
912df40b-ba35-4c97-9cba-ca340d4c205c,numbered,38898,completed,sold,1,2026-06-09 18:23:16.0824+00,2026-06-09 18:23:57.937494+00,2026-06-09 18:23:58.050703+00,0.113209,41.968303,
fccb5264-3aa0-40bf-a630-b2c6e00818ed,numbered,96398,completed,sold,1,2026-06-09 18:23:16.061057+00,2026-06-09 18:23:57.95433+00,2026-06-09 18:23:58.063903+00,0.109573,42.002846,
e8fcba7c-d445-43a6-a31a-7e73326821c9,numbered,44305,completed,sold,1,2026-06-09 18:23:15.975402+00,2026-06-09 18:23:57.951352+00,2026-06-09 18:23:58.066737+00,0.115385,42.091335,
260513a1-3e5e-4e12-8068-acda503f030b,numbered,64843,completed,sold,1,2026-06-09 18:23:16.018148+00,2026-06-09 18:23:57.955991+00,2026-06-09 18:23:58.068751+00,0.112760,42.050603,
4b7a4822-0ff1-4e97-a5d7-db8de20bb6db,numbered,11148,completed,sold,1,2026-06-09 18:23:16.089735+00,2026-06-09 18:23:57.953432+00,2026-06-09 18:23:58.068751+00,0.115319,41.979016,
0ef25b57-5535-4ca6-8ae5-b71e976e4d6d,numbered,39278,completed,seat_unavailable,1,2026-06-09 18:23:16.046751+00,2026-06-09 18:23:57.966512+00,2026-06-09 18:23:58.098835+00,0.132323,42.052084,
fe1b11c0-9b39-4082-92bb-6d22474f06c1,numbered,51250,completed,sold,1,2026-06-09 18:23:16.18247+00,2026-06-09 18:23:58.004306+00,2026-06-09 18:23:58.131635+00,0.127329,41.949165,
c81bde76-799a-4371-a180-69e8f17e5b08,numbered,26777,completed,sold,1,2026-06-09 18:23:16.168255+00,2026-06-09 18:23:58.0051+00,2026-06-09 18:23:58.132294+00,0.127194,41.964039,
98ab7fe1-b4cd-4bef-838b-0c6c24c98655,numbered,45425,completed,sold,1,2026-06-09 18:23:16.032453+00,2026-06-09 18:23:57.97551+00,2026-06-09 18:23:58.13333+00,0.157820,42.100877,
fa1b99a4-1de8-47fd-8007-cd415306f199,numbered,43232,completed,sold,1,2026-06-09 18:23:16.125127+00,2026-06-09 18:23:57.986002+00,2026-06-09 18:23:58.13391+00,0.147908,42.008783,
98a66108-a675-44f3-86c8-d1081c94a4e1,numbered,4550,completed,sold,1,2026-06-09 18:23:16.011241+00,2026-06-09 18:23:57.965692+00,2026-06-09 18:23:58.134465+00,0.168773,42.123224,
a3735a03-b3a4-4558-938b-1e86498388fe,numbered,92059,completed,sold,1,2026-06-09 18:23:16.146733+00,2026-06-09 18:23:58.000417+00,2026-06-09 18:23:58.135136+00,0.134719,41.988403,
6c9a8f1a-8077-451c-8dfe-02718c323d7b,numbered,78598,completed,sold,1,2026-06-09 18:23:16.10396+00,2026-06-09 18:23:57.971378+00,2026-06-09 18:23:58.135727+00,0.164349,42.031767,
dd379d91-4842-448a-805e-933044ec056d,numbered,61918,completed,sold,1,2026-06-09 18:23:16.139606+00,2026-06-09 18:23:57.970642+00,2026-06-09 18:23:58.136398+00,0.165756,41.996792,
ed90e53f-4001-4eb0-b72a-5dd3ca0f7da7,numbered,77682,completed,sold,1,2026-06-09 18:23:16.132405+00,2026-06-09 18:23:57.977921+00,2026-06-09 18:23:58.137027+00,0.159106,42.004622,
aef1e228-2f0c-45a5-8f93-84746e471cf2,numbered,59017,completed,sold,1,2026-06-09 18:23:16.118086+00,2026-06-09 18:23:57.977921+00,2026-06-09 18:23:58.137647+00,0.159726,42.019561,
ff7970fa-1cb3-48e5-a158-4e02fca07ede,numbered,72940,completed,sold,1,2026-06-09 18:23:16.096758+00,2026-06-09 18:23:57.977204+00,2026-06-09 18:23:58.138236+00,0.161032,42.041478,
ff189355-bacf-4900-b7f1-364b4eb05882,numbered,57778,completed,sold,1,2026-06-09 18:23:16.025428+00,2026-06-09 18:23:57.989799+00,2026-06-09 18:23:58.139012+00,0.149213,42.113584,
88ead1a6-aaf7-4434-9c1a-99360fe06584,numbered,97919,completed,sold,1,2026-06-09 18:23:16.153669+00,2026-06-09 18:23:57.993148+00,2026-06-09 18:23:58.144743+00,0.151595,41.991074,
72fb0515-8c17-470b-933a-3a017dc2e6b6,numbered,90420,completed,sold,1,2026-06-09 18:23:16.189712+00,2026-06-09 18:23:58.005108+00,2026-06-09 18:23:58.153097+00,0.147989,41.963385,
5ca5aace-c018-47b1-9b04-d117717225ce,numbered,36000,completed,sold,1,2026-06-09 18:23:16.175375+00,2026-06-09 18:23:58.004464+00,2026-06-09 18:23:58.153923+00,0.149459,41.978548,
f7c2bd2d-2faa-4dcf-b8d6-e3abf778aee9,numbered,96623,completed,sold,1,2026-06-09 18:23:16.160799+00,2026-06-09 18:23:57.99402+00,2026-06-09 18:23:58.154507+00,0.160487,41.993708,
c70a69e2-2437-4b78-ac73-728e18350b68,numbered,21601,completed,sold,1,2026-06-09 18:23:16.111232+00,2026-06-09 18:23:57.985299+00,2026-06-09 18:23:58.155185+00,0.169886,42.043953,
9d1f87bb-3e48-4b56-9431-bd679fe4435d,numbered,74336,completed,sold,1,2026-06-09 18:23:16.196722+00,2026-06-09 18:23:58.02325+00,2026-06-09 18:23:58.221276+00,0.198026,42.024554,
7e4782b1-ce0f-4a6a-b674-ec7e4bd18558,numbered,83286,completed,sold,1,2026-06-09 18:23:16.203999+00,2026-06-09 18:23:58.021138+00,2026-06-09 18:23:58.255956+00,0.234818,42.051957,
27717a88-cac4-404d-ae2f-542de7268509,numbered,27666,completed,sold,1,2026-06-09 18:23:16.218114+00,2026-06-09 18:23:58.273531+00,2026-06-09 18:23:58.377884+00,0.104353,42.159770,
c9d57430-c524-4a6e-8c8d-d2813104034d,numbered,50726,completed,sold,1,2026-06-09 18:23:16.253918+00,2026-06-09 18:23:58.276252+00,2026-06-09 18:23:58.383925+00,0.107673,42.130007,
ecb89be9-9012-4096-b802-246f5380329c,numbered,26405,completed,sold,1,2026-06-09 18:23:16.261203+00,2026-06-09 18:23:58.27811+00,2026-06-09 18:23:58.384591+00,0.106481,42.123388,
10047ebd-688f-48c5-ab03-41ac2b5ce41d,numbered,33552,completed,sold,1,2026-06-09 18:23:16.211098+00,2026-06-09 18:23:58.277809+00,2026-06-09 18:23:58.385582+00,0.107773,42.174484,
f68e506d-3303-437a-bec4-137ab5a46cd3,numbered,56685,completed,sold,1,2026-06-09 18:23:16.225275+00,2026-06-09 18:23:58.282337+00,2026-06-09 18:23:58.389352+00,0.107015,42.164077,
b19d83c2-04fd-4f95-9e43-819d66ab4999,numbered,55627,completed,sold,1,2026-06-09 18:23:16.246792+00,2026-06-09 18:23:58.28969+00,2026-06-09 18:23:58.395624+00,0.105934,42.148832,
84be0a35-290b-4303-a391-0c81b034a60e,numbered,9855,completed,sold,1,2026-06-09 18:23:16.289456+00,2026-06-09 18:23:58.284855+00,2026-06-09 18:23:58.396137+00,0.111282,42.106681,
2c1da293-0fa6-4776-8460-2e7c60a9d0fe,numbered,78900,completed,sold,1,2026-06-09 18:23:16.36115+00,2026-06-09 18:23:58.303342+00,2026-06-09 18:23:58.413709+00,0.110367,42.052559,
a1c32c18-1449-4485-9bee-1b27844e21a5,numbered,76121,completed,seat_unavailable,1,2026-06-09 18:23:16.282517+00,2026-06-09 18:23:58.311163+00,2026-06-09 18:23:58.414116+00,0.102953,42.131599,
3f381a37-9470-49b5-a155-8e8f9ec97477,numbered,10161,completed,sold,1,2026-06-09 18:23:16.29669+00,2026-06-09 18:23:58.314978+00,2026-06-09 18:23:58.432815+00,0.117837,42.136125,
f18ddecf-4c47-4bbc-87a8-bf7431ad03d2,numbered,76920,completed,sold,1,2026-06-09 18:23:16.275436+00,2026-06-09 18:23:58.305143+00,2026-06-09 18:23:58.437391+00,0.132248,42.161955,
74f5ca49-9dd8-4266-b165-de3795c1f1b4,numbered,41,completed,sold,1,2026-06-09 18:23:16.311091+00,2026-06-09 18:23:58.324107+00,2026-06-09 18:23:58.443868+00,0.119761,42.132777,
19924d67-e297-4e66-925a-a3a3bc689f7f,numbered,14856,completed,sold,1,2026-06-09 18:23:16.411125+00,2026-06-09 18:23:58.323157+00,2026-06-09 18:23:58.444434+00,0.121277,42.033309,
def1b8cc-cfc4-44b5-aef5-81dbc1d01471,numbered,70334,completed,sold,1,2026-06-09 18:23:16.332321+00,2026-06-09 18:23:58.337801+00,2026-06-09 18:23:58.44473+00,0.106929,42.112409,
90dfbd46-22c6-4037-a2ec-8f43aac0a9e6,numbered,90145,completed,sold,1,2026-06-09 18:23:16.339629+00,2026-06-09 18:23:58.333322+00,2026-06-09 18:23:58.445123+00,0.111801,42.105494,
bd153033-f6a6-4b36-8a35-c254590b7228,numbered,65306,completed,sold,1,2026-06-09 18:23:16.368262+00,2026-06-09 18:23:58.30159+00,2026-06-09 18:23:58.445389+00,0.143799,42.077127,
0aa9b026-4223-4aab-9b42-a1ef084937ea,numbered,21950,completed,sold,1,2026-06-09 18:23:16.318053+00,2026-06-09 18:23:58.33706+00,2026-06-09 18:23:58.445593+00,0.108533,42.127540,
2aa9be63-56d8-43dc-a4c9-f553b2bfc196,numbered,32483,completed,sold,1,2026-06-09 18:23:16.346845+00,2026-06-09 18:23:58.30029+00,2026-06-09 18:23:58.445812+00,0.145522,42.098967,
701b3d98-09e3-475b-a1ec-f823e1bdf12b,numbered,69431,completed,sold,1,2026-06-09 18:23:16.239596+00,2026-06-09 18:23:58.282387+00,2026-06-09 18:23:58.44614+00,0.163753,42.206544,
a7dd18c5-1c96-4c8c-be2c-5edcfffd304d,numbered,25672,completed,sold,1,2026-06-09 18:23:16.232627+00,2026-06-09 18:23:58.344036+00,2026-06-09 18:23:58.450712+00,0.106676,42.218085,
b1ba9630-ef56-4298-9d67-2a064c112735,numbered,30882,completed,sold,1,2026-06-09 18:23:16.375457+00,2026-06-09 18:23:58.357032+00,2026-06-09 18:23:58.465603+00,0.108571,42.090146,
7b1da9d5-941e-49f1-998e-e6265e491fa8,numbered,20291,completed,sold,1,2026-06-09 18:23:16.403891+00,2026-06-09 18:23:58.357776+00,2026-06-09 18:23:58.4661+00,0.108324,42.062209,
382d1f8d-8af7-4435-a42d-21dd6f060800,numbered,24236,completed,sold,1,2026-06-09 18:23:16.389641+00,2026-06-09 18:23:58.365498+00,2026-06-09 18:23:58.476038+00,0.110540,42.086397,
e75cc6ee-e44d-481b-8b07-77bfa7abbc5b,numbered,22450,completed,sold,1,2026-06-09 18:23:16.325136+00,2026-06-09 18:23:58.363733+00,2026-06-09 18:23:58.476645+00,0.112912,42.151509,
d3af31c0-5009-4349-983d-ae19a0ad9db6,numbered,78307,completed,sold,1,2026-06-09 18:23:16.418304+00,2026-06-09 18:23:58.351033+00,2026-06-09 18:23:58.47722+00,0.126187,42.058916,
cee8a1d3-d9a0-465c-8d34-06b38018588a,numbered,71383,completed,sold,1,2026-06-09 18:23:16.268284+00,2026-06-09 18:23:58.355562+00,2026-06-09 18:23:58.47778+00,0.122218,42.209496,
d308066f-40f3-4163-a962-6eace2aab951,numbered,86461,completed,sold,1,2026-06-09 18:23:16.303917+00,2026-06-09 18:23:58.360713+00,2026-06-09 18:23:58.478398+00,0.117685,42.174481,
3fa8e45b-c565-45be-92c0-17bb4721b78a,numbered,55123,completed,sold,1,2026-06-09 18:23:16.382383+00,2026-06-09 18:23:58.361402+00,2026-06-09 18:23:58.478925+00,0.117523,42.096542,
2ddbb6bf-1523-4a9e-b152-654c5e1c599a,numbered,25928,completed,sold,1,2026-06-09 18:23:16.425367+00,2026-06-09 18:23:58.35621+00,2026-06-09 18:23:58.479959+00,0.123749,42.054592,
1ca077f7-56cb-4d78-8f1f-3c340d1a8757,numbered,62195,completed,sold,1,2026-06-09 18:23:16.396805+00,2026-06-09 18:23:58.361679+00,2026-06-09 18:23:58.501607+00,0.139928,42.104802,
6b579557-33b8-48c1-99c5-e147f8978b0b,numbered,784,completed,sold,1,2026-06-09 18:23:16.353884+00,2026-06-09 18:23:58.363241+00,2026-06-09 18:23:58.513061+00,0.149820,42.159177,
3e004231-2bbd-480d-b72d-8b349ce58ef0,numbered,97078,completed,sold,1,2026-06-09 18:23:16.432438+00,2026-06-09 18:23:58.425186+00,2026-06-09 18:23:58.530676+00,0.105490,42.098238,
c5a470f3-2071-48f5-a0f7-1533af24f0de,numbered,51726,completed,sold,1,2026-06-09 18:23:16.439591+00,2026-06-09 18:23:58.517318+00,2026-06-09 18:23:58.626433+00,0.109115,42.186842,
c4c1cf1a-0c21-45f6-9ab1-1585fd88b91a,numbered,97482,completed,sold,1,2026-06-09 18:23:16.446878+00,2026-06-09 18:23:58.521491+00,2026-06-09 18:23:58.627032+00,0.105541,42.180154,
1287f711-30c6-47d1-bec5-ef88c4081368,numbered,31937,completed,sold,1,2026-06-09 18:23:16.453952+00,2026-06-09 18:23:58.536651+00,2026-06-09 18:23:58.64263+00,0.105979,42.188678,
07e2fbb6-8216-4cd6-bd5f-8b5a1bb06696,numbered,68564,completed,sold,1,2026-06-09 18:23:16.553851+00,2026-06-09 18:23:58.566354+00,2026-06-09 18:23:58.673659+00,0.107305,42.119808,
c185b02f-639e-4519-bad3-0a9664c8ec87,numbered,90801,completed,sold,1,2026-06-09 18:23:16.525362+00,2026-06-09 18:23:58.564665+00,2026-06-09 18:23:58.674393+00,0.109728,42.149031,
2a896c03-7e60-4b54-a5b7-9937b7c1e31b,numbered,44381,completed,sold,1,2026-06-09 18:23:16.603987+00,2026-06-09 18:23:58.567073+00,2026-06-09 18:23:58.674872+00,0.107799,42.070885,
096afe06-8932-4141-acee-5b7678469cc6,numbered,10701,completed,sold,1,2026-06-09 18:23:16.461035+00,2026-06-09 18:23:58.588833+00,2026-06-09 18:23:58.694054+00,0.105221,42.233019,
4610826f-6bc6-4a7d-813d-829968fce35f,numbered,49458,completed,sold,1,2026-06-09 18:23:16.496607+00,2026-06-09 18:23:58.603323+00,2026-06-09 18:23:58.715738+00,0.112415,42.219131,
efca7939-aa25-4143-8e59-c93ab1c7b3d4,numbered,16377,completed,sold,1,2026-06-09 18:23:16.482391+00,2026-06-09 18:23:58.59545+00,2026-06-09 18:23:58.71627+00,0.120820,42.233879,
4dd1404d-0e2f-4496-8b8c-53501de30d6b,numbered,30708,completed,sold,1,2026-06-09 18:23:16.56902+00,2026-06-09 18:23:58.598912+00,2026-06-09 18:23:58.71655+00,0.117638,42.147530,
a752403c-6c70-4793-aad1-eaaede382c84,numbered,22211,completed,sold,1,2026-06-09 18:23:16.532483+00,2026-06-09 18:23:58.603103+00,2026-06-09 18:23:58.717103+00,0.114000,42.184620,
466e24a8-c3b4-45c2-b146-638c97d96140,numbered,58729,completed,sold,1,2026-06-09 18:23:16.618297+00,2026-06-09 18:23:58.596356+00,2026-06-09 18:23:58.717652+00,0.121296,42.099355,
da4b77a9-f84d-4855-bc6a-10c07b2a0dfd,numbered,6545,completed,sold,1,2026-06-09 18:23:16.5825+00,2026-06-09 18:23:58.605389+00,2026-06-09 18:23:58.718184+00,0.112795,42.135684,
55ffb17f-71c8-4e92-b927-e5083ef7dec1,numbered,72462,completed,sold,1,2026-06-09 18:23:16.589683+00,2026-06-09 18:23:58.594694+00,2026-06-09 18:23:58.718389+00,0.123695,42.128706,
ce770f64-d886-4ba8-ab73-b14a656e7f86,numbered,90730,completed,sold,1,2026-06-09 18:23:16.596705+00,2026-06-09 18:23:58.597081+00,2026-06-09 18:23:58.718688+00,0.121607,42.121983,
f8a0b8e2-bce0-421a-82d5-efb8394f7d6c,numbered,9606,completed,sold,1,2026-06-09 18:23:16.56107+00,2026-06-09 18:23:58.597893+00,2026-06-09 18:23:58.719266+00,0.121373,42.158196,
44de6669-0c4f-46a3-b214-3588fb37275b,numbered,14212,completed,sold,1,2026-06-09 18:23:16.546662+00,2026-06-09 18:23:58.59545+00,2026-06-09 18:23:58.720499+00,0.125049,42.173837,
e837dd4c-250f-4879-b283-bbfe88ed77f8,numbered,83083,completed,sold,1,2026-06-09 18:23:16.503969+00,2026-06-09 18:23:58.615733+00,2026-06-09 18:23:58.721069+00,0.105336,42.217100,
96258cdb-b11c-4e90-8908-9213dd5da87a,numbered,65555,completed,sold,1,2026-06-09 18:23:16.468218+00,2026-06-09 18:23:58.600551+00,2026-06-09 18:23:58.724801+00,0.124250,42.256583,
088babec-0aee-443e-8354-eabd364cc7fa,numbered,4916,completed,sold,1,2026-06-09 18:23:16.575241+00,2026-06-09 18:23:58.620678+00,2026-06-09 18:23:58.728922+00,0.108244,42.153681,
449dac83-5607-46cb-a00d-78070551d322,numbered,25029,completed,sold,1,2026-06-09 18:23:16.539602+00,2026-06-09 18:23:58.619876+00,2026-06-09 18:23:58.733322+00,0.113446,42.193720,
8a00cf8e-15f9-43a1-a6c2-8b0c3c1b3d86,numbered,52313,completed,sold,1,2026-06-09 18:23:16.475417+00,2026-06-09 18:23:58.628087+00,2026-06-09 18:23:58.736839+00,0.108752,42.261422,
eb3463de-db2c-420c-80ab-bd2b576c8c4b,numbered,8508,completed,sold,1,2026-06-09 18:23:16.611199+00,2026-06-09 18:23:58.658754+00,2026-06-09 18:23:58.765152+00,0.106398,42.153953,
e04914a4-5098-420d-bd24-874b8d53f5fc,numbered,58400,completed,sold,1,2026-06-09 18:23:16.675541+00,2026-06-09 18:23:58.671976+00,2026-06-09 18:23:58.777678+00,0.105702,42.102137,
b522d436-57f5-4ec4-9996-3e781e9ad28b,numbered,99365,completed,sold,1,2026-06-09 18:23:16.646744+00,2026-06-09 18:23:58.645855+00,2026-06-09 18:23:58.778181+00,0.132326,42.131437,
b0b10a13-50d7-4a52-b899-6f8f2935fa22,numbered,54013,completed,sold,1,2026-06-09 18:23:16.625292+00,2026-06-09 18:23:58.643298+00,2026-06-09 18:23:58.778802+00,0.135504,42.153510,
6e11b76b-ffb2-4a24-a024-60c54a6fcd4d,numbered,83005,completed,sold,1,2026-06-09 18:23:16.668222+00,2026-06-09 18:23:58.671314+00,2026-06-09 18:23:58.779809+00,0.108495,42.111587,
4b722258-8a29-4d03-bedd-b2406251b00d,numbered,49117,completed,sold,1,2026-06-09 18:23:16.511203+00,2026-06-09 18:23:58.643997+00,2026-06-09 18:23:58.780415+00,0.136418,42.269212,
6b5f58f8-fa3c-4d88-af10-9bc7aa728898,numbered,61047,completed,sold,1,2026-06-09 18:23:16.661046+00,2026-06-09 18:23:58.663612+00,2026-06-09 18:23:58.780541+00,0.116929,42.119495,
afccda26-6731-42dc-853f-88ede0741bd2,numbered,74981,completed,sold,1,2026-06-09 18:23:16.632683+00,2026-06-09 18:23:58.657102+00,2026-06-09 18:23:58.780989+00,0.123887,42.148306,
e424d694-2ce7-4a52-82ad-ac17a5a3ece5,numbered,18089,completed,sold,1,2026-06-09 18:23:16.639592+00,2026-06-09 18:23:58.645085+00,2026-06-09 18:23:58.781088+00,0.136003,42.141496,
c079ce2d-6575-426f-bb91-dcdec391ef4f,numbered,7135,completed,sold,1,2026-06-09 18:23:16.518364+00,2026-06-09 18:23:58.639034+00,2026-06-09 18:23:58.781552+00,0.142518,42.263188,
fca87073-8e0f-458c-a795-b6b6416330bd,numbered,14078,completed,sold,1,2026-06-09 18:23:16.489664+00,2026-06-09 18:23:58.641742+00,2026-06-09 18:23:58.78156+00,0.139818,42.291896,
c78b620e-789a-49a5-9418-07e7a297f393,numbered,6438,completed,sold,1,2026-06-09 18:23:16.654214+00,2026-06-09 18:23:58.659052+00,2026-06-09 18:23:58.784228+00,0.125176,42.130014,
16a3631e-3f28-47be-90c7-0698de89b738,numbered,92120,completed,sold,1,2026-06-09 18:23:16.689616+00,2026-06-09 18:23:58.793381+00,2026-06-09 18:23:58.904246+00,0.110865,42.214630,
0d7c493b-2654-44c4-a691-241f79b2c2c5,numbered,4185,completed,sold,1,2026-06-09 18:23:16.682541+00,2026-06-09 18:23:58.794572+00,2026-06-09 18:23:58.904823+00,0.110251,42.222282,
633e8f8b-1b94-434d-bc3e-9e3f37cc5c32,numbered,89886,completed,sold,1,2026-06-09 18:23:16.696635+00,2026-06-09 18:23:58.795266+00,2026-06-09 18:23:58.905394+00,0.110128,42.208759,
f24e060d-3083-4243-975b-16e391b86b43,numbered,86921,completed,sold,1,2026-06-09 18:23:16.753764+00,2026-06-09 18:23:58.859671+00,2026-06-09 18:23:58.971093+00,0.111422,42.217329,
31fbbff2-bc2b-489a-a731-af9194bcb5e6,numbered,46453,completed,sold,1,2026-06-09 18:23:16.7467+00,2026-06-09 18:23:58.863909+00,2026-06-09 18:23:58.97164+00,0.107731,42.224940,
a82cfc7c-2db8-4087-b474-e01fde4c05ec,numbered,96217,completed,sold,1,2026-06-09 18:23:16.818102+00,2026-06-09 18:23:58.8611+00,2026-06-09 18:23:58.97219+00,0.111090,42.154088,
3ff6b380-3447-47e6-8e81-c35e5563228b,numbered,10750,completed,sold,1,2026-06-09 18:23:16.789485+00,2026-06-09 18:23:58.860381+00,2026-06-09 18:23:58.972708+00,0.112327,42.183223,
4fe0eae0-d6e5-4155-99c0-47c857279933,numbered,43532,completed,seat_unavailable,1,2026-06-09 18:23:16.775278+00,2026-06-09 18:23:58.865629+00,2026-06-09 18:23:58.974441+00,0.108812,42.199163,
2d31dcee-7bc0-44d5-befb-a6ba2ac93686,numbered,44578,completed,sold,1,2026-06-09 18:23:16.782489+00,2026-06-09 18:23:58.867098+00,2026-06-09 18:23:58.987916+00,0.120818,42.205427,
c6bc43d3-cf5f-41ac-abac-d5eb4cc71fd2,numbered,83270,completed,sold,1,2026-06-09 18:23:16.768136+00,2026-06-09 18:23:58.870445+00,2026-06-09 18:23:58.988646+00,0.118201,42.220510,
5d3ae5ea-5953-4a37-9f19-c2513f6b8b71,numbered,73490,completed,sold,1,2026-06-09 18:23:16.711179+00,2026-06-09 18:23:58.88449+00,2026-06-09 18:23:58.990466+00,0.105976,42.279287,
d1189f78-45b9-41b6-8e91-ecaa0905662d,numbered,64836,completed,sold,1,2026-06-09 18:23:16.811205+00,2026-06-09 18:23:58.863192+00,2026-06-09 18:23:58.991042+00,0.127850,42.179837,
e74b41ed-9f76-4692-9b19-5b7a3be4d6f8,numbered,91387,completed,sold,1,2026-06-09 18:23:16.804019+00,2026-06-09 18:23:58.866359+00,2026-06-09 18:23:58.993071+00,0.126712,42.189052,
e8122d06-14ea-41f4-a22c-6e80af61fa16,numbered,56269,completed,sold,1,2026-06-09 18:23:16.73967+00,2026-06-09 18:23:58.873195+00,2026-06-09 18:23:58.993618+00,0.120423,42.253948,
6f7e20e0-4b08-4fe2-a64f-44d23e9a053c,numbered,54997,completed,sold,1,2026-06-09 18:23:16.732371+00,2026-06-09 18:23:58.8684+00,2026-06-09 18:23:58.994164+00,0.125764,42.261793,
7a5cdbd2-d3fd-4f61-a7cf-9beb9afc5d4b,numbered,89010,completed,sold,1,2026-06-09 18:23:16.725351+00,2026-06-09 18:23:58.897944+00,2026-06-09 18:23:59.012326+00,0.114382,42.286975,
3a7169cf-b424-4391-90f1-61351cc226e9,numbered,69643,completed,sold,1,2026-06-09 18:23:16.825288+00,2026-06-09 18:23:58.911886+00,2026-06-09 18:23:59.018337+00,0.106451,42.193049,
ca0ef10c-2c61-4b77-b65f-cda18c687196,numbered,52191,completed,sold,1,2026-06-09 18:23:16.718104+00,2026-06-09 18:23:58.906434+00,2026-06-09 18:23:59.018923+00,0.112489,42.300819,
361e21b7-c8b3-4923-b4f0-7f8acafb92c0,numbered,78590,completed,sold,1,2026-06-09 18:23:16.839672+00,2026-06-09 18:23:58.91161+00,2026-06-09 18:23:59.019503+00,0.107893,42.179831,
840dff8d-bbf4-456f-8a80-b14c8721c7b2,numbered,2227,completed,sold,1,2026-06-09 18:23:16.760941+00,2026-06-09 18:23:58.912445+00,2026-06-09 18:23:59.020044+00,0.107599,42.259103,
4af9f19f-85bb-48b5-b7d8-be8ffb79eaa6,numbered,29137,completed,sold,1,2026-06-09 18:23:16.796759+00,2026-06-09 18:23:58.899654+00,2026-06-09 18:23:59.020571+00,0.120917,42.223812,
22364c26-c82f-4469-b647-cc5633cb01ed,numbered,792,completed,sold,1,2026-06-09 18:23:16.853938+00,2026-06-09 18:23:58.92921+00,2026-06-09 18:23:59.038294+00,0.109084,42.184356,
7d52527c-472b-4fed-9c74-02e09045e22d,numbered,48949,completed,sold,1,2026-06-09 18:23:16.832357+00,2026-06-09 18:23:58.933304+00,2026-06-09 18:23:59.038831+00,0.105527,42.206474,
31d9ef25-0b3b-4dc7-b94a-432e434a2ebd,numbered,62702,completed,sold,1,2026-06-09 18:23:16.846758+00,2026-06-09 18:23:58.939651+00,2026-06-09 18:23:59.0459+00,0.106249,42.199142,
8e4857c3-b2da-4353-bf24-85cdbb9c8b10,numbered,85495,completed,seat_unavailable,1,2026-06-09 18:23:16.861001+00,2026-06-09 18:23:58.950404+00,2026-06-09 18:23:59.054651+00,0.104247,42.193650,
c1a3a306-1afa-459c-866a-d642d1cc4fe8,numbered,9459,completed,sold,1,2026-06-09 18:23:16.889392+00,2026-06-09 18:23:58.946197+00,2026-06-09 18:23:59.057067+00,0.110870,42.167675,
09558549-d136-491d-9319-28a2f1b6e837,numbered,20801,completed,sold,1,2026-06-09 18:23:16.703963+00,2026-06-09 18:23:58.949842+00,2026-06-09 18:23:59.057577+00,0.107735,42.353614,
afb94b9f-fe9f-4082-8c69-b0e65ac65ca0,numbered,77802,completed,sold,1,2026-06-09 18:23:16.875374+00,2026-06-09 18:23:58.947586+00,2026-06-09 18:23:59.059158+00,0.111572,42.183784,
1a031d7f-4fc9-47df-93b6-5f4304fc926a,numbered,37792,completed,sold,1,2026-06-09 18:23:16.868113+00,2026-06-09 18:23:58.946009+00,2026-06-09 18:23:59.059704+00,0.113695,42.191591,
4127bdf5-b174-42f6-bd5a-9848035a203e,numbered,96073,completed,sold,1,2026-06-09 18:23:16.882347+00,2026-06-09 18:23:58.945132+00,2026-06-09 18:23:59.060216+00,0.115084,42.177869,
5dabe94b-8478-4da6-9fdc-0fc729a9d45d,numbered,75748,completed,sold,1,2026-06-09 18:23:16.897595+00,2026-06-09 18:23:58.946831+00,2026-06-09 18:23:59.060766+00,0.113935,42.163171,
e95d6599-feb2-4e86-89f7-1c7bde63d9ea,numbered,38020,completed,sold,1,2026-06-09 18:23:16.911137+00,2026-06-09 18:23:58.960962+00,2026-06-09 18:23:59.06777+00,0.106808,42.156633,
5eb1744d-829f-4841-9778-549dd63f4a11,numbered,92688,completed,sold,1,2026-06-09 18:23:16.917996+00,2026-06-09 18:23:58.96046+00,2026-06-09 18:23:59.067895+00,0.107435,42.149899,
33ad342a-f9e8-4d73-b601-18e0dba2ff7e,numbered,70938,completed,sold,1,2026-06-09 18:23:16.903883+00,2026-06-09 18:23:59.044607+00,2026-06-09 18:23:59.150468+00,0.105861,42.246585,
32402784-0586-459a-9066-95a842f62250,numbered,90182,completed,sold,1,2026-06-09 18:23:16.932391+00,2026-06-09 18:23:59.141416+00,2026-06-09 18:23:59.246446+00,0.105030,42.314055,
9eec8f61-f93d-4882-ab67-6b13bd4b6c13,numbered,52135,completed,sold,1,2026-06-09 18:23:16.939411+00,2026-06-09 18:23:59.144579+00,2026-06-09 18:23:59.249472+00,0.104893,42.310061,
109f1e4a-4cf1-4b99-af9a-33c302b2bce8,numbered,53505,completed,sold,1,2026-06-09 18:23:16.960803+00,2026-06-09 18:23:59.161201+00,2026-06-09 18:23:59.268229+00,0.107028,42.307426,
c4c807a4-9131-4a87-8d57-0d44fd058882,numbered,86394,completed,sold,1,2026-06-09 18:23:16.982477+00,2026-06-09 18:23:59.161977+00,2026-06-09 18:23:59.27015+00,0.108173,42.287673,
da137a63-d593-46fd-942d-7a67805d45f4,numbered,81190,completed,sold,1,2026-06-09 18:23:16.989627+00,2026-06-09 18:23:59.16814+00,2026-06-09 18:23:59.275811+00,0.107671,42.286184,
eb6fb991-2ca5-41ce-b362-000293d53ea2,numbered,36787,completed,sold,1,2026-06-09 18:23:16.946689+00,2026-06-09 18:23:59.168952+00,2026-06-09 18:23:59.277326+00,0.108374,42.330637,
6aac3093-800a-46c0-b4fe-8b6e99f8cb67,numbered,61941,completed,sold,1,2026-06-09 18:23:16.925242+00,2026-06-09 18:23:59.167046+00,2026-06-09 18:23:59.278285+00,0.111239,42.353043,
a877c94b-1880-4128-ab89-76f287190416,numbered,11475,completed,sold,1,2026-06-09 18:23:17.025231+00,2026-06-09 18:23:59.175544+00,2026-06-09 18:23:59.282781+00,0.107237,42.257550,
5ea3b6be-60f6-49ca-b3ff-cfcb03dc0837,numbered,33190,completed,sold,1,2026-06-09 18:23:16.97532+00,2026-06-09 18:23:59.183253+00,2026-06-09 18:23:59.294101+00,0.110848,42.318781,
18c2f654-7927-44c7-a74e-1add4e46362e,numbered,35256,completed,sold,1,2026-06-09 18:23:16.968183+00,2026-06-09 18:23:59.182251+00,2026-06-09 18:23:59.296092+00,0.113841,42.327909,
af80bba3-f446-4d30-828f-ac511da6266b,numbered,88267,completed,sold,1,2026-06-09 18:23:17.068218+00,2026-06-09 18:23:59.191425+00,2026-06-09 18:23:59.296648+00,0.105223,42.228430,
60419b70-c110-451e-918e-ae99234ec34f,numbered,27210,completed,sold,1,2026-06-09 18:23:17.061138+00,2026-06-09 18:23:59.184069+00,2026-06-09 18:23:59.297172+00,0.113103,42.236034,
a78d4b04-a292-45d8-9e86-2ad5f40bdf2d,numbered,21057,completed,sold,1,2026-06-09 18:23:17.018327+00,2026-06-09 18:23:59.191425+00,2026-06-09 18:23:59.297406+00,0.105981,42.279079,
5563bf4d-eecc-4395-9726-21f6e04d38f2,numbered,865,completed,sold,1,2026-06-09 18:23:16.953793+00,2026-06-09 18:23:59.179136+00,2026-06-09 18:23:59.298065+00,0.118929,42.344272,
46c13a9f-6639-455e-a6d7-32c22a0779bf,numbered,46887,completed,sold,1,2026-06-09 18:23:17.096783+00,2026-06-09 18:23:59.202968+00,2026-06-09 18:23:59.316408+00,0.113440,42.219625,
977aece9-1c86-4297-a5b9-de45ffe7c804,numbered,20434,completed,sold,1,2026-06-09 18:23:17.103911+00,2026-06-09 18:23:59.202123+00,2026-06-09 18:23:59.326234+00,0.124111,42.222323,
7bf8f70b-6a26-4a94-aca0-31e434c6df87,numbered,34517,completed,sold,1,2026-06-09 18:23:17.12543+00,2026-06-09 18:23:59.219276+00,2026-06-09 18:23:59.326743+00,0.107467,42.201313,
a5960b3b-b2af-4e6b-936c-a6bf1c0bfc4c,numbered,2455,completed,sold,1,2026-06-09 18:23:17.089526+00,2026-06-09 18:23:59.208748+00,2026-06-09 18:23:59.327244+00,0.118496,42.237718,
92525fbe-8b0c-4006-b1b4-a7643a13f726,numbered,40946,completed,sold,1,2026-06-09 18:23:17.139578+00,2026-06-09 18:23:59.209464+00,2026-06-09 18:23:59.354393+00,0.144929,42.214815,
a3a6ab99-81d2-4731-9f5f-c52f82ee958a,numbered,11697,completed,sold,1,2026-06-09 18:23:17.03956+00,2026-06-09 18:23:59.209871+00,2026-06-09 18:23:59.354393+00,0.144522,42.314833,
af1b2141-5adc-4dac-b20f-5fd81165624f,numbered,20959,completed,sold,1,2026-06-09 18:23:17.118048+00,2026-06-09 18:23:59.218798+00,2026-06-09 18:23:59.357899+00,0.139101,42.239851,
804b0571-3bb3-4f75-a2db-b8752d64cdfe,numbered,49369,completed,sold,1,2026-06-09 18:23:17.075382+00,2026-06-09 18:23:59.217089+00,2026-06-09 18:23:59.360106+00,0.143017,42.284724,
4d2bd92b-c997-40ca-b7ce-0fe32d406d59,numbered,50584,completed,sold,1,2026-06-09 18:23:17.082538+00,2026-06-09 18:23:59.219959+00,2026-06-09 18:23:59.360697+00,0.140738,42.278159,
01e04ae5-951f-40d8-88d4-41949883c9c7,numbered,17273,completed,sold,1,2026-06-09 18:23:17.011202+00,2026-06-09 18:23:59.217876+00,2026-06-09 18:23:59.361353+00,0.143477,42.350151,
90291d46-1cd1-466d-ad9a-1fab589aaceb,numbered,61835,completed,sold,1,2026-06-09 18:23:17.004253+00,2026-06-09 18:23:59.212229+00,2026-06-09 18:23:59.361923+00,0.149694,42.357670,
e24c8e23-c0bc-4d0d-9173-80db4a2f291c,numbered,33056,completed,sold,1,2026-06-09 18:23:16.996823+00,2026-06-09 18:23:59.211439+00,2026-06-09 18:23:59.362734+00,0.151295,42.365911,
b4a1d5fd-6e08-48c0-b6e9-52ac62edf75d,numbered,82260,completed,sold,1,2026-06-09 18:23:17.111264+00,2026-06-09 18:23:59.219564+00,2026-06-09 18:23:59.363333+00,0.143769,42.252069,
a22b5230-875e-406e-99d8-e7c75ba935e2,numbered,55894,completed,sold,1,2026-06-09 18:23:17.132486+00,2026-06-09 18:23:59.203759+00,2026-06-09 18:23:59.363903+00,0.160144,42.231417,
49270cd9-df0e-456f-bf1f-e0b056fb673d,numbered,97364,completed,sold,1,2026-06-09 18:23:17.046923+00,2026-06-09 18:23:59.207485+00,2026-06-09 18:23:59.364421+00,0.156936,42.317498,
5b794401-43a1-47e4-99c3-8ca143119903,numbered,90470,completed,sold,1,2026-06-09 18:23:17.05381+00,2026-06-09 18:23:59.210669+00,2026-06-09 18:23:59.365003+00,0.154334,42.311193,
d3810ecd-7434-4e97-a090-d68b2136604b,numbered,52291,completed,sold,1,2026-06-09 18:23:17.03245+00,2026-06-09 18:23:59.206543+00,2026-06-09 18:23:59.36585+00,0.159307,42.333400,
ccc0ced2-67a2-40c3-8e4b-a83673d8ad9f,numbered,60162,completed,sold,1,2026-06-09 18:23:17.153773+00,2026-06-09 18:23:59.300678+00,2026-06-09 18:23:59.406241+00,0.105563,42.252468,
7a435d0e-7d83-4adf-870e-9d9d15506850,numbered,38217,completed,sold,1,2026-06-09 18:23:17.146709+00,2026-06-09 18:23:59.369014+00,2026-06-09 18:23:59.474515+00,0.105501,42.327806,
7a08cfd8-30ef-48f0-bd80-05ec9b994374,numbered,81749,completed,sold,1,2026-06-09 18:23:17.182322+00,2026-06-09 18:23:59.423113+00,2026-06-09 18:23:59.528746+00,0.105633,42.346424,
7ed255b8-3573-451f-9a87-bfde6ef4685a,numbered,14344,completed,seat_unavailable,1,2026-06-09 18:23:17.168128+00,2026-06-09 18:23:59.428976+00,2026-06-09 18:23:59.532147+00,0.103171,42.364019,
cbb2a75a-df34-4160-81ab-1a3451423359,numbered,40377,completed,sold,1,2026-06-09 18:23:17.189472+00,2026-06-09 18:23:59.427564+00,2026-06-09 18:23:59.536694+00,0.109130,42.347222,
c14c5d7c-002d-4e31-bf42-c6d83c66e973,numbered,12200,completed,sold,1,2026-06-09 18:23:17.175164+00,2026-06-09 18:23:59.431359+00,2026-06-09 18:23:59.538093+00,0.106734,42.362929,
1503f1ab-19e7-46c3-bc0b-5d29dde464b7,numbered,98476,completed,sold,1,2026-06-09 18:23:17.160988+00,2026-06-09 18:23:59.463414+00,2026-06-09 18:23:59.568422+00,0.105008,42.407434,
d5dcf521-df60-4356-93b8-7d74c8c7f760,numbered,50229,completed,seat_unavailable,1,2026-06-09 18:23:17.196607+00,2026-06-09 18:23:59.46735+00,2026-06-09 18:23:59.570006+00,0.102656,42.373399,
68ed1c62-d936-4f5a-8886-1d775071c6e3,numbered,79546,completed,sold,1,2026-06-09 18:23:17.246687+00,2026-06-09 18:23:59.474761+00,2026-06-09 18:23:59.580712+00,0.105951,42.334025,
69d00fd9-b2e7-4325-befd-5b882aec28c5,numbered,76507,completed,sold,1,2026-06-09 18:23:17.211151+00,2026-06-09 18:23:59.486986+00,2026-06-09 18:23:59.593303+00,0.106317,42.382152,
11568e2f-d0e3-420c-be5d-5ea91212e05a,numbered,59589,completed,sold,1,2026-06-09 18:23:17.239527+00,2026-06-09 18:23:59.488964+00,2026-06-09 18:23:59.595978+00,0.107014,42.356451,
03613c12-3a93-4207-9004-5a0705a71bd7,numbered,96280,completed,sold,1,2026-06-09 18:23:17.311324+00,2026-06-09 18:23:59.492333+00,2026-06-09 18:23:59.605401+00,0.113068,42.294077,
ccf85c6f-27b0-4edc-af7b-fbdae044fec7,numbered,4845,completed,sold,1,2026-06-09 18:23:17.203769+00,2026-06-09 18:23:59.489342+00,2026-06-09 18:23:59.606619+00,0.117277,42.402850,
3468b60f-75b2-4157-a988-dca1753dd256,numbered,9865,completed,sold,1,2026-06-09 18:23:17.260999+00,2026-06-09 18:23:59.49704+00,2026-06-09 18:23:59.607172+00,0.110132,42.346173,
8bcf4057-1ba1-4cca-a06c-01b528da6d5e,numbered,21378,completed,sold,1,2026-06-09 18:23:17.217932+00,2026-06-09 18:23:59.488655+00,2026-06-09 18:23:59.607944+00,0.119289,42.390012,
556c9166-c950-4025-a85b-5134bd725d1c,numbered,66584,completed,sold,1,2026-06-09 18:23:17.296782+00,2026-06-09 18:23:59.487909+00,2026-06-09 18:23:59.608449+00,0.120540,42.311667,
12c489f7-ad98-449e-ba12-69e60d85e26f,numbered,23704,completed,sold,1,2026-06-09 18:23:17.232318+00,2026-06-09 18:23:59.490021+00,2026-06-09 18:23:59.610872+00,0.120851,42.378554,
609e7d00-e745-404a-9ce9-217e2c94932b,numbered,28538,completed,sold,1,2026-06-09 18:23:17.225147+00,2026-06-09 18:23:59.513332+00,2026-06-09 18:23:59.61857+00,0.105238,42.393423,
bb9dfeed-8f51-47ab-bdda-528c33c583f5,numbered,49878,completed,sold,1,2026-06-09 18:23:17.268244+00,2026-06-09 18:23:59.506719+00,2026-06-09 18:23:59.619187+00,0.112468,42.350943,
f2dfe1b4-1963-41e9-afab-e165b5cd417a,numbered,43667,completed,sold,1,2026-06-09 18:23:17.36099+00,2026-06-09 18:23:59.520428+00,2026-06-09 18:23:59.635981+00,0.115553,42.274991,
e3bdab2b-8edd-48f7-a183-17d16497d8df,numbered,79034,completed,sold,1,2026-06-09 18:23:17.339587+00,2026-06-09 18:23:59.523288+00,2026-06-09 18:23:59.636509+00,0.113221,42.296922,
4ceffc3b-9ebf-40af-a38a-73ab245b93c5,numbered,54559,completed,sold,1,2026-06-09 18:23:17.332433+00,2026-06-09 18:23:59.523918+00,2026-06-09 18:23:59.637053+00,0.113135,42.304620,
ae405eaa-417a-4169-886a-da051146bbcf,numbered,97288,completed,sold,1,2026-06-09 18:23:17.353829+00,2026-06-09 18:23:59.520401+00,2026-06-09 18:23:59.637727+00,0.117326,42.283898,
738dcc3b-8c0d-4afc-861f-bac7eed2d40a,numbered,41872,completed,sold,1,2026-06-09 18:23:17.318523+00,2026-06-09 18:23:59.52312+00,2026-06-09 18:23:59.640156+00,0.117036,42.321633,
7662ad50-79bd-4d2c-8761-66430f626cfb,numbered,12192,completed,sold,1,2026-06-09 18:23:17.375381+00,2026-06-09 18:23:59.531125+00,2026-06-09 18:23:59.640825+00,0.109700,42.265444,
0eaec322-f462-48a0-b618-c154310469ed,numbered,31417,completed,sold,1,2026-06-09 18:23:17.253774+00,2026-06-09 18:23:59.508186+00,2026-06-09 18:23:59.641979+00,0.133793,42.388205,
bad930f3-098d-4ba8-9fae-37c5437fa47e,numbered,63227,completed,sold,1,2026-06-09 18:23:17.289625+00,2026-06-09 18:23:59.505291+00,2026-06-09 18:23:59.642894+00,0.137603,42.353269,
195099ff-4f99-401d-990d-703b3cd1f454,numbered,85706,completed,sold,1,2026-06-09 18:23:17.275458+00,2026-06-09 18:23:59.506017+00,2026-06-09 18:23:59.643504+00,0.137487,42.368046,
a7db52bd-2b89-498f-b4df-181005c8ac63,numbered,67557,completed,sold,1,2026-06-09 18:23:17.368258+00,2026-06-09 18:23:59.523836+00,2026-06-09 18:23:59.644288+00,0.120452,42.276030,
e2db713b-5d1e-4fa4-9041-ecdd4a5fd408,numbered,50122,completed,sold,1,2026-06-09 18:23:17.303898+00,2026-06-09 18:23:59.504299+00,2026-06-09 18:23:59.644869+00,0.140570,42.340971,
2dbaa97f-8c34-4229-b6c2-7969134d89c9,numbered,18894,completed,sold,1,2026-06-09 18:23:17.282322+00,2026-06-09 18:23:59.50747+00,2026-06-09 18:23:59.645567+00,0.138097,42.363245,
75377489-0ee1-4959-b527-9b51bfc1d770,numbered,88847,completed,sold,1,2026-06-09 18:23:17.325367+00,2026-06-09 18:23:59.519076+00,2026-06-09 18:23:59.646242+00,0.127166,42.320875,
02cd6b7d-b8ac-4815-9368-edfc857c3541,numbered,63967,completed,sold,1,2026-06-09 18:23:17.346722+00,2026-06-09 18:23:59.519781+00,2026-06-09 18:23:59.647013+00,0.127232,42.300291,
3f573364-387b-4cae-8492-2d1556d4c632,numbered,68482,completed,sold,1,2026-06-09 18:23:17.38241+00,2026-06-09 18:23:59.555784+00,2026-06-09 18:23:59.663029+00,0.107245,42.280619,
c04506c2-4891-41c6-bdf7-e4a894d7b99c,numbered,40242,completed,sold,1,2026-06-09 18:23:17.38944+00,2026-06-09 18:23:59.562223+00,2026-06-09 18:23:59.689348+00,0.127125,42.299908,
e7109e80-1aeb-47e8-be99-83b0c20b27be,numbered,54022,completed,sold,1,2026-06-09 18:23:17.39673+00,2026-06-09 18:23:59.57071+00,2026-06-09 18:23:59.711131+00,0.140421,42.314401,
199afbd3-5cbd-47ac-bc57-37869c1d88c7,numbered,88792,completed,sold,1,2026-06-09 18:23:17.403992+00,2026-06-09 18:23:59.567611+00,2026-06-09 18:23:59.730632+00,0.163021,42.326640,
f50c5655-1da2-4935-90cf-a8c19301dbc9,numbered,65614,completed,sold,1,2026-06-09 18:23:17.411177+00,2026-06-09 18:23:59.705099+00,2026-06-09 18:23:59.810528+00,0.105429,42.399351,
f5b2467d-8039-4021-b4c6-c4ac59194765,numbered,31599,completed,sold,1,2026-06-09 18:23:17.418235+00,2026-06-09 18:23:59.729781+00,2026-06-09 18:23:59.834945+00,0.105164,42.416710,
08f3224a-6abc-42b0-b1b8-2968af2e2e63,numbered,21433,completed,sold,1,2026-06-09 18:23:17.425356+00,2026-06-09 18:23:59.783284+00,2026-06-09 18:23:59.889248+00,0.105964,42.463892,
d3be2d92-5b3b-453a-a42c-be0b96d45f18,numbered,9076,completed,sold,1,2026-06-09 18:23:17.446765+00,2026-06-09 18:23:59.79417+00,2026-06-09 18:23:59.898859+00,0.104689,42.452094,
accbf4c2-9cca-432f-a0d9-a060c9d5c461,numbered,44193,completed,sold,1,2026-06-09 18:23:17.546706+00,2026-06-09 18:23:59.803473+00,2026-06-09 18:23:59.911183+00,0.107710,42.364477,
921fa701-c3b3-41ab-96a9-aa1e364984dd,numbered,58586,completed,seat_unavailable,1,2026-06-09 18:23:17.439733+00,2026-06-09 18:23:59.805144+00,2026-06-09 18:23:59.912272+00,0.107128,42.472539,
aeb46a15-80a9-4189-a061-9aedb3633d7d,numbered,3589,completed,seat_unavailable,1,2026-06-09 18:23:17.460951+00,2026-06-09 18:23:59.807741+00,2026-06-09 18:23:59.913063+00,0.105322,42.452112,
3414ea1a-a583-49f8-8659-59b6fae7d704,numbered,15906,completed,sold,1,2026-06-09 18:23:17.482332+00,2026-06-09 18:23:59.81267+00,2026-06-09 18:23:59.921647+00,0.108977,42.439315,
4d53c7fa-0ca4-443f-a4cd-88c1d42402a0,numbered,98678,completed,sold,1,2026-06-09 18:23:17.468241+00,2026-06-09 18:23:59.8028+00,2026-06-09 18:23:59.925372+00,0.122572,42.457131,
67b14dd8-c163-4295-8afc-4beb74abdbee,numbered,40792,completed,sold,1,2026-06-09 18:23:17.525197+00,2026-06-09 18:23:59.819697+00,2026-06-09 18:23:59.95176+00,0.132063,42.426563,
aae019dd-6670-40f3-9f91-a8496bb62175,numbered,96951,completed,sold,1,2026-06-09 18:23:17.561052+00,2026-06-09 18:23:59.822529+00,2026-06-09 18:23:59.952348+00,0.129819,42.391296,
a2cf2f2c-6052-4a19-8b74-ca95a6268621,numbered,94788,completed,sold,1,2026-06-09 18:23:17.504007+00,2026-06-09 18:23:59.82878+00,2026-06-09 18:23:59.953024+00,0.124244,42.449017,
f35f3ac5-a014-4c8e-87e0-2e0cf9e1b6ed,numbered,46022,completed,sold,1,2026-06-09 18:23:17.603836+00,2026-06-09 18:23:59.826393+00,2026-06-09 18:23:59.953606+00,0.127213,42.349770,
3754c468-4fb2-4caa-8477-77e82175f52f,numbered,18563,completed,sold,1,2026-06-09 18:23:17.453754+00,2026-06-09 18:23:59.815067+00,2026-06-09 18:23:59.954169+00,0.139102,42.500415,
288d1e01-c28c-4551-8f38-7202fb9f3a12,numbered,37299,completed,sold,1,2026-06-09 18:23:17.55394+00,2026-06-09 18:23:59.815847+00,2026-06-09 18:23:59.954809+00,0.138962,42.400869,
a4253b66-8679-4775-baf9-01a450ac4b20,numbered,65989,completed,sold,1,2026-06-09 18:23:17.511245+00,2026-06-09 18:23:59.800078+00,2026-06-09 18:23:59.95564+00,0.155562,42.444395,
c4c125aa-421a-4b70-9f39-396633eb4336,numbered,48468,completed,sold,1,2026-06-09 18:23:17.575699+00,2026-06-09 18:23:59.8234+00,2026-06-09 18:23:59.956278+00,0.132878,42.380579,
4d2e096d-2596-4f70-9d84-c3e1315cf138,numbered,72633,completed,sold,1,2026-06-09 18:23:17.568326+00,2026-06-09 18:23:59.821803+00,2026-06-09 18:23:59.956884+00,0.135081,42.388558,
9b598024-149c-4bbd-a09a-1aa09cef2ee5,numbered,74763,completed,sold,1,2026-06-09 18:23:17.475455+00,2026-06-09 18:23:59.80203+00,2026-06-09 18:23:59.957472+00,0.155442,42.482017,
58cfab90-a583-4044-acbb-6091152d300f,numbered,91803,completed,sold,1,2026-06-09 18:23:17.611205+00,2026-06-09 18:23:59.837662+00,2026-06-09 18:23:59.958112+00,0.120450,42.346907,
9daf7780-6e7d-442d-9d81-a1e865a98f51,numbered,8229,completed,sold,1,2026-06-09 18:23:17.539586+00,2026-06-09 18:23:59.817836+00,2026-06-09 18:23:59.958821+00,0.140985,42.419235,
edea6d3e-df29-413c-ad3d-da72d5e22c33,numbered,49735,completed,sold,1,2026-06-09 18:23:17.489802+00,2026-06-09 18:23:59.804256+00,2026-06-09 18:23:59.959391+00,0.155135,42.469589,
54476c6a-f252-4fab-85eb-5c53f3ec1c33,numbered,89358,completed,sold,1,2026-06-09 18:23:17.432445+00,2026-06-09 18:23:59.80351+00,2026-06-09 18:23:59.95996+00,0.156450,42.527515,
d56dde4e-800f-4bf5-a0f6-ada171e79e8f,numbered,95496,completed,sold,1,2026-06-09 18:23:17.596873+00,2026-06-09 18:23:59.8303+00,2026-06-09 18:23:59.963015+00,0.132715,42.366142,
12520716-554d-4664-b3f7-dc8af8784b6a,numbered,55653,completed,sold,1,2026-06-09 18:23:17.589612+00,2026-06-09 18:23:59.831388+00,2026-06-09 18:23:59.96358+00,0.132192,42.373968,
caec4cde-f226-4fe3-a8b3-4650c4f54486,numbered,21222,completed,sold,1,2026-06-09 18:23:17.532301+00,2026-06-09 18:23:59.829545+00,2026-06-09 18:23:59.964113+00,0.134568,42.431812,
ab40261b-6c22-4f28-9b96-a6f8b13b8ac7,numbered,83578,completed,sold,1,2026-06-09 18:23:17.5181+00,2026-06-09 18:23:59.828044+00,2026-06-09 18:23:59.96479+00,0.136746,42.446690,
b0952b2e-c37b-4aaf-9230-b1f9564b2fbc,numbered,82219,completed,sold,1,2026-06-09 18:23:17.58244+00,2026-06-09 18:23:59.827265+00,2026-06-09 18:23:59.965412+00,0.138147,42.382972,
9de64a86-b4d8-4dc5-9293-6418b02009fe,numbered,90462,completed,sold,1,2026-06-09 18:23:17.496673+00,2026-06-09 18:23:59.805442+00,2026-06-09 18:23:59.966608+00,0.161166,42.469935,
2f8908eb-9adc-4ce7-b654-3e91dedb8010,numbered,19048,completed,sold,1,2026-06-09 18:23:17.618163+00,2026-06-09 18:23:59.837027+00,2026-06-09 18:23:59.96717+00,0.130143,42.349007,
9de25fa8-f19d-418e-8097-46da442e1d6d,numbered,46660,completed,sold,1,2026-06-09 18:23:17.632314+00,2026-06-09 18:23:59.850871+00,2026-06-09 18:23:59.967597+00,0.116726,42.335283,
97c8303e-8405-4865-9c9d-3fea84180b4b,numbered,17318,completed,sold,1,2026-06-09 18:23:17.625298+00,2026-06-09 18:23:59.836788+00,2026-06-09 18:23:59.968157+00,0.131369,42.342859,
49931b5e-ea4a-4fc4-ac4b-8e564e74f497,numbered,59359,completed,sold,1,2026-06-09 18:23:17.639597+00,2026-06-09 18:23:59.856486+00,2026-06-09 18:23:59.968798+00,0.112312,42.329201,
bc338135-bf2b-495e-bf3a-e45ca2817a82,numbered,81582,completed,sold,1,2026-06-09 18:23:17.64674+00,2026-06-09 18:24:00.057934+00,2026-06-09 18:24:00.176856+00,0.118922,42.530116,
c5a5590e-266a-4651-b23a-c5bf20f7f194,numbered,30169,completed,sold,1,2026-06-09 18:23:17.660945+00,2026-06-09 18:24:00.067093+00,2026-06-09 18:24:00.190796+00,0.123703,42.529851,
bbc97eb2-50ed-46b7-af49-be6caa832299,numbered,13829,completed,sold,1,2026-06-09 18:23:19.468326+00,2026-06-09 18:24:00.111605+00,2026-06-09 18:24:00.225418+00,0.113813,40.757092,
bded9227-c244-49c6-8278-cd90e678f61e,numbered,67159,completed,sold,1,2026-06-09 18:23:18.068848+00,2026-06-09 18:24:00.100121+00,2026-06-09 18:24:00.228039+00,0.127918,42.159191,
e4cb02e5-ed3a-487d-bc78-dbfc553cd7d6,numbered,12524,completed,sold,1,2026-06-09 18:23:17.66822+00,2026-06-09 18:24:00.112395+00,2026-06-09 18:24:00.228726+00,0.116331,42.560506,
1fa3e1db-1385-4f5e-a8e9-92603960e7a3,numbered,6253,completed,sold,1,2026-06-09 18:23:18.268269+00,2026-06-09 18:24:00.126866+00,2026-06-09 18:24:00.25735+00,0.130484,41.989081,
c8c2eb2f-83f7-4fde-b418-a7546c02a921,numbered,26493,completed,sold,1,2026-06-09 18:23:17.653723+00,2026-06-09 18:24:00.125998+00,2026-06-09 18:24:00.257932+00,0.131934,42.604209,
52aae503-d527-4af1-938b-2bc99ae1993a,numbered,98326,completed,sold,1,2026-06-09 18:23:20.868382+00,2026-06-09 18:24:00.09975+00,2026-06-09 18:24:00.258585+00,0.158835,39.390203,
53c5bcc3-14bc-4473-9287-9b87fdaaa466,numbered,89291,completed,sold,1,2026-06-09 18:23:19.668285+00,2026-06-09 18:24:00.13765+00,2026-06-09 18:24:00.2592+00,0.121550,40.590915,
806a4066-bada-418c-8291-f3343be59edb,numbered,20780,completed,sold,1,2026-06-09 18:23:20.268464+00,2026-06-09 18:24:00.128759+00,2026-06-09 18:24:00.26137+00,0.132611,39.992906,
af13d031-2e72-4ad0-8676-62bab1dfece0,numbered,97084,completed,sold,1,2026-06-09 18:23:19.068167+00,2026-06-09 18:24:00.109946+00,2026-06-09 18:24:00.262025+00,0.152079,41.193858,
bb75e113-c6a7-4ce1-a57a-2534f007e8eb,numbered,94003,completed,sold,1,2026-06-09 18:23:18.46824+00,2026-06-09 18:24:00.109045+00,2026-06-09 18:24:00.262879+00,0.153834,41.794639,
8aeacbd7-cfd6-4554-a31c-95eb58c2c418,numbered,21321,completed,sold,1,2026-06-09 18:23:17.868203+00,2026-06-09 18:24:00.098521+00,2026-06-09 18:24:00.267028+00,0.168507,42.398825,
2a30731a-a3ce-4eaf-93ae-930c6b6aecca,numbered,22288,completed,sold,1,2026-06-09 18:23:20.668393+00,2026-06-09 18:24:00.14439+00,2026-06-09 18:24:00.267991+00,0.123601,39.599598,
d766f2eb-e423-401e-a61d-5e00270079dd,numbered,4914,completed,sold,1,2026-06-09 18:23:21.668605+00,2026-06-09 18:24:00.148654+00,2026-06-09 18:24:00.270369+00,0.121715,38.601764,
968431e2-fa91-4444-970a-20fc21a747d1,numbered,56956,completed,sold,1,2026-06-09 18:23:20.06857+00,2026-06-09 18:24:00.139059+00,2026-06-09 18:24:00.271125+00,0.132066,40.202555,
cf2fca76-a37a-497b-bcb4-8420f0c8bee7,numbered,17757,completed,sold,1,2026-06-09 18:23:19.868692+00,2026-06-09 18:24:00.137855+00,2026-06-09 18:24:00.271715+00,0.133860,40.403023,
3935963c-56fc-4ad0-a46e-1b04a9e2726d,numbered,7415,completed,sold,1,2026-06-09 18:23:20.468411+00,2026-06-09 18:24:00.144744+00,2026-06-09 18:24:00.272278+00,0.127534,39.803867,
b751909f-33a8-4a88-bc2e-59698dccf1e0,numbered,98599,completed,sold,1,2026-06-09 18:23:18.668337+00,2026-06-09 18:24:00.132969+00,2026-06-09 18:24:00.273088+00,0.140119,41.604751,
b1eaf211-fd07-4dd3-84c5-78d519e82983,numbered,92075,completed,sold,1,2026-06-09 18:23:18.868251+00,2026-06-09 18:24:00.091671+00,2026-06-09 18:24:00.273887+00,0.182216,41.405636,
ec7c6bdf-8ad5-4e4c-84ba-2978339c5597,numbered,28413,completed,sold,1,2026-06-09 18:23:21.868468+00,2026-06-09 18:24:00.150358+00,2026-06-09 18:24:00.277892+00,0.127534,38.409424,
ed3171c6-fb5b-4250-876f-b072576b390f,numbered,16152,completed,sold,1,2026-06-09 18:23:22.071311+00,2026-06-09 18:24:00.151829+00,2026-06-09 18:24:00.279774+00,0.127945,38.208463,
7b8b68bf-b660-4e7b-90c9-7bab7e9d5e08,numbered,19696,completed,sold,1,2026-06-09 18:23:19.268298+00,2026-06-09 18:24:00.120494+00,2026-06-09 18:24:00.280454+00,0.159960,41.012156,
d31d3d01-f1d8-46a5-95dc-8c9b1179de7b,numbered,16273,completed,sold,1,2026-06-09 18:23:21.068448+00,2026-06-09 18:24:00.143254+00,2026-06-09 18:24:00.281252+00,0.137998,39.212804,
97d79f28-19d7-46ed-baf8-365377f0359d,numbered,32600,completed,sold,1,2026-06-09 18:23:22.468375+00,2026-06-09 18:24:00.147389+00,2026-06-09 18:24:00.314082+00,0.166693,37.845707,
f51cde54-3d09-484d-be59-8d246cbb5b10,numbered,21973,completed,sold,1,2026-06-09 18:23:22.268259+00,2026-06-09 18:24:00.166529+00,2026-06-09 18:24:00.320313+00,0.153784,38.052054,
0a70fdfc-7458-4b1c-a7f9-e511cf5b5bab,numbered,11131,completed,sold,1,2026-06-09 18:23:21.268461+00,2026-06-09 18:24:00.152432+00,2026-06-09 18:24:00.321679+00,0.169247,39.053218,
2366b1ca-f880-4006-be16-b4d029d3828a,numbered,48191,completed,sold,1,2026-06-09 18:23:21.468442+00,2026-06-09 18:24:00.154187+00,2026-06-09 18:24:00.324338+00,0.170151,38.855896,
